mean_fit_time,std_fit_time,mean_score_time,std_score_time,param_balance,param_classify__C,param_classify__max_iter,param_classify__n_jobs,param_classify__penalty,param_classify__random_state,param_classify__solver,param_classify__tol,param_impute,param_select,param_select__k,param_transform,params,split0_test_f1_weighted_scorer,split1_test_f1_weighted_scorer,split2_test_f1_weighted_scorer,mean_test_f1_weighted_scorer,std_test_f1_weighted_scorer,rank_test_f1_weighted_scorer,split0_test_roc_auc_scorer,split1_test_roc_auc_scorer,split2_test_roc_auc_scorer,mean_test_roc_auc_scorer,std_test_roc_auc_scorer,rank_test_roc_auc_scorer,split0_test_accuracy_scorer,split1_test_accuracy_scorer,split2_test_accuracy_scorer,mean_test_accuracy_scorer,std_test_accuracy_scorer,rank_test_accuracy_scorer
0.020092328389485676,0.00016266337496917386,0.002142826716105143,0.00013284534512238405,,1.0,200,2,l2,42,lbfgs,1e-06,SimpleImputer(strategy='median'),SelectKBest(score_func=<function mutual_info_classif at 0x147da6670>),11,,"{'balance': None, 'classify__C': 1.0, 'classify__max_iter': 200, 'classify__n_jobs': 2, 'classify__penalty': 'l2', 'classify__random_state': 42, 'classify__solver': 'lbfgs', 'classify__tol': 1e-06, 'impute': SimpleImputer(strategy='median'), 'select': SelectKBest(score_func=<function mutual_info_classif at 0x147da6670>), 'select__k': 11, 'transform': None}",0.919037719037719,0.8378378378378378,0.8051051051051051,0.853993553993554,0.04789513199172795,1,0.961764705882353,0.9415204678362573,0.8513931888544892,0.9182261208577,0.04797525677281347,61,0.918918918918919,0.8378378378378378,0.8055555555555556,0.8541041041041041,0.047688269710326706,1
0.020593007405598957,3.8586671920473904e-05,0.002233425776163737,1.2854474034084005e-05,,1.0,1000,2,l2,42,lbfgs,1e-06,SimpleImputer(strategy='median'),SelectKBest(score_func=<function mutual_info_classif at 0x147da6670>),11,,"{'balance': None, 'classify__C': 1.0, 'classify__max_iter': 1000, 'classify__n_jobs': 2, 'classify__penalty': 'l2', 'classify__random_state': 42, 'classify__solver': 'lbfgs', 'classify__tol': 1e-06, 'impute': SimpleImputer(strategy='median'), 'select': SelectKBest(score_func=<function mutual_info_classif at 0x147da6670>), 'select__k': 11, 'transform': None}",0.919037719037719,0.8378378378378378,0.8051051051051051,0.853993553993554,0.04789513199172795,1,0.961764705882353,0.9415204678362573,0.8513931888544892,0.9182261208577,0.04797525677281347,61,0.918918918918919,0.8378378378378378,0.8055555555555556,0.8541041041041041,0.047688269710326706,1
0.019437472025553387,0.0009422535781866271,0.0019009908040364583,3.828101318019794e-05,,1.0,1000,2,l2,42,lbfgs,1e-06,,SelectKBest(score_func=<function mutual_info_classif at 0x147da6670>),11,,"{'balance': None, 'classify__C': 1.0, 'classify__max_iter': 1000, 'classify__n_jobs': 2, 'classify__penalty': 'l2', 'classify__random_state': 42, 'classify__solver': 'lbfgs', 'classify__tol': 1e-06, 'impute': None, 'select': SelectKBest(score_func=<function mutual_info_classif at 0x147da6670>), 'select__k': 11, 'transform': None}",0.919037719037719,0.8378378378378378,0.8051051051051051,0.853993553993554,0.04789513199172795,1,0.961764705882353,0.9415204678362573,0.8513931888544892,0.9182261208577,0.04797525677281347,61,0.918918918918919,0.8378378378378378,0.8055555555555556,0.8541041041041041,0.047688269710326706,1
0.02017100652058919,0.00048643600829857594,0.00217437744140625,3.629448151827444e-05,,1.0,1000,2,l2,42,lbfgs,1e-08,SimpleImputer(strategy='median'),SelectKBest(score_func=<function mutual_info_classif at 0x147da6670>),11,,"{'balance': None, 'classify__C': 1.0, 'classify__max_iter': 1000, 'classify__n_jobs': 2, 'classify__penalty': 'l2', 'classify__random_state': 42, 'classify__solver': 'lbfgs', 'classify__tol': 1e-08, 'impute': SimpleImputer(strategy='median'), 'select': SelectKBest(score_func=<function mutual_info_classif at 0x147da6670>), 'select__k': 11, 'transform': None}",0.919037719037719,0.8378378378378378,0.8051051051051051,0.853993553993554,0.04789513199172795,1,0.961764705882353,0.9415204678362573,0.8513931888544892,0.9182261208577,0.04797525677281347,61,0.918918918918919,0.8378378378378378,0.8055555555555556,0.8541041041041041,0.047688269710326706,1
0.019917964935302734,0.00013616866886570223,0.0019034544626871746,7.790910530260944e-05,,1.0,1000,2,l2,42,lbfgs,1e-08,,SelectKBest(score_func=<function mutual_info_classif at 0x147da6670>),11,,"{'balance': None, 'classify__C': 1.0, 'classify__max_iter': 1000, 'classify__n_jobs': 2, 'classify__penalty': 'l2', 'classify__random_state': 42, 'classify__solver': 'lbfgs', 'classify__tol': 1e-08, 'impute': None, 'select': SelectKBest(score_func=<function mutual_info_classif at 0x147da6670>), 'select__k': 11, 'transform': None}",0.919037719037719,0.8378378378378378,0.8051051051051051,0.853993553993554,0.04789513199172795,1,0.961764705882353,0.9415204678362573,0.8513931888544892,0.9182261208577,0.04797525677281347,61,0.918918918918919,0.8378378378378378,0.8055555555555556,0.8541041041041041,0.047688269710326706,1
0.019806543986002605,0.0009509151864985477,0.0021620591481526694,2.8403737922252754e-05,,1.0,500,2,l2,42,lbfgs,0.0001,SimpleImputer(strategy='median'),SelectKBest(score_func=<function mutual_info_classif at 0x147da6670>),11,,"{'balance': None, 'classify__C': 1.0, 'classify__max_iter': 500, 'classify__n_jobs': 2, 'classify__penalty': 'l2', 'classify__random_state': 42, 'classify__solver': 'lbfgs', 'classify__tol': 0.0001, 'impute': SimpleImputer(strategy='median'), 'select': SelectKBest(score_func=<function mutual_info_classif at 0x147da6670>), 'select__k': 11, 'transform': None}",0.919037719037719,0.8378378378378378,0.8051051051051051,0.853993553993554,0.04789513199172795,1,0.961764705882353,0.9415204678362573,0.8513931888544892,0.9182261208577,0.04797525677281347,61,0.918918918918919,0.8378378378378378,0.8055555555555556,0.8541041041041041,0.047688269710326706,1
0.018964529037475586,0.0006821697058722857,0.0018363793690999348,0.0001342083197102824,,1.0,500,2,l2,42,lbfgs,0.0001,,SelectKBest(score_func=<function mutual_info_classif at 0x147da6670>),11,,"{'balance': None, 'classify__C': 1.0, 'classify__max_iter': 500, 'classify__n_jobs': 2, 'classify__penalty': 'l2', 'classify__random_state': 42, 'classify__solver': 'lbfgs', 'classify__tol': 0.0001, 'impute': None, 'select': SelectKBest(score_func=<function mutual_info_classif at 0x147da6670>), 'select__k': 11, 'transform': None}",0.919037719037719,0.8378378378378378,0.8051051051051051,0.853993553993554,0.04789513199172795,1,0.961764705882353,0.9415204678362573,0.8513931888544892,0.9182261208577,0.04797525677281347,61,0.918918918918919,0.8378378378378378,0.8055555555555556,0.8541041041041041,0.047688269710326706,1
0.02057337760925293,0.0005157882761083409,0.0023702780405680337,7.230344512996356e-05,,1.0,500,2,l2,42,lbfgs,1e-06,SimpleImputer(strategy='median'),SelectKBest(score_func=<function mutual_info_classif at 0x147da6670>),11,,"{'balance': None, 'classify__C': 1.0, 'classify__max_iter': 500, 'classify__n_jobs': 2, 'classify__penalty': 'l2', 'classify__random_state': 42, 'classify__solver': 'lbfgs', 'classify__tol': 1e-06, 'impute': SimpleImputer(strategy='median'), 'select': SelectKBest(score_func=<function mutual_info_classif at 0x147da6670>), 'select__k': 11, 'transform': None}",0.919037719037719,0.8378378378378378,0.8051051051051051,0.853993553993554,0.04789513199172795,1,0.961764705882353,0.9415204678362573,0.8513931888544892,0.9182261208577,0.04797525677281347,61,0.918918918918919,0.8378378378378378,0.8055555555555556,0.8541041041041041,0.047688269710326706,1
0.019937992095947266,0.0011194209058012063,0.002020756403605143,5.605231555560786e-05,,1.0,500,2,l2,42,lbfgs,1e-06,,SelectKBest(score_func=<function mutual_info_classif at 0x147da6670>),11,,"{'balance': None, 'classify__C': 1.0, 'classify__max_iter': 500, 'classify__n_jobs': 2, 'classify__penalty': 'l2', 'classify__random_state': 42, 'classify__solver': 'lbfgs', 'classify__tol': 1e-06, 'impute': None, 'select': SelectKBest(score_func=<function mutual_info_classif at 0x147da6670>), 'select__k': 11, 'transform': None}",0.919037719037719,0.8378378378378378,0.8051051051051051,0.853993553993554,0.04789513199172795,1,0.961764705882353,0.9415204678362573,0.8513931888544892,0.9182261208577,0.04797525677281347,61,0.918918918918919,0.8378378378378378,0.8055555555555556,0.8541041041041041,0.047688269710326706,1
0.018579959869384766,0.00064104659952901,0.002247969309488932,3.2158140546357016e-05,,1.0,500,2,l2,42,lbfgs,1e-08,SimpleImputer(strategy='median'),SelectKBest(score_func=<function mutual_info_classif at 0x147da6670>),11,,"{'balance': None, 'classify__C': 1.0, 'classify__max_iter': 500, 'classify__n_jobs': 2, 'classify__penalty': 'l2', 'classify__random_state': 42, 'classify__solver': 'lbfgs', 'classify__tol': 1e-08, 'impute': SimpleImputer(strategy='median'), 'select': SelectKBest(score_func=<function mutual_info_classif at 0x147da6670>), 'select__k': 11, 'transform': None}",0.919037719037719,0.8378378378378378,0.8051051051051051,0.853993553993554,0.04789513199172795,1,0.961764705882353,0.9415204678362573,0.8513931888544892,0.9182261208577,0.04797525677281347,61,0.918918918918919,0.8378378378378378,0.8055555555555556,0.8541041041041041,0.047688269710326706,1
0.019802649815877277,0.001199593729377614,0.002034346262613932,0.00019007332971881374,,1.0,500,2,l2,42,lbfgs,1e-08,,SelectKBest(score_func=<function mutual_info_classif at 0x147da6670>),11,,"{'balance': None, 'classify__C': 1.0, 'classify__max_iter': 500, 'classify__n_jobs': 2, 'classify__penalty': 'l2', 'classify__random_state': 42, 'classify__solver': 'lbfgs', 'classify__tol': 1e-08, 'impute': None, 'select': SelectKBest(score_func=<function mutual_info_classif at 0x147da6670>), 'select__k': 11, 'transform': None}",0.919037719037719,0.8378378378378378,0.8051051051051051,0.853993553993554,0.04789513199172795,1,0.961764705882353,0.9415204678362573,0.8513931888544892,0.9182261208577,0.04797525677281347,61,0.918918918918919,0.8378378378378378,0.8055555555555556,0.8541041041041041,0.047688269710326706,1
0.020431677500406902,4.409318699482708e-05,0.002235889434814453,0.00015225523211416834,,1.0,200,2,l2,42,lbfgs,0.0001,SimpleImputer(strategy='median'),SelectKBest(score_func=<function mutual_info_classif at 0x147da6670>),11,,"{'balance': None, 'classify__C': 1.0, 'classify__max_iter': 200, 'classify__n_jobs': 2, 'classify__penalty': 'l2', 'classify__random_state': 42, 'classify__solver': 'lbfgs', 'classify__tol': 0.0001, 'impute': SimpleImputer(strategy='median'), 'select': SelectKBest(score_func=<function mutual_info_classif at 0x147da6670>), 'select__k': 11, 'transform': None}",0.919037719037719,0.8378378378378378,0.8051051051051051,0.853993553993554,0.04789513199172795,1,0.961764705882353,0.9415204678362573,0.8513931888544892,0.9182261208577,0.04797525677281347,61,0.918918918918919,0.8378378378378378,0.8055555555555556,0.8541041041041041,0.047688269710326706,1
0.02005934715270996,0.00015209236747744002,0.001810312271118164,3.4768263481139565e-05,,1.0,200,2,l2,42,lbfgs,0.0001,,SelectKBest(score_func=<function mutual_info_classif at 0x147da6670>),11,,"{'balance': None, 'classify__C': 1.0, 'classify__max_iter': 200, 'classify__n_jobs': 2, 'classify__penalty': 'l2', 'classify__random_state': 42, 'classify__solver': 'lbfgs', 'classify__tol': 0.0001, 'impute': None, 'select': SelectKBest(score_func=<function mutual_info_classif at 0x147da6670>), 'select__k': 11, 'transform': None}",0.919037719037719,0.8378378378378378,0.8051051051051051,0.853993553993554,0.04789513199172795,1,0.961764705882353,0.9415204678362573,0.8513931888544892,0.9182261208577,0.04797525677281347,61,0.918918918918919,0.8378378378378378,0.8055555555555556,0.8541041041041041,0.047688269710326706,1
0.020630677541097004,8.135195331019679e-05,0.0020603338877360025,0.00012945892229566014,,1.0,200,2,l2,42,lbfgs,1e-06,,SelectKBest(score_func=<function mutual_info_classif at 0x147da6670>),11,,"{'balance': None, 'classify__C': 1.0, 'classify__max_iter': 200, 'classify__n_jobs': 2, 'classify__penalty': 'l2', 'classify__random_state': 42, 'classify__solver': 'lbfgs', 'classify__tol': 1e-06, 'impute': None, 'select': SelectKBest(score_func=<function mutual_info_classif at 0x147da6670>), 'select__k': 11, 'transform': None}",0.919037719037719,0.8378378378378378,0.8051051051051051,0.853993553993554,0.04789513199172795,1,0.961764705882353,0.9415204678362573,0.8513931888544892,0.9182261208577,0.04797525677281347,61,0.918918918918919,0.8378378378378378,0.8055555555555556,0.8541041041041041,0.047688269710326706,1
0.02067987124125163,0.00046406102113028425,0.002357959747314453,5.760592853056727e-05,,1.0,200,2,l2,42,lbfgs,1e-08,SimpleImputer(strategy='median'),SelectKBest(score_func=<function mutual_info_classif at 0x147da6670>),11,,"{'balance': None, 'classify__C': 1.0, 'classify__max_iter': 200, 'classify__n_jobs': 2, 'classify__penalty': 'l2', 'classify__random_state': 42, 'classify__solver': 'lbfgs', 'classify__tol': 1e-08, 'impute': SimpleImputer(strategy='median'), 'select': SelectKBest(score_func=<function mutual_info_classif at 0x147da6670>), 'select__k': 11, 'transform': None}",0.919037719037719,0.8378378378378378,0.8051051051051051,0.853993553993554,0.04789513199172795,1,0.961764705882353,0.9415204678362573,0.8513931888544892,0.9182261208577,0.04797525677281347,61,0.918918918918919,0.8378378378378378,0.8055555555555556,0.8541041041041041,0.047688269710326706,1
0.019419431686401367,9.034334032206236e-05,0.0018333594004313152,0.0001283311241370815,,1.0,200,2,l2,42,lbfgs,1e-08,,SelectKBest(score_func=<function mutual_info_classif at 0x147da6670>),11,,"{'balance': None, 'classify__C': 1.0, 'classify__max_iter': 200, 'classify__n_jobs': 2, 'classify__penalty': 'l2', 'classify__random_state': 42, 'classify__solver': 'lbfgs', 'classify__tol': 1e-08, 'impute': None, 'select': SelectKBest(score_func=<function mutual_info_classif at 0x147da6670>), 'select__k': 11, 'transform': None}",0.919037719037719,0.8378378378378378,0.8051051051051051,0.853993553993554,0.04789513199172795,1,0.961764705882353,0.9415204678362573,0.8513931888544892,0.9182261208577,0.04797525677281347,61,0.918918918918919,0.8378378378378378,0.8055555555555556,0.8541041041041041,0.047688269710326706,1
0.019894758860270183,0.00020340671291177686,0.00196989377339681,3.536819061419172e-05,,1.0,100,2,l2,42,lbfgs,0.0001,SimpleImputer(strategy='median'),SelectKBest(score_func=<function mutual_info_classif at 0x147da6670>),11,,"{'balance': None, 'classify__C': 1.0, 'classify__max_iter': 100, 'classify__n_jobs': 2, 'classify__penalty': 'l2', 'classify__random_state': 42, 'classify__solver': 'lbfgs', 'classify__tol': 0.0001, 'impute': SimpleImputer(strategy='median'), 'select': SelectKBest(score_func=<function mutual_info_classif at 0x147da6670>), 'select__k': 11, 'transform': None}",0.919037719037719,0.8378378378378378,0.8051051051051051,0.853993553993554,0.04789513199172795,1,0.961764705882353,0.9415204678362573,0.8513931888544892,0.9182261208577,0.04797525677281347,61,0.918918918918919,0.8378378378378378,0.8055555555555556,0.8541041041041041,0.047688269710326706,1
0.01967930793762207,5.711539212153432e-05,0.0017093817392985027,3.025714527893301e-05,,1.0,100,2,l2,42,lbfgs,0.0001,,SelectKBest(score_func=<function mutual_info_classif at 0x147da6670>),11,,"{'balance': None, 'classify__C': 1.0, 'classify__max_iter': 100, 'classify__n_jobs': 2, 'classify__penalty': 'l2', 'classify__random_state': 42, 'classify__solver': 'lbfgs', 'classify__tol': 0.0001, 'impute': None, 'select': SelectKBest(score_func=<function mutual_info_classif at 0x147da6670>), 'select__k': 11, 'transform': None}",0.919037719037719,0.8378378378378378,0.8051051051051051,0.853993553993554,0.04789513199172795,1,0.961764705882353,0.9415204678362573,0.8513931888544892,0.9182261208577,0.04797525677281347,61,0.918918918918919,0.8378378378378378,0.8055555555555556,0.8541041041041041,0.047688269710326706,1
0.019533793131510418,0.0006446590413328926,0.0020240147908528647,3.274609725236185e-05,,1.0,100,2,l2,42,lbfgs,1e-06,SimpleImputer(strategy='median'),SelectKBest(score_func=<function mutual_info_classif at 0x147da6670>),11,,"{'balance': None, 'classify__C': 1.0, 'classify__max_iter': 100, 'classify__n_jobs': 2, 'classify__penalty': 'l2', 'classify__random_state': 42, 'classify__solver': 'lbfgs', 'classify__tol': 1e-06, 'impute': SimpleImputer(strategy='median'), 'select': SelectKBest(score_func=<function mutual_info_classif at 0x147da6670>), 'select__k': 11, 'transform': None}",0.919037719037719,0.8378378378378378,0.8051051051051051,0.853993553993554,0.04789513199172795,1,0.961764705882353,0.9415204678362573,0.8513931888544892,0.9182261208577,0.04797525677281347,61,0.918918918918919,0.8378378378378378,0.8055555555555556,0.8541041041041041,0.047688269710326706,1
0.01926581064860026,0.00019799657795885187,0.001766204833984375,8.692332903536987e-05,,1.0,100,2,l2,42,lbfgs,1e-06,,SelectKBest(score_func=<function mutual_info_classif at 0x147da6670>),11,,"{'balance': None, 'classify__C': 1.0, 'classify__max_iter': 100, 'classify__n_jobs': 2, 'classify__penalty': 'l2', 'classify__random_state': 42, 'classify__solver': 'lbfgs', 'classify__tol': 1e-06, 'impute': None, 'select': SelectKBest(score_func=<function mutual_info_classif at 0x147da6670>), 'select__k': 11, 'transform': None}",0.919037719037719,0.8378378378378378,0.8051051051051051,0.853993553993554,0.04789513199172795,1,0.961764705882353,0.9415204678362573,0.8513931888544892,0.9182261208577,0.04797525677281347,61,0.918918918918919,0.8378378378378378,0.8055555555555556,0.8541041041041041,0.047688269710326706,1
0.019256750742594402,0.0007218344545697944,0.001965602238972982,4.1163105583444784e-05,,1.0,100,2,l2,42,lbfgs,1e-08,SimpleImputer(strategy='median'),SelectKBest(score_func=<function mutual_info_classif at 0x147da6670>),11,,"{'balance': None, 'classify__C': 1.0, 'classify__max_iter': 100, 'classify__n_jobs': 2, 'classify__penalty': 'l2', 'classify__random_state': 42, 'classify__solver': 'lbfgs', 'classify__tol': 1e-08, 'impute': SimpleImputer(strategy='median'), 'select': SelectKBest(score_func=<function mutual_info_classif at 0x147da6670>), 'select__k': 11, 'transform': None}",0.919037719037719,0.8378378378378378,0.8051051051051051,0.853993553993554,0.04789513199172795,1,0.961764705882353,0.9415204678362573,0.8513931888544892,0.9182261208577,0.04797525677281347,61,0.918918918918919,0.8378378378378378,0.8055555555555556,0.8541041041041041,0.047688269710326706,1
0.019319931666056316,7.703449862554386e-05,0.0017439524332682292,0.00011188587618427867,,1.0,100,2,l2,42,lbfgs,1e-08,,SelectKBest(score_func=<function mutual_info_classif at 0x147da6670>),11,,"{'balance': None, 'classify__C': 1.0, 'classify__max_iter': 100, 'classify__n_jobs': 2, 'classify__penalty': 'l2', 'classify__random_state': 42, 'classify__solver': 'lbfgs', 'classify__tol': 1e-08, 'impute': None, 'select': SelectKBest(score_func=<function mutual_info_classif at 0x147da6670>), 'select__k': 11, 'transform': None}",0.919037719037719,0.8378378378378378,0.8051051051051051,0.853993553993554,0.04789513199172795,1,0.961764705882353,0.9415204678362573,0.8513931888544892,0.9182261208577,0.04797525677281347,61,0.918918918918919,0.8378378378378378,0.8055555555555556,0.8541041041041041,0.047688269710326706,1
0.01929632822672526,0.0007759436916721344,0.001953681310017904,9.307089638553248e-05,,1.0,1000,2,l2,42,lbfgs,0.0001,,SelectKBest(score_func=<function mutual_info_classif at 0x147da6670>),11,,"{'balance': None, 'classify__C': 1.0, 'classify__max_iter': 1000, 'classify__n_jobs': 2, 'classify__penalty': 'l2', 'classify__random_state': 42, 'classify__solver': 'lbfgs', 'classify__tol': 0.0001, 'impute': None, 'select': SelectKBest(score_func=<function mutual_info_classif at 0x147da6670>), 'select__k': 11, 'transform': None}",0.919037719037719,0.8378378378378378,0.8051051051051051,0.853993553993554,0.04789513199172795,1,0.961764705882353,0.9415204678362573,0.8513931888544892,0.9182261208577,0.04797525677281347,61,0.918918918918919,0.8378378378378378,0.8055555555555556,0.8541041041041041,0.047688269710326706,1
0.01960277557373047,0.0008495124863787724,0.0018458366394042969,5.026317542159792e-05,,1.0,2000,2,l2,42,lbfgs,1e-08,,SelectKBest(score_func=<function mutual_info_classif at 0x147da6670>),11,,"{'balance': None, 'classify__C': 1.0, 'classify__max_iter': 2000, 'classify__n_jobs': 2, 'classify__penalty': 'l2', 'classify__random_state': 42, 'classify__solver': 'lbfgs', 'classify__tol': 1e-08, 'impute': None, 'select': SelectKBest(score_func=<function mutual_info_classif at 0x147da6670>), 'select__k': 11, 'transform': None}",0.919037719037719,0.8378378378378378,0.8051051051051051,0.853993553993554,0.04789513199172795,1,0.961764705882353,0.9415204678362573,0.8513931888544892,0.9182261208577,0.04797525677281347,61,0.918918918918919,0.8378378378378378,0.8055555555555556,0.8541041041041041,0.047688269710326706,1
0.020535628000895183,0.0002708471669963007,0.0023713111877441406,5.4338518100016415e-05,,1.0,1000,2,l2,42,lbfgs,0.0001,SimpleImputer(strategy='median'),SelectKBest(score_func=<function mutual_info_classif at 0x147da6670>),11,,"{'balance': None, 'classify__C': 1.0, 'classify__max_iter': 1000, 'classify__n_jobs': 2, 'classify__penalty': 'l2', 'classify__random_state': 42, 'classify__solver': 'lbfgs', 'classify__tol': 0.0001, 'impute': SimpleImputer(strategy='median'), 'select': SelectKBest(score_func=<function mutual_info_classif at 0x147da6670>), 'select__k': 11, 'transform': None}",0.919037719037719,0.8378378378378378,0.8051051051051051,0.853993553993554,0.04789513199172795,1,0.961764705882353,0.9415204678362573,0.8513931888544892,0.9182261208577,0.04797525677281347,61,0.918918918918919,0.8378378378378378,0.8055555555555556,0.8541041041041041,0.047688269710326706,1
0.017954111099243164,0.0008699978128208769,0.002017974853515625,0.00021233455677126852,,1.0,2000,2,l2,42,lbfgs,1e-06,,SelectKBest(score_func=<function mutual_info_classif at 0x147da6670>),11,,"{'balance': None, 'classify__C': 1.0, 'classify__max_iter': 2000, 'classify__n_jobs': 2, 'classify__penalty': 'l2', 'classify__random_state': 42, 'classify__solver': 'lbfgs', 'classify__tol': 1e-06, 'impute': None, 'select': SelectKBest(score_func=<function mutual_info_classif at 0x147da6670>), 'select__k': 11, 'transform': None}",0.919037719037719,0.8378378378378378,0.8051051051051051,0.853993553993554,0.04789513199172795,1,0.961764705882353,0.9415204678362573,0.8513931888544892,0.9182261208577,0.04797525677281347,61,0.918918918918919,0.8378378378378378,0.8055555555555556,0.8541041041041041,0.047688269710326706,1
0.020129919052124023,5.560931282497274e-05,0.0020629564921061196,8.345270890665763e-05,,1.0,2000,2,l2,42,lbfgs,1e-06,SimpleImputer(strategy='median'),SelectKBest(score_func=<function mutual_info_classif at 0x147da6670>),11,,"{'balance': None, 'classify__C': 1.0, 'classify__max_iter': 2000, 'classify__n_jobs': 2, 'classify__penalty': 'l2', 'classify__random_state': 42, 'classify__solver': 'lbfgs', 'classify__tol': 1e-06, 'impute': SimpleImputer(strategy='median'), 'select': SelectKBest(score_func=<function mutual_info_classif at 0x147da6670>), 'select__k': 11, 'transform': None}",0.919037719037719,0.8378378378378378,0.8051051051051051,0.853993553993554,0.04789513199172795,1,0.961764705882353,0.9415204678362573,0.8513931888544892,0.9182261208577,0.04797525677281347,61,0.918918918918919,0.8378378378378378,0.8055555555555556,0.8541041041041041,0.047688269710326706,1
0.01908572514851888,0.0007313955714560404,0.001750628153483073,2.03251741576459e-05,,1.0,2000,2,l2,42,lbfgs,0.0001,,SelectKBest(score_func=<function mutual_info_classif at 0x147da6670>),11,,"{'balance': None, 'classify__C': 1.0, 'classify__max_iter': 2000, 'classify__n_jobs': 2, 'classify__penalty': 'l2', 'classify__random_state': 42, 'classify__solver': 'lbfgs', 'classify__tol': 0.0001, 'impute': None, 'select': SelectKBest(score_func=<function mutual_info_classif at 0x147da6670>), 'select__k': 11, 'transform': None}",0.919037719037719,0.8378378378378378,0.8051051051051051,0.853993553993554,0.04789513199172795,1,0.961764705882353,0.9415204678362573,0.8513931888544892,0.9182261208577,0.04797525677281347,61,0.918918918918919,0.8378378378378378,0.8055555555555556,0.8541041041041041,0.047688269710326706,1
0.019556283950805664,0.000514507514663663,0.002233425776163737,9.00991630094055e-05,,1.0,2000,2,l2,42,lbfgs,0.0001,SimpleImputer(strategy='median'),SelectKBest(score_func=<function mutual_info_classif at 0x147da6670>),11,,"{'balance': None, 'classify__C': 1.0, 'classify__max_iter': 2000, 'classify__n_jobs': 2, 'classify__penalty': 'l2', 'classify__random_state': 42, 'classify__solver': 'lbfgs', 'classify__tol': 0.0001, 'impute': SimpleImputer(strategy='median'), 'select': SelectKBest(score_func=<function mutual_info_classif at 0x147da6670>), 'select__k': 11, 'transform': None}",0.919037719037719,0.8378378378378378,0.8051051051051051,0.853993553993554,0.04789513199172795,1,0.961764705882353,0.9415204678362573,0.8513931888544892,0.9182261208577,0.04797525677281347,61,0.918918918918919,0.8378378378378378,0.8055555555555556,0.8541041041041041,0.047688269710326706,1
0.019905726114908855,0.0001150931101633274,0.0021713574727376304,0.00021705610797259655,,1.0,2000,2,l2,42,lbfgs,1e-08,SimpleImputer(strategy='median'),SelectKBest(score_func=<function mutual_info_classif at 0x147da6670>),11,,"{'balance': None, 'classify__C': 1.0, 'classify__max_iter': 2000, 'classify__n_jobs': 2, 'classify__penalty': 'l2', 'classify__random_state': 42, 'classify__solver': 'lbfgs', 'classify__tol': 1e-08, 'impute': SimpleImputer(strategy='median'), 'select': SelectKBest(score_func=<function mutual_info_classif at 0x147da6670>), 'select__k': 11, 'transform': None}",0.919037719037719,0.8378378378378378,0.8051051051051051,0.853993553993554,0.04789513199172795,1,0.961764705882353,0.9415204678362573,0.8513931888544892,0.9182261208577,0.04797525677281347,61,0.918918918918919,0.8378378378378378,0.8055555555555556,0.8541041041041041,0.047688269710326706,1
0.020827293395996094,0.0003147228797981402,0.0022929509480794272,0.00010339073905491366,,100.0,1000,2,l2,42,lbfgs,1e-06,SimpleImputer(strategy='median'),SelectKBest(score_func=<function mutual_info_classif at 0x147da6670>),11,,"{'balance': None, 'classify__C': 100.0, 'classify__max_iter': 1000, 'classify__n_jobs': 2, 'classify__penalty': 'l2', 'classify__random_state': 42, 'classify__solver': 'lbfgs', 'classify__tol': 1e-06, 'impute': SimpleImputer(strategy='median'), 'select': SelectKBest(score_func=<function mutual_info_classif at 0x147da6670>), 'select__k': 11, 'transform': None}",0.8910875160875161,0.8918918918918919,0.7777777777777778,0.8535857285857286,0.05360532193345597,31,0.9705882352941176,0.9590643274853802,0.8606811145510835,0.9301112257768605,0.04931940369613759,31,0.8918918918918919,0.8918918918918919,0.7777777777777778,0.8538538538538538,0.05379390927945706,31
0.02048174540201823,0.0004070879927701678,0.002040227254231771,3.5197954459540424e-05,,100.0,1000,2,l2,42,lbfgs,1e-06,,SelectKBest(score_func=<function mutual_info_classif at 0x147da6670>),11,,"{'balance': None, 'classify__C': 100.0, 'classify__max_iter': 1000, 'classify__n_jobs': 2, 'classify__penalty': 'l2', 'classify__random_state': 42, 'classify__solver': 'lbfgs', 'classify__tol': 1e-06, 'impute': None, 'select': SelectKBest(score_func=<function mutual_info_classif at 0x147da6670>), 'select__k': 11, 'transform': None}",0.8910875160875161,0.8918918918918919,0.7777777777777778,0.8535857285857286,0.05360532193345597,31,0.9705882352941176,0.9590643274853802,0.8606811145510835,0.9301112257768605,0.04931940369613759,31,0.8918918918918919,0.8918918918918919,0.7777777777777778,0.8538538538538538,0.05379390927945706,31
0.020394086837768555,0.00037641292909894536,0.0020438830057779946,4.176312010115285e-05,,100.0,1000,2,l2,42,lbfgs,1e-08,,SelectKBest(score_func=<function mutual_info_classif at 0x147da6670>),11,,"{'balance': None, 'classify__C': 100.0, 'classify__max_iter': 1000, 'classify__n_jobs': 2, 'classify__penalty': 'l2', 'classify__random_state': 42, 'classify__solver': 'lbfgs', 'classify__tol': 1e-08, 'impute': None, 'select': SelectKBest(score_func=<function mutual_info_classif at 0x147da6670>), 'select__k': 11, 'transform': None}",0.8910875160875161,0.8918918918918919,0.7777777777777778,0.8535857285857286,0.05360532193345597,31,0.9705882352941176,0.9590643274853802,0.8606811145510835,0.9301112257768605,0.04931940369613759,31,0.8918918918918919,0.8918918918918919,0.7777777777777778,0.8538538538538538,0.05379390927945706,31
0.020783662796020508,0.00021756693629871923,0.0023056666056315103,7.374147857580595e-05,,100.0,500,2,l2,42,lbfgs,0.0001,SimpleImputer(strategy='median'),SelectKBest(score_func=<function mutual_info_classif at 0x147da6670>),11,,"{'balance': None, 'classify__C': 100.0, 'classify__max_iter': 500, 'classify__n_jobs': 2, 'classify__penalty': 'l2', 'classify__random_state': 42, 'classify__solver': 'lbfgs', 'classify__tol': 0.0001, 'impute': SimpleImputer(strategy='median'), 'select': SelectKBest(score_func=<function mutual_info_classif at 0x147da6670>), 'select__k': 11, 'transform': None}",0.8910875160875161,0.8918918918918919,0.7777777777777778,0.8535857285857286,0.05360532193345597,31,0.9705882352941176,0.9590643274853802,0.8606811145510835,0.9301112257768605,0.04931940369613759,31,0.8918918918918919,0.8918918918918919,0.7777777777777778,0.8538538538538538,0.05379390927945706,31
0.020697673161824543,7.426686649878014e-05,0.0020994345347086587,9.001247792731288e-05,,100.0,500,2,l2,42,lbfgs,0.0001,,SelectKBest(score_func=<function mutual_info_classif at 0x147da6670>),11,,"{'balance': None, 'classify__C': 100.0, 'classify__max_iter': 500, 'classify__n_jobs': 2, 'classify__penalty': 'l2', 'classify__random_state': 42, 'classify__solver': 'lbfgs', 'classify__tol': 0.0001, 'impute': None, 'select': SelectKBest(score_func=<function mutual_info_classif at 0x147da6670>), 'select__k': 11, 'transform': None}",0.8910875160875161,0.8918918918918919,0.7777777777777778,0.8535857285857286,0.05360532193345597,31,0.9705882352941176,0.9590643274853802,0.8606811145510835,0.9301112257768605,0.04931940369613759,31,0.8918918918918919,0.8918918918918919,0.7777777777777778,0.8538538538538538,0.05379390927945706,31
0.019943634668986004,0.0009665895047434015,0.002355337142944336,0.00011996853958707674,,100.0,500,2,l2,42,lbfgs,1e-06,SimpleImputer(strategy='median'),SelectKBest(score_func=<function mutual_info_classif at 0x147da6670>),11,,"{'balance': None, 'classify__C': 100.0, 'classify__max_iter': 500, 'classify__n_jobs': 2, 'classify__penalty': 'l2', 'classify__random_state': 42, 'classify__solver': 'lbfgs', 'classify__tol': 1e-06, 'impute': SimpleImputer(strategy='median'), 'select': SelectKBest(score_func=<function mutual_info_classif at 0x147da6670>), 'select__k': 11, 'transform': None}",0.8910875160875161,0.8918918918918919,0.7777777777777778,0.8535857285857286,0.05360532193345597,31,0.9705882352941176,0.9590643274853802,0.8606811145510835,0.9301112257768605,0.04931940369613759,31,0.8918918918918919,0.8918918918918919,0.7777777777777778,0.8538538538538538,0.05379390927945706,31
0.019674062728881836,0.0010682721817420946,0.002025047938028971,9.015130219200244e-05,,100.0,500,2,l2,42,lbfgs,1e-06,,SelectKBest(score_func=<function mutual_info_classif at 0x147da6670>),11,,"{'balance': None, 'classify__C': 100.0, 'classify__max_iter': 500, 'classify__n_jobs': 2, 'classify__penalty': 'l2', 'classify__random_state': 42, 'classify__solver': 'lbfgs', 'classify__tol': 1e-06, 'impute': None, 'select': SelectKBest(score_func=<function mutual_info_classif at 0x147da6670>), 'select__k': 11, 'transform': None}",0.8910875160875161,0.8918918918918919,0.7777777777777778,0.8535857285857286,0.05360532193345597,31,0.9705882352941176,0.9590643274853802,0.8606811145510835,0.9301112257768605,0.04931940369613759,31,0.8918918918918919,0.8918918918918919,0.7777777777777778,0.8538538538538538,0.05379390927945706,31
0.020163933436075848,0.0002566155134951682,0.0023120244344075522,6.171230030315896e-05,,100.0,500,2,l2,42,lbfgs,1e-08,SimpleImputer(strategy='median'),SelectKBest(score_func=<function mutual_info_classif at 0x147da6670>),11,,"{'balance': None, 'classify__C': 100.0, 'classify__max_iter': 500, 'classify__n_jobs': 2, 'classify__penalty': 'l2', 'classify__random_state': 42, 'classify__solver': 'lbfgs', 'classify__tol': 1e-08, 'impute': SimpleImputer(strategy='median'), 'select': SelectKBest(score_func=<function mutual_info_classif at 0x147da6670>), 'select__k': 11, 'transform': None}",0.8910875160875161,0.8918918918918919,0.7777777777777778,0.8535857285857286,0.05360532193345597,31,0.9705882352941176,0.9590643274853802,0.8606811145510835,0.9301112257768605,0.04931940369613759,31,0.8918918918918919,0.8918918918918919,0.7777777777777778,0.8538538538538538,0.05379390927945706,31
0.02019079526265462,0.00015979693886327342,0.0019336541493733723,6.901804932339489e-05,,100.0,500,2,l2,42,lbfgs,1e-08,,SelectKBest(score_func=<function mutual_info_classif at 0x147da6670>),11,,"{'balance': None, 'classify__C': 100.0, 'classify__max_iter': 500, 'classify__n_jobs': 2, 'classify__penalty': 'l2', 'classify__random_state': 42, 'classify__solver': 'lbfgs', 'classify__tol': 1e-08, 'impute': None, 'select': SelectKBest(score_func=<function mutual_info_classif at 0x147da6670>), 'select__k': 11, 'transform': None}",0.8910875160875161,0.8918918918918919,0.7777777777777778,0.8535857285857286,0.05360532193345597,31,0.9705882352941176,0.9590643274853802,0.8606811145510835,0.9301112257768605,0.04931940369613759,31,0.8918918918918919,0.8918918918918919,0.7777777777777778,0.8538538538538538,0.05379390927945706,31
0.020508448282877605,6.034968239452921e-05,0.002207199732462565,6.0753973504339545e-05,,100.0,200,2,l2,42,lbfgs,0.0001,SimpleImputer(strategy='median'),SelectKBest(score_func=<function mutual_info_classif at 0x147da6670>),11,,"{'balance': None, 'classify__C': 100.0, 'classify__max_iter': 200, 'classify__n_jobs': 2, 'classify__penalty': 'l2', 'classify__random_state': 42, 'classify__solver': 'lbfgs', 'classify__tol': 0.0001, 'impute': SimpleImputer(strategy='median'), 'select': SelectKBest(score_func=<function mutual_info_classif at 0x147da6670>), 'select__k': 11, 'transform': None}",0.8910875160875161,0.8918918918918919,0.7777777777777778,0.8535857285857286,0.05360532193345597,31,0.9705882352941176,0.9590643274853802,0.8606811145510835,0.9301112257768605,0.04931940369613759,31,0.8918918918918919,0.8918918918918919,0.7777777777777778,0.8538538538538538,0.05379390927945706,31
0.0178677241007487,0.00014523199246158636,0.0018943150838216145,3.403146261536463e-05,,100.0,200,2,l2,42,lbfgs,1e-06,,SelectKBest(score_func=<function mutual_info_classif at 0x147da6670>),11,,"{'balance': None, 'classify__C': 100.0, 'classify__max_iter': 200, 'classify__n_jobs': 2, 'classify__penalty': 'l2', 'classify__random_state': 42, 'classify__solver': 'lbfgs', 'classify__tol': 1e-06, 'impute': None, 'select': SelectKBest(score_func=<function mutual_info_classif at 0x147da6670>), 'select__k': 11, 'transform': None}",0.8910875160875161,0.8918918918918919,0.7777777777777778,0.8535857285857286,0.05360532193345597,31,0.9705882352941176,0.9590643274853802,0.8606811145510835,0.9301112257768605,0.04931940369613759,31,0.8918918918918919,0.8918918918918919,0.7777777777777778,0.8538538538538538,0.05379390927945706,31
0.019140084584554035,0.0007784973847501952,0.0021003087361653647,5.374293009702449e-05,,100.0,200,2,l2,42,lbfgs,1e-06,SimpleImputer(strategy='median'),SelectKBest(score_func=<function mutual_info_classif at 0x147da6670>),11,,"{'balance': None, 'classify__C': 100.0, 'classify__max_iter': 200, 'classify__n_jobs': 2, 'classify__penalty': 'l2', 'classify__random_state': 42, 'classify__solver': 'lbfgs', 'classify__tol': 1e-06, 'impute': SimpleImputer(strategy='median'), 'select': SelectKBest(score_func=<function mutual_info_classif at 0x147da6670>), 'select__k': 11, 'transform': None}",0.8910875160875161,0.8918918918918919,0.7777777777777778,0.8535857285857286,0.05360532193345597,31,0.9705882352941176,0.9590643274853802,0.8606811145510835,0.9301112257768605,0.04931940369613759,31,0.8918918918918919,0.8918918918918919,0.7777777777777778,0.8538538538538538,0.05379390927945706,31
0.020562012990315754,0.000264315524640737,0.002152681350708008,4.527568189390921e-05,,100.0,200,2,l2,42,lbfgs,1e-08,SimpleImputer(strategy='median'),SelectKBest(score_func=<function mutual_info_classif at 0x147da6670>),11,,"{'balance': None, 'classify__C': 100.0, 'classify__max_iter': 200, 'classify__n_jobs': 2, 'classify__penalty': 'l2', 'classify__random_state': 42, 'classify__solver': 'lbfgs', 'classify__tol': 1e-08, 'impute': SimpleImputer(strategy='median'), 'select': SelectKBest(score_func=<function mutual_info_classif at 0x147da6670>), 'select__k': 11, 'transform': None}",0.8910875160875161,0.8918918918918919,0.7777777777777778,0.8535857285857286,0.05360532193345597,31,0.9705882352941176,0.9590643274853802,0.8606811145510835,0.9301112257768605,0.04931940369613759,31,0.8918918918918919,0.8918918918918919,0.7777777777777778,0.8538538538538538,0.05379390927945706,31
0.02020438512166341,9.834765585183261e-05,0.0018610954284667969,1.4989432509287572e-05,,100.0,200,2,l2,42,lbfgs,1e-08,,SelectKBest(score_func=<function mutual_info_classif at 0x147da6670>),11,,"{'balance': None, 'classify__C': 100.0, 'classify__max_iter': 200, 'classify__n_jobs': 2, 'classify__penalty': 'l2', 'classify__random_state': 42, 'classify__solver': 'lbfgs', 'classify__tol': 1e-08, 'impute': None, 'select': SelectKBest(score_func=<function mutual_info_classif at 0x147da6670>), 'select__k': 11, 'transform': None}",0.8910875160875161,0.8918918918918919,0.7777777777777778,0.8535857285857286,0.05360532193345597,31,0.9705882352941176,0.9590643274853802,0.8606811145510835,0.9301112257768605,0.04931940369613759,31,0.8918918918918919,0.8918918918918919,0.7777777777777778,0.8538538538538538,0.05379390927945706,31
0.020772695541381836,0.00012620970726077716,0.0022412935892740884,4.1240365228574704e-05,,100.0,100,2,l2,42,lbfgs,0.0001,SimpleImputer(strategy='median'),SelectKBest(score_func=<function mutual_info_classif at 0x147da6670>),11,,"{'balance': None, 'classify__C': 100.0, 'classify__max_iter': 100, 'classify__n_jobs': 2, 'classify__penalty': 'l2', 'classify__random_state': 42, 'classify__solver': 'lbfgs', 'classify__tol': 0.0001, 'impute': SimpleImputer(strategy='median'), 'select': SelectKBest(score_func=<function mutual_info_classif at 0x147da6670>), 'select__k': 11, 'transform': None}",0.8910875160875161,0.8918918918918919,0.7777777777777778,0.8535857285857286,0.05360532193345597,31,0.9705882352941176,0.9590643274853802,0.8606811145510835,0.9301112257768605,0.04931940369613759,31,0.8918918918918919,0.8918918918918919,0.7777777777777778,0.8538538538538538,0.05379390927945706,31
0.0199282169342041,0.0006890033763096676,0.00207368532816569,6.147450447289242e-05,,100.0,100,2,l2,42,lbfgs,0.0001,,SelectKBest(score_func=<function mutual_info_classif at 0x147da6670>),11,,"{'balance': None, 'classify__C': 100.0, 'classify__max_iter': 100, 'classify__n_jobs': 2, 'classify__penalty': 'l2', 'classify__random_state': 42, 'classify__solver': 'lbfgs', 'classify__tol': 0.0001, 'impute': None, 'select': SelectKBest(score_func=<function mutual_info_classif at 0x147da6670>), 'select__k': 11, 'transform': None}",0.8910875160875161,0.8918918918918919,0.7777777777777778,0.8535857285857286,0.05360532193345597,31,0.9705882352941176,0.9590643274853802,0.8606811145510835,0.9301112257768605,0.04931940369613759,31,0.8918918918918919,0.8918918918918919,0.7777777777777778,0.8538538538538538,0.05379390927945706,31
0.019992748896280926,0.000350664823536486,0.002254009246826172,4.8320021542849114e-05,,100.0,100,2,l2,42,lbfgs,1e-06,SimpleImputer(strategy='median'),SelectKBest(score_func=<function mutual_info_classif at 0x147da6670>),11,,"{'balance': None, 'classify__C': 100.0, 'classify__max_iter': 100, 'classify__n_jobs': 2, 'classify__penalty': 'l2', 'classify__random_state': 42, 'classify__solver': 'lbfgs', 'classify__tol': 1e-06, 'impute': SimpleImputer(strategy='median'), 'select': SelectKBest(score_func=<function mutual_info_classif at 0x147da6670>), 'select__k': 11, 'transform': None}",0.8910875160875161,0.8918918918918919,0.7777777777777778,0.8535857285857286,0.05360532193345597,31,0.9705882352941176,0.9590643274853802,0.8606811145510835,0.9301112257768605,0.04931940369613759,31,0.8918918918918919,0.8918918918918919,0.7777777777777778,0.8538538538538538,0.05379390927945706,31
0.01946369806925456,0.0005781869731213387,0.0018669764200846355,6.568171026163236e-05,,100.0,100,2,l2,42,lbfgs,1e-06,,SelectKBest(score_func=<function mutual_info_classif at 0x147da6670>),11,,"{'balance': None, 'classify__C': 100.0, 'classify__max_iter': 100, 'classify__n_jobs': 2, 'classify__penalty': 'l2', 'classify__random_state': 42, 'classify__solver': 'lbfgs', 'classify__tol': 1e-06, 'impute': None, 'select': SelectKBest(score_func=<function mutual_info_classif at 0x147da6670>), 'select__k': 11, 'transform': None}",0.8910875160875161,0.8918918918918919,0.7777777777777778,0.8535857285857286,0.05360532193345597,31,0.9705882352941176,0.9590643274853802,0.8606811145510835,0.9301112257768605,0.04931940369613759,31,0.8918918918918919,0.8918918918918919,0.7777777777777778,0.8538538538538538,0.05379390927945706,31
0.019189755121866863,0.000998156104612209,0.002125263214111328,7.82088047390507e-05,,100.0,100,2,l2,42,lbfgs,1e-08,SimpleImputer(strategy='median'),SelectKBest(score_func=<function mutual_info_classif at 0x147da6670>),11,,"{'balance': None, 'classify__C': 100.0, 'classify__max_iter': 100, 'classify__n_jobs': 2, 'classify__penalty': 'l2', 'classify__random_state': 42, 'classify__solver': 'lbfgs', 'classify__tol': 1e-08, 'impute': SimpleImputer(strategy='median'), 'select': SelectKBest(score_func=<function mutual_info_classif at 0x147da6670>), 'select__k': 11, 'transform': None}",0.8910875160875161,0.8918918918918919,0.7777777777777778,0.8535857285857286,0.05360532193345597,31,0.9705882352941176,0.9590643274853802,0.8606811145510835,0.9301112257768605,0.04931940369613759,31,0.8918918918918919,0.8918918918918919,0.7777777777777778,0.8538538538538538,0.05379390927945706,31
0.019216060638427734,0.00042268814726467615,0.00200653076171875,0.0001075857068671911,,100.0,100,2,l2,42,lbfgs,1e-08,,SelectKBest(score_func=<function mutual_info_classif at 0x147da6670>),11,,"{'balance': None, 'classify__C': 100.0, 'classify__max_iter': 100, 'classify__n_jobs': 2, 'classify__penalty': 'l2', 'classify__random_state': 42, 'classify__solver': 'lbfgs', 'classify__tol': 1e-08, 'impute': None, 'select': SelectKBest(score_func=<function mutual_info_classif at 0x147da6670>), 'select__k': 11, 'transform': None}",0.8910875160875161,0.8918918918918919,0.7777777777777778,0.8535857285857286,0.05360532193345597,31,0.9705882352941176,0.9590643274853802,0.8606811145510835,0.9301112257768605,0.04931940369613759,31,0.8918918918918919,0.8918918918918919,0.7777777777777778,0.8538538538538538,0.05379390927945706,31
0.020285924275716145,0.00024031870043111938,0.001926104227701823,0.00010627557007427821,,100.0,1000,2,l2,42,lbfgs,0.0001,,SelectKBest(score_func=<function mutual_info_classif at 0x147da6670>),11,,"{'balance': None, 'classify__C': 100.0, 'classify__max_iter': 1000, 'classify__n_jobs': 2, 'classify__penalty': 'l2', 'classify__random_state': 42, 'classify__solver': 'lbfgs', 'classify__tol': 0.0001, 'impute': None, 'select': SelectKBest(score_func=<function mutual_info_classif at 0x147da6670>), 'select__k': 11, 'transform': None}",0.8910875160875161,0.8918918918918919,0.7777777777777778,0.8535857285857286,0.05360532193345597,31,0.9705882352941176,0.9590643274853802,0.8606811145510835,0.9301112257768605,0.04931940369613759,31,0.8918918918918919,0.8918918918918919,0.7777777777777778,0.8538538538538538,0.05379390927945706,31
0.018986225128173828,0.0007137766751274269,0.0017844041188557942,6.301180479628975e-05,,100.0,200,2,l2,42,lbfgs,0.0001,,SelectKBest(score_func=<function mutual_info_classif at 0x147da6670>),11,,"{'balance': None, 'classify__C': 100.0, 'classify__max_iter': 200, 'classify__n_jobs': 2, 'classify__penalty': 'l2', 'classify__random_state': 42, 'classify__solver': 'lbfgs', 'classify__tol': 0.0001, 'impute': None, 'select': SelectKBest(score_func=<function mutual_info_classif at 0x147da6670>), 'select__k': 11, 'transform': None}",0.8910875160875161,0.8918918918918919,0.7777777777777778,0.8535857285857286,0.05360532193345597,31,0.9705882352941176,0.9590643274853802,0.8606811145510835,0.9301112257768605,0.04931940369613759,31,0.8918918918918919,0.8918918918918919,0.7777777777777778,0.8538538538538538,0.05379390927945706,31
0.02043263117472331,0.0002173922806795844,0.002167224884033203,1.6057451477511154e-05,,100.0,1000,2,l2,42,lbfgs,0.0001,SimpleImputer(strategy='median'),SelectKBest(score_func=<function mutual_info_classif at 0x147da6670>),11,,"{'balance': None, 'classify__C': 100.0, 'classify__max_iter': 1000, 'classify__n_jobs': 2, 'classify__penalty': 'l2', 'classify__random_state': 42, 'classify__solver': 'lbfgs', 'classify__tol': 0.0001, 'impute': SimpleImputer(strategy='median'), 'select': SelectKBest(score_func=<function mutual_info_classif at 0x147da6670>), 'select__k': 11, 'transform': None}",0.8910875160875161,0.8918918918918919,0.7777777777777778,0.8535857285857286,0.05360532193345597,31,0.9705882352941176,0.9590643274853802,0.8606811145510835,0.9301112257768605,0.04931940369613759,31,0.8918918918918919,0.8918918918918919,0.7777777777777778,0.8538538538538538,0.05379390927945706,31
0.0198214054107666,0.0006288386030805116,0.002195278803507487,4.2696382454922e-05,,100.0,2000,2,l2,42,lbfgs,0.0001,SimpleImputer(strategy='median'),SelectKBest(score_func=<function mutual_info_classif at 0x147da6670>),11,,"{'balance': None, 'classify__C': 100.0, 'classify__max_iter': 2000, 'classify__n_jobs': 2, 'classify__penalty': 'l2', 'classify__random_state': 42, 'classify__solver': 'lbfgs', 'classify__tol': 0.0001, 'impute': SimpleImputer(strategy='median'), 'select': SelectKBest(score_func=<function mutual_info_classif at 0x147da6670>), 'select__k': 11, 'transform': None}",0.8910875160875161,0.8918918918918919,0.7777777777777778,0.8535857285857286,0.05360532193345597,31,0.9705882352941176,0.9590643274853802,0.8606811145510835,0.9301112257768605,0.04931940369613759,31,0.8918918918918919,0.8918918918918919,0.7777777777777778,0.8538538538538538,0.05379390927945706,31
0.020194053649902344,0.0006000765296042638,0.0023736159006754556,1.0257234148440146e-05,,100.0,1000,2,l2,42,lbfgs,1e-08,SimpleImputer(strategy='median'),SelectKBest(score_func=<function mutual_info_classif at 0x147da6670>),11,,"{'balance': None, 'classify__C': 100.0, 'classify__max_iter': 1000, 'classify__n_jobs': 2, 'classify__penalty': 'l2', 'classify__random_state': 42, 'classify__solver': 'lbfgs', 'classify__tol': 1e-08, 'impute': SimpleImputer(strategy='median'), 'select': SelectKBest(score_func=<function mutual_info_classif at 0x147da6670>), 'select__k': 11, 'transform': None}",0.8910875160875161,0.8918918918918919,0.7777777777777778,0.8535857285857286,0.05360532193345597,31,0.9705882352941176,0.9590643274853802,0.8606811145510835,0.9301112257768605,0.04931940369613759,31,0.8918918918918919,0.8918918918918919,0.7777777777777778,0.8538538538538538,0.05379390927945706,31
0.019428730010986328,0.0007220590280087885,0.002154668172200521,0.00014015096829788812,,100.0,2000,2,l2,42,lbfgs,1e-06,SimpleImputer(strategy='median'),SelectKBest(score_func=<function mutual_info_classif at 0x147da6670>),11,,"{'balance': None, 'classify__C': 100.0, 'classify__max_iter': 2000, 'classify__n_jobs': 2, 'classify__penalty': 'l2', 'classify__random_state': 42, 'classify__solver': 'lbfgs', 'classify__tol': 1e-06, 'impute': SimpleImputer(strategy='median'), 'select': SelectKBest(score_func=<function mutual_info_classif at 0x147da6670>), 'select__k': 11, 'transform': None}",0.8910875160875161,0.8918918918918919,0.7777777777777778,0.8535857285857286,0.05360532193345597,31,0.9705882352941176,0.9590643274853802,0.8606811145510835,0.9301112257768605,0.04931940369613759,31,0.8918918918918919,0.8918918918918919,0.7777777777777778,0.8538538538538538,0.05379390927945706,31
0.02058855692545573,0.0010273413016094464,0.002428849538167318,5.471324018490683e-05,,100.0,2000,2,l2,42,lbfgs,1e-08,SimpleImputer(strategy='median'),SelectKBest(score_func=<function mutual_info_classif at 0x147da6670>),11,,"{'balance': None, 'classify__C': 100.0, 'classify__max_iter': 2000, 'classify__n_jobs': 2, 'classify__penalty': 'l2', 'classify__random_state': 42, 'classify__solver': 'lbfgs', 'classify__tol': 1e-08, 'impute': SimpleImputer(strategy='median'), 'select': SelectKBest(score_func=<function mutual_info_classif at 0x147da6670>), 'select__k': 11, 'transform': None}",0.8910875160875161,0.8918918918918919,0.7777777777777778,0.8535857285857286,0.05360532193345597,31,0.9705882352941176,0.9590643274853802,0.8606811145510835,0.9301112257768605,0.04931940369613759,31,0.8918918918918919,0.8918918918918919,0.7777777777777778,0.8538538538538538,0.05379390927945706,31
0.020696481068929035,6.388382214928464e-05,0.001985311508178711,2.7118999856579042e-05,,100.0,2000,2,l2,42,lbfgs,1e-06,,SelectKBest(score_func=<function mutual_info_classif at 0x147da6670>),11,,"{'balance': None, 'classify__C': 100.0, 'classify__max_iter': 2000, 'classify__n_jobs': 2, 'classify__penalty': 'l2', 'classify__random_state': 42, 'classify__solver': 'lbfgs', 'classify__tol': 1e-06, 'impute': None, 'select': SelectKBest(score_func=<function mutual_info_classif at 0x147da6670>), 'select__k': 11, 'transform': None}",0.8910875160875161,0.8918918918918919,0.7777777777777778,0.8535857285857286,0.05360532193345597,31,0.9705882352941176,0.9590643274853802,0.8606811145510835,0.9301112257768605,0.04931940369613759,31,0.8918918918918919,0.8918918918918919,0.7777777777777778,0.8538538538538538,0.05379390927945706,31
0.019961992899576824,0.0001464184294164307,0.0017940203348795574,9.41340507534043e-05,,100.0,2000,2,l2,42,lbfgs,0.0001,,SelectKBest(score_func=<function mutual_info_classif at 0x147da6670>),11,,"{'balance': None, 'classify__C': 100.0, 'classify__max_iter': 2000, 'classify__n_jobs': 2, 'classify__penalty': 'l2', 'classify__random_state': 42, 'classify__solver': 'lbfgs', 'classify__tol': 0.0001, 'impute': None, 'select': SelectKBest(score_func=<function mutual_info_classif at 0x147da6670>), 'select__k': 11, 'transform': None}",0.8910875160875161,0.8918918918918919,0.7777777777777778,0.8535857285857286,0.05360532193345597,31,0.9705882352941176,0.9590643274853802,0.8606811145510835,0.9301112257768605,0.04931940369613759,31,0.8918918918918919,0.8918918918918919,0.7777777777777778,0.8538538538538538,0.05379390927945706,31
0.019479672114054363,0.0009702832490453061,0.0018973350524902344,4.440093977530817e-05,,100.0,2000,2,l2,42,lbfgs,1e-08,,SelectKBest(score_func=<function mutual_info_classif at 0x147da6670>),11,,"{'balance': None, 'classify__C': 100.0, 'classify__max_iter': 2000, 'classify__n_jobs': 2, 'classify__penalty': 'l2', 'classify__random_state': 42, 'classify__solver': 'lbfgs', 'classify__tol': 1e-08, 'impute': None, 'select': SelectKBest(score_func=<function mutual_info_classif at 0x147da6670>), 'select__k': 11, 'transform': None}",0.8910875160875161,0.8918918918918919,0.7777777777777778,0.8535857285857286,0.05360532193345597,31,0.9705882352941176,0.9590643274853802,0.8606811145510835,0.9301112257768605,0.04931940369613759,31,0.8918918918918919,0.8918918918918919,0.7777777777777778,0.8538538538538538,0.05379390927945706,31
0.01933876673380534,0.0003360719026052527,0.0019835631052652993,1.3317811333570504e-05,,0.1,2000,2,l2,42,lbfgs,0.0001,SimpleImputer(strategy='median'),SelectKBest(score_func=<function mutual_info_classif at 0x147da6670>),11,,"{'balance': None, 'classify__C': 0.1, 'classify__max_iter': 2000, 'classify__n_jobs': 2, 'classify__penalty': 'l2', 'classify__random_state': 42, 'classify__solver': 'lbfgs', 'classify__tol': 0.0001, 'impute': SimpleImputer(strategy='median'), 'select': SelectKBest(score_func=<function mutual_info_classif at 0x147da6670>), 'select__k': 11, 'transform': None}",0.919037719037719,0.8371224165341811,0.7777777777777778,0.8446459711165594,0.05791399172540852,61,0.9382352941176471,0.8654970760233918,0.8173374613003096,0.8736899438137828,0.04969516278911754,91,0.918918918918919,0.8378378378378378,0.7777777777777778,0.8448448448448449,0.057833260563180354,61
0.018573681513468426,0.0008178869884763853,0.0016953150431315105,3.7619466814963075e-05,,0.1,100,2,l2,42,lbfgs,1e-06,,SelectKBest(score_func=<function mutual_info_classif at 0x147da6670>),11,,"{'balance': None, 'classify__C': 0.1, 'classify__max_iter': 100, 'classify__n_jobs': 2, 'classify__penalty': 'l2', 'classify__random_state': 42, 'classify__solver': 'lbfgs', 'classify__tol': 1e-06, 'impute': None, 'select': SelectKBest(score_func=<function mutual_info_classif at 0x147da6670>), 'select__k': 11, 'transform': None}",0.919037719037719,0.8371224165341811,0.7777777777777778,0.8446459711165594,0.05791399172540852,61,0.9382352941176471,0.8654970760233918,0.8173374613003096,0.8736899438137828,0.04969516278911754,91,0.918918918918919,0.8378378378378378,0.7777777777777778,0.8448448448448449,0.057833260563180354,61
0.020525376001993816,7.31185725639712e-05,0.002209742863972982,3.435066695980604e-05,,0.1,100,2,l2,42,lbfgs,1e-06,SimpleImputer(strategy='median'),SelectKBest(score_func=<function mutual_info_classif at 0x147da6670>),11,,"{'balance': None, 'classify__C': 0.1, 'classify__max_iter': 100, 'classify__n_jobs': 2, 'classify__penalty': 'l2', 'classify__random_state': 42, 'classify__solver': 'lbfgs', 'classify__tol': 1e-06, 'impute': SimpleImputer(strategy='median'), 'select': SelectKBest(score_func=<function mutual_info_classif at 0x147da6670>), 'select__k': 11, 'transform': None}",0.919037719037719,0.8371224165341811,0.7777777777777778,0.8446459711165594,0.05791399172540852,61,0.9382352941176471,0.8654970760233918,0.8173374613003096,0.8736899438137828,0.04969516278911754,91,0.918918918918919,0.8378378378378378,0.7777777777777778,0.8448448448448449,0.057833260563180354,61
0.01944843928019206,0.0008883050372692884,0.0019179979960123699,6.226646572838147e-05,,0.1,100,2,l2,42,lbfgs,0.0001,,SelectKBest(score_func=<function mutual_info_classif at 0x147da6670>),11,,"{'balance': None, 'classify__C': 0.1, 'classify__max_iter': 100, 'classify__n_jobs': 2, 'classify__penalty': 'l2', 'classify__random_state': 42, 'classify__solver': 'lbfgs', 'classify__tol': 0.0001, 'impute': None, 'select': SelectKBest(score_func=<function mutual_info_classif at 0x147da6670>), 'select__k': 11, 'transform': None}",0.919037719037719,0.8371224165341811,0.7777777777777778,0.8446459711165594,0.05791399172540852,61,0.9382352941176471,0.8654970760233918,0.8173374613003096,0.8736899438137828,0.04969516278911754,91,0.918918918918919,0.8378378378378378,0.7777777777777778,0.8448448448448449,0.057833260563180354,61
0.019417762756347656,0.0007717860193924078,0.002070903778076172,7.578136193208912e-05,,0.1,100,2,l2,42,lbfgs,0.0001,SimpleImputer(strategy='median'),SelectKBest(score_func=<function mutual_info_classif at 0x147da6670>),11,,"{'balance': None, 'classify__C': 0.1, 'classify__max_iter': 100, 'classify__n_jobs': 2, 'classify__penalty': 'l2', 'classify__random_state': 42, 'classify__solver': 'lbfgs', 'classify__tol': 0.0001, 'impute': SimpleImputer(strategy='median'), 'select': SelectKBest(score_func=<function mutual_info_classif at 0x147da6670>), 'select__k': 11, 'transform': None}",0.919037719037719,0.8371224165341811,0.7777777777777778,0.8446459711165594,0.05791399172540852,61,0.9382352941176471,0.8654970760233918,0.8173374613003096,0.8736899438137828,0.04969516278911754,91,0.918918918918919,0.8378378378378378,0.7777777777777778,0.8448448448448449,0.057833260563180354,61
0.019499699274698894,0.0003195535006350707,0.0018072923024495442,7.160826600656258e-05,,0.1,200,2,l2,42,lbfgs,1e-08,,SelectKBest(score_func=<function mutual_info_classif at 0x147da6670>),11,,"{'balance': None, 'classify__C': 0.1, 'classify__max_iter': 200, 'classify__n_jobs': 2, 'classify__penalty': 'l2', 'classify__random_state': 42, 'classify__solver': 'lbfgs', 'classify__tol': 1e-08, 'impute': None, 'select': SelectKBest(score_func=<function mutual_info_classif at 0x147da6670>), 'select__k': 11, 'transform': None}",0.919037719037719,0.8371224165341811,0.7777777777777778,0.8446459711165594,0.05791399172540852,61,0.9382352941176471,0.8654970760233918,0.8173374613003096,0.8736899438137828,0.04969516278911754,91,0.918918918918919,0.8378378378378378,0.7777777777777778,0.8448448448448449,0.057833260563180354,61
0.020129919052124023,0.0003470963477333603,0.0021910667419433594,0.00018592277648830818,,0.1,200,2,l2,42,lbfgs,1e-08,SimpleImputer(strategy='median'),SelectKBest(score_func=<function mutual_info_classif at 0x147da6670>),11,,"{'balance': None, 'classify__C': 0.1, 'classify__max_iter': 200, 'classify__n_jobs': 2, 'classify__penalty': 'l2', 'classify__random_state': 42, 'classify__solver': 'lbfgs', 'classify__tol': 1e-08, 'impute': SimpleImputer(strategy='median'), 'select': SelectKBest(score_func=<function mutual_info_classif at 0x147da6670>), 'select__k': 11, 'transform': None}",0.919037719037719,0.8371224165341811,0.7777777777777778,0.8446459711165594,0.05791399172540852,61,0.9382352941176471,0.8654970760233918,0.8173374613003096,0.8736899438137828,0.04969516278911754,91,0.918918918918919,0.8378378378378378,0.7777777777777778,0.8448448448448449,0.057833260563180354,61
0.019981543223063152,1.6685137153722224e-05,0.0018232663472493489,4.662869832714817e-05,,0.1,200,2,l2,42,lbfgs,1e-06,,SelectKBest(score_func=<function mutual_info_classif at 0x147da6670>),11,,"{'balance': None, 'classify__C': 0.1, 'classify__max_iter': 200, 'classify__n_jobs': 2, 'classify__penalty': 'l2', 'classify__random_state': 42, 'classify__solver': 'lbfgs', 'classify__tol': 1e-06, 'impute': None, 'select': SelectKBest(score_func=<function mutual_info_classif at 0x147da6670>), 'select__k': 11, 'transform': None}",0.919037719037719,0.8371224165341811,0.7777777777777778,0.8446459711165594,0.05791399172540852,61,0.9382352941176471,0.8654970760233918,0.8173374613003096,0.8736899438137828,0.04969516278911754,91,0.918918918918919,0.8378378378378378,0.7777777777777778,0.8448448448448449,0.057833260563180354,61
0.020441293716430664,4.8504363880208715e-05,0.002138932545979818,3.756250895801904e-05,,0.1,200,2,l2,42,lbfgs,1e-06,SimpleImputer(strategy='median'),SelectKBest(score_func=<function mutual_info_classif at 0x147da6670>),11,,"{'balance': None, 'classify__C': 0.1, 'classify__max_iter': 200, 'classify__n_jobs': 2, 'classify__penalty': 'l2', 'classify__random_state': 42, 'classify__solver': 'lbfgs', 'classify__tol': 1e-06, 'impute': SimpleImputer(strategy='median'), 'select': SelectKBest(score_func=<function mutual_info_classif at 0x147da6670>), 'select__k': 11, 'transform': None}",0.919037719037719,0.8371224165341811,0.7777777777777778,0.8446459711165594,0.05791399172540852,61,0.9382352941176471,0.8654970760233918,0.8173374613003096,0.8736899438137828,0.04969516278911754,91,0.918918918918919,0.8378378378378378,0.7777777777777778,0.8448448448448449,0.057833260563180354,61
0.019806941350301106,0.0002981440193359138,0.0018451213836669922,4.9513441248225734e-05,,0.1,200,2,l2,42,lbfgs,0.0001,,SelectKBest(score_func=<function mutual_info_classif at 0x147da6670>),11,,"{'balance': None, 'classify__C': 0.1, 'classify__max_iter': 200, 'classify__n_jobs': 2, 'classify__penalty': 'l2', 'classify__random_state': 42, 'classify__solver': 'lbfgs', 'classify__tol': 0.0001, 'impute': None, 'select': SelectKBest(score_func=<function mutual_info_classif at 0x147da6670>), 'select__k': 11, 'transform': None}",0.919037719037719,0.8371224165341811,0.7777777777777778,0.8446459711165594,0.05791399172540852,61,0.9382352941176471,0.8654970760233918,0.8173374613003096,0.8736899438137828,0.04969516278911754,91,0.918918918918919,0.8378378378378378,0.7777777777777778,0.8448448448448449,0.057833260563180354,61
0.01975417137145996,0.00010308141531461146,0.0017143885294596355,6.565054711679898e-06,,0.1,500,2,l2,42,lbfgs,1e-08,,SelectKBest(score_func=<function mutual_info_classif at 0x147da6670>),11,,"{'balance': None, 'classify__C': 0.1, 'classify__max_iter': 500, 'classify__n_jobs': 2, 'classify__penalty': 'l2', 'classify__random_state': 42, 'classify__solver': 'lbfgs', 'classify__tol': 1e-08, 'impute': None, 'select': SelectKBest(score_func=<function mutual_info_classif at 0x147da6670>), 'select__k': 11, 'transform': None}",0.919037719037719,0.8371224165341811,0.7777777777777778,0.8446459711165594,0.05791399172540852,61,0.9382352941176471,0.8654970760233918,0.8173374613003096,0.8736899438137828,0.04969516278911754,91,0.918918918918919,0.8378378378378378,0.7777777777777778,0.8448448448448449,0.057833260563180354,61
0.019864320755004883,0.00013279551016516405,0.0022025108337402344,5.470273440407919e-05,,0.1,500,2,l2,42,lbfgs,1e-08,SimpleImputer(strategy='median'),SelectKBest(score_func=<function mutual_info_classif at 0x147da6670>),11,,"{'balance': None, 'classify__C': 0.1, 'classify__max_iter': 500, 'classify__n_jobs': 2, 'classify__penalty': 'l2', 'classify__random_state': 42, 'classify__solver': 'lbfgs', 'classify__tol': 1e-08, 'impute': SimpleImputer(strategy='median'), 'select': SelectKBest(score_func=<function mutual_info_classif at 0x147da6670>), 'select__k': 11, 'transform': None}",0.919037719037719,0.8371224165341811,0.7777777777777778,0.8446459711165594,0.05791399172540852,61,0.9382352941176471,0.8654970760233918,0.8173374613003096,0.8736899438137828,0.04969516278911754,91,0.918918918918919,0.8378378378378378,0.7777777777777778,0.8448448448448449,0.057833260563180354,61
0.019002755482991535,0.0012381900718762319,0.001779794692993164,0.00016256033096354071,,0.1,500,2,l2,42,lbfgs,1e-06,,SelectKBest(score_func=<function mutual_info_classif at 0x147da6670>),11,,"{'balance': None, 'classify__C': 0.1, 'classify__max_iter': 500, 'classify__n_jobs': 2, 'classify__penalty': 'l2', 'classify__random_state': 42, 'classify__solver': 'lbfgs', 'classify__tol': 1e-06, 'impute': None, 'select': SelectKBest(score_func=<function mutual_info_classif at 0x147da6670>), 'select__k': 11, 'transform': None}",0.919037719037719,0.8371224165341811,0.7777777777777778,0.8446459711165594,0.05791399172540852,61,0.9382352941176471,0.8654970760233918,0.8173374613003096,0.8736899438137828,0.04969516278911754,91,0.918918918918919,0.8378378378378378,0.7777777777777778,0.8448448448448449,0.057833260563180354,61
0.020073334376017254,0.0005208639826455099,0.0021227200826009116,3.0243365172444565e-05,,0.1,500,2,l2,42,lbfgs,1e-06,SimpleImputer(strategy='median'),SelectKBest(score_func=<function mutual_info_classif at 0x147da6670>),11,,"{'balance': None, 'classify__C': 0.1, 'classify__max_iter': 500, 'classify__n_jobs': 2, 'classify__penalty': 'l2', 'classify__random_state': 42, 'classify__solver': 'lbfgs', 'classify__tol': 1e-06, 'impute': SimpleImputer(strategy='median'), 'select': SelectKBest(score_func=<function mutual_info_classif at 0x147da6670>), 'select__k': 11, 'transform': None}",0.919037719037719,0.8371224165341811,0.7777777777777778,0.8446459711165594,0.05791399172540852,61,0.9382352941176471,0.8654970760233918,0.8173374613003096,0.8736899438137828,0.04969516278911754,91,0.918918918918919,0.8378378378378378,0.7777777777777778,0.8448448448448449,0.057833260563180354,61
0.019846677780151367,6.875748217778379e-05,0.0018886725107828777,0.00013405900722057728,,0.1,500,2,l2,42,lbfgs,0.0001,,SelectKBest(score_func=<function mutual_info_classif at 0x147da6670>),11,,"{'balance': None, 'classify__C': 0.1, 'classify__max_iter': 500, 'classify__n_jobs': 2, 'classify__penalty': 'l2', 'classify__random_state': 42, 'classify__solver': 'lbfgs', 'classify__tol': 0.0001, 'impute': None, 'select': SelectKBest(score_func=<function mutual_info_classif at 0x147da6670>), 'select__k': 11, 'transform': None}",0.919037719037719,0.8371224165341811,0.7777777777777778,0.8446459711165594,0.05791399172540852,61,0.9382352941176471,0.8654970760233918,0.8173374613003096,0.8736899438137828,0.04969516278911754,91,0.918918918918919,0.8378378378378378,0.7777777777777778,0.8448448448448449,0.057833260563180354,61
0.018854379653930664,0.001044195769603721,0.0019686222076416016,1.1836387949269185e-05,,0.1,100,2,l2,42,lbfgs,1e-08,SimpleImputer(strategy='median'),SelectKBest(score_func=<function mutual_info_classif at 0x147da6670>),11,,"{'balance': None, 'classify__C': 0.1, 'classify__max_iter': 100, 'classify__n_jobs': 2, 'classify__penalty': 'l2', 'classify__random_state': 42, 'classify__solver': 'lbfgs', 'classify__tol': 1e-08, 'impute': SimpleImputer(strategy='median'), 'select': SelectKBest(score_func=<function mutual_info_classif at 0x147da6670>), 'select__k': 11, 'transform': None}",0.919037719037719,0.8371224165341811,0.7777777777777778,0.8446459711165594,0.05791399172540852,61,0.9382352941176471,0.8654970760233918,0.8173374613003096,0.8736899438137828,0.04969516278911754,91,0.918918918918919,0.8378378378378378,0.7777777777777778,0.8448448448448449,0.057833260563180354,61
0.019564708073933918,0.0009291870031528755,0.0019386609395345051,9.838598801888767e-06,,0.1,1000,2,l2,42,lbfgs,1e-08,,SelectKBest(score_func=<function mutual_info_classif at 0x147da6670>),11,,"{'balance': None, 'classify__C': 0.1, 'classify__max_iter': 1000, 'classify__n_jobs': 2, 'classify__penalty': 'l2', 'classify__random_state': 42, 'classify__solver': 'lbfgs', 'classify__tol': 1e-08, 'impute': None, 'select': SelectKBest(score_func=<function mutual_info_classif at 0x147da6670>), 'select__k': 11, 'transform': None}",0.919037719037719,0.8371224165341811,0.7777777777777778,0.8446459711165594,0.05791399172540852,61,0.9382352941176471,0.8654970760233918,0.8173374613003096,0.8736899438137828,0.04969516278911754,91,0.918918918918919,0.8378378378378378,0.7777777777777778,0.8448448448448449,0.057833260563180354,61
0.020983378092447918,4.518659355772553e-05,0.0024079481760660806,4.482452465489792e-05,,0.1,1000,2,l2,42,lbfgs,1e-08,SimpleImputer(strategy='median'),SelectKBest(score_func=<function mutual_info_classif at 0x147da6670>),11,,"{'balance': None, 'classify__C': 0.1, 'classify__max_iter': 1000, 'classify__n_jobs': 2, 'classify__penalty': 'l2', 'classify__random_state': 42, 'classify__solver': 'lbfgs', 'classify__tol': 1e-08, 'impute': SimpleImputer(strategy='median'), 'select': SelectKBest(score_func=<function mutual_info_classif at 0x147da6670>), 'select__k': 11, 'transform': None}",0.919037719037719,0.8371224165341811,0.7777777777777778,0.8446459711165594,0.05791399172540852,61,0.9382352941176471,0.8654970760233918,0.8173374613003096,0.8736899438137828,0.04969516278911754,91,0.918918918918919,0.8378378378378378,0.7777777777777778,0.8448448448448449,0.057833260563180354,61
0.02061184247334798,0.0001607762075825733,0.002053340276082357,5.541521182114169e-05,,0.1,1000,2,l2,42,lbfgs,1e-06,,SelectKBest(score_func=<function mutual_info_classif at 0x147da6670>),11,,"{'balance': None, 'classify__C': 0.1, 'classify__max_iter': 1000, 'classify__n_jobs': 2, 'classify__penalty': 'l2', 'classify__random_state': 42, 'classify__solver': 'lbfgs', 'classify__tol': 1e-06, 'impute': None, 'select': SelectKBest(score_func=<function mutual_info_classif at 0x147da6670>), 'select__k': 11, 'transform': None}",0.919037719037719,0.8371224165341811,0.7777777777777778,0.8446459711165594,0.05791399172540852,61,0.9382352941176471,0.8654970760233918,0.8173374613003096,0.8736899438137828,0.04969516278911754,91,0.918918918918919,0.8378378378378378,0.7777777777777778,0.8448448448448449,0.057833260563180354,61
0.020438353220621746,0.0010229917583196696,0.0024133523305257163,0.00010448798311003703,,0.1,1000,2,l2,42,lbfgs,1e-06,SimpleImputer(strategy='median'),SelectKBest(score_func=<function mutual_info_classif at 0x147da6670>),11,,"{'balance': None, 'classify__C': 0.1, 'classify__max_iter': 1000, 'classify__n_jobs': 2, 'classify__penalty': 'l2', 'classify__random_state': 42, 'classify__solver': 'lbfgs', 'classify__tol': 1e-06, 'impute': SimpleImputer(strategy='median'), 'select': SelectKBest(score_func=<function mutual_info_classif at 0x147da6670>), 'select__k': 11, 'transform': None}",0.919037719037719,0.8371224165341811,0.7777777777777778,0.8446459711165594,0.05791399172540852,61,0.9382352941176471,0.8654970760233918,0.8173374613003096,0.8736899438137828,0.04969516278911754,91,0.918918918918919,0.8378378378378378,0.7777777777777778,0.8448448448448449,0.057833260563180354,61
0.020926634470621746,7.588089286478872e-05,0.002154747645060221,6.686393213748337e-05,,0.1,1000,2,l2,42,lbfgs,0.0001,,SelectKBest(score_func=<function mutual_info_classif at 0x147da6670>),11,,"{'balance': None, 'classify__C': 0.1, 'classify__max_iter': 1000, 'classify__n_jobs': 2, 'classify__penalty': 'l2', 'classify__random_state': 42, 'classify__solver': 'lbfgs', 'classify__tol': 0.0001, 'impute': None, 'select': SelectKBest(score_func=<function mutual_info_classif at 0x147da6670>), 'select__k': 11, 'transform': None}",0.919037719037719,0.8371224165341811,0.7777777777777778,0.8446459711165594,0.05791399172540852,61,0.9382352941176471,0.8654970760233918,0.8173374613003096,0.8736899438137828,0.04969516278911754,91,0.918918918918919,0.8378378378378378,0.7777777777777778,0.8448448448448449,0.057833260563180354,61
0.021094878514607746,0.00023670905545156168,0.0023997624715169272,5.385176208536715e-05,,0.1,1000,2,l2,42,lbfgs,0.0001,SimpleImputer(strategy='median'),SelectKBest(score_func=<function mutual_info_classif at 0x147da6670>),11,,"{'balance': None, 'classify__C': 0.1, 'classify__max_iter': 1000, 'classify__n_jobs': 2, 'classify__penalty': 'l2', 'classify__random_state': 42, 'classify__solver': 'lbfgs', 'classify__tol': 0.0001, 'impute': SimpleImputer(strategy='median'), 'select': SelectKBest(score_func=<function mutual_info_classif at 0x147da6670>), 'select__k': 11, 'transform': None}",0.919037719037719,0.8371224165341811,0.7777777777777778,0.8446459711165594,0.05791399172540852,61,0.9382352941176471,0.8654970760233918,0.8173374613003096,0.8736899438137828,0.04969516278911754,91,0.918918918918919,0.8378378378378378,0.7777777777777778,0.8448448448448449,0.057833260563180354,61
0.020415703455607098,0.0003150105470113795,0.0019916693369547525,4.9990387106471255e-05,,0.1,2000,2,l2,42,lbfgs,1e-08,,SelectKBest(score_func=<function mutual_info_classif at 0x147da6670>),11,,"{'balance': None, 'classify__C': 0.1, 'classify__max_iter': 2000, 'classify__n_jobs': 2, 'classify__penalty': 'l2', 'classify__random_state': 42, 'classify__solver': 'lbfgs', 'classify__tol': 1e-08, 'impute': None, 'select': SelectKBest(score_func=<function mutual_info_classif at 0x147da6670>), 'select__k': 11, 'transform': None}",0.919037719037719,0.8371224165341811,0.7777777777777778,0.8446459711165594,0.05791399172540852,61,0.9382352941176471,0.8654970760233918,0.8173374613003096,0.8736899438137828,0.04969516278911754,91,0.918918918918919,0.8378378378378378,0.7777777777777778,0.8448448448448449,0.057833260563180354,61
0.020484288533528645,0.0003121357446121703,0.0022194385528564453,4.46002085153771e-05,,0.1,2000,2,l2,42,lbfgs,1e-08,SimpleImputer(strategy='median'),SelectKBest(score_func=<function mutual_info_classif at 0x147da6670>),11,,"{'balance': None, 'classify__C': 0.1, 'classify__max_iter': 2000, 'classify__n_jobs': 2, 'classify__penalty': 'l2', 'classify__random_state': 42, 'classify__solver': 'lbfgs', 'classify__tol': 1e-08, 'impute': SimpleImputer(strategy='median'), 'select': SelectKBest(score_func=<function mutual_info_classif at 0x147da6670>), 'select__k': 11, 'transform': None}",0.919037719037719,0.8371224165341811,0.7777777777777778,0.8446459711165594,0.05791399172540852,61,0.9382352941176471,0.8654970760233918,0.8173374613003096,0.8736899438137828,0.04969516278911754,91,0.918918918918919,0.8378378378378378,0.7777777777777778,0.8448448448448449,0.057833260563180354,61
0.019665638605753582,6.44413659766838e-05,0.0018107096354166667,5.3493795234111794e-05,,0.1,2000,2,l2,42,lbfgs,1e-06,,SelectKBest(score_func=<function mutual_info_classif at 0x147da6670>),11,,"{'balance': None, 'classify__C': 0.1, 'classify__max_iter': 2000, 'classify__n_jobs': 2, 'classify__penalty': 'l2', 'classify__random_state': 42, 'classify__solver': 'lbfgs', 'classify__tol': 1e-06, 'impute': None, 'select': SelectKBest(score_func=<function mutual_info_classif at 0x147da6670>), 'select__k': 11, 'transform': None}",0.919037719037719,0.8371224165341811,0.7777777777777778,0.8446459711165594,0.05791399172540852,61,0.9382352941176471,0.8654970760233918,0.8173374613003096,0.8736899438137828,0.04969516278911754,91,0.918918918918919,0.8378378378378378,0.7777777777777778,0.8448448448448449,0.057833260563180354,61
0.019366979598999023,0.0006044841853930789,0.002086639404296875,2.50789449915373e-05,,0.1,2000,2,l2,42,lbfgs,1e-06,SimpleImputer(strategy='median'),SelectKBest(score_func=<function mutual_info_classif at 0x147da6670>),11,,"{'balance': None, 'classify__C': 0.1, 'classify__max_iter': 2000, 'classify__n_jobs': 2, 'classify__penalty': 'l2', 'classify__random_state': 42, 'classify__solver': 'lbfgs', 'classify__tol': 1e-06, 'impute': SimpleImputer(strategy='median'), 'select': SelectKBest(score_func=<function mutual_info_classif at 0x147da6670>), 'select__k': 11, 'transform': None}",0.919037719037719,0.8371224165341811,0.7777777777777778,0.8446459711165594,0.05791399172540852,61,0.9382352941176471,0.8654970760233918,0.8173374613003096,0.8736899438137828,0.04969516278911754,91,0.918918918918919,0.8378378378378378,0.7777777777777778,0.8448448448448449,0.057833260563180354,61
0.019727627436319988,0.00014006847465138463,0.0016970634460449219,1.7488724627133934e-05,,0.1,2000,2,l2,42,lbfgs,0.0001,,SelectKBest(score_func=<function mutual_info_classif at 0x147da6670>),11,,"{'balance': None, 'classify__C': 0.1, 'classify__max_iter': 2000, 'classify__n_jobs': 2, 'classify__penalty': 'l2', 'classify__random_state': 42, 'classify__solver': 'lbfgs', 'classify__tol': 0.0001, 'impute': None, 'select': SelectKBest(score_func=<function mutual_info_classif at 0x147da6670>), 'select__k': 11, 'transform': None}",0.919037719037719,0.8371224165341811,0.7777777777777778,0.8446459711165594,0.05791399172540852,61,0.9382352941176471,0.8654970760233918,0.8173374613003096,0.8736899438137828,0.04969516278911754,91,0.918918918918919,0.8378378378378378,0.7777777777777778,0.8448448448448449,0.057833260563180354,61
0.020371039708455402,0.0001747378135679384,0.002162774403889974,2.898483167142819e-05,,0.1,500,2,l2,42,lbfgs,0.0001,SimpleImputer(strategy='median'),SelectKBest(score_func=<function mutual_info_classif at 0x147da6670>),11,,"{'balance': None, 'classify__C': 0.1, 'classify__max_iter': 500, 'classify__n_jobs': 2, 'classify__penalty': 'l2', 'classify__random_state': 42, 'classify__solver': 'lbfgs', 'classify__tol': 0.0001, 'impute': SimpleImputer(strategy='median'), 'select': SelectKBest(score_func=<function mutual_info_classif at 0x147da6670>), 'select__k': 11, 'transform': None}",0.919037719037719,0.8371224165341811,0.7777777777777778,0.8446459711165594,0.05791399172540852,61,0.9382352941176471,0.8654970760233918,0.8173374613003096,0.8736899438137828,0.04969516278911754,91,0.918918918918919,0.8378378378378378,0.7777777777777778,0.8448448448448449,0.057833260563180354,61
0.01939543088277181,0.00029711421513751036,0.0017203489939371746,5.6232201100857795e-05,,0.1,100,2,l2,42,lbfgs,1e-08,,SelectKBest(score_func=<function mutual_info_classif at 0x147da6670>),11,,"{'balance': None, 'classify__C': 0.1, 'classify__max_iter': 100, 'classify__n_jobs': 2, 'classify__penalty': 'l2', 'classify__random_state': 42, 'classify__solver': 'lbfgs', 'classify__tol': 1e-08, 'impute': None, 'select': SelectKBest(score_func=<function mutual_info_classif at 0x147da6670>), 'select__k': 11, 'transform': None}",0.919037719037719,0.8371224165341811,0.7777777777777778,0.8446459711165594,0.05791399172540852,61,0.9382352941176471,0.8654970760233918,0.8173374613003096,0.8736899438137828,0.04969516278911754,91,0.918918918918919,0.8378378378378378,0.7777777777777778,0.8448448448448449,0.057833260563180354,61
0.02004559834798177,0.0002177361145458255,0.0020963350931803384,5.772235858478787e-05,,0.1,200,2,l2,42,lbfgs,0.0001,SimpleImputer(strategy='median'),SelectKBest(score_func=<function mutual_info_classif at 0x147da6670>),11,,"{'balance': None, 'classify__C': 0.1, 'classify__max_iter': 200, 'classify__n_jobs': 2, 'classify__penalty': 'l2', 'classify__random_state': 42, 'classify__solver': 'lbfgs', 'classify__tol': 0.0001, 'impute': SimpleImputer(strategy='median'), 'select': SelectKBest(score_func=<function mutual_info_classif at 0x147da6670>), 'select__k': 11, 'transform': None}",0.919037719037719,0.8371224165341811,0.7777777777777778,0.8446459711165594,0.05791399172540852,61,0.9382352941176471,0.8654970760233918,0.8173374613003096,0.8736899438137828,0.04969516278911754,91,0.918918918918919,0.8378378378378378,0.7777777777777778,0.8448448448448449,0.057833260563180354,61
0.018871625264485676,0.0007251255189767704,0.0017719268798828125,6.42483882353025e-05,,10.0,200,2,l2,42,lbfgs,1e-06,,SelectKBest(score_func=<function mutual_info_classif at 0x147da6670>),11,,"{'balance': None, 'classify__C': 10.0, 'classify__max_iter': 200, 'classify__n_jobs': 2, 'classify__penalty': 'l2', 'classify__random_state': 42, 'classify__solver': 'lbfgs', 'classify__tol': 1e-06, 'impute': None, 'select': SelectKBest(score_func=<function mutual_info_classif at 0x147da6670>), 'select__k': 11, 'transform': None}",0.8910875160875161,0.8648648648648649,0.7777777777777778,0.8445767195767195,0.04843195108176705,91,0.9705882352941176,0.9707602339181286,0.8606811145510835,0.9340098612544433,0.05185130159533627,1,0.8918918918918919,0.8648648648648649,0.7777777777777778,0.8448448448448449,0.04869023626432556,61
0.020257314046223957,0.0004975566054971366,0.002263228098551432,7.178110817680331e-05,,10.0,100,2,l2,42,lbfgs,1e-08,SimpleImputer(strategy='median'),SelectKBest(score_func=<function mutual_info_classif at 0x147da6670>),11,,"{'balance': None, 'classify__C': 10.0, 'classify__max_iter': 100, 'classify__n_jobs': 2, 'classify__penalty': 'l2', 'classify__random_state': 42, 'classify__solver': 'lbfgs', 'classify__tol': 1e-08, 'impute': SimpleImputer(strategy='median'), 'select': SelectKBest(score_func=<function mutual_info_classif at 0x147da6670>), 'select__k': 11, 'transform': None}",0.8910875160875161,0.8648648648648649,0.7777777777777778,0.8445767195767195,0.04843195108176705,91,0.9705882352941176,0.9707602339181286,0.8606811145510835,0.9340098612544433,0.05185130159533627,1,0.8918918918918919,0.8648648648648649,0.7777777777777778,0.8448448448448449,0.04869023626432556,61
0.020340760548909504,0.0006450555935417824,0.002306699752807617,9.572854813599913e-05,,10.0,500,2,l2,42,lbfgs,0.0001,SimpleImputer(strategy='median'),SelectKBest(score_func=<function mutual_info_classif at 0x147da6670>),11,,"{'balance': None, 'classify__C': 10.0, 'classify__max_iter': 500, 'classify__n_jobs': 2, 'classify__penalty': 'l2', 'classify__random_state': 42, 'classify__solver': 'lbfgs', 'classify__tol': 0.0001, 'impute': SimpleImputer(strategy='median'), 'select': SelectKBest(score_func=<function mutual_info_classif at 0x147da6670>), 'select__k': 11, 'transform': None}",0.8910875160875161,0.8648648648648649,0.7777777777777778,0.8445767195767195,0.04843195108176705,91,0.9705882352941176,0.9707602339181286,0.8606811145510835,0.9340098612544433,0.05185130159533627,1,0.8918918918918919,0.8648648648648649,0.7777777777777778,0.8448448448448449,0.04869023626432556,61
0.01997796694437663,7.124988973941872e-05,0.0018763542175292969,1.6101052313990488e-05,,10.0,100,2,l2,42,lbfgs,1e-08,,SelectKBest(score_func=<function mutual_info_classif at 0x147da6670>),11,,"{'balance': None, 'classify__C': 10.0, 'classify__max_iter': 100, 'classify__n_jobs': 2, 'classify__penalty': 'l2', 'classify__random_state': 42, 'classify__solver': 'lbfgs', 'classify__tol': 1e-08, 'impute': None, 'select': SelectKBest(score_func=<function mutual_info_classif at 0x147da6670>), 'select__k': 11, 'transform': None}",0.8910875160875161,0.8648648648648649,0.7777777777777778,0.8445767195767195,0.04843195108176705,91,0.9705882352941176,0.9707602339181286,0.8606811145510835,0.9340098612544433,0.05185130159533627,1,0.8918918918918919,0.8648648648648649,0.7777777777777778,0.8448448448448449,0.04869023626432556,61
0.019917964935302734,0.00036244585509058236,0.0017352898915608723,8.637672563270358e-05,,10.0,1000,2,l2,42,lbfgs,1e-08,,SelectKBest(score_func=<function mutual_info_classif at 0x147da6670>),11,,"{'balance': None, 'classify__C': 10.0, 'classify__max_iter': 1000, 'classify__n_jobs': 2, 'classify__penalty': 'l2', 'classify__random_state': 42, 'classify__solver': 'lbfgs', 'classify__tol': 1e-08, 'impute': None, 'select': SelectKBest(score_func=<function mutual_info_classif at 0x147da6670>), 'select__k': 11, 'transform': None}",0.8910875160875161,0.8648648648648649,0.7777777777777778,0.8445767195767195,0.04843195108176705,91,0.9705882352941176,0.9707602339181286,0.8606811145510835,0.9340098612544433,0.05185130159533627,1,0.8918918918918919,0.8648648648648649,0.7777777777777778,0.8448448448448449,0.04869023626432556,61
0.019926786422729492,8.606965741996884e-05,0.00209808349609375,8.950662357064494e-05,,10.0,1000,2,l2,42,lbfgs,1e-08,SimpleImputer(strategy='median'),SelectKBest(score_func=<function mutual_info_classif at 0x147da6670>),11,,"{'balance': None, 'classify__C': 10.0, 'classify__max_iter': 1000, 'classify__n_jobs': 2, 'classify__penalty': 'l2', 'classify__random_state': 42, 'classify__solver': 'lbfgs', 'classify__tol': 1e-08, 'impute': SimpleImputer(strategy='median'), 'select': SelectKBest(score_func=<function mutual_info_classif at 0x147da6670>), 'select__k': 11, 'transform': None}",0.8910875160875161,0.8648648648648649,0.7777777777777778,0.8445767195767195,0.04843195108176705,91,0.9705882352941176,0.9707602339181286,0.8606811145510835,0.9340098612544433,0.05185130159533627,1,0.8918918918918919,0.8648648648648649,0.7777777777777778,0.8448448448448449,0.04869023626432556,61
0.019840319951375324,8.221589290807713e-05,0.001803000768025716,1.4201868961126377e-05,,10.0,1000,2,l2,42,lbfgs,1e-06,,SelectKBest(score_func=<function mutual_info_classif at 0x147da6670>),11,,"{'balance': None, 'classify__C': 10.0, 'classify__max_iter': 1000, 'classify__n_jobs': 2, 'classify__penalty': 'l2', 'classify__random_state': 42, 'classify__solver': 'lbfgs', 'classify__tol': 1e-06, 'impute': None, 'select': SelectKBest(score_func=<function mutual_info_classif at 0x147da6670>), 'select__k': 11, 'transform': None}",0.8910875160875161,0.8648648648648649,0.7777777777777778,0.8445767195767195,0.04843195108176705,91,0.9705882352941176,0.9707602339181286,0.8606811145510835,0.9340098612544433,0.05185130159533627,1,0.8918918918918919,0.8648648648648649,0.7777777777777778,0.8448448448448449,0.04869023626432556,61
0.019386768341064453,0.0007593618145406015,0.0020747979482014975,5.822307754708613e-05,,10.0,1000,2,l2,42,lbfgs,1e-06,SimpleImputer(strategy='median'),SelectKBest(score_func=<function mutual_info_classif at 0x147da6670>),11,,"{'balance': None, 'classify__C': 10.0, 'classify__max_iter': 1000, 'classify__n_jobs': 2, 'classify__penalty': 'l2', 'classify__random_state': 42, 'classify__solver': 'lbfgs', 'classify__tol': 1e-06, 'impute': SimpleImputer(strategy='median'), 'select': SelectKBest(score_func=<function mutual_info_classif at 0x147da6670>), 'select__k': 11, 'transform': None}",0.8910875160875161,0.8648648648648649,0.7777777777777778,0.8445767195767195,0.04843195108176705,91,0.9705882352941176,0.9707602339181286,0.8606811145510835,0.9340098612544433,0.05185130159533627,1,0.8918918918918919,0.8648648648648649,0.7777777777777778,0.8448448448448449,0.04869023626432556,61
0.019622802734375,3.529400346965114e-05,0.001758257548014323,5.636446945007861e-05,,10.0,1000,2,l2,42,lbfgs,0.0001,,SelectKBest(score_func=<function mutual_info_classif at 0x147da6670>),11,,"{'balance': None, 'classify__C': 10.0, 'classify__max_iter': 1000, 'classify__n_jobs': 2, 'classify__penalty': 'l2', 'classify__random_state': 42, 'classify__solver': 'lbfgs', 'classify__tol': 0.0001, 'impute': None, 'select': SelectKBest(score_func=<function mutual_info_classif at 0x147da6670>), 'select__k': 11, 'transform': None}",0.8910875160875161,0.8648648648648649,0.7777777777777778,0.8445767195767195,0.04843195108176705,91,0.9705882352941176,0.9707602339181286,0.8606811145510835,0.9340098612544433,0.05185130159533627,1,0.8918918918918919,0.8648648648648649,0.7777777777777778,0.8448448448448449,0.04869023626432556,61
0.01989436149597168,0.00020907836776661316,0.0020842552185058594,4.9863504054411545e-05,,10.0,1000,2,l2,42,lbfgs,0.0001,SimpleImputer(strategy='median'),SelectKBest(score_func=<function mutual_info_classif at 0x147da6670>),11,,"{'balance': None, 'classify__C': 10.0, 'classify__max_iter': 1000, 'classify__n_jobs': 2, 'classify__penalty': 'l2', 'classify__random_state': 42, 'classify__solver': 'lbfgs', 'classify__tol': 0.0001, 'impute': SimpleImputer(strategy='median'), 'select': SelectKBest(score_func=<function mutual_info_classif at 0x147da6670>), 'select__k': 11, 'transform': None}",0.8910875160875161,0.8648648648648649,0.7777777777777778,0.8445767195767195,0.04843195108176705,91,0.9705882352941176,0.9707602339181286,0.8606811145510835,0.9340098612544433,0.05185130159533627,1,0.8918918918918919,0.8648648648648649,0.7777777777777778,0.8448448448448449,0.04869023626432556,61
0.019828637440999348,0.0001825614235045708,0.0018285115559895833,0.00012786592869385574,,10.0,2000,2,l2,42,lbfgs,1e-08,,SelectKBest(score_func=<function mutual_info_classif at 0x147da6670>),11,,"{'balance': None, 'classify__C': 10.0, 'classify__max_iter': 2000, 'classify__n_jobs': 2, 'classify__penalty': 'l2', 'classify__random_state': 42, 'classify__solver': 'lbfgs', 'classify__tol': 1e-08, 'impute': None, 'select': SelectKBest(score_func=<function mutual_info_classif at 0x147da6670>), 'select__k': 11, 'transform': None}",0.8910875160875161,0.8648648648648649,0.7777777777777778,0.8445767195767195,0.04843195108176705,91,0.9705882352941176,0.9707602339181286,0.8606811145510835,0.9340098612544433,0.05185130159533627,1,0.8918918918918919,0.8648648648648649,0.7777777777777778,0.8448448448448449,0.04869023626432556,61
0.020456631978352863,0.00020279209689220477,0.0021584033966064453,4.5568936641070423e-05,,10.0,2000,2,l2,42,lbfgs,1e-08,SimpleImputer(strategy='median'),SelectKBest(score_func=<function mutual_info_classif at 0x147da6670>),11,,"{'balance': None, 'classify__C': 10.0, 'classify__max_iter': 2000, 'classify__n_jobs': 2, 'classify__penalty': 'l2', 'classify__random_state': 42, 'classify__solver': 'lbfgs', 'classify__tol': 1e-08, 'impute': SimpleImputer(strategy='median'), 'select': SelectKBest(score_func=<function mutual_info_classif at 0x147da6670>), 'select__k': 11, 'transform': None}",0.8910875160875161,0.8648648648648649,0.7777777777777778,0.8445767195767195,0.04843195108176705,91,0.9705882352941176,0.9707602339181286,0.8606811145510835,0.9340098612544433,0.05185130159533627,1,0.8918918918918919,0.8648648648648649,0.7777777777777778,0.8448448448448449,0.04869023626432556,61
0.019725481669108074,0.00025765025122858145,0.0021315415700276694,0.00010482653962578621,,10.0,200,2,l2,42,lbfgs,1e-06,SimpleImputer(strategy='median'),SelectKBest(score_func=<function mutual_info_classif at 0x147da6670>),11,,"{'balance': None, 'classify__C': 10.0, 'classify__max_iter': 200, 'classify__n_jobs': 2, 'classify__penalty': 'l2', 'classify__random_state': 42, 'classify__solver': 'lbfgs', 'classify__tol': 1e-06, 'impute': SimpleImputer(strategy='median'), 'select': SelectKBest(score_func=<function mutual_info_classif at 0x147da6670>), 'select__k': 11, 'transform': None}",0.8910875160875161,0.8648648648648649,0.7777777777777778,0.8445767195767195,0.04843195108176705,91,0.9705882352941176,0.9707602339181286,0.8606811145510835,0.9340098612544433,0.05185130159533627,1,0.8918918918918919,0.8648648648648649,0.7777777777777778,0.8448448448448449,0.04869023626432556,61
0.0207520325978597,3.61214420087193e-05,0.0022514661153157554,3.158263843360373e-05,,10.0,2000,2,l2,42,lbfgs,1e-06,SimpleImputer(strategy='median'),SelectKBest(score_func=<function mutual_info_classif at 0x147da6670>),11,,"{'balance': None, 'classify__C': 10.0, 'classify__max_iter': 2000, 'classify__n_jobs': 2, 'classify__penalty': 'l2', 'classify__random_state': 42, 'classify__solver': 'lbfgs', 'classify__tol': 1e-06, 'impute': SimpleImputer(strategy='median'), 'select': SelectKBest(score_func=<function mutual_info_classif at 0x147da6670>), 'select__k': 11, 'transform': None}",0.8910875160875161,0.8648648648648649,0.7777777777777778,0.8445767195767195,0.04843195108176705,91,0.9705882352941176,0.9707602339181286,0.8606811145510835,0.9340098612544433,0.05185130159533627,1,0.8918918918918919,0.8648648648648649,0.7777777777777778,0.8448448448448449,0.04869023626432556,61
0.020250638326009113,0.0005900385812971408,0.0021414756774902344,8.598750412066129e-05,,10.0,2000,2,l2,42,lbfgs,0.0001,,SelectKBest(score_func=<function mutual_info_classif at 0x147da6670>),11,,"{'balance': None, 'classify__C': 10.0, 'classify__max_iter': 2000, 'classify__n_jobs': 2, 'classify__penalty': 'l2', 'classify__random_state': 42, 'classify__solver': 'lbfgs', 'classify__tol': 0.0001, 'impute': None, 'select': SelectKBest(score_func=<function mutual_info_classif at 0x147da6670>), 'select__k': 11, 'transform': None}",0.8910875160875161,0.8648648648648649,0.7777777777777778,0.8445767195767195,0.04843195108176705,91,0.9705882352941176,0.9707602339181286,0.8606811145510835,0.9340098612544433,0.05185130159533627,1,0.8918918918918919,0.8648648648648649,0.7777777777777778,0.8448448448448449,0.04869023626432556,61
0.021102348963419598,0.00019884474776643422,0.0023561318715413413,9.515307761310458e-05,,10.0,2000,2,l2,42,lbfgs,0.0001,SimpleImputer(strategy='median'),SelectKBest(score_func=<function mutual_info_classif at 0x147da6670>),11,,"{'balance': None, 'classify__C': 10.0, 'classify__max_iter': 2000, 'classify__n_jobs': 2, 'classify__penalty': 'l2', 'classify__random_state': 42, 'classify__solver': 'lbfgs', 'classify__tol': 0.0001, 'impute': SimpleImputer(strategy='median'), 'select': SelectKBest(score_func=<function mutual_info_classif at 0x147da6670>), 'select__k': 11, 'transform': None}",0.8910875160875161,0.8648648648648649,0.7777777777777778,0.8445767195767195,0.04843195108176705,91,0.9705882352941176,0.9707602339181286,0.8606811145510835,0.9340098612544433,0.05185130159533627,1,0.8918918918918919,0.8648648648648649,0.7777777777777778,0.8448448448448449,0.04869023626432556,61
0.019755045572916668,0.0010228018906714475,0.0020074049631754556,6.866574654303275e-05,,10.0,500,2,l2,42,lbfgs,0.0001,,SelectKBest(score_func=<function mutual_info_classif at 0x147da6670>),11,,"{'balance': None, 'classify__C': 10.0, 'classify__max_iter': 500, 'classify__n_jobs': 2, 'classify__penalty': 'l2', 'classify__random_state': 42, 'classify__solver': 'lbfgs', 'classify__tol': 0.0001, 'impute': None, 'select': SelectKBest(score_func=<function mutual_info_classif at 0x147da6670>), 'select__k': 11, 'transform': None}",0.8910875160875161,0.8648648648648649,0.7777777777777778,0.8445767195767195,0.04843195108176705,91,0.9705882352941176,0.9707602339181286,0.8606811145510835,0.9340098612544433,0.05185130159533627,1,0.8918918918918919,0.8648648648648649,0.7777777777777778,0.8448448448448449,0.04869023626432556,61
0.02037636439005534,0.00010749696537692028,0.0019687811533610025,0.00011674517104939263,,10.0,100,2,l2,42,lbfgs,1e-06,,SelectKBest(score_func=<function mutual_info_classif at 0x147da6670>),11,,"{'balance': None, 'classify__C': 10.0, 'classify__max_iter': 100, 'classify__n_jobs': 2, 'classify__penalty': 'l2', 'classify__random_state': 42, 'classify__solver': 'lbfgs', 'classify__tol': 1e-06, 'impute': None, 'select': SelectKBest(score_func=<function mutual_info_classif at 0x147da6670>), 'select__k': 11, 'transform': None}",0.8910875160875161,0.8648648648648649,0.7777777777777778,0.8445767195767195,0.04843195108176705,91,0.9705882352941176,0.9707602339181286,0.8606811145510835,0.9340098612544433,0.05185130159533627,1,0.8918918918918919,0.8648648648648649,0.7777777777777778,0.8448448448448449,0.04869023626432556,61
0.02035371462504069,0.00010869383058803842,0.0018920103708902996,3.992939824338455e-05,,10.0,2000,2,l2,42,lbfgs,1e-06,,SelectKBest(score_func=<function mutual_info_classif at 0x147da6670>),11,,"{'balance': None, 'classify__C': 10.0, 'classify__max_iter': 2000, 'classify__n_jobs': 2, 'classify__penalty': 'l2', 'classify__random_state': 42, 'classify__solver': 'lbfgs', 'classify__tol': 1e-06, 'impute': None, 'select': SelectKBest(score_func=<function mutual_info_classif at 0x147da6670>), 'select__k': 11, 'transform': None}",0.8910875160875161,0.8648648648648649,0.7777777777777778,0.8445767195767195,0.04843195108176705,91,0.9705882352941176,0.9707602339181286,0.8606811145510835,0.9340098612544433,0.05185130159533627,1,0.8918918918918919,0.8648648648648649,0.7777777777777778,0.8448448448448449,0.04869023626432556,61
0.020015716552734375,0.0009846724455473217,0.002315044403076172,2.89663038373573e-05,,10.0,200,2,l2,42,lbfgs,0.0001,SimpleImputer(strategy='median'),SelectKBest(score_func=<function mutual_info_classif at 0x147da6670>),11,,"{'balance': None, 'classify__C': 10.0, 'classify__max_iter': 200, 'classify__n_jobs': 2, 'classify__penalty': 'l2', 'classify__random_state': 42, 'classify__solver': 'lbfgs', 'classify__tol': 0.0001, 'impute': SimpleImputer(strategy='median'), 'select': SelectKBest(score_func=<function mutual_info_classif at 0x147da6670>), 'select__k': 11, 'transform': None}",0.8910875160875161,0.8648648648648649,0.7777777777777778,0.8445767195767195,0.04843195108176705,91,0.9705882352941176,0.9707602339181286,0.8606811145510835,0.9340098612544433,0.05185130159533627,1,0.8918918918918919,0.8648648648648649,0.7777777777777778,0.8448448448448449,0.04869023626432556,61
0.019139607747395832,0.0009234398648190451,0.0019323031107584636,1.3235035065586129e-05,,10.0,200,2,l2,42,lbfgs,1e-08,SimpleImputer(strategy='median'),SelectKBest(score_func=<function mutual_info_classif at 0x147da6670>),11,,"{'balance': None, 'classify__C': 10.0, 'classify__max_iter': 200, 'classify__n_jobs': 2, 'classify__penalty': 'l2', 'classify__random_state': 42, 'classify__solver': 'lbfgs', 'classify__tol': 1e-08, 'impute': SimpleImputer(strategy='median'), 'select': SelectKBest(score_func=<function mutual_info_classif at 0x147da6670>), 'select__k': 11, 'transform': None}",0.8910875160875161,0.8648648648648649,0.7777777777777778,0.8445767195767195,0.04843195108176705,91,0.9705882352941176,0.9707602339181286,0.8606811145510835,0.9340098612544433,0.05185130159533627,1,0.8918918918918919,0.8648648648648649,0.7777777777777778,0.8448448448448449,0.04869023626432556,61
0.02050360043843587,0.00019535977571462566,0.0020976861317952475,2.7627994142423515e-05,,10.0,500,2,l2,42,lbfgs,1e-08,,SelectKBest(score_func=<function mutual_info_classif at 0x147da6670>),11,,"{'balance': None, 'classify__C': 10.0, 'classify__max_iter': 500, 'classify__n_jobs': 2, 'classify__penalty': 'l2', 'classify__random_state': 42, 'classify__solver': 'lbfgs', 'classify__tol': 1e-08, 'impute': None, 'select': SelectKBest(score_func=<function mutual_info_classif at 0x147da6670>), 'select__k': 11, 'transform': None}",0.8910875160875161,0.8648648648648649,0.7777777777777778,0.8445767195767195,0.04843195108176705,91,0.9705882352941176,0.9707602339181286,0.8606811145510835,0.9340098612544433,0.05185130159533627,1,0.8918918918918919,0.8648648648648649,0.7777777777777778,0.8448448448448449,0.04869023626432556,61
0.020844777425130207,0.00036509918242681304,0.0024503866831461587,6.283594915287413e-05,,10.0,500,2,l2,42,lbfgs,1e-08,SimpleImputer(strategy='median'),SelectKBest(score_func=<function mutual_info_classif at 0x147da6670>),11,,"{'balance': None, 'classify__C': 10.0, 'classify__max_iter': 500, 'classify__n_jobs': 2, 'classify__penalty': 'l2', 'classify__random_state': 42, 'classify__solver': 'lbfgs', 'classify__tol': 1e-08, 'impute': SimpleImputer(strategy='median'), 'select': SelectKBest(score_func=<function mutual_info_classif at 0x147da6670>), 'select__k': 11, 'transform': None}",0.8910875160875161,0.8648648648648649,0.7777777777777778,0.8445767195767195,0.04843195108176705,91,0.9705882352941176,0.9707602339181286,0.8606811145510835,0.9340098612544433,0.05185130159533627,1,0.8918918918918919,0.8648648648648649,0.7777777777777778,0.8448448448448449,0.04869023626432556,61
0.020320971806844074,0.00010149322062544815,0.0022307236989339194,9.852782198404494e-05,,10.0,100,2,l2,42,lbfgs,0.0001,SimpleImputer(strategy='median'),SelectKBest(score_func=<function mutual_info_classif at 0x147da6670>),11,,"{'balance': None, 'classify__C': 10.0, 'classify__max_iter': 100, 'classify__n_jobs': 2, 'classify__penalty': 'l2', 'classify__random_state': 42, 'classify__solver': 'lbfgs', 'classify__tol': 0.0001, 'impute': SimpleImputer(strategy='median'), 'select': SelectKBest(score_func=<function mutual_info_classif at 0x147da6670>), 'select__k': 11, 'transform': None}",0.8910875160875161,0.8648648648648649,0.7777777777777778,0.8445767195767195,0.04843195108176705,91,0.9705882352941176,0.9707602339181286,0.8606811145510835,0.9340098612544433,0.05185130159533627,1,0.8918918918918919,0.8648648648648649,0.7777777777777778,0.8448448448448449,0.04869023626432556,61
0.019610007603963215,0.0007977035867891694,0.0018477439880371094,2.2679443323529014e-05,,10.0,100,2,l2,42,lbfgs,0.0001,,SelectKBest(score_func=<function mutual_info_classif at 0x147da6670>),11,,"{'balance': None, 'classify__C': 10.0, 'classify__max_iter': 100, 'classify__n_jobs': 2, 'classify__penalty': 'l2', 'classify__random_state': 42, 'classify__solver': 'lbfgs', 'classify__tol': 0.0001, 'impute': None, 'select': SelectKBest(score_func=<function mutual_info_classif at 0x147da6670>), 'select__k': 11, 'transform': None}",0.8910875160875161,0.8648648648648649,0.7777777777777778,0.8445767195767195,0.04843195108176705,91,0.9705882352941176,0.9707602339181286,0.8606811145510835,0.9340098612544433,0.05185130159533627,1,0.8918918918918919,0.8648648648648649,0.7777777777777778,0.8448448448448449,0.04869023626432556,61
0.02011736234029134,0.000967289265424313,0.002335627873738607,3.1709571430301674e-06,,10.0,500,2,l2,42,lbfgs,1e-06,SimpleImputer(strategy='median'),SelectKBest(score_func=<function mutual_info_classif at 0x147da6670>),11,,"{'balance': None, 'classify__C': 10.0, 'classify__max_iter': 500, 'classify__n_jobs': 2, 'classify__penalty': 'l2', 'classify__random_state': 42, 'classify__solver': 'lbfgs', 'classify__tol': 1e-06, 'impute': SimpleImputer(strategy='median'), 'select': SelectKBest(score_func=<function mutual_info_classif at 0x147da6670>), 'select__k': 11, 'transform': None}",0.8910875160875161,0.8648648648648649,0.7777777777777778,0.8445767195767195,0.04843195108176705,91,0.9705882352941176,0.9707602339181286,0.8606811145510835,0.9340098612544433,0.05185130159533627,1,0.8918918918918919,0.8648648648648649,0.7777777777777778,0.8448448448448449,0.04869023626432556,61
0.02066636085510254,0.0001599731221615032,0.0020290215810139975,7.022532356482429e-05,,10.0,500,2,l2,42,lbfgs,1e-06,,SelectKBest(score_func=<function mutual_info_classif at 0x147da6670>),11,,"{'balance': None, 'classify__C': 10.0, 'classify__max_iter': 500, 'classify__n_jobs': 2, 'classify__penalty': 'l2', 'classify__random_state': 42, 'classify__solver': 'lbfgs', 'classify__tol': 1e-06, 'impute': None, 'select': SelectKBest(score_func=<function mutual_info_classif at 0x147da6670>), 'select__k': 11, 'transform': None}",0.8910875160875161,0.8648648648648649,0.7777777777777778,0.8445767195767195,0.04843195108176705,91,0.9705882352941176,0.9707602339181286,0.8606811145510835,0.9340098612544433,0.05185130159533627,1,0.8918918918918919,0.8648648648648649,0.7777777777777778,0.8448448448448449,0.04869023626432556,61
0.02000705401102702,4.646424087623026e-05,0.0018873214721679688,6.327427259808685e-05,,10.0,200,2,l2,42,lbfgs,1e-08,,SelectKBest(score_func=<function mutual_info_classif at 0x147da6670>),11,,"{'balance': None, 'classify__C': 10.0, 'classify__max_iter': 200, 'classify__n_jobs': 2, 'classify__penalty': 'l2', 'classify__random_state': 42, 'classify__solver': 'lbfgs', 'classify__tol': 1e-08, 'impute': None, 'select': SelectKBest(score_func=<function mutual_info_classif at 0x147da6670>), 'select__k': 11, 'transform': None}",0.8910875160875161,0.8648648648648649,0.7777777777777778,0.8445767195767195,0.04843195108176705,91,0.9705882352941176,0.9707602339181286,0.8606811145510835,0.9340098612544433,0.05185130159533627,1,0.8918918918918919,0.8648648648648649,0.7777777777777778,0.8448448448448449,0.04869023626432556,61
0.020519574483235676,9.033439135278524e-05,0.0021904309590657554,6.36850890522225e-05,,10.0,100,2,l2,42,lbfgs,1e-06,SimpleImputer(strategy='median'),SelectKBest(score_func=<function mutual_info_classif at 0x147da6670>),11,,"{'balance': None, 'classify__C': 10.0, 'classify__max_iter': 100, 'classify__n_jobs': 2, 'classify__penalty': 'l2', 'classify__random_state': 42, 'classify__solver': 'lbfgs', 'classify__tol': 1e-06, 'impute': SimpleImputer(strategy='median'), 'select': SelectKBest(score_func=<function mutual_info_classif at 0x147da6670>), 'select__k': 11, 'transform': None}",0.8910875160875161,0.8648648648648649,0.7777777777777778,0.8445767195767195,0.04843195108176705,91,0.9705882352941176,0.9707602339181286,0.8606811145510835,0.9340098612544433,0.05185130159533627,1,0.8918918918918919,0.8648648648648649,0.7777777777777778,0.8448448448448449,0.04869023626432556,61
0.019271691640218098,0.0006628823271754518,0.0018761157989501953,5.613833653111675e-05,,10.0,200,2,l2,42,lbfgs,0.0001,,SelectKBest(score_func=<function mutual_info_classif at 0x147da6670>),11,,"{'balance': None, 'classify__C': 10.0, 'classify__max_iter': 200, 'classify__n_jobs': 2, 'classify__penalty': 'l2', 'classify__random_state': 42, 'classify__solver': 'lbfgs', 'classify__tol': 0.0001, 'impute': None, 'select': SelectKBest(score_func=<function mutual_info_classif at 0x147da6670>), 'select__k': 11, 'transform': None}",0.8910875160875161,0.8648648648648649,0.7777777777777778,0.8445767195767195,0.04843195108176705,91,0.9705882352941176,0.9707602339181286,0.8606811145510835,0.9340098612544433,0.05185130159533627,1,0.8918918918918919,0.8648648648648649,0.7777777777777778,0.8448448448448449,0.04869023626432556,61
0.0202792485555013,0.00017250813960508298,0.001881996790568034,3.444101045331896e-05,,1.0,1000,2,l2,42,lbfgs,0.0001,,SelectKBest(score_func=<function mutual_info_classif at 0x147da6670>),8,,"{'balance': None, 'classify__C': 1.0, 'classify__max_iter': 1000, 'classify__n_jobs': 2, 'classify__penalty': 'l2', 'classify__random_state': 42, 'classify__solver': 'lbfgs', 'classify__tol': 0.0001, 'impute': None, 'select': SelectKBest(score_func=<function mutual_info_classif at 0x147da6670>), 'select__k': 8, 'transform': None}",0.8918918918918919,0.8918918918918919,0.6666666666666666,0.8168168168168167,0.1061721893673495,121,0.8941176470588235,0.9239766081871346,0.7461300309597523,0.8547414287352367,0.07776124220961617,177,0.8918918918918919,0.8918918918918919,0.6666666666666666,0.8168168168168167,0.1061721893673495,125
0.018883943557739258,0.0008156996371716104,0.002120415369669596,0.00015306662587711778,,1.0,1000,2,l2,42,lbfgs,1e-08,SimpleImputer(strategy='median'),SelectKBest(score_func=<function mutual_info_classif at 0x147da6670>),8,,"{'balance': None, 'classify__C': 1.0, 'classify__max_iter': 1000, 'classify__n_jobs': 2, 'classify__penalty': 'l2', 'classify__random_state': 42, 'classify__solver': 'lbfgs', 'classify__tol': 1e-08, 'impute': SimpleImputer(strategy='median'), 'select': SelectKBest(score_func=<function mutual_info_classif at 0x147da6670>), 'select__k': 8, 'transform': None}",0.8918918918918919,0.8918918918918919,0.6666666666666666,0.8168168168168167,0.1061721893673495,121,0.8941176470588235,0.9239766081871346,0.7461300309597523,0.8547414287352367,0.07776124220961617,177,0.8918918918918919,0.8918918918918919,0.6666666666666666,0.8168168168168167,0.1061721893673495,125
0.01837762196858724,0.00010003552890974906,0.0018776257832845051,6.744432293344219e-06,,1.0,1000,2,l2,42,lbfgs,1e-08,,SelectKBest(score_func=<function mutual_info_classif at 0x147da6670>),8,,"{'balance': None, 'classify__C': 1.0, 'classify__max_iter': 1000, 'classify__n_jobs': 2, 'classify__penalty': 'l2', 'classify__random_state': 42, 'classify__solver': 'lbfgs', 'classify__tol': 1e-08, 'impute': None, 'select': SelectKBest(score_func=<function mutual_info_classif at 0x147da6670>), 'select__k': 8, 'transform': None}",0.8918918918918919,0.8918918918918919,0.6666666666666666,0.8168168168168167,0.1061721893673495,121,0.8941176470588235,0.9239766081871346,0.7461300309597523,0.8547414287352367,0.07776124220961617,177,0.8918918918918919,0.8918918918918919,0.6666666666666666,0.8168168168168167,0.1061721893673495,125
0.019541025161743164,0.0011603266842200163,0.002234299977620443,0.0001445424092412336,,1.0,500,2,l2,42,lbfgs,0.0001,SimpleImputer(strategy='median'),SelectKBest(score_func=<function mutual_info_classif at 0x147da6670>),8,,"{'balance': None, 'classify__C': 1.0, 'classify__max_iter': 500, 'classify__n_jobs': 2, 'classify__penalty': 'l2', 'classify__random_state': 42, 'classify__solver': 'lbfgs', 'classify__tol': 0.0001, 'impute': SimpleImputer(strategy='median'), 'select': SelectKBest(score_func=<function mutual_info_classif at 0x147da6670>), 'select__k': 8, 'transform': None}",0.8918918918918919,0.8918918918918919,0.6666666666666666,0.8168168168168167,0.1061721893673495,121,0.8941176470588235,0.9239766081871346,0.7461300309597523,0.8547414287352367,0.07776124220961617,177,0.8918918918918919,0.8918918918918919,0.6666666666666666,0.8168168168168167,0.1061721893673495,125
0.020226001739501953,0.00019730113400062856,0.0018840630849202473,2.3749756407600667e-05,,1.0,500,2,l2,42,lbfgs,0.0001,,SelectKBest(score_func=<function mutual_info_classif at 0x147da6670>),8,,"{'balance': None, 'classify__C': 1.0, 'classify__max_iter': 500, 'classify__n_jobs': 2, 'classify__penalty': 'l2', 'classify__random_state': 42, 'classify__solver': 'lbfgs', 'classify__tol': 0.0001, 'impute': None, 'select': SelectKBest(score_func=<function mutual_info_classif at 0x147da6670>), 'select__k': 8, 'transform': None}",0.8918918918918919,0.8918918918918919,0.6666666666666666,0.8168168168168167,0.1061721893673495,121,0.8941176470588235,0.9239766081871346,0.7461300309597523,0.8547414287352367,0.07776124220961617,177,0.8918918918918919,0.8918918918918919,0.6666666666666666,0.8168168168168167,0.1061721893673495,125
0.019899447758992512,0.0007541147705290772,0.0022401809692382812,4.872496518357409e-05,,1.0,1000,2,l2,42,lbfgs,1e-06,SimpleImputer(strategy='median'),SelectKBest(score_func=<function mutual_info_classif at 0x147da6670>),8,,"{'balance': None, 'classify__C': 1.0, 'classify__max_iter': 1000, 'classify__n_jobs': 2, 'classify__penalty': 'l2', 'classify__random_state': 42, 'classify__solver': 'lbfgs', 'classify__tol': 1e-06, 'impute': SimpleImputer(strategy='median'), 'select': SelectKBest(score_func=<function mutual_info_classif at 0x147da6670>), 'select__k': 8, 'transform': None}",0.8918918918918919,0.8918918918918919,0.6666666666666666,0.8168168168168167,0.1061721893673495,121,0.8941176470588235,0.9239766081871346,0.7461300309597523,0.8547414287352367,0.07776124220961617,177,0.8918918918918919,0.8918918918918919,0.6666666666666666,0.8168168168168167,0.1061721893673495,125
0.02031731605529785,8.943144145407369e-05,0.002300103505452474,4.09827290057341e-05,,1.0,500,2,l2,42,lbfgs,1e-06,SimpleImputer(strategy='median'),SelectKBest(score_func=<function mutual_info_classif at 0x147da6670>),8,,"{'balance': None, 'classify__C': 1.0, 'classify__max_iter': 500, 'classify__n_jobs': 2, 'classify__penalty': 'l2', 'classify__random_state': 42, 'classify__solver': 'lbfgs', 'classify__tol': 1e-06, 'impute': SimpleImputer(strategy='median'), 'select': SelectKBest(score_func=<function mutual_info_classif at 0x147da6670>), 'select__k': 8, 'transform': None}",0.8918918918918919,0.8918918918918919,0.6666666666666666,0.8168168168168167,0.1061721893673495,121,0.8941176470588235,0.9239766081871346,0.7461300309597523,0.8547414287352367,0.07776124220961617,177,0.8918918918918919,0.8918918918918919,0.6666666666666666,0.8168168168168167,0.1061721893673495,125
0.02009240786234538,0.0001086927846465705,0.001837333043416341,4.7537792297166755e-06,,1.0,1000,2,l2,42,lbfgs,1e-06,,SelectKBest(score_func=<function mutual_info_classif at 0x147da6670>),8,,"{'balance': None, 'classify__C': 1.0, 'classify__max_iter': 1000, 'classify__n_jobs': 2, 'classify__penalty': 'l2', 'classify__random_state': 42, 'classify__solver': 'lbfgs', 'classify__tol': 1e-06, 'impute': None, 'select': SelectKBest(score_func=<function mutual_info_classif at 0x147da6670>), 'select__k': 8, 'transform': None}",0.8918918918918919,0.8918918918918919,0.6666666666666666,0.8168168168168167,0.1061721893673495,121,0.8941176470588235,0.9239766081871346,0.7461300309597523,0.8547414287352367,0.07776124220961617,177,0.8918918918918919,0.8918918918918919,0.6666666666666666,0.8168168168168167,0.1061721893673495,125
0.019189914067586262,0.0003849096141951424,0.0016853014628092449,4.1058943639993075e-05,,1.0,100,2,l2,42,lbfgs,1e-08,,SelectKBest(score_func=<function mutual_info_classif at 0x147da6670>),8,,"{'balance': None, 'classify__C': 1.0, 'classify__max_iter': 100, 'classify__n_jobs': 2, 'classify__penalty': 'l2', 'classify__random_state': 42, 'classify__solver': 'lbfgs', 'classify__tol': 1e-08, 'impute': None, 'select': SelectKBest(score_func=<function mutual_info_classif at 0x147da6670>), 'select__k': 8, 'transform': None}",0.8918918918918919,0.8918918918918919,0.6666666666666666,0.8168168168168167,0.1061721893673495,121,0.8941176470588235,0.9239766081871346,0.7461300309597523,0.8547414287352367,0.07776124220961617,177,0.8918918918918919,0.8918918918918919,0.6666666666666666,0.8168168168168167,0.1061721893673495,125
0.019370555877685547,0.0008919705438473525,0.0018707116444905598,6.652243903054208e-05,,1.0,500,2,l2,42,lbfgs,1e-08,,SelectKBest(score_func=<function mutual_info_classif at 0x147da6670>),8,,"{'balance': None, 'classify__C': 1.0, 'classify__max_iter': 500, 'classify__n_jobs': 2, 'classify__penalty': 'l2', 'classify__random_state': 42, 'classify__solver': 'lbfgs', 'classify__tol': 1e-08, 'impute': None, 'select': SelectKBest(score_func=<function mutual_info_classif at 0x147da6670>), 'select__k': 8, 'transform': None}",0.8918918918918919,0.8918918918918919,0.6666666666666666,0.8168168168168167,0.1061721893673495,121,0.8941176470588235,0.9239766081871346,0.7461300309597523,0.8547414287352367,0.07776124220961617,177,0.8918918918918919,0.8918918918918919,0.6666666666666666,0.8168168168168167,0.1061721893673495,125
0.019011894861857098,0.0008365686860565284,0.0019253094991048176,5.0809579243025765e-05,,1.0,100,2,l2,42,lbfgs,1e-08,SimpleImputer(strategy='median'),SelectKBest(score_func=<function mutual_info_classif at 0x147da6670>),8,,"{'balance': None, 'classify__C': 1.0, 'classify__max_iter': 100, 'classify__n_jobs': 2, 'classify__penalty': 'l2', 'classify__random_state': 42, 'classify__solver': 'lbfgs', 'classify__tol': 1e-08, 'impute': SimpleImputer(strategy='median'), 'select': SelectKBest(score_func=<function mutual_info_classif at 0x147da6670>), 'select__k': 8, 'transform': None}",0.8918918918918919,0.8918918918918919,0.6666666666666666,0.8168168168168167,0.1061721893673495,121,0.8941176470588235,0.9239766081871346,0.7461300309597523,0.8547414287352367,0.07776124220961617,177,0.8918918918918919,0.8918918918918919,0.6666666666666666,0.8168168168168167,0.1061721893673495,125
0.020094950993855793,0.00014423888351404031,0.0022668043772379556,5.739052102147505e-05,,1.0,200,2,l2,42,lbfgs,0.0001,SimpleImputer(strategy='median'),SelectKBest(score_func=<function mutual_info_classif at 0x147da6670>),8,,"{'balance': None, 'classify__C': 1.0, 'classify__max_iter': 200, 'classify__n_jobs': 2, 'classify__penalty': 'l2', 'classify__random_state': 42, 'classify__solver': 'lbfgs', 'classify__tol': 0.0001, 'impute': SimpleImputer(strategy='median'), 'select': SelectKBest(score_func=<function mutual_info_classif at 0x147da6670>), 'select__k': 8, 'transform': None}",0.8918918918918919,0.8918918918918919,0.6666666666666666,0.8168168168168167,0.1061721893673495,121,0.8941176470588235,0.9239766081871346,0.7461300309597523,0.8547414287352367,0.07776124220961617,177,0.8918918918918919,0.8918918918918919,0.6666666666666666,0.8168168168168167,0.1061721893673495,125
0.018920262654622395,0.0010007872228663401,0.0018796126047770183,0.000146846534304462,,1.0,100,2,l2,42,lbfgs,1e-06,,SelectKBest(score_func=<function mutual_info_classif at 0x147da6670>),8,,"{'balance': None, 'classify__C': 1.0, 'classify__max_iter': 100, 'classify__n_jobs': 2, 'classify__penalty': 'l2', 'classify__random_state': 42, 'classify__solver': 'lbfgs', 'classify__tol': 1e-06, 'impute': None, 'select': SelectKBest(score_func=<function mutual_info_classif at 0x147da6670>), 'select__k': 8, 'transform': None}",0.8918918918918919,0.8918918918918919,0.6666666666666666,0.8168168168168167,0.1061721893673495,121,0.8941176470588235,0.9239766081871346,0.7461300309597523,0.8547414287352367,0.07776124220961617,177,0.8918918918918919,0.8918918918918919,0.6666666666666666,0.8168168168168167,0.1061721893673495,125
0.019367694854736328,0.0004388348109501587,0.0017569859822591145,2.2387096912291134e-05,,1.0,200,2,l2,42,lbfgs,0.0001,,SelectKBest(score_func=<function mutual_info_classif at 0x147da6670>),8,,"{'balance': None, 'classify__C': 1.0, 'classify__max_iter': 200, 'classify__n_jobs': 2, 'classify__penalty': 'l2', 'classify__random_state': 42, 'classify__solver': 'lbfgs', 'classify__tol': 0.0001, 'impute': None, 'select': SelectKBest(score_func=<function mutual_info_classif at 0x147da6670>), 'select__k': 8, 'transform': None}",0.8918918918918919,0.8918918918918919,0.6666666666666666,0.8168168168168167,0.1061721893673495,121,0.8941176470588235,0.9239766081871346,0.7461300309597523,0.8547414287352367,0.07776124220961617,177,0.8918918918918919,0.8918918918918919,0.6666666666666666,0.8168168168168167,0.1061721893673495,125
0.020152171452840168,5.743243548651974e-05,0.002026160558064779,3.7581672561224146e-05,,1.0,100,2,l2,42,lbfgs,1e-06,SimpleImputer(strategy='median'),SelectKBest(score_func=<function mutual_info_classif at 0x147da6670>),8,,"{'balance': None, 'classify__C': 1.0, 'classify__max_iter': 100, 'classify__n_jobs': 2, 'classify__penalty': 'l2', 'classify__random_state': 42, 'classify__solver': 'lbfgs', 'classify__tol': 1e-06, 'impute': SimpleImputer(strategy='median'), 'select': SelectKBest(score_func=<function mutual_info_classif at 0x147da6670>), 'select__k': 8, 'transform': None}",0.8918918918918919,0.8918918918918919,0.6666666666666666,0.8168168168168167,0.1061721893673495,121,0.8941176470588235,0.9239766081871346,0.7461300309597523,0.8547414287352367,0.07776124220961617,177,0.8918918918918919,0.8918918918918919,0.6666666666666666,0.8168168168168167,0.1061721893673495,125
0.01935291290283203,0.000711063843458117,0.0021266937255859375,7.422007767831935e-05,,1.0,200,2,l2,42,lbfgs,1e-06,SimpleImputer(strategy='median'),SelectKBest(score_func=<function mutual_info_classif at 0x147da6670>),8,,"{'balance': None, 'classify__C': 1.0, 'classify__max_iter': 200, 'classify__n_jobs': 2, 'classify__penalty': 'l2', 'classify__random_state': 42, 'classify__solver': 'lbfgs', 'classify__tol': 1e-06, 'impute': SimpleImputer(strategy='median'), 'select': SelectKBest(score_func=<function mutual_info_classif at 0x147da6670>), 'select__k': 8, 'transform': None}",0.8918918918918919,0.8918918918918919,0.6666666666666666,0.8168168168168167,0.1061721893673495,121,0.8941176470588235,0.9239766081871346,0.7461300309597523,0.8547414287352367,0.07776124220961617,177,0.8918918918918919,0.8918918918918919,0.6666666666666666,0.8168168168168167,0.1061721893673495,125
0.019595940907796223,2.326370295198776e-05,0.0017350514729817708,3.830674277403823e-05,,1.0,100,2,l2,42,lbfgs,0.0001,,SelectKBest(score_func=<function mutual_info_classif at 0x147da6670>),8,,"{'balance': None, 'classify__C': 1.0, 'classify__max_iter': 100, 'classify__n_jobs': 2, 'classify__penalty': 'l2', 'classify__random_state': 42, 'classify__solver': 'lbfgs', 'classify__tol': 0.0001, 'impute': None, 'select': SelectKBest(score_func=<function mutual_info_classif at 0x147da6670>), 'select__k': 8, 'transform': None}",0.8918918918918919,0.8918918918918919,0.6666666666666666,0.8168168168168167,0.1061721893673495,121,0.8941176470588235,0.9239766081871346,0.7461300309597523,0.8547414287352367,0.07776124220961617,177,0.8918918918918919,0.8918918918918919,0.6666666666666666,0.8168168168168167,0.1061721893673495,125
0.020554304122924805,2.208258912810237e-05,0.0020883878072102866,7.080465387595319e-05,,1.0,200,2,l2,42,lbfgs,1e-06,,SelectKBest(score_func=<function mutual_info_classif at 0x147da6670>),8,,"{'balance': None, 'classify__C': 1.0, 'classify__max_iter': 200, 'classify__n_jobs': 2, 'classify__penalty': 'l2', 'classify__random_state': 42, 'classify__solver': 'lbfgs', 'classify__tol': 1e-06, 'impute': None, 'select': SelectKBest(score_func=<function mutual_info_classif at 0x147da6670>), 'select__k': 8, 'transform': None}",0.8918918918918919,0.8918918918918919,0.6666666666666666,0.8168168168168167,0.1061721893673495,121,0.8941176470588235,0.9239766081871346,0.7461300309597523,0.8547414287352367,0.07776124220961617,177,0.8918918918918919,0.8918918918918919,0.6666666666666666,0.8168168168168167,0.1061721893673495,125
0.019890228907267254,0.0007500432845939691,0.0023507277170817056,0.00014259747692984997,,1.0,200,2,l2,42,lbfgs,1e-08,SimpleImputer(strategy='median'),SelectKBest(score_func=<function mutual_info_classif at 0x147da6670>),8,,"{'balance': None, 'classify__C': 1.0, 'classify__max_iter': 200, 'classify__n_jobs': 2, 'classify__penalty': 'l2', 'classify__random_state': 42, 'classify__solver': 'lbfgs', 'classify__tol': 1e-08, 'impute': SimpleImputer(strategy='median'), 'select': SelectKBest(score_func=<function mutual_info_classif at 0x147da6670>), 'select__k': 8, 'transform': None}",0.8918918918918919,0.8918918918918919,0.6666666666666666,0.8168168168168167,0.1061721893673495,121,0.8941176470588235,0.9239766081871346,0.7461300309597523,0.8547414287352367,0.07776124220961617,177,0.8918918918918919,0.8918918918918919,0.6666666666666666,0.8168168168168167,0.1061721893673495,125
0.020365079243977863,0.00020898331034374974,0.002058267593383789,7.636841477416499e-06,,1.0,500,2,l2,42,lbfgs,1e-06,,SelectKBest(score_func=<function mutual_info_classif at 0x147da6670>),8,,"{'balance': None, 'classify__C': 1.0, 'classify__max_iter': 500, 'classify__n_jobs': 2, 'classify__penalty': 'l2', 'classify__random_state': 42, 'classify__solver': 'lbfgs', 'classify__tol': 1e-06, 'impute': None, 'select': SelectKBest(score_func=<function mutual_info_classif at 0x147da6670>), 'select__k': 8, 'transform': None}",0.8918918918918919,0.8918918918918919,0.6666666666666666,0.8168168168168167,0.1061721893673495,121,0.8941176470588235,0.9239766081871346,0.7461300309597523,0.8547414287352367,0.07776124220961617,177,0.8918918918918919,0.8918918918918919,0.6666666666666666,0.8168168168168167,0.1061721893673495,125
0.019953409830729168,0.0002458284268851927,0.0022945404052734375,0.0003166918572210937,,1.0,500,2,l2,42,lbfgs,1e-08,SimpleImputer(strategy='median'),SelectKBest(score_func=<function mutual_info_classif at 0x147da6670>),8,,"{'balance': None, 'classify__C': 1.0, 'classify__max_iter': 500, 'classify__n_jobs': 2, 'classify__penalty': 'l2', 'classify__random_state': 42, 'classify__solver': 'lbfgs', 'classify__tol': 1e-08, 'impute': SimpleImputer(strategy='median'), 'select': SelectKBest(score_func=<function mutual_info_classif at 0x147da6670>), 'select__k': 8, 'transform': None}",0.8918918918918919,0.8918918918918919,0.6666666666666666,0.8168168168168167,0.1061721893673495,121,0.8941176470588235,0.9239766081871346,0.7461300309597523,0.8547414287352367,0.07776124220961617,177,0.8918918918918919,0.8918918918918919,0.6666666666666666,0.8168168168168167,0.1061721893673495,125
0.018889347712198894,0.0011806126027761909,0.0017603238423665364,3.2595888108847526e-05,,1.0,200,2,l2,42,lbfgs,1e-08,,SelectKBest(score_func=<function mutual_info_classif at 0x147da6670>),8,,"{'balance': None, 'classify__C': 1.0, 'classify__max_iter': 200, 'classify__n_jobs': 2, 'classify__penalty': 'l2', 'classify__random_state': 42, 'classify__solver': 'lbfgs', 'classify__tol': 1e-08, 'impute': None, 'select': SelectKBest(score_func=<function mutual_info_classif at 0x147da6670>), 'select__k': 8, 'transform': None}",0.8918918918918919,0.8918918918918919,0.6666666666666666,0.8168168168168167,0.1061721893673495,121,0.8941176470588235,0.9239766081871346,0.7461300309597523,0.8547414287352367,0.07776124220961617,177,0.8918918918918919,0.8918918918918919,0.6666666666666666,0.8168168168168167,0.1061721893673495,125
0.020980119705200195,0.0003373437265292267,0.002452691396077474,8.422541019935375e-05,,1.0,1000,2,l2,42,lbfgs,0.0001,SimpleImputer(strategy='median'),SelectKBest(score_func=<function mutual_info_classif at 0x147da6670>),8,,"{'balance': None, 'classify__C': 1.0, 'classify__max_iter': 1000, 'classify__n_jobs': 2, 'classify__penalty': 'l2', 'classify__random_state': 42, 'classify__solver': 'lbfgs', 'classify__tol': 0.0001, 'impute': SimpleImputer(strategy='median'), 'select': SelectKBest(score_func=<function mutual_info_classif at 0x147da6670>), 'select__k': 8, 'transform': None}",0.8918918918918919,0.8918918918918919,0.6666666666666666,0.8168168168168167,0.1061721893673495,121,0.8941176470588235,0.9239766081871346,0.7461300309597523,0.8547414287352367,0.07776124220961617,177,0.8918918918918919,0.8918918918918919,0.6666666666666666,0.8168168168168167,0.1061721893673495,125
0.019585688908894856,0.0008579400023133408,0.002063115437825521,0.00011697200915322773,,1.0,2000,2,l2,42,lbfgs,1e-08,,SelectKBest(score_func=<function mutual_info_classif at 0x147da6670>),8,,"{'balance': None, 'classify__C': 1.0, 'classify__max_iter': 2000, 'classify__n_jobs': 2, 'classify__penalty': 'l2', 'classify__random_state': 42, 'classify__solver': 'lbfgs', 'classify__tol': 1e-08, 'impute': None, 'select': SelectKBest(score_func=<function mutual_info_classif at 0x147da6670>), 'select__k': 8, 'transform': None}",0.8918918918918919,0.8918918918918919,0.6666666666666666,0.8168168168168167,0.1061721893673495,121,0.8941176470588235,0.9239766081871346,0.7461300309597523,0.8547414287352367,0.07776124220961617,177,0.8918918918918919,0.8918918918918919,0.6666666666666666,0.8168168168168167,0.1061721893673495,125
0.017769813537597656,0.000623285113968725,0.0020311673482259116,0.00012665485702517026,,1.0,2000,2,l2,42,lbfgs,1e-08,SimpleImputer(strategy='median'),SelectKBest(score_func=<function mutual_info_classif at 0x147da6670>),8,,"{'balance': None, 'classify__C': 1.0, 'classify__max_iter': 2000, 'classify__n_jobs': 2, 'classify__penalty': 'l2', 'classify__random_state': 42, 'classify__solver': 'lbfgs', 'classify__tol': 1e-08, 'impute': SimpleImputer(strategy='median'), 'select': SelectKBest(score_func=<function mutual_info_classif at 0x147da6670>), 'select__k': 8, 'transform': None}",0.8918918918918919,0.8918918918918919,0.6666666666666666,0.8168168168168167,0.1061721893673495,121,0.8941176470588235,0.9239766081871346,0.7461300309597523,0.8547414287352367,0.07776124220961617,177,0.8918918918918919,0.8918918918918919,0.6666666666666666,0.8168168168168167,0.1061721893673495,125
0.019078652064005535,0.0007331025710743219,0.002175569534301758,0.00010941672550369171,,1.0,2000,2,l2,42,lbfgs,0.0001,SimpleImputer(strategy='median'),SelectKBest(score_func=<function mutual_info_classif at 0x147da6670>),8,,"{'balance': None, 'classify__C': 1.0, 'classify__max_iter': 2000, 'classify__n_jobs': 2, 'classify__penalty': 'l2', 'classify__random_state': 42, 'classify__solver': 'lbfgs', 'classify__tol': 0.0001, 'impute': SimpleImputer(strategy='median'), 'select': SelectKBest(score_func=<function mutual_info_classif at 0x147da6670>), 'select__k': 8, 'transform': None}",0.8918918918918919,0.8918918918918919,0.6666666666666666,0.8168168168168167,0.1061721893673495,121,0.8941176470588235,0.9239766081871346,0.7461300309597523,0.8547414287352367,0.07776124220961617,177,0.8918918918918919,0.8918918918918919,0.6666666666666666,0.8168168168168167,0.1061721893673495,125
0.018381198247273762,0.0006904596653796264,0.0016924540201822917,3.838481534074382e-05,,1.0,2000,2,l2,42,lbfgs,1e-06,,SelectKBest(score_func=<function mutual_info_classif at 0x147da6670>),8,,"{'balance': None, 'classify__C': 1.0, 'classify__max_iter': 2000, 'classify__n_jobs': 2, 'classify__penalty': 'l2', 'classify__random_state': 42, 'classify__solver': 'lbfgs', 'classify__tol': 1e-06, 'impute': None, 'select': SelectKBest(score_func=<function mutual_info_classif at 0x147da6670>), 'select__k': 8, 'transform': None}",0.8918918918918919,0.8918918918918919,0.6666666666666666,0.8168168168168167,0.1061721893673495,121,0.8941176470588235,0.9239766081871346,0.7461300309597523,0.8547414287352367,0.07776124220961617,177,0.8918918918918919,0.8918918918918919,0.6666666666666666,0.8168168168168167,0.1061721893673495,125
0.019387086232503254,0.0005580315519604702,0.0018507639567057292,5.104620409443093e-05,,1.0,2000,2,l2,42,lbfgs,0.0001,,SelectKBest(score_func=<function mutual_info_classif at 0x147da6670>),8,,"{'balance': None, 'classify__C': 1.0, 'classify__max_iter': 2000, 'classify__n_jobs': 2, 'classify__penalty': 'l2', 'classify__random_state': 42, 'classify__solver': 'lbfgs', 'classify__tol': 0.0001, 'impute': None, 'select': SelectKBest(score_func=<function mutual_info_classif at 0x147da6670>), 'select__k': 8, 'transform': None}",0.8918918918918919,0.8918918918918919,0.6666666666666666,0.8168168168168167,0.1061721893673495,121,0.8941176470588235,0.9239766081871346,0.7461300309597523,0.8547414287352367,0.07776124220961617,177,0.8918918918918919,0.8918918918918919,0.6666666666666666,0.8168168168168167,0.1061721893673495,125
0.01936475435892741,0.000825308042861,0.002106269200642904,4.3575339304442475e-05,,1.0,2000,2,l2,42,lbfgs,1e-06,SimpleImputer(strategy='median'),SelectKBest(score_func=<function mutual_info_classif at 0x147da6670>),8,,"{'balance': None, 'classify__C': 1.0, 'classify__max_iter': 2000, 'classify__n_jobs': 2, 'classify__penalty': 'l2', 'classify__random_state': 42, 'classify__solver': 'lbfgs', 'classify__tol': 1e-06, 'impute': SimpleImputer(strategy='median'), 'select': SelectKBest(score_func=<function mutual_info_classif at 0x147da6670>), 'select__k': 8, 'transform': None}",0.8918918918918919,0.8918918918918919,0.6666666666666666,0.8168168168168167,0.1061721893673495,121,0.8941176470588235,0.9239766081871346,0.7461300309597523,0.8547414287352367,0.07776124220961617,177,0.8918918918918919,0.8918918918918919,0.6666666666666666,0.8168168168168167,0.1061721893673495,125
0.02020684878031413,0.00011275834957002431,0.00214997927347819,6.307732387496182e-05,,1.0,100,2,l2,42,lbfgs,0.0001,SimpleImputer(strategy='median'),SelectKBest(score_func=<function mutual_info_classif at 0x147da6670>),8,,"{'balance': None, 'classify__C': 1.0, 'classify__max_iter': 100, 'classify__n_jobs': 2, 'classify__penalty': 'l2', 'classify__random_state': 42, 'classify__solver': 'lbfgs', 'classify__tol': 0.0001, 'impute': SimpleImputer(strategy='median'), 'select': SelectKBest(score_func=<function mutual_info_classif at 0x147da6670>), 'select__k': 8, 'transform': None}",0.8918918918918919,0.8918918918918919,0.6666666666666666,0.8168168168168167,0.1061721893673495,121,0.8941176470588235,0.9239766081871346,0.7461300309597523,0.8547414287352367,0.07776124220961617,177,0.8918918918918919,0.8918918918918919,0.6666666666666666,0.8168168168168167,0.1061721893673495,125
0.019475936889648438,0.0006453420626523025,0.0017278989156087239,4.8063803161777533e-05,,0.1,500,2,l2,42,lbfgs,0.0001,,SelectKBest(score_func=<function mutual_info_classif at 0x147da6670>),8,,"{'balance': None, 'classify__C': 0.1, 'classify__max_iter': 500, 'classify__n_jobs': 2, 'classify__penalty': 'l2', 'classify__random_state': 42, 'classify__solver': 'lbfgs', 'classify__tol': 0.0001, 'impute': None, 'select': SelectKBest(score_func=<function mutual_info_classif at 0x147da6670>), 'select__k': 8, 'transform': None}",0.8918918918918919,0.8091328579133457,0.7494172494172494,0.816813999740829,0.05841806736447059,151,0.9147058823529411,0.8742690058479532,0.7739938080495355,0.8543228987501433,0.05915154185062726,207,0.8918918918918919,0.8108108108108109,0.75,0.8175675675675675,0.058123819371909635,121
0.020068963368733723,0.00037684384265424025,0.001947641372680664,4.7084299200307595e-05,,0.1,1000,2,l2,42,lbfgs,1e-08,,SelectKBest(score_func=<function mutual_info_classif at 0x147da6670>),8,,"{'balance': None, 'classify__C': 0.1, 'classify__max_iter': 1000, 'classify__n_jobs': 2, 'classify__penalty': 'l2', 'classify__random_state': 42, 'classify__solver': 'lbfgs', 'classify__tol': 1e-08, 'impute': None, 'select': SelectKBest(score_func=<function mutual_info_classif at 0x147da6670>), 'select__k': 8, 'transform': None}",0.8918918918918919,0.8091328579133457,0.7494172494172494,0.816813999740829,0.05841806736447059,151,0.9147058823529411,0.8742690058479532,0.7739938080495355,0.8543228987501433,0.05915154185062726,207,0.8918918918918919,0.8108108108108109,0.75,0.8175675675675675,0.058123819371909635,121
0.019822359085083008,0.0004470414267160074,0.0021615028381347656,0.00011738477666364164,,0.1,200,2,l2,42,lbfgs,1e-08,SimpleImputer(strategy='median'),SelectKBest(score_func=<function mutual_info_classif at 0x147da6670>),8,,"{'balance': None, 'classify__C': 0.1, 'classify__max_iter': 200, 'classify__n_jobs': 2, 'classify__penalty': 'l2', 'classify__random_state': 42, 'classify__solver': 'lbfgs', 'classify__tol': 1e-08, 'impute': SimpleImputer(strategy='median'), 'select': SelectKBest(score_func=<function mutual_info_classif at 0x147da6670>), 'select__k': 8, 'transform': None}",0.8918918918918919,0.8091328579133457,0.7494172494172494,0.816813999740829,0.05841806736447059,151,0.9147058823529411,0.8742690058479532,0.7739938080495355,0.8543228987501433,0.05915154185062726,207,0.8918918918918919,0.8108108108108109,0.75,0.8175675675675675,0.058123819371909635,121
0.020017306009928387,0.00014192166180171113,0.0017562707265218098,2.5825867132992947e-05,,0.1,500,2,l2,42,lbfgs,1e-08,,SelectKBest(score_func=<function mutual_info_classif at 0x147da6670>),8,,"{'balance': None, 'classify__C': 0.1, 'classify__max_iter': 500, 'classify__n_jobs': 2, 'classify__penalty': 'l2', 'classify__random_state': 42, 'classify__solver': 'lbfgs', 'classify__tol': 1e-08, 'impute': None, 'select': SelectKBest(score_func=<function mutual_info_classif at 0x147da6670>), 'select__k': 8, 'transform': None}",0.8918918918918919,0.8091328579133457,0.7494172494172494,0.816813999740829,0.05841806736447059,151,0.9147058823529411,0.8742690058479532,0.7739938080495355,0.8543228987501433,0.05915154185062726,207,0.8918918918918919,0.8108108108108109,0.75,0.8175675675675675,0.058123819371909635,121
0.01992964744567871,0.00043765564575352423,0.0021605491638183594,9.173653781954864e-05,,0.1,500,2,l2,42,lbfgs,0.0001,SimpleImputer(strategy='median'),SelectKBest(score_func=<function mutual_info_classif at 0x147da6670>),8,,"{'balance': None, 'classify__C': 0.1, 'classify__max_iter': 500, 'classify__n_jobs': 2, 'classify__penalty': 'l2', 'classify__random_state': 42, 'classify__solver': 'lbfgs', 'classify__tol': 0.0001, 'impute': SimpleImputer(strategy='median'), 'select': SelectKBest(score_func=<function mutual_info_classif at 0x147da6670>), 'select__k': 8, 'transform': None}",0.8644653522702302,0.8091328579133457,0.7494172494172494,0.8076718198669418,0.04697955205297509,155,0.9205882352941177,0.8742690058479532,0.7739938080495355,0.8562836830638688,0.06118325152919739,151,0.8648648648648649,0.8108108108108109,0.75,0.8085585585585586,0.04692042039639565,155
0.019829432169596355,0.0004257833795686456,0.0021515687306722007,0.00011833575525857913,,0.1,2000,2,l2,42,lbfgs,1e-06,SimpleImputer(strategy='median'),SelectKBest(score_func=<function mutual_info_classif at 0x147da6670>),8,,"{'balance': None, 'classify__C': 0.1, 'classify__max_iter': 2000, 'classify__n_jobs': 2, 'classify__penalty': 'l2', 'classify__random_state': 42, 'classify__solver': 'lbfgs', 'classify__tol': 1e-06, 'impute': SimpleImputer(strategy='median'), 'select': SelectKBest(score_func=<function mutual_info_classif at 0x147da6670>), 'select__k': 8, 'transform': None}",0.8644653522702302,0.8091328579133457,0.7494172494172494,0.8076718198669418,0.04697955205297509,155,0.9205882352941177,0.8742690058479532,0.7739938080495355,0.8562836830638688,0.06118325152919739,151,0.8648648648648649,0.8108108108108109,0.75,0.8085585585585586,0.04692042039639565,155
0.019681215286254883,0.00016906864232352719,0.0017766157786051433,4.292299649808705e-05,,0.1,2000,2,l2,42,lbfgs,0.0001,,SelectKBest(score_func=<function mutual_info_classif at 0x147da6670>),8,,"{'balance': None, 'classify__C': 0.1, 'classify__max_iter': 2000, 'classify__n_jobs': 2, 'classify__penalty': 'l2', 'classify__random_state': 42, 'classify__solver': 'lbfgs', 'classify__tol': 0.0001, 'impute': None, 'select': SelectKBest(score_func=<function mutual_info_classif at 0x147da6670>), 'select__k': 8, 'transform': None}",0.8644653522702302,0.8091328579133457,0.7494172494172494,0.8076718198669418,0.04697955205297509,155,0.9205882352941177,0.8742690058479532,0.7739938080495355,0.8562836830638688,0.06118325152919739,151,0.8648648648648649,0.8108108108108109,0.75,0.8085585585585586,0.04692042039639565,155
0.02032931645711263,3.68875656142867e-05,0.0021219253540039062,5.353793466552438e-05,,0.1,100,2,l2,42,lbfgs,1e-06,SimpleImputer(strategy='median'),SelectKBest(score_func=<function mutual_info_classif at 0x147da6670>),8,,"{'balance': None, 'classify__C': 0.1, 'classify__max_iter': 100, 'classify__n_jobs': 2, 'classify__penalty': 'l2', 'classify__random_state': 42, 'classify__solver': 'lbfgs', 'classify__tol': 1e-06, 'impute': SimpleImputer(strategy='median'), 'select': SelectKBest(score_func=<function mutual_info_classif at 0x147da6670>), 'select__k': 8, 'transform': None}",0.8644653522702302,0.8091328579133457,0.7494172494172494,0.8076718198669418,0.04697955205297509,155,0.9205882352941177,0.8742690058479532,0.7739938080495355,0.8562836830638688,0.06118325152919739,151,0.8648648648648649,0.8108108108108109,0.75,0.8085585585585586,0.04692042039639565,155
0.02044502894083659,7.384880519413923e-05,0.0021196206410725913,1.895023632097682e-05,,0.1,200,2,l2,42,lbfgs,0.0001,SimpleImputer(strategy='median'),SelectKBest(score_func=<function mutual_info_classif at 0x147da6670>),8,,"{'balance': None, 'classify__C': 0.1, 'classify__max_iter': 200, 'classify__n_jobs': 2, 'classify__penalty': 'l2', 'classify__random_state': 42, 'classify__solver': 'lbfgs', 'classify__tol': 0.0001, 'impute': SimpleImputer(strategy='median'), 'select': SelectKBest(score_func=<function mutual_info_classif at 0x147da6670>), 'select__k': 8, 'transform': None}",0.8644653522702302,0.8091328579133457,0.7494172494172494,0.8076718198669418,0.04697955205297509,155,0.9205882352941177,0.8742690058479532,0.7739938080495355,0.8562836830638688,0.06118325152919739,151,0.8648648648648649,0.8108108108108109,0.75,0.8085585585585586,0.04692042039639565,155
0.020023584365844727,6.330181647609964e-05,0.0019145806630452473,2.2457235894115434e-05,,0.1,200,2,l2,42,lbfgs,0.0001,,SelectKBest(score_func=<function mutual_info_classif at 0x147da6670>),8,,"{'balance': None, 'classify__C': 0.1, 'classify__max_iter': 200, 'classify__n_jobs': 2, 'classify__penalty': 'l2', 'classify__random_state': 42, 'classify__solver': 'lbfgs', 'classify__tol': 0.0001, 'impute': None, 'select': SelectKBest(score_func=<function mutual_info_classif at 0x147da6670>), 'select__k': 8, 'transform': None}",0.8644653522702302,0.8091328579133457,0.7494172494172494,0.8076718198669418,0.04697955205297509,155,0.9205882352941177,0.8742690058479532,0.7739938080495355,0.8562836830638688,0.06118325152919739,151,0.8648648648648649,0.8108108108108109,0.75,0.8085585585585586,0.04692042039639565,155
0.020478010177612305,0.0001609596771155867,0.00214536984761556,2.0477489714336368e-05,,0.1,200,2,l2,42,lbfgs,1e-06,SimpleImputer(strategy='median'),SelectKBest(score_func=<function mutual_info_classif at 0x147da6670>),8,,"{'balance': None, 'classify__C': 0.1, 'classify__max_iter': 200, 'classify__n_jobs': 2, 'classify__penalty': 'l2', 'classify__random_state': 42, 'classify__solver': 'lbfgs', 'classify__tol': 1e-06, 'impute': SimpleImputer(strategy='median'), 'select': SelectKBest(score_func=<function mutual_info_classif at 0x147da6670>), 'select__k': 8, 'transform': None}",0.8644653522702302,0.8091328579133457,0.7494172494172494,0.8076718198669418,0.04697955205297509,155,0.9205882352941177,0.8742690058479532,0.7739938080495355,0.8562836830638688,0.06118325152919739,151,0.8648648648648649,0.8108108108108109,0.75,0.8085585585585586,0.04692042039639565,155
0.019803365071614582,0.00021017372702836147,0.0018986066182454426,6.158474916315821e-05,,0.1,200,2,l2,42,lbfgs,1e-06,,SelectKBest(score_func=<function mutual_info_classif at 0x147da6670>),8,,"{'balance': None, 'classify__C': 0.1, 'classify__max_iter': 200, 'classify__n_jobs': 2, 'classify__penalty': 'l2', 'classify__random_state': 42, 'classify__solver': 'lbfgs', 'classify__tol': 1e-06, 'impute': None, 'select': SelectKBest(score_func=<function mutual_info_classif at 0x147da6670>), 'select__k': 8, 'transform': None}",0.8644653522702302,0.8091328579133457,0.7494172494172494,0.8076718198669418,0.04697955205297509,155,0.9205882352941177,0.8742690058479532,0.7739938080495355,0.8562836830638688,0.06118325152919739,151,0.8648648648648649,0.8108108108108109,0.75,0.8085585585585586,0.04692042039639565,155
0.019925038019816082,7.855915295623647e-05,0.0018126169840494792,2.5150868711715096e-05,,0.1,100,2,l2,42,lbfgs,0.0001,,SelectKBest(score_func=<function mutual_info_classif at 0x147da6670>),8,,"{'balance': None, 'classify__C': 0.1, 'classify__max_iter': 100, 'classify__n_jobs': 2, 'classify__penalty': 'l2', 'classify__random_state': 42, 'classify__solver': 'lbfgs', 'classify__tol': 0.0001, 'impute': None, 'select': SelectKBest(score_func=<function mutual_info_classif at 0x147da6670>), 'select__k': 8, 'transform': None}",0.8644653522702302,0.8091328579133457,0.7494172494172494,0.8076718198669418,0.04697955205297509,155,0.9205882352941177,0.8742690058479532,0.7739938080495355,0.8562836830638688,0.06118325152919739,151,0.8648648648648649,0.8108108108108109,0.75,0.8085585585585586,0.04692042039639565,155
0.02001341183980306,0.00020520314050503693,0.002105236053466797,6.53843845371066e-05,,0.1,100,2,l2,42,lbfgs,0.0001,SimpleImputer(strategy='median'),SelectKBest(score_func=<function mutual_info_classif at 0x147da6670>),8,,"{'balance': None, 'classify__C': 0.1, 'classify__max_iter': 100, 'classify__n_jobs': 2, 'classify__penalty': 'l2', 'classify__random_state': 42, 'classify__solver': 'lbfgs', 'classify__tol': 0.0001, 'impute': SimpleImputer(strategy='median'), 'select': SelectKBest(score_func=<function mutual_info_classif at 0x147da6670>), 'select__k': 8, 'transform': None}",0.8644653522702302,0.8091328579133457,0.7494172494172494,0.8076718198669418,0.04697955205297509,155,0.9205882352941177,0.8742690058479532,0.7739938080495355,0.8562836830638688,0.06118325152919739,151,0.8648648648648649,0.8108108108108109,0.75,0.8085585585585586,0.04692042039639565,155
0.01964227358500163,0.00048023413921652894,0.0021938482920328775,0.00018610341310702964,,0.1,2000,2,l2,42,lbfgs,0.0001,SimpleImputer(strategy='median'),SelectKBest(score_func=<function mutual_info_classif at 0x147da6670>),8,,"{'balance': None, 'classify__C': 0.1, 'classify__max_iter': 2000, 'classify__n_jobs': 2, 'classify__penalty': 'l2', 'classify__random_state': 42, 'classify__solver': 'lbfgs', 'classify__tol': 0.0001, 'impute': SimpleImputer(strategy='median'), 'select': SelectKBest(score_func=<function mutual_info_classif at 0x147da6670>), 'select__k': 8, 'transform': None}",0.8644653522702302,0.8091328579133457,0.7494172494172494,0.8076718198669418,0.04697955205297509,155,0.9205882352941177,0.8742690058479532,0.7739938080495355,0.8562836830638688,0.06118325152919739,151,0.8648648648648649,0.8108108108108109,0.75,0.8085585585585586,0.04692042039639565,155
0.01990993817647298,0.000973734680987483,0.0021731058756510415,6.517637009646682e-05,,0.1,2000,2,l2,42,lbfgs,1e-08,SimpleImputer(strategy='median'),SelectKBest(score_func=<function mutual_info_classif at 0x147da6670>),8,,"{'balance': None, 'classify__C': 0.1, 'classify__max_iter': 2000, 'classify__n_jobs': 2, 'classify__penalty': 'l2', 'classify__random_state': 42, 'classify__solver': 'lbfgs', 'classify__tol': 1e-08, 'impute': SimpleImputer(strategy='median'), 'select': SelectKBest(score_func=<function mutual_info_classif at 0x147da6670>), 'select__k': 8, 'transform': None}",0.8644653522702302,0.8091328579133457,0.7494172494172494,0.8076718198669418,0.04697955205297509,155,0.9205882352941177,0.8742690058479532,0.7739938080495355,0.8562836830638688,0.06118325152919739,151,0.8648648648648649,0.8108108108108109,0.75,0.8085585585585586,0.04692042039639565,155
0.019395748774210613,0.0009597223813160412,0.0018332799275716145,0.00013815793800427058,,0.1,2000,2,l2,42,lbfgs,1e-06,,SelectKBest(score_func=<function mutual_info_classif at 0x147da6670>),8,,"{'balance': None, 'classify__C': 0.1, 'classify__max_iter': 2000, 'classify__n_jobs': 2, 'classify__penalty': 'l2', 'classify__random_state': 42, 'classify__solver': 'lbfgs', 'classify__tol': 1e-06, 'impute': None, 'select': SelectKBest(score_func=<function mutual_info_classif at 0x147da6670>), 'select__k': 8, 'transform': None}",0.8644653522702302,0.8091328579133457,0.7494172494172494,0.8076718198669418,0.04697955205297509,155,0.9205882352941177,0.8742690058479532,0.7739938080495355,0.8562836830638688,0.06118325152919739,151,0.8648648648648649,0.8108108108108109,0.75,0.8085585585585586,0.04692042039639565,155
0.018642902374267578,0.0012487542348756568,0.0018430550893147786,0.00012944970119070038,,0.1,200,2,l2,42,lbfgs,1e-08,,SelectKBest(score_func=<function mutual_info_classif at 0x147da6670>),8,,"{'balance': None, 'classify__C': 0.1, 'classify__max_iter': 200, 'classify__n_jobs': 2, 'classify__penalty': 'l2', 'classify__random_state': 42, 'classify__solver': 'lbfgs', 'classify__tol': 1e-08, 'impute': None, 'select': SelectKBest(score_func=<function mutual_info_classif at 0x147da6670>), 'select__k': 8, 'transform': None}",0.8644653522702302,0.8091328579133457,0.7494172494172494,0.8076718198669418,0.04697955205297509,155,0.9205882352941177,0.8742690058479532,0.7739938080495355,0.8562836830638688,0.06118325152919739,151,0.8648648648648649,0.8108108108108109,0.75,0.8085585585585586,0.04692042039639565,155
0.0199434757232666,0.00017768983371660804,0.002110163370768229,4.303717685944823e-05,,0.1,500,2,l2,42,lbfgs,1e-08,SimpleImputer(strategy='median'),SelectKBest(score_func=<function mutual_info_classif at 0x147da6670>),8,,"{'balance': None, 'classify__C': 0.1, 'classify__max_iter': 500, 'classify__n_jobs': 2, 'classify__penalty': 'l2', 'classify__random_state': 42, 'classify__solver': 'lbfgs', 'classify__tol': 1e-08, 'impute': SimpleImputer(strategy='median'), 'select': SelectKBest(score_func=<function mutual_info_classif at 0x147da6670>), 'select__k': 8, 'transform': None}",0.8644653522702302,0.8091328579133457,0.7494172494172494,0.8076718198669418,0.04697955205297509,155,0.9205882352941177,0.8742690058479532,0.7739938080495355,0.8562836830638688,0.06118325152919739,151,0.8648648648648649,0.8108108108108109,0.75,0.8085585585585586,0.04692042039639565,155
0.0206911563873291,3.6587737210328116e-05,0.002016305923461914,1.2647425851702542e-05,,0.1,1000,2,l2,42,lbfgs,1e-06,,SelectKBest(score_func=<function mutual_info_classif at 0x147da6670>),8,,"{'balance': None, 'classify__C': 0.1, 'classify__max_iter': 1000, 'classify__n_jobs': 2, 'classify__penalty': 'l2', 'classify__random_state': 42, 'classify__solver': 'lbfgs', 'classify__tol': 1e-06, 'impute': None, 'select': SelectKBest(score_func=<function mutual_info_classif at 0x147da6670>), 'select__k': 8, 'transform': None}",0.8644653522702302,0.8091328579133457,0.7494172494172494,0.8076718198669418,0.04697955205297509,155,0.9205882352941177,0.8742690058479532,0.7739938080495355,0.8562836830638688,0.06118325152919739,151,0.8648648648648649,0.8108108108108109,0.75,0.8085585585585586,0.04692042039639565,155
0.02073017756144206,0.00011474851710060757,0.002073208491007487,5.830990385527341e-05,,0.1,1000,2,l2,42,lbfgs,0.0001,,SelectKBest(score_func=<function mutual_info_classif at 0x147da6670>),8,,"{'balance': None, 'classify__C': 0.1, 'classify__max_iter': 1000, 'classify__n_jobs': 2, 'classify__penalty': 'l2', 'classify__random_state': 42, 'classify__solver': 'lbfgs', 'classify__tol': 0.0001, 'impute': None, 'select': SelectKBest(score_func=<function mutual_info_classif at 0x147da6670>), 'select__k': 8, 'transform': None}",0.8644653522702302,0.8091328579133457,0.7494172494172494,0.8076718198669418,0.04697955205297509,155,0.9205882352941177,0.8742690058479532,0.7739938080495355,0.8562836830638688,0.06118325152919739,151,0.8648648648648649,0.8108108108108109,0.75,0.8085585585585586,0.04692042039639565,155
0.020375887552897137,0.000783933952400146,0.0024063587188720703,4.69258804439784e-05,,0.1,1000,2,l2,42,lbfgs,1e-06,SimpleImputer(strategy='median'),SelectKBest(score_func=<function mutual_info_classif at 0x147da6670>),8,,"{'balance': None, 'classify__C': 0.1, 'classify__max_iter': 1000, 'classify__n_jobs': 2, 'classify__penalty': 'l2', 'classify__random_state': 42, 'classify__solver': 'lbfgs', 'classify__tol': 1e-06, 'impute': SimpleImputer(strategy='median'), 'select': SelectKBest(score_func=<function mutual_info_classif at 0x147da6670>), 'select__k': 8, 'transform': None}",0.8644653522702302,0.8091328579133457,0.7494172494172494,0.8076718198669418,0.04697955205297509,155,0.9205882352941177,0.8742690058479532,0.7739938080495355,0.8562836830638688,0.06118325152919739,151,0.8648648648648649,0.8108108108108109,0.75,0.8085585585585586,0.04692042039639565,155
0.020831584930419922,0.0006748105894068639,0.002472082773844401,3.108862066665052e-05,,0.1,1000,2,l2,42,lbfgs,0.0001,SimpleImputer(strategy='median'),SelectKBest(score_func=<function mutual_info_classif at 0x147da6670>),8,,"{'balance': None, 'classify__C': 0.1, 'classify__max_iter': 1000, 'classify__n_jobs': 2, 'classify__penalty': 'l2', 'classify__random_state': 42, 'classify__solver': 'lbfgs', 'classify__tol': 0.0001, 'impute': SimpleImputer(strategy='median'), 'select': SelectKBest(score_func=<function mutual_info_classif at 0x147da6670>), 'select__k': 8, 'transform': None}",0.8644653522702302,0.8091328579133457,0.7494172494172494,0.8076718198669418,0.04697955205297509,155,0.9205882352941177,0.8742690058479532,0.7739938080495355,0.8562836830638688,0.06118325152919739,151,0.8648648648648649,0.8108108108108109,0.75,0.8085585585585586,0.04692042039639565,155
0.01966253916422526,9.740487553667809e-05,0.0017764568328857422,0.00011541839884732699,,0.1,500,2,l2,42,lbfgs,1e-06,,SelectKBest(score_func=<function mutual_info_classif at 0x147da6670>),8,,"{'balance': None, 'classify__C': 0.1, 'classify__max_iter': 500, 'classify__n_jobs': 2, 'classify__penalty': 'l2', 'classify__random_state': 42, 'classify__solver': 'lbfgs', 'classify__tol': 1e-06, 'impute': None, 'select': SelectKBest(score_func=<function mutual_info_classif at 0x147da6670>), 'select__k': 8, 'transform': None}",0.8644653522702302,0.8091328579133457,0.7494172494172494,0.8076718198669418,0.04697955205297509,155,0.9205882352941177,0.8742690058479532,0.7739938080495355,0.8562836830638688,0.06118325152919739,151,0.8648648648648649,0.8108108108108109,0.75,0.8085585585585586,0.04692042039639565,155
0.01966714859008789,9.637007554379386e-05,0.0016769568125406902,3.7324164367055384e-05,,0.1,100,2,l2,42,lbfgs,1e-08,,SelectKBest(score_func=<function mutual_info_classif at 0x147da6670>),8,,"{'balance': None, 'classify__C': 0.1, 'classify__max_iter': 100, 'classify__n_jobs': 2, 'classify__penalty': 'l2', 'classify__random_state': 42, 'classify__solver': 'lbfgs', 'classify__tol': 1e-08, 'impute': None, 'select': SelectKBest(score_func=<function mutual_info_classif at 0x147da6670>), 'select__k': 8, 'transform': None}",0.8644653522702302,0.8091328579133457,0.7494172494172494,0.8076718198669418,0.04697955205297509,155,0.9205882352941177,0.8742690058479532,0.7739938080495355,0.8562836830638688,0.06118325152919739,151,0.8648648648648649,0.8108108108108109,0.75,0.8085585585585586,0.04692042039639565,155
0.020849068959554035,0.00019594993705100805,0.0024030208587646484,0.00010024019884850245,,0.1,1000,2,l2,42,lbfgs,1e-08,SimpleImputer(strategy='median'),SelectKBest(score_func=<function mutual_info_classif at 0x147da6670>),8,,"{'balance': None, 'classify__C': 0.1, 'classify__max_iter': 1000, 'classify__n_jobs': 2, 'classify__penalty': 'l2', 'classify__random_state': 42, 'classify__solver': 'lbfgs', 'classify__tol': 1e-08, 'impute': SimpleImputer(strategy='median'), 'select': SelectKBest(score_func=<function mutual_info_classif at 0x147da6670>), 'select__k': 8, 'transform': None}",0.8644653522702302,0.8091328579133457,0.7494172494172494,0.8076718198669418,0.04697955205297509,155,0.9205882352941177,0.8742690058479532,0.7739938080495355,0.8562836830638688,0.06118325152919739,151,0.8648648648648649,0.8108108108108109,0.75,0.8085585585585586,0.04692042039639565,155
0.019350210825602215,0.000422934772779337,0.0021446545918782554,0.00015825179735540058,,0.1,500,2,l2,42,lbfgs,1e-06,SimpleImputer(strategy='median'),SelectKBest(score_func=<function mutual_info_classif at 0x147da6670>),8,,"{'balance': None, 'classify__C': 0.1, 'classify__max_iter': 500, 'classify__n_jobs': 2, 'classify__penalty': 'l2', 'classify__random_state': 42, 'classify__solver': 'lbfgs', 'classify__tol': 1e-06, 'impute': SimpleImputer(strategy='median'), 'select': SelectKBest(score_func=<function mutual_info_classif at 0x147da6670>), 'select__k': 8, 'transform': None}",0.8644653522702302,0.8091328579133457,0.7494172494172494,0.8076718198669418,0.04697955205297509,155,0.9205882352941177,0.8742690058479532,0.7739938080495355,0.8562836830638688,0.06118325152919739,151,0.8648648648648649,0.8108108108108109,0.75,0.8085585585585586,0.04692042039639565,155
0.020858367284138996,9.54501137999891e-05,0.0020515918731689453,3.661155162445901e-05,,0.1,2000,2,l2,42,lbfgs,1e-08,,SelectKBest(score_func=<function mutual_info_classif at 0x147da6670>),8,,"{'balance': None, 'classify__C': 0.1, 'classify__max_iter': 2000, 'classify__n_jobs': 2, 'classify__penalty': 'l2', 'classify__random_state': 42, 'classify__solver': 'lbfgs', 'classify__tol': 1e-08, 'impute': None, 'select': SelectKBest(score_func=<function mutual_info_classif at 0x147da6670>), 'select__k': 8, 'transform': None}",0.8644653522702302,0.8091328579133457,0.7494172494172494,0.8076718198669418,0.04697955205297509,155,0.9205882352941177,0.8742690058479532,0.7739938080495355,0.8562836830638688,0.06118325152919739,151,0.8648648648648649,0.8108108108108109,0.75,0.8085585585585586,0.04692042039639565,155
0.01975528399149577,6.802171153611844e-05,0.002147515614827474,9.501637642543432e-05,,0.1,100,2,l2,42,lbfgs,1e-08,SimpleImputer(strategy='median'),SelectKBest(score_func=<function mutual_info_classif at 0x147da6670>),8,,"{'balance': None, 'classify__C': 0.1, 'classify__max_iter': 100, 'classify__n_jobs': 2, 'classify__penalty': 'l2', 'classify__random_state': 42, 'classify__solver': 'lbfgs', 'classify__tol': 1e-08, 'impute': SimpleImputer(strategy='median'), 'select': SelectKBest(score_func=<function mutual_info_classif at 0x147da6670>), 'select__k': 8, 'transform': None}",0.8644653522702302,0.8091328579133457,0.7494172494172494,0.8076718198669418,0.04697955205297509,155,0.9205882352941177,0.8742690058479532,0.7739938080495355,0.8562836830638688,0.06118325152919739,151,0.8648648648648649,0.8108108108108109,0.75,0.8085585585585586,0.04692042039639565,155
0.018996238708496094,0.001000871559079719,0.0018022855122884114,8.492306318547654e-05,,0.1,100,2,l2,42,lbfgs,1e-06,,SelectKBest(score_func=<function mutual_info_classif at 0x147da6670>),8,,"{'balance': None, 'classify__C': 0.1, 'classify__max_iter': 100, 'classify__n_jobs': 2, 'classify__penalty': 'l2', 'classify__random_state': 42, 'classify__solver': 'lbfgs', 'classify__tol': 1e-06, 'impute': None, 'select': SelectKBest(score_func=<function mutual_info_classif at 0x147da6670>), 'select__k': 8, 'transform': None}",0.8644653522702302,0.8091328579133457,0.7494172494172494,0.8076718198669418,0.04697955205297509,155,0.9205882352941177,0.8742690058479532,0.7739938080495355,0.8562836830638688,0.06118325152919739,151,0.8648648648648649,0.8108108108108109,0.75,0.8085585585585586,0.04692042039639565,155
0.02105577786763509,0.00027524763822795817,0.002481857935587565,2.9615345503312162e-05,,100.0,2000,2,l2,42,lbfgs,1e-08,SimpleImputer(strategy='median'),SelectKBest(score_func=<function mutual_info_classif at 0x147da6670>),8,,"{'balance': None, 'classify__C': 100.0, 'classify__max_iter': 2000, 'classify__n_jobs': 2, 'classify__penalty': 'l2', 'classify__random_state': 42, 'classify__solver': 'lbfgs', 'classify__tol': 1e-08, 'impute': SimpleImputer(strategy='median'), 'select': SelectKBest(score_func=<function mutual_info_classif at 0x147da6670>), 'select__k': 8, 'transform': None}",0.8650628650628651,0.8917338391022601,0.6380523380523381,0.7982830140724878,0.1138221928197899,181,0.8735294117647059,0.9327485380116959,0.7337461300309598,0.8466746932691205,0.08343209424292583,212,0.8648648648648649,0.8918918918918919,0.6388888888888888,0.7985485485485485,0.11343432825342507,181
0.018439292907714844,0.0009074959671449107,0.0020956993103027344,9.925717943865584e-05,,100.0,500,2,l2,42,lbfgs,1e-08,,SelectKBest(score_func=<function mutual_info_classif at 0x147da6670>),8,,"{'balance': None, 'classify__C': 100.0, 'classify__max_iter': 500, 'classify__n_jobs': 2, 'classify__penalty': 'l2', 'classify__random_state': 42, 'classify__solver': 'lbfgs', 'classify__tol': 1e-08, 'impute': None, 'select': SelectKBest(score_func=<function mutual_info_classif at 0x147da6670>), 'select__k': 8, 'transform': None}",0.8650628650628651,0.8378378378378378,0.6380523380523381,0.7803176803176805,0.10120892989012747,182,0.8735294117647059,0.9239766081871345,0.7337461300309598,0.8437507166609334,0.08046525840984334,270,0.8648648648648649,0.8378378378378378,0.6388888888888888,0.7805305305305305,0.10076170248887337,182
0.020370086034138996,0.0005877829358772047,0.0024362405141194663,4.2378786001628224e-05,,100.0,1000,2,l2,42,lbfgs,1e-08,SimpleImputer(strategy='median'),SelectKBest(score_func=<function mutual_info_classif at 0x147da6670>),8,,"{'balance': None, 'classify__C': 100.0, 'classify__max_iter': 1000, 'classify__n_jobs': 2, 'classify__penalty': 'l2', 'classify__random_state': 42, 'classify__solver': 'lbfgs', 'classify__tol': 1e-08, 'impute': SimpleImputer(strategy='median'), 'select': SelectKBest(score_func=<function mutual_info_classif at 0x147da6670>), 'select__k': 8, 'transform': None}",0.8650628650628651,0.8378378378378378,0.6380523380523381,0.7803176803176805,0.10120892989012747,182,0.8735294117647059,0.9239766081871345,0.7337461300309598,0.8437507166609334,0.08046525840984334,270,0.8648648648648649,0.8378378378378378,0.6388888888888888,0.7805305305305305,0.10076170248887337,182
0.020743608474731445,3.2212105921302155e-05,0.002293745676676432,1.819529343858471e-05,,100.0,2000,2,l2,42,lbfgs,1e-06,SimpleImputer(strategy='median'),SelectKBest(score_func=<function mutual_info_classif at 0x147da6670>),8,,"{'balance': None, 'classify__C': 100.0, 'classify__max_iter': 2000, 'classify__n_jobs': 2, 'classify__penalty': 'l2', 'classify__random_state': 42, 'classify__solver': 'lbfgs', 'classify__tol': 1e-06, 'impute': SimpleImputer(strategy='median'), 'select': SelectKBest(score_func=<function mutual_info_classif at 0x147da6670>), 'select__k': 8, 'transform': None}",0.8650628650628651,0.8378378378378378,0.6380523380523381,0.7803176803176805,0.10120892989012747,182,0.8735294117647059,0.9239766081871345,0.7337461300309598,0.8437507166609334,0.08046525840984334,270,0.8648648648648649,0.8378378378378378,0.6388888888888888,0.7805305305305305,0.10076170248887337,182
0.019696712493896484,0.0009656689658888513,0.0022084712982177734,9.140940546594855e-05,,100.0,200,2,l2,42,lbfgs,1e-06,SimpleImputer(strategy='median'),SelectKBest(score_func=<function mutual_info_classif at 0x147da6670>),8,,"{'balance': None, 'classify__C': 100.0, 'classify__max_iter': 200, 'classify__n_jobs': 2, 'classify__penalty': 'l2', 'classify__random_state': 42, 'classify__solver': 'lbfgs', 'classify__tol': 1e-06, 'impute': SimpleImputer(strategy='median'), 'select': SelectKBest(score_func=<function mutual_info_classif at 0x147da6670>), 'select__k': 8, 'transform': None}",0.8650628650628651,0.8378378378378378,0.6380523380523381,0.7803176803176805,0.10120892989012747,182,0.8735294117647059,0.9239766081871345,0.7337461300309598,0.8437507166609334,0.08046525840984334,270,0.8648648648648649,0.8378378378378378,0.6388888888888888,0.7805305305305305,0.10076170248887337,182
0.020650386810302734,0.000245497285052601,0.002096891403198242,4.304759522740314e-06,,100.0,100,2,l2,42,lbfgs,0.0001,,SelectKBest(score_func=<function mutual_info_classif at 0x147da6670>),8,,"{'balance': None, 'classify__C': 100.0, 'classify__max_iter': 100, 'classify__n_jobs': 2, 'classify__penalty': 'l2', 'classify__random_state': 42, 'classify__solver': 'lbfgs', 'classify__tol': 0.0001, 'impute': None, 'select': SelectKBest(score_func=<function mutual_info_classif at 0x147da6670>), 'select__k': 8, 'transform': None}",0.8650628650628651,0.8378378378378378,0.6380523380523381,0.7803176803176805,0.10120892989012747,182,0.8735294117647059,0.9239766081871345,0.7337461300309598,0.8437507166609334,0.08046525840984334,270,0.8648648648648649,0.8378378378378378,0.6388888888888888,0.7805305305305305,0.10076170248887337,182
0.020905017852783203,0.00011939558730853982,0.0021277268727620444,6.28112176741665e-05,,100.0,2000,2,l2,42,lbfgs,1e-06,,SelectKBest(score_func=<function mutual_info_classif at 0x147da6670>),8,,"{'balance': None, 'classify__C': 100.0, 'classify__max_iter': 2000, 'classify__n_jobs': 2, 'classify__penalty': 'l2', 'classify__random_state': 42, 'classify__solver': 'lbfgs', 'classify__tol': 1e-06, 'impute': None, 'select': SelectKBest(score_func=<function mutual_info_classif at 0x147da6670>), 'select__k': 8, 'transform': None}",0.8650628650628651,0.8378378378378378,0.6380523380523381,0.7803176803176805,0.10120892989012747,182,0.8735294117647059,0.9239766081871345,0.7337461300309598,0.8437507166609334,0.08046525840984334,270,0.8648648648648649,0.8378378378378378,0.6388888888888888,0.7805305305305305,0.10076170248887337,182
0.019940932591756184,0.00033071217105108615,0.0019503434499104817,3.5436163027600504e-05,,100.0,200,2,l2,42,lbfgs,1e-06,,SelectKBest(score_func=<function mutual_info_classif at 0x147da6670>),8,,"{'balance': None, 'classify__C': 100.0, 'classify__max_iter': 200, 'classify__n_jobs': 2, 'classify__penalty': 'l2', 'classify__random_state': 42, 'classify__solver': 'lbfgs', 'classify__tol': 1e-06, 'impute': None, 'select': SelectKBest(score_func=<function mutual_info_classif at 0x147da6670>), 'select__k': 8, 'transform': None}",0.8650628650628651,0.8378378378378378,0.6380523380523381,0.7803176803176805,0.10120892989012747,182,0.8735294117647059,0.9239766081871345,0.7337461300309598,0.8437507166609334,0.08046525840984334,270,0.8648648648648649,0.8378378378378378,0.6388888888888888,0.7805305305305305,0.10076170248887337,182
0.01946226755777995,0.0012107391294265187,0.0018877188364664714,5.642226033890835e-05,,100.0,2000,2,l2,42,lbfgs,0.0001,,SelectKBest(score_func=<function mutual_info_classif at 0x147da6670>),8,,"{'balance': None, 'classify__C': 100.0, 'classify__max_iter': 2000, 'classify__n_jobs': 2, 'classify__penalty': 'l2', 'classify__random_state': 42, 'classify__solver': 'lbfgs', 'classify__tol': 0.0001, 'impute': None, 'select': SelectKBest(score_func=<function mutual_info_classif at 0x147da6670>), 'select__k': 8, 'transform': None}",0.8650628650628651,0.8378378378378378,0.6380523380523381,0.7803176803176805,0.10120892989012747,182,0.8735294117647059,0.9239766081871345,0.7337461300309598,0.8437507166609334,0.08046525840984334,270,0.8648648648648649,0.8378378378378378,0.6388888888888888,0.7805305305305305,0.10076170248887337,182
0.019766489664713543,0.0003387126940502461,0.0018779436747233074,2.120213169051942e-05,,100.0,100,2,l2,42,lbfgs,1e-06,,SelectKBest(score_func=<function mutual_info_classif at 0x147da6670>),8,,"{'balance': None, 'classify__C': 100.0, 'classify__max_iter': 100, 'classify__n_jobs': 2, 'classify__penalty': 'l2', 'classify__random_state': 42, 'classify__solver': 'lbfgs', 'classify__tol': 1e-06, 'impute': None, 'select': SelectKBest(score_func=<function mutual_info_classif at 0x147da6670>), 'select__k': 8, 'transform': None}",0.8650628650628651,0.8378378378378378,0.6380523380523381,0.7803176803176805,0.10120892989012747,182,0.8735294117647059,0.9239766081871345,0.7337461300309598,0.8437507166609334,0.08046525840984334,270,0.8648648648648649,0.8378378378378378,0.6388888888888888,0.7805305305305305,0.10076170248887337,182
0.02019476890563965,0.00020987914075978976,0.002178351084391276,9.203746357724998e-05,,100.0,200,2,l2,42,lbfgs,1e-08,SimpleImputer(strategy='median'),SelectKBest(score_func=<function mutual_info_classif at 0x147da6670>),8,,"{'balance': None, 'classify__C': 100.0, 'classify__max_iter': 200, 'classify__n_jobs': 2, 'classify__penalty': 'l2', 'classify__random_state': 42, 'classify__solver': 'lbfgs', 'classify__tol': 1e-08, 'impute': SimpleImputer(strategy='median'), 'select': SelectKBest(score_func=<function mutual_info_classif at 0x147da6670>), 'select__k': 8, 'transform': None}",0.8650628650628651,0.8378378378378378,0.6380523380523381,0.7803176803176805,0.10120892989012747,182,0.8735294117647059,0.9239766081871345,0.7337461300309598,0.8437507166609334,0.08046525840984334,270,0.8648648648648649,0.8378378378378378,0.6388888888888888,0.7805305305305305,0.10076170248887337,182
0.020247697830200195,0.0001321352389500439,0.0019396146138509114,0.00015599868506139576,,100.0,200,2,l2,42,lbfgs,1e-08,,SelectKBest(score_func=<function mutual_info_classif at 0x147da6670>),8,,"{'balance': None, 'classify__C': 100.0, 'classify__max_iter': 200, 'classify__n_jobs': 2, 'classify__penalty': 'l2', 'classify__random_state': 42, 'classify__solver': 'lbfgs', 'classify__tol': 1e-08, 'impute': None, 'select': SelectKBest(score_func=<function mutual_info_classif at 0x147da6670>), 'select__k': 8, 'transform': None}",0.8650628650628651,0.8378378378378378,0.6380523380523381,0.7803176803176805,0.10120892989012747,182,0.8735294117647059,0.9239766081871345,0.7337461300309598,0.8437507166609334,0.08046525840984334,270,0.8648648648648649,0.8378378378378378,0.6388888888888888,0.7805305305305305,0.10076170248887337,182
0.020189921061197918,0.000359942276475168,0.002194484074910482,8.44141696506662e-05,,100.0,100,2,l2,42,lbfgs,1e-06,SimpleImputer(strategy='median'),SelectKBest(score_func=<function mutual_info_classif at 0x147da6670>),8,,"{'balance': None, 'classify__C': 100.0, 'classify__max_iter': 100, 'classify__n_jobs': 2, 'classify__penalty': 'l2', 'classify__random_state': 42, 'classify__solver': 'lbfgs', 'classify__tol': 1e-06, 'impute': SimpleImputer(strategy='median'), 'select': SelectKBest(score_func=<function mutual_info_classif at 0x147da6670>), 'select__k': 8, 'transform': None}",0.8650628650628651,0.8378378378378378,0.6380523380523381,0.7803176803176805,0.10120892989012747,182,0.8735294117647059,0.9239766081871345,0.7337461300309598,0.8437507166609334,0.08046525840984334,270,0.8648648648648649,0.8378378378378378,0.6388888888888888,0.7805305305305305,0.10076170248887337,182
0.020094871520996094,0.0002994869526583836,0.0021210511525472007,9.2928277855585e-05,,100.0,500,2,l2,42,lbfgs,1e-08,SimpleImputer(strategy='median'),SelectKBest(score_func=<function mutual_info_classif at 0x147da6670>),8,,"{'balance': None, 'classify__C': 100.0, 'classify__max_iter': 500, 'classify__n_jobs': 2, 'classify__penalty': 'l2', 'classify__random_state': 42, 'classify__solver': 'lbfgs', 'classify__tol': 1e-08, 'impute': SimpleImputer(strategy='median'), 'select': SelectKBest(score_func=<function mutual_info_classif at 0x147da6670>), 'select__k': 8, 'transform': None}",0.8650628650628651,0.8378378378378378,0.6380523380523381,0.7803176803176805,0.10120892989012747,182,0.8735294117647059,0.9239766081871345,0.7337461300309598,0.8437507166609334,0.08046525840984334,270,0.8648648648648649,0.8378378378378378,0.6388888888888888,0.7805305305305305,0.10076170248887337,182
0.020080010096232098,0.0007939232321794575,0.0023676554361979165,2.504820140536807e-05,,100.0,100,2,l2,42,lbfgs,0.0001,SimpleImputer(strategy='median'),SelectKBest(score_func=<function mutual_info_classif at 0x147da6670>),8,,"{'balance': None, 'classify__C': 100.0, 'classify__max_iter': 100, 'classify__n_jobs': 2, 'classify__penalty': 'l2', 'classify__random_state': 42, 'classify__solver': 'lbfgs', 'classify__tol': 0.0001, 'impute': SimpleImputer(strategy='median'), 'select': SelectKBest(score_func=<function mutual_info_classif at 0x147da6670>), 'select__k': 8, 'transform': None}",0.8650628650628651,0.8378378378378378,0.6380523380523381,0.7803176803176805,0.10120892989012747,182,0.8735294117647059,0.9239766081871345,0.7337461300309598,0.8437507166609334,0.08046525840984334,270,0.8648648648648649,0.8378378378378378,0.6388888888888888,0.7805305305305305,0.10076170248887337,182
0.019718090693155926,0.0009569018175773412,0.0021528402964274087,3.5325306202719455e-05,,100.0,200,2,l2,42,lbfgs,0.0001,SimpleImputer(strategy='median'),SelectKBest(score_func=<function mutual_info_classif at 0x147da6670>),8,,"{'balance': None, 'classify__C': 100.0, 'classify__max_iter': 200, 'classify__n_jobs': 2, 'classify__penalty': 'l2', 'classify__random_state': 42, 'classify__solver': 'lbfgs', 'classify__tol': 0.0001, 'impute': SimpleImputer(strategy='median'), 'select': SelectKBest(score_func=<function mutual_info_classif at 0x147da6670>), 'select__k': 8, 'transform': None}",0.8650628650628651,0.8378378378378378,0.6380523380523381,0.7803176803176805,0.10120892989012747,182,0.8735294117647059,0.9239766081871345,0.7337461300309598,0.8437507166609334,0.08046525840984334,270,0.8648648648648649,0.8378378378378378,0.6388888888888888,0.7805305305305305,0.10076170248887337,182
0.02047896385192871,0.0005033914570795003,0.001965602238972982,8.321100640956885e-05,,100.0,100,2,l2,42,lbfgs,1e-08,,SelectKBest(score_func=<function mutual_info_classif at 0x147da6670>),8,,"{'balance': None, 'classify__C': 100.0, 'classify__max_iter': 100, 'classify__n_jobs': 2, 'classify__penalty': 'l2', 'classify__random_state': 42, 'classify__solver': 'lbfgs', 'classify__tol': 1e-08, 'impute': None, 'select': SelectKBest(score_func=<function mutual_info_classif at 0x147da6670>), 'select__k': 8, 'transform': None}",0.8650628650628651,0.8378378378378378,0.6380523380523381,0.7803176803176805,0.10120892989012747,182,0.8735294117647059,0.9239766081871345,0.7337461300309598,0.8437507166609334,0.08046525840984334,270,0.8648648648648649,0.8378378378378378,0.6388888888888888,0.7805305305305305,0.10076170248887337,182
0.020222266515096027,0.00023193364058844053,0.0021108786265055337,1.4232521950736764e-05,,100.0,100,2,l2,42,lbfgs,1e-08,SimpleImputer(strategy='median'),SelectKBest(score_func=<function mutual_info_classif at 0x147da6670>),8,,"{'balance': None, 'classify__C': 100.0, 'classify__max_iter': 100, 'classify__n_jobs': 2, 'classify__penalty': 'l2', 'classify__random_state': 42, 'classify__solver': 'lbfgs', 'classify__tol': 1e-08, 'impute': SimpleImputer(strategy='median'), 'select': SelectKBest(score_func=<function mutual_info_classif at 0x147da6670>), 'select__k': 8, 'transform': None}",0.8650628650628651,0.8378378378378378,0.6380523380523381,0.7803176803176805,0.10120892989012747,182,0.8735294117647059,0.9239766081871345,0.7337461300309598,0.8437507166609334,0.08046525840984334,270,0.8648648648648649,0.8378378378378378,0.6388888888888888,0.7805305305305305,0.10076170248887337,182
0.01989467938741048,5.259146139049076e-05,0.0019226868947347004,0.00010725998208819581,,100.0,200,2,l2,42,lbfgs,0.0001,,SelectKBest(score_func=<function mutual_info_classif at 0x147da6670>),8,,"{'balance': None, 'classify__C': 100.0, 'classify__max_iter': 200, 'classify__n_jobs': 2, 'classify__penalty': 'l2', 'classify__random_state': 42, 'classify__solver': 'lbfgs', 'classify__tol': 0.0001, 'impute': None, 'select': SelectKBest(score_func=<function mutual_info_classif at 0x147da6670>), 'select__k': 8, 'transform': None}",0.8650628650628651,0.8378378378378378,0.6380523380523381,0.7803176803176805,0.10120892989012747,182,0.8735294117647058,0.9239766081871345,0.7337461300309598,0.8437507166609333,0.08046525840984332,297,0.8648648648648649,0.8378378378378378,0.6388888888888888,0.7805305305305305,0.10076170248887337,182
0.019481341044108074,0.0007023891819854477,0.0018966992696126301,7.294448366912779e-05,,100.0,500,2,l2,42,lbfgs,1e-06,,SelectKBest(score_func=<function mutual_info_classif at 0x147da6670>),8,,"{'balance': None, 'classify__C': 100.0, 'classify__max_iter': 500, 'classify__n_jobs': 2, 'classify__penalty': 'l2', 'classify__random_state': 42, 'classify__solver': 'lbfgs', 'classify__tol': 1e-06, 'impute': None, 'select': SelectKBest(score_func=<function mutual_info_classif at 0x147da6670>), 'select__k': 8, 'transform': None}",0.8650628650628651,0.8378378378378378,0.6380523380523381,0.7803176803176805,0.10120892989012747,182,0.8735294117647059,0.9239766081871345,0.7337461300309598,0.8437507166609334,0.08046525840984334,270,0.8648648648648649,0.8378378378378378,0.6388888888888888,0.7805305305305305,0.10076170248887337,182
0.020116329193115234,0.00033124678802258506,0.001970052719116211,8.292100838895448e-05,,100.0,2000,2,l2,42,lbfgs,1e-08,,SelectKBest(score_func=<function mutual_info_classif at 0x147da6670>),8,,"{'balance': None, 'classify__C': 100.0, 'classify__max_iter': 2000, 'classify__n_jobs': 2, 'classify__penalty': 'l2', 'classify__random_state': 42, 'classify__solver': 'lbfgs', 'classify__tol': 1e-08, 'impute': None, 'select': SelectKBest(score_func=<function mutual_info_classif at 0x147da6670>), 'select__k': 8, 'transform': None}",0.8650628650628651,0.8378378378378378,0.6380523380523381,0.7803176803176805,0.10120892989012747,182,0.8735294117647058,0.9239766081871345,0.7337461300309598,0.8437507166609333,0.08046525840984332,297,0.8648648648648649,0.8378378378378378,0.6388888888888888,0.7805305305305305,0.10076170248887337,182
0.020511627197265625,0.00047221338099847975,0.002260287602742513,5.4510271675855625e-05,,100.0,500,2,l2,42,lbfgs,1e-06,SimpleImputer(strategy='median'),SelectKBest(score_func=<function mutual_info_classif at 0x147da6670>),8,,"{'balance': None, 'classify__C': 100.0, 'classify__max_iter': 500, 'classify__n_jobs': 2, 'classify__penalty': 'l2', 'classify__random_state': 42, 'classify__solver': 'lbfgs', 'classify__tol': 1e-06, 'impute': SimpleImputer(strategy='median'), 'select': SelectKBest(score_func=<function mutual_info_classif at 0x147da6670>), 'select__k': 8, 'transform': None}",0.8650628650628651,0.8378378378378378,0.6380523380523381,0.7803176803176805,0.10120892989012747,182,0.8735294117647059,0.9239766081871345,0.7337461300309598,0.8437507166609334,0.08046525840984334,270,0.8648648648648649,0.8378378378378378,0.6388888888888888,0.7805305305305305,0.10076170248887337,182
0.020660400390625,7.180662040256975e-05,0.0021935304005940757,0.00011470821961533709,,100.0,500,2,l2,42,lbfgs,0.0001,,SelectKBest(score_func=<function mutual_info_classif at 0x147da6670>),8,,"{'balance': None, 'classify__C': 100.0, 'classify__max_iter': 500, 'classify__n_jobs': 2, 'classify__penalty': 'l2', 'classify__random_state': 42, 'classify__solver': 'lbfgs', 'classify__tol': 0.0001, 'impute': None, 'select': SelectKBest(score_func=<function mutual_info_classif at 0x147da6670>), 'select__k': 8, 'transform': None}",0.8650628650628651,0.8378378378378378,0.6380523380523381,0.7803176803176805,0.10120892989012747,182,0.8735294117647059,0.9239766081871345,0.7337461300309598,0.8437507166609334,0.08046525840984334,270,0.8648648648648649,0.8378378378378378,0.6388888888888888,0.7805305305305305,0.10076170248887337,182
0.02007436752319336,0.0003731329727149796,0.002206563949584961,0.00010992639299569117,,100.0,2000,2,l2,42,lbfgs,0.0001,SimpleImputer(strategy='median'),SelectKBest(score_func=<function mutual_info_classif at 0x147da6670>),8,,"{'balance': None, 'classify__C': 100.0, 'classify__max_iter': 2000, 'classify__n_jobs': 2, 'classify__penalty': 'l2', 'classify__random_state': 42, 'classify__solver': 'lbfgs', 'classify__tol': 0.0001, 'impute': SimpleImputer(strategy='median'), 'select': SelectKBest(score_func=<function mutual_info_classif at 0x147da6670>), 'select__k': 8, 'transform': None}",0.8650628650628651,0.8378378378378378,0.6380523380523381,0.7803176803176805,0.10120892989012747,182,0.8735294117647059,0.9239766081871345,0.7337461300309598,0.8437507166609334,0.08046525840984334,270,0.8648648648648649,0.8378378378378378,0.6388888888888888,0.7805305305305305,0.10076170248887337,182
0.02065761884053548,0.000726786423633153,0.0023222764333089194,1.1115409522895712e-05,,100.0,1000,2,l2,42,lbfgs,1e-06,SimpleImputer(strategy='median'),SelectKBest(score_func=<function mutual_info_classif at 0x147da6670>),8,,"{'balance': None, 'classify__C': 100.0, 'classify__max_iter': 1000, 'classify__n_jobs': 2, 'classify__penalty': 'l2', 'classify__random_state': 42, 'classify__solver': 'lbfgs', 'classify__tol': 1e-06, 'impute': SimpleImputer(strategy='median'), 'select': SelectKBest(score_func=<function mutual_info_classif at 0x147da6670>), 'select__k': 8, 'transform': None}",0.8650628650628651,0.8378378378378378,0.6380523380523381,0.7803176803176805,0.10120892989012747,182,0.8735294117647059,0.9239766081871345,0.7337461300309598,0.8437507166609334,0.08046525840984334,270,0.8648648648648649,0.8378378378378378,0.6388888888888888,0.7805305305305305,0.10076170248887337,182
0.020381768544514973,0.00046588203718491957,0.0020810763041178384,6.0086632731488555e-05,,100.0,1000,2,l2,42,lbfgs,1e-06,,SelectKBest(score_func=<function mutual_info_classif at 0x147da6670>),8,,"{'balance': None, 'classify__C': 100.0, 'classify__max_iter': 1000, 'classify__n_jobs': 2, 'classify__penalty': 'l2', 'classify__random_state': 42, 'classify__solver': 'lbfgs', 'classify__tol': 1e-06, 'impute': None, 'select': SelectKBest(score_func=<function mutual_info_classif at 0x147da6670>), 'select__k': 8, 'transform': None}",0.8650628650628651,0.8378378378378378,0.6380523380523381,0.7803176803176805,0.10120892989012747,182,0.8735294117647059,0.9239766081871345,0.7337461300309598,0.8437507166609334,0.08046525840984334,270,0.8648648648648649,0.8378378378378378,0.6388888888888888,0.7805305305305305,0.10076170248887337,182
0.019949992497762043,0.00027256748657260435,0.002077976862589518,9.9952532563942e-05,,100.0,1000,2,l2,42,lbfgs,0.0001,SimpleImputer(strategy='median'),SelectKBest(score_func=<function mutual_info_classif at 0x147da6670>),8,,"{'balance': None, 'classify__C': 100.0, 'classify__max_iter': 1000, 'classify__n_jobs': 2, 'classify__penalty': 'l2', 'classify__random_state': 42, 'classify__solver': 'lbfgs', 'classify__tol': 0.0001, 'impute': SimpleImputer(strategy='median'), 'select': SelectKBest(score_func=<function mutual_info_classif at 0x147da6670>), 'select__k': 8, 'transform': None}",0.8650628650628651,0.8378378378378378,0.6380523380523381,0.7803176803176805,0.10120892989012747,182,0.8735294117647059,0.9239766081871345,0.7337461300309598,0.8437507166609334,0.08046525840984334,270,0.8648648648648649,0.8378378378378378,0.6388888888888888,0.7805305305305305,0.10076170248887337,182
0.02073526382446289,8.043250211302105e-05,0.002157131830851237,0.00012160770690343291,,100.0,1000,2,l2,42,lbfgs,1e-08,,SelectKBest(score_func=<function mutual_info_classif at 0x147da6670>),8,,"{'balance': None, 'classify__C': 100.0, 'classify__max_iter': 1000, 'classify__n_jobs': 2, 'classify__penalty': 'l2', 'classify__random_state': 42, 'classify__solver': 'lbfgs', 'classify__tol': 1e-08, 'impute': None, 'select': SelectKBest(score_func=<function mutual_info_classif at 0x147da6670>), 'select__k': 8, 'transform': None}",0.8650628650628651,0.8378378378378378,0.6380523380523381,0.7803176803176805,0.10120892989012747,182,0.8735294117647059,0.9239766081871345,0.7337461300309598,0.8437507166609334,0.08046525840984334,270,0.8648648648648649,0.8378378378378378,0.6388888888888888,0.7805305305305305,0.10076170248887337,182
0.019736289978027344,7.021039224517867e-05,0.001712799072265625,4.616709687217572e-05,,100.0,1000,2,l2,42,lbfgs,0.0001,,SelectKBest(score_func=<function mutual_info_classif at 0x147da6670>),8,,"{'balance': None, 'classify__C': 100.0, 'classify__max_iter': 1000, 'classify__n_jobs': 2, 'classify__penalty': 'l2', 'classify__random_state': 42, 'classify__solver': 'lbfgs', 'classify__tol': 0.0001, 'impute': None, 'select': SelectKBest(score_func=<function mutual_info_classif at 0x147da6670>), 'select__k': 8, 'transform': None}",0.8650628650628651,0.8378378378378378,0.6380523380523381,0.7803176803176805,0.10120892989012747,182,0.8735294117647059,0.9239766081871345,0.7337461300309598,0.8437507166609334,0.08046525840984334,270,0.8648648648648649,0.8378378378378378,0.6388888888888888,0.7805305305305305,0.10076170248887337,182
0.021129131317138672,0.00015574275856214208,0.002477884292602539,3.818470360487691e-05,,100.0,500,2,l2,42,lbfgs,0.0001,SimpleImputer(strategy='median'),SelectKBest(score_func=<function mutual_info_classif at 0x147da6670>),8,,"{'balance': None, 'classify__C': 100.0, 'classify__max_iter': 500, 'classify__n_jobs': 2, 'classify__penalty': 'l2', 'classify__random_state': 42, 'classify__solver': 'lbfgs', 'classify__tol': 0.0001, 'impute': SimpleImputer(strategy='median'), 'select': SelectKBest(score_func=<function mutual_info_classif at 0x147da6670>), 'select__k': 8, 'transform': None}",0.8650628650628651,0.8378378378378378,0.6380523380523381,0.7803176803176805,0.10120892989012747,182,0.8735294117647059,0.9239766081871345,0.7337461300309598,0.8437507166609334,0.08046525840984334,270,0.8648648648648649,0.8378378378378378,0.6388888888888888,0.7805305305305305,0.10076170248887337,182
0.020595550537109375,0.0002557635423067165,0.0020574728647867837,5.318581232290745e-05,,10.0,500,2,l2,42,lbfgs,0.0001,,SelectKBest(score_func=<function mutual_info_classif at 0x147da6670>),8,,"{'balance': None, 'classify__C': 10.0, 'classify__max_iter': 500, 'classify__n_jobs': 2, 'classify__penalty': 'l2', 'classify__random_state': 42, 'classify__solver': 'lbfgs', 'classify__tol': 0.0001, 'impute': None, 'select': SelectKBest(score_func=<function mutual_info_classif at 0x147da6670>), 'select__k': 8, 'transform': None}",0.8650628650628651,0.8917338391022601,0.5823680823680824,0.7797215955110692,0.13997414541374378,211,0.8764705882352941,0.9415204678362572,0.7337461300309598,0.8505790620341704,0.08677681030235006,211,0.8648648648648649,0.8918918918918919,0.5833333333333334,0.78003003003003,0.1395225380025849,211
0.020073731740315754,0.0005409533964702729,0.002048015594482422,9.120707859250103e-05,,10.0,500,2,l2,42,lbfgs,1e-06,,SelectKBest(score_func=<function mutual_info_classif at 0x147da6670>),8,,"{'balance': None, 'classify__C': 10.0, 'classify__max_iter': 500, 'classify__n_jobs': 2, 'classify__penalty': 'l2', 'classify__random_state': 42, 'classify__solver': 'lbfgs', 'classify__tol': 1e-06, 'impute': None, 'select': SelectKBest(score_func=<function mutual_info_classif at 0x147da6670>), 'select__k': 8, 'transform': None}",0.8650628650628651,0.8648648648648649,0.5823680823680824,0.7707652707652709,0.13321695399608838,212,0.8794117647058823,0.9239766081871345,0.7337461300309598,0.8457115009746589,0.08123500697173694,241,0.8648648648648649,0.8648648648648649,0.5833333333333334,0.7710210210210211,0.13271523670918686,212
0.020432551701863606,0.0004587553599603227,0.0024468104044596353,5.4283511993882615e-05,,10.0,500,2,l2,42,lbfgs,1e-08,SimpleImputer(strategy='median'),SelectKBest(score_func=<function mutual_info_classif at 0x147da6670>),8,,"{'balance': None, 'classify__C': 10.0, 'classify__max_iter': 500, 'classify__n_jobs': 2, 'classify__penalty': 'l2', 'classify__random_state': 42, 'classify__solver': 'lbfgs', 'classify__tol': 1e-08, 'impute': SimpleImputer(strategy='median'), 'select': SelectKBest(score_func=<function mutual_info_classif at 0x147da6670>), 'select__k': 8, 'transform': None}",0.8650628650628651,0.8648648648648649,0.5823680823680824,0.7707652707652709,0.13321695399608838,212,0.8794117647058823,0.9239766081871345,0.7337461300309598,0.8457115009746589,0.08123500697173694,241,0.8648648648648649,0.8648648648648649,0.5833333333333334,0.7710210210210211,0.13271523670918686,212
0.02049994468688965,0.00025915350138413574,0.002103726069132487,5.185639112118019e-05,,10.0,500,2,l2,42,lbfgs,1e-08,,SelectKBest(score_func=<function mutual_info_classif at 0x147da6670>),8,,"{'balance': None, 'classify__C': 10.0, 'classify__max_iter': 500, 'classify__n_jobs': 2, 'classify__penalty': 'l2', 'classify__random_state': 42, 'classify__solver': 'lbfgs', 'classify__tol': 1e-08, 'impute': None, 'select': SelectKBest(score_func=<function mutual_info_classif at 0x147da6670>), 'select__k': 8, 'transform': None}",0.8650628650628651,0.8648648648648649,0.5823680823680824,0.7707652707652709,0.13321695399608838,212,0.8794117647058823,0.9239766081871345,0.7337461300309598,0.8457115009746589,0.08123500697173694,241,0.8648648648648649,0.8648648648648649,0.5833333333333334,0.7710210210210211,0.13271523670918686,212
0.02071229616800944,2.1118856414416895e-05,0.0023192564646402993,0.00013200114244391783,,10.0,100,2,l2,42,lbfgs,1e-06,SimpleImputer(strategy='median'),SelectKBest(score_func=<function mutual_info_classif at 0x147da6670>),8,,"{'balance': None, 'classify__C': 10.0, 'classify__max_iter': 100, 'classify__n_jobs': 2, 'classify__penalty': 'l2', 'classify__random_state': 42, 'classify__solver': 'lbfgs', 'classify__tol': 1e-06, 'impute': SimpleImputer(strategy='median'), 'select': SelectKBest(score_func=<function mutual_info_classif at 0x147da6670>), 'select__k': 8, 'transform': None}",0.8650628650628651,0.8648648648648649,0.5823680823680824,0.7707652707652709,0.13321695399608838,212,0.8794117647058823,0.9239766081871345,0.7337461300309598,0.8457115009746589,0.08123500697173694,241,0.8648648648648649,0.8648648648648649,0.5833333333333334,0.7710210210210211,0.13271523670918686,212
0.019895394643147785,0.0008528526028743618,0.0019806226094563804,6.687696628185507e-05,,10.0,100,2,l2,42,lbfgs,1e-06,,SelectKBest(score_func=<function mutual_info_classif at 0x147da6670>),8,,"{'balance': None, 'classify__C': 10.0, 'classify__max_iter': 100, 'classify__n_jobs': 2, 'classify__penalty': 'l2', 'classify__random_state': 42, 'classify__solver': 'lbfgs', 'classify__tol': 1e-06, 'impute': None, 'select': SelectKBest(score_func=<function mutual_info_classif at 0x147da6670>), 'select__k': 8, 'transform': None}",0.8650628650628651,0.8648648648648649,0.5823680823680824,0.7707652707652709,0.13321695399608838,212,0.8794117647058823,0.9239766081871345,0.7337461300309598,0.8457115009746589,0.08123500697173694,241,0.8648648648648649,0.8648648648648649,0.5833333333333334,0.7710210210210211,0.13271523670918686,212
0.019782543182373047,0.00024724845816810484,0.0020279884338378906,2.894470940920227e-05,,10.0,200,2,l2,42,lbfgs,1e-06,SimpleImputer(strategy='median'),SelectKBest(score_func=<function mutual_info_classif at 0x147da6670>),8,,"{'balance': None, 'classify__C': 10.0, 'classify__max_iter': 200, 'classify__n_jobs': 2, 'classify__penalty': 'l2', 'classify__random_state': 42, 'classify__solver': 'lbfgs', 'classify__tol': 1e-06, 'impute': SimpleImputer(strategy='median'), 'select': SelectKBest(score_func=<function mutual_info_classif at 0x147da6670>), 'select__k': 8, 'transform': None}",0.8650628650628651,0.8648648648648649,0.5823680823680824,0.7707652707652709,0.13321695399608838,212,0.8794117647058823,0.9239766081871345,0.7337461300309598,0.8457115009746589,0.08123500697173694,241,0.8648648648648649,0.8648648648648649,0.5833333333333334,0.7710210210210211,0.13271523670918686,212
0.019024372100830078,0.0005865527346573488,0.0020654996236165366,7.356087915814485e-05,,10.0,200,2,l2,42,lbfgs,1e-08,SimpleImputer(strategy='median'),SelectKBest(score_func=<function mutual_info_classif at 0x147da6670>),8,,"{'balance': None, 'classify__C': 10.0, 'classify__max_iter': 200, 'classify__n_jobs': 2, 'classify__penalty': 'l2', 'classify__random_state': 42, 'classify__solver': 'lbfgs', 'classify__tol': 1e-08, 'impute': SimpleImputer(strategy='median'), 'select': SelectKBest(score_func=<function mutual_info_classif at 0x147da6670>), 'select__k': 8, 'transform': None}",0.8650628650628651,0.8648648648648649,0.5823680823680824,0.7707652707652709,0.13321695399608838,212,0.8794117647058823,0.9239766081871345,0.7337461300309598,0.8457115009746589,0.08123500697173694,241,0.8648648648648649,0.8648648648648649,0.5833333333333334,0.7710210210210211,0.13271523670918686,212
0.019879659016927082,0.00011173030527650465,0.0018331209818522136,0.00010142206665482246,,10.0,200,2,l2,42,lbfgs,1e-08,,SelectKBest(score_func=<function mutual_info_classif at 0x147da6670>),8,,"{'balance': None, 'classify__C': 10.0, 'classify__max_iter': 200, 'classify__n_jobs': 2, 'classify__penalty': 'l2', 'classify__random_state': 42, 'classify__solver': 'lbfgs', 'classify__tol': 1e-08, 'impute': None, 'select': SelectKBest(score_func=<function mutual_info_classif at 0x147da6670>), 'select__k': 8, 'transform': None}",0.8650628650628651,0.8648648648648649,0.5823680823680824,0.7707652707652709,0.13321695399608838,212,0.8764705882352941,0.9239766081871345,0.7337461300309598,0.8447311088177961,0.08083915973566295,266,0.8648648648648649,0.8648648648648649,0.5833333333333334,0.7710210210210211,0.13271523670918686,212
0.02022663752237956,0.00015843105438597074,0.002158482869466146,7.211398994219716e-05,,10.0,100,2,l2,42,lbfgs,0.0001,SimpleImputer(strategy='median'),SelectKBest(score_func=<function mutual_info_classif at 0x147da6670>),8,,"{'balance': None, 'classify__C': 10.0, 'classify__max_iter': 100, 'classify__n_jobs': 2, 'classify__penalty': 'l2', 'classify__random_state': 42, 'classify__solver': 'lbfgs', 'classify__tol': 0.0001, 'impute': SimpleImputer(strategy='median'), 'select': SelectKBest(score_func=<function mutual_info_classif at 0x147da6670>), 'select__k': 8, 'transform': None}",0.8650628650628651,0.8648648648648649,0.5823680823680824,0.7707652707652709,0.13321695399608838,212,0.8794117647058823,0.9239766081871345,0.7337461300309598,0.8457115009746589,0.08123500697173694,241,0.8648648648648649,0.8648648648648649,0.5833333333333334,0.7710210210210211,0.13271523670918686,212
0.020316362380981445,5.601872706184751e-05,0.0018495718638102214,2.433297521317593e-05,,10.0,100,2,l2,42,lbfgs,0.0001,,SelectKBest(score_func=<function mutual_info_classif at 0x147da6670>),8,,"{'balance': None, 'classify__C': 10.0, 'classify__max_iter': 100, 'classify__n_jobs': 2, 'classify__penalty': 'l2', 'classify__random_state': 42, 'classify__solver': 'lbfgs', 'classify__tol': 0.0001, 'impute': None, 'select': SelectKBest(score_func=<function mutual_info_classif at 0x147da6670>), 'select__k': 8, 'transform': None}",0.8650628650628651,0.8648648648648649,0.5823680823680824,0.7707652707652709,0.13321695399608838,212,0.8794117647058823,0.9239766081871345,0.7337461300309598,0.8457115009746589,0.08123500697173694,241,0.8648648648648649,0.8648648648648649,0.5833333333333334,0.7710210210210211,0.13271523670918686,212
0.01988641421000163,0.00015469677427881626,0.0023794174194335938,2.3786958429788434e-05,,10.0,200,2,l2,42,lbfgs,0.0001,SimpleImputer(strategy='median'),SelectKBest(score_func=<function mutual_info_classif at 0x147da6670>),8,,"{'balance': None, 'classify__C': 10.0, 'classify__max_iter': 200, 'classify__n_jobs': 2, 'classify__penalty': 'l2', 'classify__random_state': 42, 'classify__solver': 'lbfgs', 'classify__tol': 0.0001, 'impute': SimpleImputer(strategy='median'), 'select': SelectKBest(score_func=<function mutual_info_classif at 0x147da6670>), 'select__k': 8, 'transform': None}",0.8650628650628651,0.8648648648648649,0.5823680823680824,0.7707652707652709,0.13321695399608838,212,0.8794117647058823,0.9239766081871345,0.7337461300309598,0.8457115009746589,0.08123500697173694,241,0.8648648648648649,0.8648648648648649,0.5833333333333334,0.7710210210210211,0.13271523670918686,212
0.019559303919474285,0.00010625738300057218,0.0016959508260091145,2.247831920581015e-05,,10.0,200,2,l2,42,lbfgs,0.0001,,SelectKBest(score_func=<function mutual_info_classif at 0x147da6670>),8,,"{'balance': None, 'classify__C': 10.0, 'classify__max_iter': 200, 'classify__n_jobs': 2, 'classify__penalty': 'l2', 'classify__random_state': 42, 'classify__solver': 'lbfgs', 'classify__tol': 0.0001, 'impute': None, 'select': SelectKBest(score_func=<function mutual_info_classif at 0x147da6670>), 'select__k': 8, 'transform': None}",0.8650628650628651,0.8648648648648649,0.5823680823680824,0.7707652707652709,0.13321695399608838,212,0.8794117647058823,0.9239766081871345,0.7337461300309598,0.8457115009746589,0.08123500697173694,241,0.8648648648648649,0.8648648648648649,0.5833333333333334,0.7710210210210211,0.13271523670918686,212
0.020133574803670246,0.00013310581843206694,0.001825253168741862,2.961918403595877e-05,,10.0,1000,2,l2,42,lbfgs,1e-08,,SelectKBest(score_func=<function mutual_info_classif at 0x147da6670>),8,,"{'balance': None, 'classify__C': 10.0, 'classify__max_iter': 1000, 'classify__n_jobs': 2, 'classify__penalty': 'l2', 'classify__random_state': 42, 'classify__solver': 'lbfgs', 'classify__tol': 1e-08, 'impute': None, 'select': SelectKBest(score_func=<function mutual_info_classif at 0x147da6670>), 'select__k': 8, 'transform': None}",0.8650628650628651,0.8648648648648649,0.5823680823680824,0.7707652707652709,0.13321695399608838,212,0.8764705882352941,0.9239766081871345,0.7337461300309598,0.8447311088177961,0.08083915973566295,266,0.8648648648648649,0.8648648648648649,0.5833333333333334,0.7710210210210211,0.13271523670918686,212
0.02018570899963379,0.0005496921526323916,0.00236360232035319,4.3225638339134075e-05,,10.0,500,2,l2,42,lbfgs,0.0001,SimpleImputer(strategy='median'),SelectKBest(score_func=<function mutual_info_classif at 0x147da6670>),8,,"{'balance': None, 'classify__C': 10.0, 'classify__max_iter': 500, 'classify__n_jobs': 2, 'classify__penalty': 'l2', 'classify__random_state': 42, 'classify__solver': 'lbfgs', 'classify__tol': 0.0001, 'impute': SimpleImputer(strategy='median'), 'select': SelectKBest(score_func=<function mutual_info_classif at 0x147da6670>), 'select__k': 8, 'transform': None}",0.8650628650628651,0.8648648648648649,0.5823680823680824,0.7707652707652709,0.13321695399608838,212,0.8794117647058823,0.9239766081871345,0.7337461300309598,0.8457115009746589,0.08123500697173694,241,0.8648648648648649,0.8648648648648649,0.5833333333333334,0.7710210210210211,0.13271523670918686,212
0.019686301549275715,0.0006854729534442045,0.0021462440490722656,6.396493960269026e-05,,10.0,100,2,l2,42,lbfgs,1e-08,SimpleImputer(strategy='median'),SelectKBest(score_func=<function mutual_info_classif at 0x147da6670>),8,,"{'balance': None, 'classify__C': 10.0, 'classify__max_iter': 100, 'classify__n_jobs': 2, 'classify__penalty': 'l2', 'classify__random_state': 42, 'classify__solver': 'lbfgs', 'classify__tol': 1e-08, 'impute': SimpleImputer(strategy='median'), 'select': SelectKBest(score_func=<function mutual_info_classif at 0x147da6670>), 'select__k': 8, 'transform': None}",0.8650628650628651,0.8648648648648649,0.5823680823680824,0.7707652707652709,0.13321695399608838,212,0.8794117647058823,0.9239766081871345,0.7337461300309598,0.8457115009746589,0.08123500697173694,241,0.8648648648648649,0.8648648648648649,0.5833333333333334,0.7710210210210211,0.13271523670918686,212
0.019675493240356445,0.0008230026321541905,0.00208131472269694,5.9176923662943105e-05,,10.0,1000,2,l2,42,lbfgs,1e-08,SimpleImputer(strategy='median'),SelectKBest(score_func=<function mutual_info_classif at 0x147da6670>),8,,"{'balance': None, 'classify__C': 10.0, 'classify__max_iter': 1000, 'classify__n_jobs': 2, 'classify__penalty': 'l2', 'classify__random_state': 42, 'classify__solver': 'lbfgs', 'classify__tol': 1e-08, 'impute': SimpleImputer(strategy='median'), 'select': SelectKBest(score_func=<function mutual_info_classif at 0x147da6670>), 'select__k': 8, 'transform': None}",0.8650628650628651,0.8648648648648649,0.5823680823680824,0.7707652707652709,0.13321695399608838,212,0.8764705882352941,0.9239766081871345,0.7337461300309598,0.8447311088177961,0.08083915973566295,266,0.8648648648648649,0.8648648648648649,0.5833333333333334,0.7710210210210211,0.13271523670918686,212
0.01966238021850586,0.000486083855817853,0.002034346262613932,0.00012822905892970782,,10.0,1000,2,l2,42,lbfgs,1e-06,,SelectKBest(score_func=<function mutual_info_classif at 0x147da6670>),8,,"{'balance': None, 'classify__C': 10.0, 'classify__max_iter': 1000, 'classify__n_jobs': 2, 'classify__penalty': 'l2', 'classify__random_state': 42, 'classify__solver': 'lbfgs', 'classify__tol': 1e-06, 'impute': None, 'select': SelectKBest(score_func=<function mutual_info_classif at 0x147da6670>), 'select__k': 8, 'transform': None}",0.8650628650628651,0.8648648648648649,0.5823680823680824,0.7707652707652709,0.13321695399608838,212,0.8794117647058823,0.9239766081871345,0.7337461300309598,0.8457115009746589,0.08123500697173694,241,0.8648648648648649,0.8648648648648649,0.5833333333333334,0.7710210210210211,0.13271523670918686,212
0.020258982976277668,0.00046062392696986183,0.0021642843882242837,5.187319633771582e-05,,10.0,1000,2,l2,42,lbfgs,1e-06,SimpleImputer(strategy='median'),SelectKBest(score_func=<function mutual_info_classif at 0x147da6670>),8,,"{'balance': None, 'classify__C': 10.0, 'classify__max_iter': 1000, 'classify__n_jobs': 2, 'classify__penalty': 'l2', 'classify__random_state': 42, 'classify__solver': 'lbfgs', 'classify__tol': 1e-06, 'impute': SimpleImputer(strategy='median'), 'select': SelectKBest(score_func=<function mutual_info_classif at 0x147da6670>), 'select__k': 8, 'transform': None}",0.8650628650628651,0.8648648648648649,0.5823680823680824,0.7707652707652709,0.13321695399608838,212,0.8794117647058823,0.9239766081871345,0.7337461300309598,0.8457115009746589,0.08123500697173694,241,0.8648648648648649,0.8648648648648649,0.5833333333333334,0.7710210210210211,0.13271523670918686,212
0.019431352615356445,7.391975704379737e-05,0.0017917156219482422,2.1737534202011276e-05,,10.0,1000,2,l2,42,lbfgs,0.0001,,SelectKBest(score_func=<function mutual_info_classif at 0x147da6670>),8,,"{'balance': None, 'classify__C': 10.0, 'classify__max_iter': 1000, 'classify__n_jobs': 2, 'classify__penalty': 'l2', 'classify__random_state': 42, 'classify__solver': 'lbfgs', 'classify__tol': 0.0001, 'impute': None, 'select': SelectKBest(score_func=<function mutual_info_classif at 0x147da6670>), 'select__k': 8, 'transform': None}",0.8650628650628651,0.8648648648648649,0.5823680823680824,0.7707652707652709,0.13321695399608838,212,0.8794117647058823,0.9239766081871345,0.7337461300309598,0.8457115009746589,0.08123500697173694,241,0.8648648648648649,0.8648648648648649,0.5833333333333334,0.7710210210210211,0.13271523670918686,212
0.020005305608113606,4.111151849136139e-05,0.002178033192952474,1.856231508709251e-05,,10.0,1000,2,l2,42,lbfgs,0.0001,SimpleImputer(strategy='median'),SelectKBest(score_func=<function mutual_info_classif at 0x147da6670>),8,,"{'balance': None, 'classify__C': 10.0, 'classify__max_iter': 1000, 'classify__n_jobs': 2, 'classify__penalty': 'l2', 'classify__random_state': 42, 'classify__solver': 'lbfgs', 'classify__tol': 0.0001, 'impute': SimpleImputer(strategy='median'), 'select': SelectKBest(score_func=<function mutual_info_classif at 0x147da6670>), 'select__k': 8, 'transform': None}",0.8650628650628651,0.8648648648648649,0.5823680823680824,0.7707652707652709,0.13321695399608838,212,0.8794117647058823,0.9239766081871345,0.7337461300309598,0.8457115009746589,0.08123500697173694,241,0.8648648648648649,0.8648648648648649,0.5833333333333334,0.7710210210210211,0.13271523670918686,212
0.018664201100667317,0.0006725549449485134,0.0018676916758219402,0.00018472022968234525,,10.0,2000,2,l2,42,lbfgs,1e-08,,SelectKBest(score_func=<function mutual_info_classif at 0x147da6670>),8,,"{'balance': None, 'classify__C': 10.0, 'classify__max_iter': 2000, 'classify__n_jobs': 2, 'classify__penalty': 'l2', 'classify__random_state': 42, 'classify__solver': 'lbfgs', 'classify__tol': 1e-08, 'impute': None, 'select': SelectKBest(score_func=<function mutual_info_classif at 0x147da6670>), 'select__k': 8, 'transform': None}",0.8650628650628651,0.8648648648648649,0.5823680823680824,0.7707652707652709,0.13321695399608838,212,0.8794117647058823,0.9239766081871345,0.7337461300309598,0.8457115009746589,0.08123500697173694,241,0.8648648648648649,0.8648648648648649,0.5833333333333334,0.7710210210210211,0.13271523670918686,212
0.02017800013224284,0.00016424765719306062,0.0020900567372639975,6.249791365385722e-05,,10.0,2000,2,l2,42,lbfgs,1e-08,SimpleImputer(strategy='median'),SelectKBest(score_func=<function mutual_info_classif at 0x147da6670>),8,,"{'balance': None, 'classify__C': 10.0, 'classify__max_iter': 2000, 'classify__n_jobs': 2, 'classify__penalty': 'l2', 'classify__random_state': 42, 'classify__solver': 'lbfgs', 'classify__tol': 1e-08, 'impute': SimpleImputer(strategy='median'), 'select': SelectKBest(score_func=<function mutual_info_classif at 0x147da6670>), 'select__k': 8, 'transform': None}",0.8650628650628651,0.8648648648648649,0.5823680823680824,0.7707652707652709,0.13321695399608838,212,0.8764705882352941,0.9239766081871345,0.7337461300309598,0.8447311088177961,0.08083915973566295,266,0.8648648648648649,0.8648648648648649,0.5833333333333334,0.7710210210210211,0.13271523670918686,212
0.01996930440266927,0.00042131112248300226,0.001864035924275716,5.641655108510085e-05,,10.0,2000,2,l2,42,lbfgs,1e-06,,SelectKBest(score_func=<function mutual_info_classif at 0x147da6670>),8,,"{'balance': None, 'classify__C': 10.0, 'classify__max_iter': 2000, 'classify__n_jobs': 2, 'classify__penalty': 'l2', 'classify__random_state': 42, 'classify__solver': 'lbfgs', 'classify__tol': 1e-06, 'impute': None, 'select': SelectKBest(score_func=<function mutual_info_classif at 0x147da6670>), 'select__k': 8, 'transform': None}",0.8650628650628651,0.8648648648648649,0.5823680823680824,0.7707652707652709,0.13321695399608838,212,0.8794117647058823,0.9239766081871345,0.7337461300309598,0.8457115009746589,0.08123500697173694,241,0.8648648648648649,0.8648648648648649,0.5833333333333334,0.7710210210210211,0.13271523670918686,212
0.020543654759724934,0.00020224251712653904,0.0022716522216796875,8.535718112183185e-05,,10.0,2000,2,l2,42,lbfgs,1e-06,SimpleImputer(strategy='median'),SelectKBest(score_func=<function mutual_info_classif at 0x147da6670>),8,,"{'balance': None, 'classify__C': 10.0, 'classify__max_iter': 2000, 'classify__n_jobs': 2, 'classify__penalty': 'l2', 'classify__random_state': 42, 'classify__solver': 'lbfgs', 'classify__tol': 1e-06, 'impute': SimpleImputer(strategy='median'), 'select': SelectKBest(score_func=<function mutual_info_classif at 0x147da6670>), 'select__k': 8, 'transform': None}",0.8650628650628651,0.8648648648648649,0.5823680823680824,0.7707652707652709,0.13321695399608838,212,0.8794117647058823,0.9239766081871345,0.7337461300309598,0.8457115009746589,0.08123500697173694,241,0.8648648648648649,0.8648648648648649,0.5833333333333334,0.7710210210210211,0.13271523670918686,212
0.02010234196980794,0.00022819504858657554,0.0020484129587809243,1.4264437450526282e-05,,10.0,2000,2,l2,42,lbfgs,0.0001,,SelectKBest(score_func=<function mutual_info_classif at 0x147da6670>),8,,"{'balance': None, 'classify__C': 10.0, 'classify__max_iter': 2000, 'classify__n_jobs': 2, 'classify__penalty': 'l2', 'classify__random_state': 42, 'classify__solver': 'lbfgs', 'classify__tol': 0.0001, 'impute': None, 'select': SelectKBest(score_func=<function mutual_info_classif at 0x147da6670>), 'select__k': 8, 'transform': None}",0.8650628650628651,0.8648648648648649,0.5823680823680824,0.7707652707652709,0.13321695399608838,212,0.8794117647058823,0.9239766081871345,0.7337461300309598,0.8457115009746589,0.08123500697173694,241,0.8648648648648649,0.8648648648648649,0.5833333333333334,0.7710210210210211,0.13271523670918686,212
0.020783344904581707,0.0002701058616499562,0.0023960272471110025,9.697128407911004e-05,,10.0,2000,2,l2,42,lbfgs,0.0001,SimpleImputer(strategy='median'),SelectKBest(score_func=<function mutual_info_classif at 0x147da6670>),8,,"{'balance': None, 'classify__C': 10.0, 'classify__max_iter': 2000, 'classify__n_jobs': 2, 'classify__penalty': 'l2', 'classify__random_state': 42, 'classify__solver': 'lbfgs', 'classify__tol': 0.0001, 'impute': SimpleImputer(strategy='median'), 'select': SelectKBest(score_func=<function mutual_info_classif at 0x147da6670>), 'select__k': 8, 'transform': None}",0.8650628650628651,0.8648648648648649,0.5823680823680824,0.7707652707652709,0.13321695399608838,212,0.8794117647058823,0.9239766081871345,0.7337461300309598,0.8457115009746589,0.08123500697173694,241,0.8648648648648649,0.8648648648648649,0.5833333333333334,0.7710210210210211,0.13271523670918686,212
0.021111408869425457,4.0148033788567155e-05,0.002355813980102539,4.232450238312913e-05,,10.0,500,2,l2,42,lbfgs,1e-06,SimpleImputer(strategy='median'),SelectKBest(score_func=<function mutual_info_classif at 0x147da6670>),8,,"{'balance': None, 'classify__C': 10.0, 'classify__max_iter': 500, 'classify__n_jobs': 2, 'classify__penalty': 'l2', 'classify__random_state': 42, 'classify__solver': 'lbfgs', 'classify__tol': 1e-06, 'impute': SimpleImputer(strategy='median'), 'select': SelectKBest(score_func=<function mutual_info_classif at 0x147da6670>), 'select__k': 8, 'transform': None}",0.8650628650628651,0.8648648648648649,0.5823680823680824,0.7707652707652709,0.13321695399608838,212,0.8794117647058823,0.9239766081871345,0.7337461300309598,0.8457115009746589,0.08123500697173694,241,0.8648648648648649,0.8648648648648649,0.5833333333333334,0.7710210210210211,0.13271523670918686,212
0.018686215082804363,0.0008160386931768211,0.0018432140350341797,3.0400628273961553e-05,,10.0,100,2,l2,42,lbfgs,1e-08,,SelectKBest(score_func=<function mutual_info_classif at 0x147da6670>),8,,"{'balance': None, 'classify__C': 10.0, 'classify__max_iter': 100, 'classify__n_jobs': 2, 'classify__penalty': 'l2', 'classify__random_state': 42, 'classify__solver': 'lbfgs', 'classify__tol': 1e-08, 'impute': None, 'select': SelectKBest(score_func=<function mutual_info_classif at 0x147da6670>), 'select__k': 8, 'transform': None}",0.8650628650628651,0.8648648648648649,0.5823680823680824,0.7707652707652709,0.13321695399608838,212,0.8794117647058823,0.9239766081871345,0.7337461300309598,0.8457115009746589,0.08123500697173694,241,0.8648648648648649,0.8648648648648649,0.5833333333333334,0.7710210210210211,0.13271523670918686,212
0.019563754399617512,0.00021589846371919711,0.001949628194173177,0.00014818315147706657,,10.0,200,2,l2,42,lbfgs,1e-06,,SelectKBest(score_func=<function mutual_info_classif at 0x147da6670>),8,,"{'balance': None, 'classify__C': 10.0, 'classify__max_iter': 200, 'classify__n_jobs': 2, 'classify__penalty': 'l2', 'classify__random_state': 42, 'classify__solver': 'lbfgs', 'classify__tol': 1e-06, 'impute': None, 'select': SelectKBest(score_func=<function mutual_info_classif at 0x147da6670>), 'select__k': 8, 'transform': None}",0.8650628650628651,0.8648648648648649,0.5823680823680824,0.7707652707652709,0.13321695399608838,212,0.8794117647058823,0.9239766081871345,0.7337461300309598,0.8457115009746589,0.08123500697173694,241,0.8648648648648649,0.8648648648648649,0.5833333333333334,0.7710210210210211,0.13271523670918686,212
0.021073023478190105,0.00013428876936894045,0.0024373531341552734,2.9006831712161883e-05,,10.0,500,2,l2,42,lbfgs,1e-06,SimpleImputer(strategy='median'),SelectKBest(score_func=<function mutual_info_classif at 0x147da6670>),5,,"{'balance': None, 'classify__C': 10.0, 'classify__max_iter': 500, 'classify__n_jobs': 2, 'classify__penalty': 'l2', 'classify__random_state': 42, 'classify__solver': 'lbfgs', 'classify__tol': 1e-06, 'impute': SimpleImputer(strategy='median'), 'select': SelectKBest(score_func=<function mutual_info_classif at 0x147da6670>), 'select__k': 5, 'transform': None}",0.8910875160875161,0.7837837837837838,0.5850984764028243,0.7533232587580413,0.12676278578621536,241,0.8735294117647059,0.8596491228070176,0.6873065015479877,0.806828345373237,0.08470446257007441,391,0.8918918918918919,0.7837837837837838,0.6111111111111112,0.7622622622622623,0.11563403083411387,241
0.01854395866394043,0.0005126021998747685,0.002037604649861654,6.678567385162475e-05,,10.0,2000,2,l2,42,lbfgs,1e-08,SimpleImputer(strategy='median'),SelectKBest(score_func=<function mutual_info_classif at 0x147da6670>),5,,"{'balance': None, 'classify__C': 10.0, 'classify__max_iter': 2000, 'classify__n_jobs': 2, 'classify__penalty': 'l2', 'classify__random_state': 42, 'classify__solver': 'lbfgs', 'classify__tol': 1e-08, 'impute': SimpleImputer(strategy='median'), 'select': SelectKBest(score_func=<function mutual_info_classif at 0x147da6670>), 'select__k': 5, 'transform': None}",0.8910875160875161,0.7837837837837838,0.5850984764028243,0.7533232587580413,0.12676278578621536,241,0.8735294117647059,0.8596491228070176,0.6873065015479877,0.806828345373237,0.08470446257007441,391,0.8918918918918919,0.7837837837837838,0.6111111111111112,0.7622622622622623,0.11563403083411387,241
0.02001190185546875,0.00026134033347136845,0.0019067923227945964,0.00012581414658948358,,100.0,200,2,l2,42,lbfgs,0.0001,,SelectKBest(score_func=<function mutual_info_classif at 0x147da6670>),5,,"{'balance': None, 'classify__C': 100.0, 'classify__max_iter': 200, 'classify__n_jobs': 2, 'classify__penalty': 'l2', 'classify__random_state': 42, 'classify__solver': 'lbfgs', 'classify__tol': 0.0001, 'impute': None, 'select': SelectKBest(score_func=<function mutual_info_classif at 0x147da6670>), 'select__k': 5, 'transform': None}",0.8910875160875161,0.7837837837837838,0.5850984764028243,0.7533232587580413,0.12676278578621536,241,0.8705882352941176,0.8596491228070176,0.6780185758513932,0.8027519779841761,0.08831282372421063,421,0.8918918918918919,0.7837837837837838,0.6111111111111112,0.7622622622622623,0.11563403083411387,241
0.019904613494873047,0.00021953531323750205,0.0018291473388671875,6.316007714075687e-05,,10.0,2000,2,l2,42,lbfgs,1e-08,,SelectKBest(score_func=<function mutual_info_classif at 0x147da6670>),5,,"{'balance': None, 'classify__C': 10.0, 'classify__max_iter': 2000, 'classify__n_jobs': 2, 'classify__penalty': 'l2', 'classify__random_state': 42, 'classify__solver': 'lbfgs', 'classify__tol': 1e-08, 'impute': None, 'select': SelectKBest(score_func=<function mutual_info_classif at 0x147da6670>), 'select__k': 5, 'transform': None}",0.8910875160875161,0.7837837837837838,0.5850984764028243,0.7533232587580413,0.12676278578621536,241,0.8735294117647059,0.8596491228070176,0.6873065015479877,0.806828345373237,0.08470446257007441,391,0.8918918918918919,0.7837837837837838,0.6111111111111112,0.7622622622622623,0.11563403083411387,241
0.020459810892740887,0.0007745670431744075,0.002345879872639974,3.581061520514115e-05,,10.0,100,2,l2,42,lbfgs,1e-06,SimpleImputer(strategy='median'),SelectKBest(score_func=<function mutual_info_classif at 0x147da6670>),5,,"{'balance': None, 'classify__C': 10.0, 'classify__max_iter': 100, 'classify__n_jobs': 2, 'classify__penalty': 'l2', 'classify__random_state': 42, 'classify__solver': 'lbfgs', 'classify__tol': 1e-06, 'impute': SimpleImputer(strategy='median'), 'select': SelectKBest(score_func=<function mutual_info_classif at 0x147da6670>), 'select__k': 5, 'transform': None}",0.8910875160875161,0.7837837837837838,0.5850984764028243,0.7533232587580413,0.12676278578621536,241,0.8735294117647059,0.8596491228070176,0.6873065015479877,0.806828345373237,0.08470446257007441,391,0.8918918918918919,0.7837837837837838,0.6111111111111112,0.7622622622622623,0.11563403083411387,241
0.019982020060221355,0.00016194014399297944,0.0020316441853841147,5.700691873585018e-05,,10.0,1000,2,l2,42,lbfgs,0.0001,SimpleImputer(strategy='median'),SelectKBest(score_func=<function mutual_info_classif at 0x147da6670>),5,,"{'balance': None, 'classify__C': 10.0, 'classify__max_iter': 1000, 'classify__n_jobs': 2, 'classify__penalty': 'l2', 'classify__random_state': 42, 'classify__solver': 'lbfgs', 'classify__tol': 0.0001, 'impute': SimpleImputer(strategy='median'), 'select': SelectKBest(score_func=<function mutual_info_classif at 0x147da6670>), 'select__k': 5, 'transform': None}",0.8910875160875161,0.7837837837837838,0.5850984764028243,0.7533232587580413,0.12676278578621536,241,0.8735294117647059,0.8596491228070176,0.6873065015479877,0.806828345373237,0.08470446257007441,391,0.8918918918918919,0.7837837837837838,0.6111111111111112,0.7622622622622623,0.11563403083411387,241
0.02018904685974121,0.0001022197704153584,0.001982609430948893,0.00015555886090421665,,10.0,100,2,l2,42,lbfgs,0.0001,,SelectKBest(score_func=<function mutual_info_classif at 0x147da6670>),5,,"{'balance': None, 'classify__C': 10.0, 'classify__max_iter': 100, 'classify__n_jobs': 2, 'classify__penalty': 'l2', 'classify__random_state': 42, 'classify__solver': 'lbfgs', 'classify__tol': 0.0001, 'impute': None, 'select': SelectKBest(score_func=<function mutual_info_classif at 0x147da6670>), 'select__k': 5, 'transform': None}",0.8910875160875161,0.7837837837837838,0.5850984764028243,0.7533232587580413,0.12676278578621536,241,0.8735294117647059,0.8596491228070176,0.6873065015479877,0.806828345373237,0.08470446257007441,391,0.8918918918918919,0.7837837837837838,0.6111111111111112,0.7622622622622623,0.11563403083411387,241
0.020582914352416992,4.495607645012787e-05,0.0022737979888916016,0.00015463021057598208,,10.0,100,2,l2,42,lbfgs,0.0001,SimpleImputer(strategy='median'),SelectKBest(score_func=<function mutual_info_classif at 0x147da6670>),5,,"{'balance': None, 'classify__C': 10.0, 'classify__max_iter': 100, 'classify__n_jobs': 2, 'classify__penalty': 'l2', 'classify__random_state': 42, 'classify__solver': 'lbfgs', 'classify__tol': 0.0001, 'impute': SimpleImputer(strategy='median'), 'select': SelectKBest(score_func=<function mutual_info_classif at 0x147da6670>), 'select__k': 5, 'transform': None}",0.8910875160875161,0.7837837837837838,0.5850984764028243,0.7533232587580413,0.12676278578621536,241,0.8735294117647059,0.8596491228070176,0.6873065015479877,0.806828345373237,0.08470446257007441,391,0.8918918918918919,0.7837837837837838,0.6111111111111112,0.7622622622622623,0.11563403083411387,241
0.019446690877278645,8.789303065377233e-05,0.0018299420674641926,0.00011063758154152348,,10.0,1000,2,l2,42,lbfgs,0.0001,,SelectKBest(score_func=<function mutual_info_classif at 0x147da6670>),5,,"{'balance': None, 'classify__C': 10.0, 'classify__max_iter': 1000, 'classify__n_jobs': 2, 'classify__penalty': 'l2', 'classify__random_state': 42, 'classify__solver': 'lbfgs', 'classify__tol': 0.0001, 'impute': None, 'select': SelectKBest(score_func=<function mutual_info_classif at 0x147da6670>), 'select__k': 5, 'transform': None}",0.8910875160875161,0.7837837837837838,0.5850984764028243,0.7533232587580413,0.12676278578621536,241,0.8735294117647059,0.8596491228070176,0.6873065015479877,0.806828345373237,0.08470446257007441,391,0.8918918918918919,0.7837837837837838,0.6111111111111112,0.7622622622622623,0.11563403083411387,241
0.020453373591105144,9.761318494442715e-05,0.002282301584879557,0.00011010539519196257,,10.0,1000,2,l2,42,lbfgs,1e-06,SimpleImputer(strategy='median'),SelectKBest(score_func=<function mutual_info_classif at 0x147da6670>),5,,"{'balance': None, 'classify__C': 10.0, 'classify__max_iter': 1000, 'classify__n_jobs': 2, 'classify__penalty': 'l2', 'classify__random_state': 42, 'classify__solver': 'lbfgs', 'classify__tol': 1e-06, 'impute': SimpleImputer(strategy='median'), 'select': SelectKBest(score_func=<function mutual_info_classif at 0x147da6670>), 'select__k': 5, 'transform': None}",0.8910875160875161,0.7837837837837838,0.5850984764028243,0.7533232587580413,0.12676278578621536,241,0.8735294117647059,0.8596491228070176,0.6873065015479877,0.806828345373237,0.08470446257007441,391,0.8918918918918919,0.7837837837837838,0.6111111111111112,0.7622622622622623,0.11563403083411387,241
0.019948403040568035,0.0002941232666275003,0.001806179682413737,4.7172481408217464e-05,,10.0,200,2,l2,42,lbfgs,1e-08,,SelectKBest(score_func=<function mutual_info_classif at 0x147da6670>),5,,"{'balance': None, 'classify__C': 10.0, 'classify__max_iter': 200, 'classify__n_jobs': 2, 'classify__penalty': 'l2', 'classify__random_state': 42, 'classify__solver': 'lbfgs', 'classify__tol': 1e-08, 'impute': None, 'select': SelectKBest(score_func=<function mutual_info_classif at 0x147da6670>), 'select__k': 5, 'transform': None}",0.8910875160875161,0.7837837837837838,0.5850984764028243,0.7533232587580413,0.12676278578621536,241,0.8735294117647059,0.8596491228070176,0.6873065015479877,0.806828345373237,0.08470446257007441,391,0.8918918918918919,0.7837837837837838,0.6111111111111112,0.7622622622622623,0.11563403083411387,241
0.02105061213175456,0.00016030457902626956,0.002390305201212565,4.21654264935935e-05,,100.0,1000,2,l2,42,lbfgs,1e-06,SimpleImputer(strategy='median'),SelectKBest(score_func=<function mutual_info_classif at 0x147da6670>),5,,"{'balance': None, 'classify__C': 100.0, 'classify__max_iter': 1000, 'classify__n_jobs': 2, 'classify__penalty': 'l2', 'classify__random_state': 42, 'classify__solver': 'lbfgs', 'classify__tol': 1e-06, 'impute': SimpleImputer(strategy='median'), 'select': SelectKBest(score_func=<function mutual_info_classif at 0x147da6670>), 'select__k': 5, 'transform': None}",0.8910875160875161,0.7837837837837838,0.5850984764028243,0.7533232587580413,0.12676278578621536,241,0.8705882352941176,0.8596491228070176,0.6780185758513932,0.8027519779841761,0.08831282372421063,421,0.8918918918918919,0.7837837837837838,0.6111111111111112,0.7622622622622623,0.11563403083411387,241
0.0199129581451416,4.538018591964919e-05,0.0018380482991536458,5.365436363109359e-05,,10.0,1000,2,l2,42,lbfgs,1e-06,,SelectKBest(score_func=<function mutual_info_classif at 0x147da6670>),5,,"{'balance': None, 'classify__C': 10.0, 'classify__max_iter': 1000, 'classify__n_jobs': 2, 'classify__penalty': 'l2', 'classify__random_state': 42, 'classify__solver': 'lbfgs', 'classify__tol': 1e-06, 'impute': None, 'select': SelectKBest(score_func=<function mutual_info_classif at 0x147da6670>), 'select__k': 5, 'transform': None}",0.8910875160875161,0.7837837837837838,0.5850984764028243,0.7533232587580413,0.12676278578621536,241,0.8735294117647059,0.8596491228070176,0.6873065015479877,0.806828345373237,0.08470446257007441,391,0.8918918918918919,0.7837837837837838,0.6111111111111112,0.7622622622622623,0.11563403083411387,241
0.019906918207804363,0.0011196748468853457,0.0021663506825764975,4.080248379040427e-05,,10.0,200,2,l2,42,lbfgs,1e-08,SimpleImputer(strategy='median'),SelectKBest(score_func=<function mutual_info_classif at 0x147da6670>),5,,"{'balance': None, 'classify__C': 10.0, 'classify__max_iter': 200, 'classify__n_jobs': 2, 'classify__penalty': 'l2', 'classify__random_state': 42, 'classify__solver': 'lbfgs', 'classify__tol': 1e-08, 'impute': SimpleImputer(strategy='median'), 'select': SelectKBest(score_func=<function mutual_info_classif at 0x147da6670>), 'select__k': 5, 'transform': None}",0.8910875160875161,0.7837837837837838,0.5850984764028243,0.7533232587580413,0.12676278578621536,241,0.8735294117647059,0.8596491228070176,0.6873065015479877,0.806828345373237,0.08470446257007441,391,0.8918918918918919,0.7837837837837838,0.6111111111111112,0.7622622622622623,0.11563403083411387,241
0.02021034558614095,0.0001576827656409042,0.0021605491638183594,4.167349437034776e-05,,10.0,100,2,l2,42,lbfgs,1e-08,SimpleImputer(strategy='median'),SelectKBest(score_func=<function mutual_info_classif at 0x147da6670>),5,,"{'balance': None, 'classify__C': 10.0, 'classify__max_iter': 100, 'classify__n_jobs': 2, 'classify__penalty': 'l2', 'classify__random_state': 42, 'classify__solver': 'lbfgs', 'classify__tol': 1e-08, 'impute': SimpleImputer(strategy='median'), 'select': SelectKBest(score_func=<function mutual_info_classif at 0x147da6670>), 'select__k': 5, 'transform': None}",0.8910875160875161,0.7837837837837838,0.5850984764028243,0.7533232587580413,0.12676278578621536,241,0.8735294117647059,0.8596491228070176,0.6873065015479877,0.806828345373237,0.08470446257007441,391,0.8918918918918919,0.7837837837837838,0.6111111111111112,0.7622622622622623,0.11563403083411387,241
0.01968550682067871,0.0003008283839330985,0.0017007986704508464,2.3181294574901615e-05,,10.0,200,2,l2,42,lbfgs,1e-06,,SelectKBest(score_func=<function mutual_info_classif at 0x147da6670>),5,,"{'balance': None, 'classify__C': 10.0, 'classify__max_iter': 200, 'classify__n_jobs': 2, 'classify__penalty': 'l2', 'classify__random_state': 42, 'classify__solver': 'lbfgs', 'classify__tol': 1e-06, 'impute': None, 'select': SelectKBest(score_func=<function mutual_info_classif at 0x147da6670>), 'select__k': 5, 'transform': None}",0.8910875160875161,0.7837837837837838,0.5850984764028243,0.7533232587580413,0.12676278578621536,241,0.8735294117647059,0.8596491228070176,0.6873065015479877,0.806828345373237,0.08470446257007441,391,0.8918918918918919,0.7837837837837838,0.6111111111111112,0.7622622622622623,0.11563403083411387,241
0.019964933395385742,0.0007257156860682883,0.0023223559061686196,0.00018404188195978179,,100.0,2000,2,l2,42,lbfgs,0.0001,SimpleImputer(strategy='median'),SelectKBest(score_func=<function mutual_info_classif at 0x147da6670>),5,,"{'balance': None, 'classify__C': 100.0, 'classify__max_iter': 2000, 'classify__n_jobs': 2, 'classify__penalty': 'l2', 'classify__random_state': 42, 'classify__solver': 'lbfgs', 'classify__tol': 0.0001, 'impute': SimpleImputer(strategy='median'), 'select': SelectKBest(score_func=<function mutual_info_classif at 0x147da6670>), 'select__k': 5, 'transform': None}",0.8910875160875161,0.7837837837837838,0.5850984764028243,0.7533232587580413,0.12676278578621536,241,0.8705882352941176,0.8596491228070176,0.6780185758513932,0.8027519779841761,0.08831282372421063,421,0.8918918918918919,0.7837837837837838,0.6111111111111112,0.7622622622622623,0.11563403083411387,241
0.01998750368754069,3.826715161794016e-05,0.0020595391591389975,1.1520549774405635e-05,,10.0,200,2,l2,42,lbfgs,1e-06,SimpleImputer(strategy='median'),SelectKBest(score_func=<function mutual_info_classif at 0x147da6670>),5,,"{'balance': None, 'classify__C': 10.0, 'classify__max_iter': 200, 'classify__n_jobs': 2, 'classify__penalty': 'l2', 'classify__random_state': 42, 'classify__solver': 'lbfgs', 'classify__tol': 1e-06, 'impute': SimpleImputer(strategy='median'), 'select': SelectKBest(score_func=<function mutual_info_classif at 0x147da6670>), 'select__k': 5, 'transform': None}",0.8910875160875161,0.7837837837837838,0.5850984764028243,0.7533232587580413,0.12676278578621536,241,0.8735294117647059,0.8596491228070176,0.6873065015479877,0.806828345373237,0.08470446257007441,391,0.8918918918918919,0.7837837837837838,0.6111111111111112,0.7622622622622623,0.11563403083411387,241
0.0196987787882487,0.0008496855800791848,0.002038717269897461,5.2345051070194224e-05,,100.0,2000,2,l2,42,lbfgs,1e-06,,SelectKBest(score_func=<function mutual_info_classif at 0x147da6670>),5,,"{'balance': None, 'classify__C': 100.0, 'classify__max_iter': 2000, 'classify__n_jobs': 2, 'classify__penalty': 'l2', 'classify__random_state': 42, 'classify__solver': 'lbfgs', 'classify__tol': 1e-06, 'impute': None, 'select': SelectKBest(score_func=<function mutual_info_classif at 0x147da6670>), 'select__k': 5, 'transform': None}",0.8910875160875161,0.7837837837837838,0.5850984764028243,0.7533232587580413,0.12676278578621536,241,0.8705882352941176,0.8596491228070176,0.6780185758513932,0.8027519779841761,0.08831282372421063,421,0.8918918918918919,0.7837837837837838,0.6111111111111112,0.7622622622622623,0.11563403083411387,241
0.019648075103759766,0.0009643016792450765,0.0019524097442626953,4.084874065198011e-05,,10.0,1000,2,l2,42,lbfgs,1e-08,,SelectKBest(score_func=<function mutual_info_classif at 0x147da6670>),5,,"{'balance': None, 'classify__C': 10.0, 'classify__max_iter': 1000, 'classify__n_jobs': 2, 'classify__penalty': 'l2', 'classify__random_state': 42, 'classify__solver': 'lbfgs', 'classify__tol': 1e-08, 'impute': None, 'select': SelectKBest(score_func=<function mutual_info_classif at 0x147da6670>), 'select__k': 5, 'transform': None}",0.8910875160875161,0.7837837837837838,0.5850984764028243,0.7533232587580413,0.12676278578621536,241,0.8735294117647059,0.8596491228070176,0.6873065015479877,0.806828345373237,0.08470446257007441,391,0.8918918918918919,0.7837837837837838,0.6111111111111112,0.7622622622622623,0.11563403083411387,241
0.019581715265909832,3.0227071492734988e-05,0.001733700434366862,3.083956583088231e-05,,10.0,200,2,l2,42,lbfgs,0.0001,,SelectKBest(score_func=<function mutual_info_classif at 0x147da6670>),5,,"{'balance': None, 'classify__C': 10.0, 'classify__max_iter': 200, 'classify__n_jobs': 2, 'classify__penalty': 'l2', 'classify__random_state': 42, 'classify__solver': 'lbfgs', 'classify__tol': 0.0001, 'impute': None, 'select': SelectKBest(score_func=<function mutual_info_classif at 0x147da6670>), 'select__k': 5, 'transform': None}",0.8910875160875161,0.7837837837837838,0.5850984764028243,0.7533232587580413,0.12676278578621536,241,0.8735294117647059,0.8596491228070176,0.6873065015479877,0.806828345373237,0.08470446257007441,391,0.8918918918918919,0.7837837837837838,0.6111111111111112,0.7622622622622623,0.11563403083411387,241
0.020033995310465496,0.0005010916634209654,0.0019699732462565103,7.711709865077745e-05,,100.0,500,2,l2,42,lbfgs,0.0001,,SelectKBest(score_func=<function mutual_info_classif at 0x147da6670>),5,,"{'balance': None, 'classify__C': 100.0, 'classify__max_iter': 500, 'classify__n_jobs': 2, 'classify__penalty': 'l2', 'classify__random_state': 42, 'classify__solver': 'lbfgs', 'classify__tol': 0.0001, 'impute': None, 'select': SelectKBest(score_func=<function mutual_info_classif at 0x147da6670>), 'select__k': 5, 'transform': None}",0.8910875160875161,0.7837837837837838,0.5850984764028243,0.7533232587580413,0.12676278578621536,241,0.8705882352941176,0.8596491228070176,0.6780185758513932,0.8027519779841761,0.08831282372421063,421,0.8918918918918919,0.7837837837837838,0.6111111111111112,0.7622622622622623,0.11563403083411387,241
0.020749012629191082,4.023289484179863e-05,0.0023583571116129556,4.7937486149676815e-05,,100.0,500,2,l2,42,lbfgs,1e-06,SimpleImputer(strategy='median'),SelectKBest(score_func=<function mutual_info_classif at 0x147da6670>),5,,"{'balance': None, 'classify__C': 100.0, 'classify__max_iter': 500, 'classify__n_jobs': 2, 'classify__penalty': 'l2', 'classify__random_state': 42, 'classify__solver': 'lbfgs', 'classify__tol': 1e-06, 'impute': SimpleImputer(strategy='median'), 'select': SelectKBest(score_func=<function mutual_info_classif at 0x147da6670>), 'select__k': 5, 'transform': None}",0.8910875160875161,0.7837837837837838,0.5850984764028243,0.7533232587580413,0.12676278578621536,241,0.8705882352941176,0.8596491228070176,0.6780185758513932,0.8027519779841761,0.08831282372421063,421,0.8918918918918919,0.7837837837837838,0.6111111111111112,0.7622622622622623,0.11563403083411387,241
0.019844690958658855,0.0007506683162135845,0.0022613207499186196,4.290930976355834e-05,,10.0,200,2,l2,42,lbfgs,0.0001,SimpleImputer(strategy='median'),SelectKBest(score_func=<function mutual_info_classif at 0x147da6670>),5,,"{'balance': None, 'classify__C': 10.0, 'classify__max_iter': 200, 'classify__n_jobs': 2, 'classify__penalty': 'l2', 'classify__random_state': 42, 'classify__solver': 'lbfgs', 'classify__tol': 0.0001, 'impute': SimpleImputer(strategy='median'), 'select': SelectKBest(score_func=<function mutual_info_classif at 0x147da6670>), 'select__k': 5, 'transform': None}",0.8910875160875161,0.7837837837837838,0.5850984764028243,0.7533232587580413,0.12676278578621536,241,0.8735294117647059,0.8596491228070176,0.6873065015479877,0.806828345373237,0.08470446257007441,391,0.8918918918918919,0.7837837837837838,0.6111111111111112,0.7622622622622623,0.11563403083411387,241
0.020758549372355144,7.49191790707649e-05,0.0021130243937174478,4.133398636898338e-05,,100.0,1000,2,l2,42,lbfgs,1e-06,,SelectKBest(score_func=<function mutual_info_classif at 0x147da6670>),5,,"{'balance': None, 'classify__C': 100.0, 'classify__max_iter': 1000, 'classify__n_jobs': 2, 'classify__penalty': 'l2', 'classify__random_state': 42, 'classify__solver': 'lbfgs', 'classify__tol': 1e-06, 'impute': None, 'select': SelectKBest(score_func=<function mutual_info_classif at 0x147da6670>), 'select__k': 5, 'transform': None}",0.8910875160875161,0.7837837837837838,0.5850984764028243,0.7533232587580413,0.12676278578621536,241,0.8705882352941176,0.8596491228070176,0.6780185758513932,0.8027519779841761,0.08831282372421063,421,0.8918918918918919,0.7837837837837838,0.6111111111111112,0.7622622622622623,0.11563403083411387,241
0.020302851994832356,5.40203866492498e-05,0.0019439856211344402,4.13106009749318e-05,,10.0,500,2,l2,42,lbfgs,1e-08,,SelectKBest(score_func=<function mutual_info_classif at 0x147da6670>),5,,"{'balance': None, 'classify__C': 10.0, 'classify__max_iter': 500, 'classify__n_jobs': 2, 'classify__penalty': 'l2', 'classify__random_state': 42, 'classify__solver': 'lbfgs', 'classify__tol': 1e-08, 'impute': None, 'select': SelectKBest(score_func=<function mutual_info_classif at 0x147da6670>), 'select__k': 5, 'transform': None}",0.8910875160875161,0.7837837837837838,0.5850984764028243,0.7533232587580413,0.12676278578621536,241,0.8735294117647059,0.8596491228070176,0.6873065015479877,0.806828345373237,0.08470446257007441,391,0.8918918918918919,0.7837837837837838,0.6111111111111112,0.7622622622622623,0.11563403083411387,241
0.020946423212687176,0.0001719227026180697,0.002343257268269857,5.2695839862686534e-05,,10.0,500,2,l2,42,lbfgs,0.0001,SimpleImputer(strategy='median'),SelectKBest(score_func=<function mutual_info_classif at 0x147da6670>),5,,"{'balance': None, 'classify__C': 10.0, 'classify__max_iter': 500, 'classify__n_jobs': 2, 'classify__penalty': 'l2', 'classify__random_state': 42, 'classify__solver': 'lbfgs', 'classify__tol': 0.0001, 'impute': SimpleImputer(strategy='median'), 'select': SelectKBest(score_func=<function mutual_info_classif at 0x147da6670>), 'select__k': 5, 'transform': None}",0.8910875160875161,0.7837837837837838,0.5850984764028243,0.7533232587580413,0.12676278578621536,241,0.8735294117647059,0.8596491228070176,0.6873065015479877,0.806828345373237,0.08470446257007441,391,0.8918918918918919,0.7837837837837838,0.6111111111111112,0.7622622622622623,0.11563403083411387,241
0.021325985590616863,8.90776255086743e-05,0.002564112345377604,2.77648191574979e-05,,10.0,500,2,l2,42,lbfgs,1e-08,SimpleImputer(strategy='median'),SelectKBest(score_func=<function mutual_info_classif at 0x147da6670>),5,,"{'balance': None, 'classify__C': 10.0, 'classify__max_iter': 500, 'classify__n_jobs': 2, 'classify__penalty': 'l2', 'classify__random_state': 42, 'classify__solver': 'lbfgs', 'classify__tol': 1e-08, 'impute': SimpleImputer(strategy='median'), 'select': SelectKBest(score_func=<function mutual_info_classif at 0x147da6670>), 'select__k': 5, 'transform': None}",0.8910875160875161,0.7837837837837838,0.5850984764028243,0.7533232587580413,0.12676278578621536,241,0.8735294117647059,0.8596491228070176,0.6873065015479877,0.806828345373237,0.08470446257007441,391,0.8918918918918919,0.7837837837837838,0.6111111111111112,0.7622622622622623,0.11563403083411387,241
0.020629326502482098,0.00017091816857323823,0.002206087112426758,3.75239840741197e-05,,10.0,500,2,l2,42,lbfgs,0.0001,,SelectKBest(score_func=<function mutual_info_classif at 0x147da6670>),5,,"{'balance': None, 'classify__C': 10.0, 'classify__max_iter': 500, 'classify__n_jobs': 2, 'classify__penalty': 'l2', 'classify__random_state': 42, 'classify__solver': 'lbfgs', 'classify__tol': 0.0001, 'impute': None, 'select': SelectKBest(score_func=<function mutual_info_classif at 0x147da6670>), 'select__k': 5, 'transform': None}",0.8910875160875161,0.7837837837837838,0.5850984764028243,0.7533232587580413,0.12676278578621536,241,0.8735294117647059,0.8596491228070176,0.6873065015479877,0.806828345373237,0.08470446257007441,391,0.8918918918918919,0.7837837837837838,0.6111111111111112,0.7622622622622623,0.11563403083411387,241
0.02019476890563965,0.0005129285616601053,0.0022858778635660806,0.00016463688612423311,,10.0,1000,2,l2,42,lbfgs,1e-08,SimpleImputer(strategy='median'),SelectKBest(score_func=<function mutual_info_classif at 0x147da6670>),5,,"{'balance': None, 'classify__C': 10.0, 'classify__max_iter': 1000, 'classify__n_jobs': 2, 'classify__penalty': 'l2', 'classify__random_state': 42, 'classify__solver': 'lbfgs', 'classify__tol': 1e-08, 'impute': SimpleImputer(strategy='median'), 'select': SelectKBest(score_func=<function mutual_info_classif at 0x147da6670>), 'select__k': 5, 'transform': None}",0.8910875160875161,0.7837837837837838,0.5850984764028243,0.7533232587580413,0.12676278578621536,241,0.8735294117647059,0.8596491228070176,0.6873065015479877,0.806828345373237,0.08470446257007441,391,0.8918918918918919,0.7837837837837838,0.6111111111111112,0.7622622622622623,0.11563403083411387,241
0.020938555399576824,0.00012869927259656126,0.002308368682861328,3.764497745798924e-05,,100.0,500,2,l2,42,lbfgs,0.0001,SimpleImputer(strategy='median'),SelectKBest(score_func=<function mutual_info_classif at 0x147da6670>),5,,"{'balance': None, 'classify__C': 100.0, 'classify__max_iter': 500, 'classify__n_jobs': 2, 'classify__penalty': 'l2', 'classify__random_state': 42, 'classify__solver': 'lbfgs', 'classify__tol': 0.0001, 'impute': SimpleImputer(strategy='median'), 'select': SelectKBest(score_func=<function mutual_info_classif at 0x147da6670>), 'select__k': 5, 'transform': None}",0.8910875160875161,0.7837837837837838,0.5850984764028243,0.7533232587580413,0.12676278578621536,241,0.8705882352941176,0.8596491228070176,0.6780185758513932,0.8027519779841761,0.08831282372421063,421,0.8918918918918919,0.7837837837837838,0.6111111111111112,0.7622622622622623,0.11563403083411387,241
0.020390748977661133,0.00011291597205927872,0.002063910166422526,7.02943621253026e-05,,10.0,100,2,l2,42,lbfgs,1e-06,,SelectKBest(score_func=<function mutual_info_classif at 0x147da6670>),5,,"{'balance': None, 'classify__C': 10.0, 'classify__max_iter': 100, 'classify__n_jobs': 2, 'classify__penalty': 'l2', 'classify__random_state': 42, 'classify__solver': 'lbfgs', 'classify__tol': 1e-06, 'impute': None, 'select': SelectKBest(score_func=<function mutual_info_classif at 0x147da6670>), 'select__k': 5, 'transform': None}",0.8910875160875161,0.7837837837837838,0.5850984764028243,0.7533232587580413,0.12676278578621536,241,0.8735294117647059,0.8596491228070176,0.6873065015479877,0.806828345373237,0.08470446257007441,391,0.8918918918918919,0.7837837837837838,0.6111111111111112,0.7622622622622623,0.11563403083411387,241
0.01968836784362793,0.0006026375020493569,0.001820961634318034,6.732735046858525e-05,,10.0,100,2,l2,42,lbfgs,1e-08,,SelectKBest(score_func=<function mutual_info_classif at 0x147da6670>),5,,"{'balance': None, 'classify__C': 10.0, 'classify__max_iter': 100, 'classify__n_jobs': 2, 'classify__penalty': 'l2', 'classify__random_state': 42, 'classify__solver': 'lbfgs', 'classify__tol': 1e-08, 'impute': None, 'select': SelectKBest(score_func=<function mutual_info_classif at 0x147da6670>), 'select__k': 5, 'transform': None}",0.8910875160875161,0.7837837837837838,0.5850984764028243,0.7533232587580413,0.12676278578621536,241,0.8735294117647059,0.8596491228070176,0.6873065015479877,0.806828345373237,0.08470446257007441,391,0.8918918918918919,0.7837837837837838,0.6111111111111112,0.7622622622622623,0.11563403083411387,241
0.019040028254191082,0.0011930350765915066,0.0018266836802164714,0.00010010445068642117,,10.0,2000,2,l2,42,lbfgs,1e-06,,SelectKBest(score_func=<function mutual_info_classif at 0x147da6670>),5,,"{'balance': None, 'classify__C': 10.0, 'classify__max_iter': 2000, 'classify__n_jobs': 2, 'classify__penalty': 'l2', 'classify__random_state': 42, 'classify__solver': 'lbfgs', 'classify__tol': 1e-06, 'impute': None, 'select': SelectKBest(score_func=<function mutual_info_classif at 0x147da6670>), 'select__k': 5, 'transform': None}",0.8910875160875161,0.7837837837837838,0.5850984764028243,0.7533232587580413,0.12676278578621536,241,0.8735294117647059,0.8596491228070176,0.6873065015479877,0.806828345373237,0.08470446257007441,391,0.8918918918918919,0.7837837837837838,0.6111111111111112,0.7622622622622623,0.11563403083411387,241
0.01978723208109538,0.0009152036070761227,0.0019946893056233725,1.6035409666877225e-05,,100.0,1000,2,l2,42,lbfgs,1e-08,,SelectKBest(score_func=<function mutual_info_classif at 0x147da6670>),5,,"{'balance': None, 'classify__C': 100.0, 'classify__max_iter': 1000, 'classify__n_jobs': 2, 'classify__penalty': 'l2', 'classify__random_state': 42, 'classify__solver': 'lbfgs', 'classify__tol': 1e-08, 'impute': None, 'select': SelectKBest(score_func=<function mutual_info_classif at 0x147da6670>), 'select__k': 5, 'transform': None}",0.8910875160875161,0.7837837837837838,0.5850984764028243,0.7533232587580413,0.12676278578621536,241,0.8705882352941176,0.8596491228070176,0.6780185758513932,0.8027519779841761,0.08831282372421063,421,0.8918918918918919,0.7837837837837838,0.6111111111111112,0.7622622622622623,0.11563403083411387,241
0.019991159439086914,0.000700062098879693,0.0020531813303629556,0.00012579968800928315,,100.0,2000,2,l2,42,lbfgs,1e-08,,SelectKBest(score_func=<function mutual_info_classif at 0x147da6670>),5,,"{'balance': None, 'classify__C': 100.0, 'classify__max_iter': 2000, 'classify__n_jobs': 2, 'classify__penalty': 'l2', 'classify__random_state': 42, 'classify__solver': 'lbfgs', 'classify__tol': 1e-08, 'impute': None, 'select': SelectKBest(score_func=<function mutual_info_classif at 0x147da6670>), 'select__k': 5, 'transform': None}",0.8910875160875161,0.7837837837837838,0.5850984764028243,0.7533232587580413,0.12676278578621536,241,0.8705882352941176,0.8596491228070176,0.6780185758513932,0.8027519779841761,0.08831282372421063,421,0.8918918918918919,0.7837837837837838,0.6111111111111112,0.7622622622622623,0.11563403083411387,241
0.02009407679239909,0.00029274852412938633,0.0020485719045003257,4.643242210377986e-05,,100.0,100,2,l2,42,lbfgs,0.0001,,SelectKBest(score_func=<function mutual_info_classif at 0x147da6670>),5,,"{'balance': None, 'classify__C': 100.0, 'classify__max_iter': 100, 'classify__n_jobs': 2, 'classify__penalty': 'l2', 'classify__random_state': 42, 'classify__solver': 'lbfgs', 'classify__tol': 0.0001, 'impute': None, 'select': SelectKBest(score_func=<function mutual_info_classif at 0x147da6670>), 'select__k': 5, 'transform': None}",0.8910875160875161,0.7837837837837838,0.5850984764028243,0.7533232587580413,0.12676278578621536,241,0.8705882352941176,0.8596491228070176,0.6780185758513932,0.8027519779841761,0.08831282372421063,421,0.8918918918918919,0.7837837837837838,0.6111111111111112,0.7622622622622623,0.11563403083411387,241
0.019736051559448242,0.0011028812768093537,0.0020122528076171875,3.9413891538907136e-05,,100.0,2000,2,l2,42,lbfgs,0.0001,,SelectKBest(score_func=<function mutual_info_classif at 0x147da6670>),5,,"{'balance': None, 'classify__C': 100.0, 'classify__max_iter': 2000, 'classify__n_jobs': 2, 'classify__penalty': 'l2', 'classify__random_state': 42, 'classify__solver': 'lbfgs', 'classify__tol': 0.0001, 'impute': None, 'select': SelectKBest(score_func=<function mutual_info_classif at 0x147da6670>), 'select__k': 5, 'transform': None}",0.8910875160875161,0.7837837837837838,0.5850984764028243,0.7533232587580413,0.12676278578621536,241,0.8705882352941176,0.8596491228070176,0.6780185758513932,0.8027519779841761,0.08831282372421063,421,0.8918918918918919,0.7837837837837838,0.6111111111111112,0.7622622622622623,0.11563403083411387,241
0.020593643188476562,0.000579467319483978,0.00244752566019694,8.314699586010338e-06,,100.0,100,2,l2,42,lbfgs,0.0001,SimpleImputer(strategy='median'),SelectKBest(score_func=<function mutual_info_classif at 0x147da6670>),5,,"{'balance': None, 'classify__C': 100.0, 'classify__max_iter': 100, 'classify__n_jobs': 2, 'classify__penalty': 'l2', 'classify__random_state': 42, 'classify__solver': 'lbfgs', 'classify__tol': 0.0001, 'impute': SimpleImputer(strategy='median'), 'select': SelectKBest(score_func=<function mutual_info_classif at 0x147da6670>), 'select__k': 5, 'transform': None}",0.8910875160875161,0.7837837837837838,0.5850984764028243,0.7533232587580413,0.12676278578621536,241,0.8705882352941176,0.8596491228070176,0.6780185758513932,0.8027519779841761,0.08831282372421063,421,0.8918918918918919,0.7837837837837838,0.6111111111111112,0.7622622622622623,0.11563403083411387,241
0.020323753356933594,0.00014656881127418227,0.001985947291056315,7.932386737206977e-05,,100.0,200,2,l2,42,lbfgs,1e-08,,SelectKBest(score_func=<function mutual_info_classif at 0x147da6670>),5,,"{'balance': None, 'classify__C': 100.0, 'classify__max_iter': 200, 'classify__n_jobs': 2, 'classify__penalty': 'l2', 'classify__random_state': 42, 'classify__solver': 'lbfgs', 'classify__tol': 1e-08, 'impute': None, 'select': SelectKBest(score_func=<function mutual_info_classif at 0x147da6670>), 'select__k': 5, 'transform': None}",0.8910875160875161,0.7837837837837838,0.5850984764028243,0.7533232587580413,0.12676278578621536,241,0.8705882352941176,0.8596491228070176,0.6780185758513932,0.8027519779841761,0.08831282372421063,421,0.8918918918918919,0.7837837837837838,0.6111111111111112,0.7622622622622623,0.11563403083411387,241
0.019620895385742188,0.00022424709110463228,0.0020447572072347007,4.621973716806675e-05,,100.0,1000,2,l2,42,lbfgs,0.0001,SimpleImputer(strategy='median'),SelectKBest(score_func=<function mutual_info_classif at 0x147da6670>),5,,"{'balance': None, 'classify__C': 100.0, 'classify__max_iter': 1000, 'classify__n_jobs': 2, 'classify__penalty': 'l2', 'classify__random_state': 42, 'classify__solver': 'lbfgs', 'classify__tol': 0.0001, 'impute': SimpleImputer(strategy='median'), 'select': SelectKBest(score_func=<function mutual_info_classif at 0x147da6670>), 'select__k': 5, 'transform': None}",0.8910875160875161,0.7837837837837838,0.5850984764028243,0.7533232587580413,0.12676278578621536,241,0.8705882352941176,0.8596491228070176,0.6780185758513932,0.8027519779841761,0.08831282372421063,421,0.8918918918918919,0.7837837837837838,0.6111111111111112,0.7622622622622623,0.11563403083411387,241
0.020239988962809246,0.00016531405507221473,0.002142667770385742,7.604244621942772e-05,,100.0,200,2,l2,42,lbfgs,0.0001,SimpleImputer(strategy='median'),SelectKBest(score_func=<function mutual_info_classif at 0x147da6670>),5,,"{'balance': None, 'classify__C': 100.0, 'classify__max_iter': 200, 'classify__n_jobs': 2, 'classify__penalty': 'l2', 'classify__random_state': 42, 'classify__solver': 'lbfgs', 'classify__tol': 0.0001, 'impute': SimpleImputer(strategy='median'), 'select': SelectKBest(score_func=<function mutual_info_classif at 0x147da6670>), 'select__k': 5, 'transform': None}",0.8910875160875161,0.7837837837837838,0.5850984764028243,0.7533232587580413,0.12676278578621536,241,0.8705882352941176,0.8596491228070176,0.6780185758513932,0.8027519779841761,0.08831282372421063,421,0.8918918918918919,0.7837837837837838,0.6111111111111112,0.7622622622622623,0.11563403083411387,241
0.02043000857035319,0.0008155892304752462,0.0023947556813557944,5.490545157015263e-05,,100.0,200,2,l2,42,lbfgs,1e-08,SimpleImputer(strategy='median'),SelectKBest(score_func=<function mutual_info_classif at 0x147da6670>),5,,"{'balance': None, 'classify__C': 100.0, 'classify__max_iter': 200, 'classify__n_jobs': 2, 'classify__penalty': 'l2', 'classify__random_state': 42, 'classify__solver': 'lbfgs', 'classify__tol': 1e-08, 'impute': SimpleImputer(strategy='median'), 'select': SelectKBest(score_func=<function mutual_info_classif at 0x147da6670>), 'select__k': 5, 'transform': None}",0.8910875160875161,0.7837837837837838,0.5850984764028243,0.7533232587580413,0.12676278578621536,241,0.8705882352941176,0.8596491228070176,0.6780185758513932,0.8027519779841761,0.08831282372421063,421,0.8918918918918919,0.7837837837837838,0.6111111111111112,0.7622622622622623,0.11563403083411387,241
0.01997510592142741,3.50922848796057e-05,0.0020192464192708335,4.20867135707483e-05,,100.0,500,2,l2,42,lbfgs,1e-08,SimpleImputer(strategy='median'),SelectKBest(score_func=<function mutual_info_classif at 0x147da6670>),5,,"{'balance': None, 'classify__C': 100.0, 'classify__max_iter': 500, 'classify__n_jobs': 2, 'classify__penalty': 'l2', 'classify__random_state': 42, 'classify__solver': 'lbfgs', 'classify__tol': 1e-08, 'impute': SimpleImputer(strategy='median'), 'select': SelectKBest(score_func=<function mutual_info_classif at 0x147da6670>), 'select__k': 5, 'transform': None}",0.8910875160875161,0.7837837837837838,0.5850984764028243,0.7533232587580413,0.12676278578621536,241,0.8705882352941176,0.8596491228070176,0.6780185758513932,0.8027519779841761,0.08831282372421063,421,0.8918918918918919,0.7837837837837838,0.6111111111111112,0.7622622622622623,0.11563403083411387,241
0.020306507746378582,0.00013441879828884646,0.0019454161326090496,3.877868396461188e-05,,100.0,200,2,l2,42,lbfgs,1e-06,,SelectKBest(score_func=<function mutual_info_classif at 0x147da6670>),5,,"{'balance': None, 'classify__C': 100.0, 'classify__max_iter': 200, 'classify__n_jobs': 2, 'classify__penalty': 'l2', 'classify__random_state': 42, 'classify__solver': 'lbfgs', 'classify__tol': 1e-06, 'impute': None, 'select': SelectKBest(score_func=<function mutual_info_classif at 0x147da6670>), 'select__k': 5, 'transform': None}",0.8910875160875161,0.7837837837837838,0.5850984764028243,0.7533232587580413,0.12676278578621536,241,0.8705882352941176,0.8596491228070176,0.6780185758513932,0.8027519779841761,0.08831282372421063,421,0.8918918918918919,0.7837837837837838,0.6111111111111112,0.7622622622622623,0.11563403083411387,241
0.020612319310506184,0.0003784965008031246,0.00241700808207194,6.655404801789211e-05,,100.0,2000,2,l2,42,lbfgs,1e-08,SimpleImputer(strategy='median'),SelectKBest(score_func=<function mutual_info_classif at 0x147da6670>),5,,"{'balance': None, 'classify__C': 100.0, 'classify__max_iter': 2000, 'classify__n_jobs': 2, 'classify__penalty': 'l2', 'classify__random_state': 42, 'classify__solver': 'lbfgs', 'classify__tol': 1e-08, 'impute': SimpleImputer(strategy='median'), 'select': SelectKBest(score_func=<function mutual_info_classif at 0x147da6670>), 'select__k': 5, 'transform': None}",0.8910875160875161,0.7837837837837838,0.5850984764028243,0.7533232587580413,0.12676278578621536,241,0.8705882352941176,0.8596491228070176,0.6780185758513932,0.8027519779841761,0.08831282372421063,421,0.8918918918918919,0.7837837837837838,0.6111111111111112,0.7622622622622623,0.11563403083411387,241
0.019872347513834637,0.0010173870348021703,0.002216974894205729,0.00012283691908546662,,100.0,200,2,l2,42,lbfgs,1e-06,SimpleImputer(strategy='median'),SelectKBest(score_func=<function mutual_info_classif at 0x147da6670>),5,,"{'balance': None, 'classify__C': 100.0, 'classify__max_iter': 200, 'classify__n_jobs': 2, 'classify__penalty': 'l2', 'classify__random_state': 42, 'classify__solver': 'lbfgs', 'classify__tol': 1e-06, 'impute': SimpleImputer(strategy='median'), 'select': SelectKBest(score_func=<function mutual_info_classif at 0x147da6670>), 'select__k': 5, 'transform': None}",0.8910875160875161,0.7837837837837838,0.5850984764028243,0.7533232587580413,0.12676278578621536,241,0.8705882352941176,0.8596491228070176,0.6780185758513932,0.8027519779841761,0.08831282372421063,421,0.8918918918918919,0.7837837837837838,0.6111111111111112,0.7622622622622623,0.11563403083411387,241
0.020360310872395832,0.0009113453499729033,0.0023630460103352866,2.589986235563746e-05,,100.0,1000,2,l2,42,lbfgs,1e-08,SimpleImputer(strategy='median'),SelectKBest(score_func=<function mutual_info_classif at 0x147da6670>),5,,"{'balance': None, 'classify__C': 100.0, 'classify__max_iter': 1000, 'classify__n_jobs': 2, 'classify__penalty': 'l2', 'classify__random_state': 42, 'classify__solver': 'lbfgs', 'classify__tol': 1e-08, 'impute': SimpleImputer(strategy='median'), 'select': SelectKBest(score_func=<function mutual_info_classif at 0x147da6670>), 'select__k': 5, 'transform': None}",0.8910875160875161,0.7837837837837838,0.5850984764028243,0.7533232587580413,0.12676278578621536,241,0.8705882352941176,0.8596491228070176,0.6780185758513932,0.8027519779841761,0.08831282372421063,421,0.8918918918918919,0.7837837837837838,0.6111111111111112,0.7622622622622623,0.11563403083411387,241
0.02041769027709961,0.00016546489867735748,0.002241929372151693,0.00017387742727847507,,100.0,100,2,l2,42,lbfgs,1e-06,SimpleImputer(strategy='median'),SelectKBest(score_func=<function mutual_info_classif at 0x147da6670>),5,,"{'balance': None, 'classify__C': 100.0, 'classify__max_iter': 100, 'classify__n_jobs': 2, 'classify__penalty': 'l2', 'classify__random_state': 42, 'classify__solver': 'lbfgs', 'classify__tol': 1e-06, 'impute': SimpleImputer(strategy='median'), 'select': SelectKBest(score_func=<function mutual_info_classif at 0x147da6670>), 'select__k': 5, 'transform': None}",0.8910875160875161,0.7837837837837838,0.5850984764028243,0.7533232587580413,0.12676278578621536,241,0.8705882352941176,0.8596491228070176,0.6780185758513932,0.8027519779841761,0.08831282372421063,421,0.8918918918918919,0.7837837837837838,0.6111111111111112,0.7622622622622623,0.11563403083411387,241
0.020796934763590496,0.00016135535016024682,0.0023512045542399087,6.993358780884231e-05,,100.0,2000,2,l2,42,lbfgs,1e-06,SimpleImputer(strategy='median'),SelectKBest(score_func=<function mutual_info_classif at 0x147da6670>),5,,"{'balance': None, 'classify__C': 100.0, 'classify__max_iter': 2000, 'classify__n_jobs': 2, 'classify__penalty': 'l2', 'classify__random_state': 42, 'classify__solver': 'lbfgs', 'classify__tol': 1e-06, 'impute': SimpleImputer(strategy='median'), 'select': SelectKBest(score_func=<function mutual_info_classif at 0x147da6670>), 'select__k': 5, 'transform': None}",0.8910875160875161,0.7837837837837838,0.5850984764028243,0.7533232587580413,0.12676278578621536,241,0.8705882352941176,0.8596491228070176,0.6780185758513932,0.8027519779841761,0.08831282372421063,421,0.8918918918918919,0.7837837837837838,0.6111111111111112,0.7622622622622623,0.11563403083411387,241
0.0208432674407959,0.0003512060781792609,0.0022150675455729165,8.930026857877326e-05,,10.0,500,2,l2,42,lbfgs,1e-06,,SelectKBest(score_func=<function mutual_info_classif at 0x147da6670>),5,,"{'balance': None, 'classify__C': 10.0, 'classify__max_iter': 500, 'classify__n_jobs': 2, 'classify__penalty': 'l2', 'classify__random_state': 42, 'classify__solver': 'lbfgs', 'classify__tol': 1e-06, 'impute': None, 'select': SelectKBest(score_func=<function mutual_info_classif at 0x147da6670>), 'select__k': 5, 'transform': None}",0.8910875160875161,0.7837837837837838,0.5850984764028243,0.7533232587580413,0.12676278578621536,241,0.8735294117647059,0.8596491228070176,0.6873065015479877,0.806828345373237,0.08470446257007441,391,0.8918918918918919,0.7837837837837838,0.6111111111111112,0.7622622622622623,0.11563403083411387,241
0.020155668258666992,0.00024221168632110188,0.0021343231201171875,0.00011651149488612639,,100.0,100,2,l2,42,lbfgs,1e-08,SimpleImputer(strategy='median'),SelectKBest(score_func=<function mutual_info_classif at 0x147da6670>),5,,"{'balance': None, 'classify__C': 100.0, 'classify__max_iter': 100, 'classify__n_jobs': 2, 'classify__penalty': 'l2', 'classify__random_state': 42, 'classify__solver': 'lbfgs', 'classify__tol': 1e-08, 'impute': SimpleImputer(strategy='median'), 'select': SelectKBest(score_func=<function mutual_info_classif at 0x147da6670>), 'select__k': 5, 'transform': None}",0.8910875160875161,0.7837837837837838,0.5850984764028243,0.7533232587580413,0.12676278578621536,241,0.8705882352941176,0.8596491228070176,0.6780185758513932,0.8027519779841761,0.08831282372421063,421,0.8918918918918919,0.7837837837837838,0.6111111111111112,0.7622622622622623,0.11563403083411387,241
0.02001301447550456,0.0006417638964358185,0.002031564712524414,7.358860670515722e-06,,100.0,100,2,l2,42,lbfgs,1e-08,,SelectKBest(score_func=<function mutual_info_classif at 0x147da6670>),5,,"{'balance': None, 'classify__C': 100.0, 'classify__max_iter': 100, 'classify__n_jobs': 2, 'classify__penalty': 'l2', 'classify__random_state': 42, 'classify__solver': 'lbfgs', 'classify__tol': 1e-08, 'impute': None, 'select': SelectKBest(score_func=<function mutual_info_classif at 0x147da6670>), 'select__k': 5, 'transform': None}",0.8910875160875161,0.7837837837837838,0.5850984764028243,0.7533232587580413,0.12676278578621536,241,0.8705882352941176,0.8596491228070176,0.6780185758513932,0.8027519779841761,0.08831282372421063,421,0.8918918918918919,0.7837837837837838,0.6111111111111112,0.7622622622622623,0.11563403083411387,241
0.019629478454589844,0.0005578539291766069,0.001775503158569336,1.4021499136442151e-05,,100.0,1000,2,l2,42,lbfgs,0.0001,,SelectKBest(score_func=<function mutual_info_classif at 0x147da6670>),5,,"{'balance': None, 'classify__C': 100.0, 'classify__max_iter': 1000, 'classify__n_jobs': 2, 'classify__penalty': 'l2', 'classify__random_state': 42, 'classify__solver': 'lbfgs', 'classify__tol': 0.0001, 'impute': None, 'select': SelectKBest(score_func=<function mutual_info_classif at 0x147da6670>), 'select__k': 5, 'transform': None}",0.8910875160875161,0.7837837837837838,0.5850984764028243,0.7533232587580413,0.12676278578621536,241,0.8705882352941176,0.8596491228070176,0.6780185758513932,0.8027519779841761,0.08831282372421063,421,0.8918918918918919,0.7837837837837838,0.6111111111111112,0.7622622622622623,0.11563403083411387,241
0.019847710927327473,4.532726732526353e-05,0.002007643381754557,7.245109594169928e-05,,100.0,500,2,l2,42,lbfgs,1e-08,,SelectKBest(score_func=<function mutual_info_classif at 0x147da6670>),5,,"{'balance': None, 'classify__C': 100.0, 'classify__max_iter': 500, 'classify__n_jobs': 2, 'classify__penalty': 'l2', 'classify__random_state': 42, 'classify__solver': 'lbfgs', 'classify__tol': 1e-08, 'impute': None, 'select': SelectKBest(score_func=<function mutual_info_classif at 0x147da6670>), 'select__k': 5, 'transform': None}",0.8910875160875161,0.7837837837837838,0.5850984764028243,0.7533232587580413,0.12676278578621536,241,0.8705882352941176,0.8596491228070176,0.6780185758513932,0.8027519779841761,0.08831282372421063,421,0.8918918918918919,0.7837837837837838,0.6111111111111112,0.7622622622622623,0.11563403083411387,241
0.020630359649658203,8.653576320738799e-05,0.0022313594818115234,3.265957450912022e-05,,10.0,2000,2,l2,42,lbfgs,1e-06,SimpleImputer(strategy='median'),SelectKBest(score_func=<function mutual_info_classif at 0x147da6670>),5,,"{'balance': None, 'classify__C': 10.0, 'classify__max_iter': 2000, 'classify__n_jobs': 2, 'classify__penalty': 'l2', 'classify__random_state': 42, 'classify__solver': 'lbfgs', 'classify__tol': 1e-06, 'impute': SimpleImputer(strategy='median'), 'select': SelectKBest(score_func=<function mutual_info_classif at 0x147da6670>), 'select__k': 5, 'transform': None}",0.8910875160875161,0.7837837837837838,0.5850984764028243,0.7533232587580413,0.12676278578621536,241,0.8735294117647059,0.8596491228070176,0.6873065015479877,0.806828345373237,0.08470446257007441,391,0.8918918918918919,0.7837837837837838,0.6111111111111112,0.7622622622622623,0.11563403083411387,241
0.020689646402994793,0.0004301406549355163,0.0023806889851888022,4.829426470443861e-05,,10.0,2000,2,l2,42,lbfgs,0.0001,SimpleImputer(strategy='median'),SelectKBest(score_func=<function mutual_info_classif at 0x147da6670>),5,,"{'balance': None, 'classify__C': 10.0, 'classify__max_iter': 2000, 'classify__n_jobs': 2, 'classify__penalty': 'l2', 'classify__random_state': 42, 'classify__solver': 'lbfgs', 'classify__tol': 0.0001, 'impute': SimpleImputer(strategy='median'), 'select': SelectKBest(score_func=<function mutual_info_classif at 0x147da6670>), 'select__k': 5, 'transform': None}",0.8910875160875161,0.7837837837837838,0.5850984764028243,0.7533232587580413,0.12676278578621536,241,0.8735294117647059,0.8596491228070176,0.6873065015479877,0.806828345373237,0.08470446257007441,391,0.8918918918918919,0.7837837837837838,0.6111111111111112,0.7622622622622623,0.11563403083411387,241
0.018596967061360676,0.0011165532515459977,0.001880645751953125,9.646165463942632e-05,,100.0,100,2,l2,42,lbfgs,1e-06,,SelectKBest(score_func=<function mutual_info_classif at 0x147da6670>),5,,"{'balance': None, 'classify__C': 100.0, 'classify__max_iter': 100, 'classify__n_jobs': 2, 'classify__penalty': 'l2', 'classify__random_state': 42, 'classify__solver': 'lbfgs', 'classify__tol': 1e-06, 'impute': None, 'select': SelectKBest(score_func=<function mutual_info_classif at 0x147da6670>), 'select__k': 5, 'transform': None}",0.8910875160875161,0.7837837837837838,0.5850984764028243,0.7533232587580413,0.12676278578621536,241,0.8705882352941176,0.8596491228070176,0.6780185758513932,0.8027519779841761,0.08831282372421063,421,0.8918918918918919,0.7837837837837838,0.6111111111111112,0.7622622622622623,0.11563403083411387,241
0.01803477605183919,0.0006126893409805237,0.001724561055501302,3.136772731230095e-05,,100.0,500,2,l2,42,lbfgs,1e-06,,SelectKBest(score_func=<function mutual_info_classif at 0x147da6670>),5,,"{'balance': None, 'classify__C': 100.0, 'classify__max_iter': 500, 'classify__n_jobs': 2, 'classify__penalty': 'l2', 'classify__random_state': 42, 'classify__solver': 'lbfgs', 'classify__tol': 1e-06, 'impute': None, 'select': SelectKBest(score_func=<function mutual_info_classif at 0x147da6670>), 'select__k': 5, 'transform': None}",0.8910875160875161,0.7837837837837838,0.5850984764028243,0.7533232587580413,0.12676278578621536,241,0.8705882352941176,0.8596491228070176,0.6780185758513932,0.8027519779841761,0.08831282372421063,421,0.8918918918918919,0.7837837837837838,0.6111111111111112,0.7622622622622623,0.11563403083411387,241
0.02037843068440755,8.678028716600085e-05,0.0019930203755696616,0.00014665311796752185,,10.0,2000,2,l2,42,lbfgs,0.0001,,SelectKBest(score_func=<function mutual_info_classif at 0x147da6670>),5,,"{'balance': None, 'classify__C': 10.0, 'classify__max_iter': 2000, 'classify__n_jobs': 2, 'classify__penalty': 'l2', 'classify__random_state': 42, 'classify__solver': 'lbfgs', 'classify__tol': 0.0001, 'impute': None, 'select': SelectKBest(score_func=<function mutual_info_classif at 0x147da6670>), 'select__k': 5, 'transform': None}",0.8910875160875161,0.7837837837837838,0.5850984764028243,0.7533232587580413,0.12676278578621536,241,0.8735294117647059,0.8596491228070176,0.6873065015479877,0.806828345373237,0.08470446257007441,391,0.8918918918918919,0.7837837837837838,0.6111111111111112,0.7622622622622623,0.11563403083411387,241
0.02006808916727702,0.0001711002128575203,0.0020630359649658203,5.047834282001124e-05,,1.0,100,2,l2,42,lbfgs,0.0001,SimpleImputer(strategy='median'),SelectKBest(score_func=<function mutual_info_classif at 0x147da6670>),5,,"{'balance': None, 'classify__C': 1.0, 'classify__max_iter': 100, 'classify__n_jobs': 2, 'classify__penalty': 'l2', 'classify__random_state': 42, 'classify__solver': 'lbfgs', 'classify__tol': 0.0001, 'impute': SimpleImputer(strategy='median'), 'select': SelectKBest(score_func=<function mutual_info_classif at 0x147da6670>), 'select__k': 5, 'transform': None}",0.8910875160875161,0.7828298887122417,0.5850984764028243,0.7530052937341941,0.12668715523154775,301,0.8852941176470589,0.8742690058479533,0.6996904024767803,0.8197511753239309,0.08501501888896654,361,0.8918918918918919,0.7837837837837838,0.6111111111111112,0.7622622622622623,0.11563403083411387,241
0.01993703842163086,0.00014450028008883991,0.0020636717478434243,0.00010661875789773226,,1.0,200,2,l2,42,lbfgs,1e-06,SimpleImputer(strategy='median'),SelectKBest(score_func=<function mutual_info_classif at 0x147da6670>),5,,"{'balance': None, 'classify__C': 1.0, 'classify__max_iter': 200, 'classify__n_jobs': 2, 'classify__penalty': 'l2', 'classify__random_state': 42, 'classify__solver': 'lbfgs', 'classify__tol': 1e-06, 'impute': SimpleImputer(strategy='median'), 'select': SelectKBest(score_func=<function mutual_info_classif at 0x147da6670>), 'select__k': 5, 'transform': None}",0.8910875160875161,0.7828298887122417,0.5850984764028243,0.7530052937341941,0.12668715523154775,301,0.8852941176470589,0.8742690058479533,0.6996904024767803,0.8197511753239309,0.08501501888896654,361,0.8918918918918919,0.7837837837837838,0.6111111111111112,0.7622622622622623,0.11563403083411387,241
0.019414265950520832,0.00014580842057723145,0.001806338628133138,0.00012219447743567468,,1.0,100,2,l2,42,lbfgs,0.0001,,SelectKBest(score_func=<function mutual_info_classif at 0x147da6670>),5,,"{'balance': None, 'classify__C': 1.0, 'classify__max_iter': 100, 'classify__n_jobs': 2, 'classify__penalty': 'l2', 'classify__random_state': 42, 'classify__solver': 'lbfgs', 'classify__tol': 0.0001, 'impute': None, 'select': SelectKBest(score_func=<function mutual_info_classif at 0x147da6670>), 'select__k': 5, 'transform': None}",0.8910875160875161,0.7828298887122417,0.5850984764028243,0.7530052937341941,0.12668715523154775,301,0.8852941176470589,0.8742690058479533,0.6996904024767803,0.8197511753239309,0.08501501888896654,361,0.8918918918918919,0.7837837837837838,0.6111111111111112,0.7622622622622623,0.11563403083411387,241
0.01874264081319173,0.0010518828545582556,0.0017657279968261719,8.237376284368238e-05,,1.0,100,2,l2,42,lbfgs,1e-08,,SelectKBest(score_func=<function mutual_info_classif at 0x147da6670>),5,,"{'balance': None, 'classify__C': 1.0, 'classify__max_iter': 100, 'classify__n_jobs': 2, 'classify__penalty': 'l2', 'classify__random_state': 42, 'classify__solver': 'lbfgs', 'classify__tol': 1e-08, 'impute': None, 'select': SelectKBest(score_func=<function mutual_info_classif at 0x147da6670>), 'select__k': 5, 'transform': None}",0.8910875160875161,0.7828298887122417,0.5850984764028243,0.7530052937341941,0.12668715523154775,301,0.8852941176470589,0.8742690058479533,0.6996904024767803,0.8197511753239309,0.08501501888896654,361,0.8918918918918919,0.7837837837837838,0.6111111111111112,0.7622622622622623,0.11563403083411387,241
0.01978754997253418,2.980136869811963e-05,0.001983483632405599,1.3713156509805132e-05,,1.0,100,2,l2,42,lbfgs,1e-06,SimpleImputer(strategy='median'),SelectKBest(score_func=<function mutual_info_classif at 0x147da6670>),5,,"{'balance': None, 'classify__C': 1.0, 'classify__max_iter': 100, 'classify__n_jobs': 2, 'classify__penalty': 'l2', 'classify__random_state': 42, 'classify__solver': 'lbfgs', 'classify__tol': 1e-06, 'impute': SimpleImputer(strategy='median'), 'select': SelectKBest(score_func=<function mutual_info_classif at 0x147da6670>), 'select__k': 5, 'transform': None}",0.8910875160875161,0.7828298887122417,0.5850984764028243,0.7530052937341941,0.12668715523154775,301,0.8852941176470589,0.8742690058479533,0.6996904024767803,0.8197511753239309,0.08501501888896654,361,0.8918918918918919,0.7837837837837838,0.6111111111111112,0.7622622622622623,0.11563403083411387,241
0.018745263417561848,0.0009365858341793381,0.0017541249593098958,0.00011955613434929539,,1.0,200,2,l2,42,lbfgs,0.0001,,SelectKBest(score_func=<function mutual_info_classif at 0x147da6670>),5,,"{'balance': None, 'classify__C': 1.0, 'classify__max_iter': 200, 'classify__n_jobs': 2, 'classify__penalty': 'l2', 'classify__random_state': 42, 'classify__solver': 'lbfgs', 'classify__tol': 0.0001, 'impute': None, 'select': SelectKBest(score_func=<function mutual_info_classif at 0x147da6670>), 'select__k': 5, 'transform': None}",0.8910875160875161,0.7828298887122417,0.5850984764028243,0.7530052937341941,0.12668715523154775,301,0.8852941176470589,0.8742690058479533,0.6996904024767803,0.8197511753239309,0.08501501888896654,361,0.8918918918918919,0.7837837837837838,0.6111111111111112,0.7622622622622623,0.11563403083411387,241
0.01987036069234212,0.00017967908457686423,0.001941998799641927,0.0001018964176923593,,1.0,200,2,l2,42,lbfgs,1e-06,,SelectKBest(score_func=<function mutual_info_classif at 0x147da6670>),5,,"{'balance': None, 'classify__C': 1.0, 'classify__max_iter': 200, 'classify__n_jobs': 2, 'classify__penalty': 'l2', 'classify__random_state': 42, 'classify__solver': 'lbfgs', 'classify__tol': 1e-06, 'impute': None, 'select': SelectKBest(score_func=<function mutual_info_classif at 0x147da6670>), 'select__k': 5, 'transform': None}",0.8910875160875161,0.7828298887122417,0.5850984764028243,0.7530052937341941,0.12668715523154775,301,0.8852941176470589,0.8742690058479533,0.6996904024767803,0.8197511753239309,0.08501501888896654,361,0.8918918918918919,0.7837837837837838,0.6111111111111112,0.7622622622622623,0.11563403083411387,241
0.018513997395833332,0.0009856872919669234,0.002095381418863932,7.064122512261145e-05,,1.0,200,2,l2,42,lbfgs,1e-08,SimpleImputer(strategy='median'),SelectKBest(score_func=<function mutual_info_classif at 0x147da6670>),5,,"{'balance': None, 'classify__C': 1.0, 'classify__max_iter': 200, 'classify__n_jobs': 2, 'classify__penalty': 'l2', 'classify__random_state': 42, 'classify__solver': 'lbfgs', 'classify__tol': 1e-08, 'impute': SimpleImputer(strategy='median'), 'select': SelectKBest(score_func=<function mutual_info_classif at 0x147da6670>), 'select__k': 5, 'transform': None}",0.8910875160875161,0.7828298887122417,0.5850984764028243,0.7530052937341941,0.12668715523154775,301,0.8852941176470589,0.8742690058479533,0.6996904024767803,0.8197511753239309,0.08501501888896654,361,0.8918918918918919,0.7837837837837838,0.6111111111111112,0.7622622622622623,0.11563403083411387,241
0.019251028696695965,0.00021760798063445215,0.0018020470937093098,0.00012093523746945428,,1.0,100,2,l2,42,lbfgs,1e-06,,SelectKBest(score_func=<function mutual_info_classif at 0x147da6670>),5,,"{'balance': None, 'classify__C': 1.0, 'classify__max_iter': 100, 'classify__n_jobs': 2, 'classify__penalty': 'l2', 'classify__random_state': 42, 'classify__solver': 'lbfgs', 'classify__tol': 1e-06, 'impute': None, 'select': SelectKBest(score_func=<function mutual_info_classif at 0x147da6670>), 'select__k': 5, 'transform': None}",0.8910875160875161,0.7828298887122417,0.5850984764028243,0.7530052937341941,0.12668715523154775,301,0.8852941176470589,0.8742690058479533,0.6996904024767803,0.8197511753239309,0.08501501888896654,361,0.8918918918918919,0.7837837837837838,0.6111111111111112,0.7622622622622623,0.11563403083411387,241
0.01995062828063965,0.00034575988101078934,0.002092440923055013,4.818389083717842e-05,,1.0,200,2,l2,42,lbfgs,0.0001,SimpleImputer(strategy='median'),SelectKBest(score_func=<function mutual_info_classif at 0x147da6670>),5,,"{'balance': None, 'classify__C': 1.0, 'classify__max_iter': 200, 'classify__n_jobs': 2, 'classify__penalty': 'l2', 'classify__random_state': 42, 'classify__solver': 'lbfgs', 'classify__tol': 0.0001, 'impute': SimpleImputer(strategy='median'), 'select': SelectKBest(score_func=<function mutual_info_classif at 0x147da6670>), 'select__k': 5, 'transform': None}",0.8910875160875161,0.7828298887122417,0.5850984764028243,0.7530052937341941,0.12668715523154775,301,0.8852941176470589,0.8742690058479533,0.6996904024767803,0.8197511753239309,0.08501501888896654,361,0.8918918918918919,0.7837837837837838,0.6111111111111112,0.7622622622622623,0.11563403083411387,241
0.019841750462849934,0.00012793837061370923,0.0019853909810384116,7.679998278202016e-05,,1.0,100,2,l2,42,lbfgs,1e-08,SimpleImputer(strategy='median'),SelectKBest(score_func=<function mutual_info_classif at 0x147da6670>),5,,"{'balance': None, 'classify__C': 1.0, 'classify__max_iter': 100, 'classify__n_jobs': 2, 'classify__penalty': 'l2', 'classify__random_state': 42, 'classify__solver': 'lbfgs', 'classify__tol': 1e-08, 'impute': SimpleImputer(strategy='median'), 'select': SelectKBest(score_func=<function mutual_info_classif at 0x147da6670>), 'select__k': 5, 'transform': None}",0.8910875160875161,0.7828298887122417,0.5850984764028243,0.7530052937341941,0.12668715523154775,301,0.8852941176470589,0.8742690058479533,0.6996904024767803,0.8197511753239309,0.08501501888896654,361,0.8918918918918919,0.7837837837837838,0.6111111111111112,0.7622622622622623,0.11563403083411387,241
0.0199282169342041,3.923271716199325e-05,0.002182642618815104,0.0001651140419712703,,1.0,500,2,l2,42,lbfgs,1e-08,SimpleImputer(strategy='median'),SelectKBest(score_func=<function mutual_info_classif at 0x147da6670>),5,,"{'balance': None, 'classify__C': 1.0, 'classify__max_iter': 500, 'classify__n_jobs': 2, 'classify__penalty': 'l2', 'classify__random_state': 42, 'classify__solver': 'lbfgs', 'classify__tol': 1e-08, 'impute': SimpleImputer(strategy='median'), 'select': SelectKBest(score_func=<function mutual_info_classif at 0x147da6670>), 'select__k': 5, 'transform': None}",0.8910875160875161,0.7828298887122417,0.5850984764028243,0.7530052937341941,0.12668715523154775,301,0.8852941176470589,0.8742690058479533,0.6996904024767803,0.8197511753239309,0.08501501888896654,361,0.8918918918918919,0.7837837837837838,0.6111111111111112,0.7622622622622623,0.11563403083411387,241
0.019751469294230144,0.000158498014299523,0.0018788973490397136,8.450682177081602e-05,,1.0,500,2,l2,42,lbfgs,1e-08,,SelectKBest(score_func=<function mutual_info_classif at 0x147da6670>),5,,"{'balance': None, 'classify__C': 1.0, 'classify__max_iter': 500, 'classify__n_jobs': 2, 'classify__penalty': 'l2', 'classify__random_state': 42, 'classify__solver': 'lbfgs', 'classify__tol': 1e-08, 'impute': None, 'select': SelectKBest(score_func=<function mutual_info_classif at 0x147da6670>), 'select__k': 5, 'transform': None}",0.8910875160875161,0.7828298887122417,0.5850984764028243,0.7530052937341941,0.12668715523154775,301,0.8852941176470589,0.8742690058479533,0.6996904024767803,0.8197511753239309,0.08501501888896654,361,0.8918918918918919,0.7837837837837838,0.6111111111111112,0.7622622622622623,0.11563403083411387,241
0.01949898401896159,0.0007538658826231568,0.001897732416788737,2.884853860433248e-05,,1.0,1000,2,l2,42,lbfgs,1e-06,,SelectKBest(score_func=<function mutual_info_classif at 0x147da6670>),5,,"{'balance': None, 'classify__C': 1.0, 'classify__max_iter': 1000, 'classify__n_jobs': 2, 'classify__penalty': 'l2', 'classify__random_state': 42, 'classify__solver': 'lbfgs', 'classify__tol': 1e-06, 'impute': None, 'select': SelectKBest(score_func=<function mutual_info_classif at 0x147da6670>), 'select__k': 5, 'transform': None}",0.8910875160875161,0.7828298887122417,0.5850984764028243,0.7530052937341941,0.12668715523154775,301,0.8852941176470589,0.8742690058479533,0.6996904024767803,0.8197511753239309,0.08501501888896654,361,0.8918918918918919,0.7837837837837838,0.6111111111111112,0.7622622622622623,0.11563403083411387,241
0.020079294840494793,0.0001754788096762953,0.0020020008087158203,1.790945182927866e-05,,1.0,2000,2,l2,42,lbfgs,0.0001,SimpleImputer(strategy='median'),SelectKBest(score_func=<function mutual_info_classif at 0x147da6670>),5,,"{'balance': None, 'classify__C': 1.0, 'classify__max_iter': 2000, 'classify__n_jobs': 2, 'classify__penalty': 'l2', 'classify__random_state': 42, 'classify__solver': 'lbfgs', 'classify__tol': 0.0001, 'impute': SimpleImputer(strategy='median'), 'select': SelectKBest(score_func=<function mutual_info_classif at 0x147da6670>), 'select__k': 5, 'transform': None}",0.8910875160875161,0.7828298887122417,0.5850984764028243,0.7530052937341941,0.12668715523154775,301,0.8852941176470589,0.8742690058479533,0.6996904024767803,0.8197511753239309,0.08501501888896654,361,0.8918918918918919,0.7837837837837838,0.6111111111111112,0.7622622622622623,0.11563403083411387,241
0.020553429921468098,4.4118962772431766e-05,0.0021696090698242188,4.2234871604690944e-05,,1.0,1000,2,l2,42,lbfgs,1e-06,SimpleImputer(strategy='median'),SelectKBest(score_func=<function mutual_info_classif at 0x147da6670>),5,,"{'balance': None, 'classify__C': 1.0, 'classify__max_iter': 1000, 'classify__n_jobs': 2, 'classify__penalty': 'l2', 'classify__random_state': 42, 'classify__solver': 'lbfgs', 'classify__tol': 1e-06, 'impute': SimpleImputer(strategy='median'), 'select': SelectKBest(score_func=<function mutual_info_classif at 0x147da6670>), 'select__k': 5, 'transform': None}",0.8910875160875161,0.7828298887122417,0.5850984764028243,0.7530052937341941,0.12668715523154775,301,0.8852941176470589,0.8742690058479533,0.6996904024767803,0.8197511753239309,0.08501501888896654,361,0.8918918918918919,0.7837837837837838,0.6111111111111112,0.7622622622622623,0.11563403083411387,241
0.020255327224731445,0.0003061218424174233,0.0020492871602376304,0.00011837609837710885,,1.0,1000,2,l2,42,lbfgs,0.0001,,SelectKBest(score_func=<function mutual_info_classif at 0x147da6670>),5,,"{'balance': None, 'classify__C': 1.0, 'classify__max_iter': 1000, 'classify__n_jobs': 2, 'classify__penalty': 'l2', 'classify__random_state': 42, 'classify__solver': 'lbfgs', 'classify__tol': 0.0001, 'impute': None, 'select': SelectKBest(score_func=<function mutual_info_classif at 0x147da6670>), 'select__k': 5, 'transform': None}",0.8910875160875161,0.7828298887122417,0.5850984764028243,0.7530052937341941,0.12668715523154775,301,0.8852941176470589,0.8742690058479533,0.6996904024767803,0.8197511753239309,0.08501501888896654,361,0.8918918918918919,0.7837837837837838,0.6111111111111112,0.7622622622622623,0.11563403083411387,241
0.02084064483642578,0.0002698668733004857,0.002369085947672526,1.1824108704501654e-05,,1.0,1000,2,l2,42,lbfgs,0.0001,SimpleImputer(strategy='median'),SelectKBest(score_func=<function mutual_info_classif at 0x147da6670>),5,,"{'balance': None, 'classify__C': 1.0, 'classify__max_iter': 1000, 'classify__n_jobs': 2, 'classify__penalty': 'l2', 'classify__random_state': 42, 'classify__solver': 'lbfgs', 'classify__tol': 0.0001, 'impute': SimpleImputer(strategy='median'), 'select': SelectKBest(score_func=<function mutual_info_classif at 0x147da6670>), 'select__k': 5, 'transform': None}",0.8910875160875161,0.7828298887122417,0.5850984764028243,0.7530052937341941,0.12668715523154775,301,0.8852941176470589,0.8742690058479533,0.6996904024767803,0.8197511753239309,0.08501501888896654,361,0.8918918918918919,0.7837837837837838,0.6111111111111112,0.7622622622622623,0.11563403083411387,241
0.020785013834635418,0.00016790270021004939,0.0020569165547688804,1.91699344547574e-05,,1.0,2000,2,l2,42,lbfgs,1e-08,,SelectKBest(score_func=<function mutual_info_classif at 0x147da6670>),5,,"{'balance': None, 'classify__C': 1.0, 'classify__max_iter': 2000, 'classify__n_jobs': 2, 'classify__penalty': 'l2', 'classify__random_state': 42, 'classify__solver': 'lbfgs', 'classify__tol': 1e-08, 'impute': None, 'select': SelectKBest(score_func=<function mutual_info_classif at 0x147da6670>), 'select__k': 5, 'transform': None}",0.8910875160875161,0.7828298887122417,0.5850984764028243,0.7530052937341941,0.12668715523154775,301,0.8852941176470589,0.8742690058479533,0.6996904024767803,0.8197511753239309,0.08501501888896654,361,0.8918918918918919,0.7837837837837838,0.6111111111111112,0.7622622622622623,0.11563403083411387,241
0.019145409266153973,0.000466719185358624,0.001996119817097982,4.184878100207674e-05,,1.0,2000,2,l2,42,lbfgs,1e-08,SimpleImputer(strategy='median'),SelectKBest(score_func=<function mutual_info_classif at 0x147da6670>),5,,"{'balance': None, 'classify__C': 1.0, 'classify__max_iter': 2000, 'classify__n_jobs': 2, 'classify__penalty': 'l2', 'classify__random_state': 42, 'classify__solver': 'lbfgs', 'classify__tol': 1e-08, 'impute': SimpleImputer(strategy='median'), 'select': SelectKBest(score_func=<function mutual_info_classif at 0x147da6670>), 'select__k': 5, 'transform': None}",0.8910875160875161,0.7828298887122417,0.5850984764028243,0.7530052937341941,0.12668715523154775,301,0.8852941176470589,0.8742690058479533,0.6996904024767803,0.8197511753239309,0.08501501888896654,361,0.8918918918918919,0.7837837837837838,0.6111111111111112,0.7622622622622623,0.11563403083411387,241
0.01897597312927246,0.0004036462924100091,0.0017029444376627605,2.5055764801131527e-05,,1.0,2000,2,l2,42,lbfgs,1e-06,,SelectKBest(score_func=<function mutual_info_classif at 0x147da6670>),5,,"{'balance': None, 'classify__C': 1.0, 'classify__max_iter': 2000, 'classify__n_jobs': 2, 'classify__penalty': 'l2', 'classify__random_state': 42, 'classify__solver': 'lbfgs', 'classify__tol': 1e-06, 'impute': None, 'select': SelectKBest(score_func=<function mutual_info_classif at 0x147da6670>), 'select__k': 5, 'transform': None}",0.8910875160875161,0.7828298887122417,0.5850984764028243,0.7530052937341941,0.12668715523154775,301,0.8852941176470589,0.8742690058479533,0.6996904024767803,0.8197511753239309,0.08501501888896654,361,0.8918918918918919,0.7837837837837838,0.6111111111111112,0.7622622622622623,0.11563403083411387,241
0.020137945810953777,6.595088673133662e-05,0.002165714899698893,0.00015325503898846375,,1.0,2000,2,l2,42,lbfgs,1e-06,SimpleImputer(strategy='median'),SelectKBest(score_func=<function mutual_info_classif at 0x147da6670>),5,,"{'balance': None, 'classify__C': 1.0, 'classify__max_iter': 2000, 'classify__n_jobs': 2, 'classify__penalty': 'l2', 'classify__random_state': 42, 'classify__solver': 'lbfgs', 'classify__tol': 1e-06, 'impute': SimpleImputer(strategy='median'), 'select': SelectKBest(score_func=<function mutual_info_classif at 0x147da6670>), 'select__k': 5, 'transform': None}",0.8910875160875161,0.7828298887122417,0.5850984764028243,0.7530052937341941,0.12668715523154775,301,0.8852941176470589,0.8742690058479533,0.6996904024767803,0.8197511753239309,0.08501501888896654,361,0.8918918918918919,0.7837837837837838,0.6111111111111112,0.7622622622622623,0.11563403083411387,241
0.01989428202311198,0.00012358676182067267,0.0018083254496256511,4.9552969075601e-05,,1.0,2000,2,l2,42,lbfgs,0.0001,,SelectKBest(score_func=<function mutual_info_classif at 0x147da6670>),5,,"{'balance': None, 'classify__C': 1.0, 'classify__max_iter': 2000, 'classify__n_jobs': 2, 'classify__penalty': 'l2', 'classify__random_state': 42, 'classify__solver': 'lbfgs', 'classify__tol': 0.0001, 'impute': None, 'select': SelectKBest(score_func=<function mutual_info_classif at 0x147da6670>), 'select__k': 5, 'transform': None}",0.8910875160875161,0.7828298887122417,0.5850984764028243,0.7530052937341941,0.12668715523154775,301,0.8852941176470589,0.8742690058479533,0.6996904024767803,0.8197511753239309,0.08501501888896654,361,0.8918918918918919,0.7837837837837838,0.6111111111111112,0.7622622622622623,0.11563403083411387,241
0.020334561665852863,0.0002644514069683656,0.0022074381510416665,3.318351166513058e-05,,1.0,1000,2,l2,42,lbfgs,1e-08,SimpleImputer(strategy='median'),SelectKBest(score_func=<function mutual_info_classif at 0x147da6670>),5,,"{'balance': None, 'classify__C': 1.0, 'classify__max_iter': 1000, 'classify__n_jobs': 2, 'classify__penalty': 'l2', 'classify__random_state': 42, 'classify__solver': 'lbfgs', 'classify__tol': 1e-08, 'impute': SimpleImputer(strategy='median'), 'select': SelectKBest(score_func=<function mutual_info_classif at 0x147da6670>), 'select__k': 5, 'transform': None}",0.8910875160875161,0.7828298887122417,0.5850984764028243,0.7530052937341941,0.12668715523154775,301,0.8852941176470589,0.8742690058479533,0.6996904024767803,0.8197511753239309,0.08501501888896654,361,0.8918918918918919,0.7837837837837838,0.6111111111111112,0.7622622622622623,0.11563403083411387,241
0.020096302032470703,0.00011734522302715364,0.0018439292907714844,2.04401352399376e-05,,1.0,1000,2,l2,42,lbfgs,1e-08,,SelectKBest(score_func=<function mutual_info_classif at 0x147da6670>),5,,"{'balance': None, 'classify__C': 1.0, 'classify__max_iter': 1000, 'classify__n_jobs': 2, 'classify__penalty': 'l2', 'classify__random_state': 42, 'classify__solver': 'lbfgs', 'classify__tol': 1e-08, 'impute': None, 'select': SelectKBest(score_func=<function mutual_info_classif at 0x147da6670>), 'select__k': 5, 'transform': None}",0.8910875160875161,0.7828298887122417,0.5850984764028243,0.7530052937341941,0.12668715523154775,301,0.8852941176470589,0.8742690058479533,0.6996904024767803,0.8197511753239309,0.08501501888896654,361,0.8918918918918919,0.7837837837837838,0.6111111111111112,0.7622622622622623,0.11563403083411387,241
0.020733992258707683,0.00019248598964663927,0.0023763179779052734,0.00021884591896585945,,1.0,500,2,l2,42,lbfgs,0.0001,SimpleImputer(strategy='median'),SelectKBest(score_func=<function mutual_info_classif at 0x147da6670>),5,,"{'balance': None, 'classify__C': 1.0, 'classify__max_iter': 500, 'classify__n_jobs': 2, 'classify__penalty': 'l2', 'classify__random_state': 42, 'classify__solver': 'lbfgs', 'classify__tol': 0.0001, 'impute': SimpleImputer(strategy='median'), 'select': SelectKBest(score_func=<function mutual_info_classif at 0x147da6670>), 'select__k': 5, 'transform': None}",0.8910875160875161,0.7828298887122417,0.5850984764028243,0.7530052937341941,0.12668715523154775,301,0.8852941176470589,0.8742690058479533,0.6996904024767803,0.8197511753239309,0.08501501888896654,361,0.8918918918918919,0.7837837837837838,0.6111111111111112,0.7622622622622623,0.11563403083411387,241
0.019454399744669598,0.0004512104346877316,0.0016933282216389973,2.9293700397758145e-05,,1.0,200,2,l2,42,lbfgs,1e-08,,SelectKBest(score_func=<function mutual_info_classif at 0x147da6670>),5,,"{'balance': None, 'classify__C': 1.0, 'classify__max_iter': 200, 'classify__n_jobs': 2, 'classify__penalty': 'l2', 'classify__random_state': 42, 'classify__solver': 'lbfgs', 'classify__tol': 1e-08, 'impute': None, 'select': SelectKBest(score_func=<function mutual_info_classif at 0x147da6670>), 'select__k': 5, 'transform': None}",0.8910875160875161,0.7828298887122417,0.5850984764028243,0.7530052937341941,0.12668715523154775,301,0.8852941176470589,0.8742690058479533,0.6996904024767803,0.8197511753239309,0.08501501888896654,361,0.8918918918918919,0.7837837837837838,0.6111111111111112,0.7622622622622623,0.11563403083411387,241
0.019962072372436523,0.0005148712007890873,0.0019860267639160156,0.00011497923946047136,,1.0,500,2,l2,42,lbfgs,1e-06,,SelectKBest(score_func=<function mutual_info_classif at 0x147da6670>),5,,"{'balance': None, 'classify__C': 1.0, 'classify__max_iter': 500, 'classify__n_jobs': 2, 'classify__penalty': 'l2', 'classify__random_state': 42, 'classify__solver': 'lbfgs', 'classify__tol': 1e-06, 'impute': None, 'select': SelectKBest(score_func=<function mutual_info_classif at 0x147da6670>), 'select__k': 5, 'transform': None}",0.8910875160875161,0.7828298887122417,0.5850984764028243,0.7530052937341941,0.12668715523154775,301,0.8852941176470589,0.8742690058479533,0.6996904024767803,0.8197511753239309,0.08501501888896654,361,0.8918918918918919,0.7837837837837838,0.6111111111111112,0.7622622622622623,0.11563403083411387,241
0.01910122235616048,0.0008988458710095487,0.0020569165547688804,4.281692050296313e-05,,1.0,500,2,l2,42,lbfgs,0.0001,,SelectKBest(score_func=<function mutual_info_classif at 0x147da6670>),5,,"{'balance': None, 'classify__C': 1.0, 'classify__max_iter': 500, 'classify__n_jobs': 2, 'classify__penalty': 'l2', 'classify__random_state': 42, 'classify__solver': 'lbfgs', 'classify__tol': 0.0001, 'impute': None, 'select': SelectKBest(score_func=<function mutual_info_classif at 0x147da6670>), 'select__k': 5, 'transform': None}",0.8910875160875161,0.7828298887122417,0.5850984764028243,0.7530052937341941,0.12668715523154775,301,0.8852941176470589,0.8742690058479533,0.6996904024767803,0.8197511753239309,0.08501501888896654,361,0.8918918918918919,0.7837837837837838,0.6111111111111112,0.7622622622622623,0.11563403083411387,241
0.02011736234029134,0.0006396867879927805,0.002313693364461263,5.8547607736165246e-05,,1.0,500,2,l2,42,lbfgs,1e-06,SimpleImputer(strategy='median'),SelectKBest(score_func=<function mutual_info_classif at 0x147da6670>),5,,"{'balance': None, 'classify__C': 1.0, 'classify__max_iter': 500, 'classify__n_jobs': 2, 'classify__penalty': 'l2', 'classify__random_state': 42, 'classify__solver': 'lbfgs', 'classify__tol': 1e-06, 'impute': SimpleImputer(strategy='median'), 'select': SelectKBest(score_func=<function mutual_info_classif at 0x147da6670>), 'select__k': 5, 'transform': None}",0.8910875160875161,0.7828298887122417,0.5850984764028243,0.7530052937341941,0.12668715523154775,301,0.8852941176470589,0.8742690058479533,0.6996904024767803,0.8197511753239309,0.08501501888896654,361,0.8918918918918919,0.7837837837837838,0.6111111111111112,0.7622622622622623,0.11563403083411387,241
0.019687732060750324,0.00028670303094596885,0.002329587936401367,0.00018821995460178187,,0.1,100,2,l2,42,lbfgs,1e-08,SimpleImputer(strategy='median'),SelectKBest(score_func=<function mutual_info_classif at 0x147da6670>),5,,"{'balance': None, 'classify__C': 0.1, 'classify__max_iter': 100, 'classify__n_jobs': 2, 'classify__penalty': 'l2', 'classify__random_state': 42, 'classify__solver': 'lbfgs', 'classify__tol': 1e-08, 'impute': SimpleImputer(strategy='median'), 'select': SelectKBest(score_func=<function mutual_info_classif at 0x147da6670>), 'select__k': 5, 'transform': None}",0.774718818197079,0.8091328579133457,0.5850984764028243,0.722983384171083,0.09850640376846606,331,0.9147058823529413,0.8771929824561403,0.7089783281733746,0.8336257309941519,0.08945962101097427,301,0.7837837837837838,0.8108108108108109,0.6111111111111112,0.7352352352352353,0.08845983529137443,331
0.01989301045735677,8.692688935112779e-05,0.0018259684244791667,9.616524715040248e-05,,0.1,200,2,l2,42,lbfgs,0.0001,,SelectKBest(score_func=<function mutual_info_classif at 0x147da6670>),5,,"{'balance': None, 'classify__C': 0.1, 'classify__max_iter': 200, 'classify__n_jobs': 2, 'classify__penalty': 'l2', 'classify__random_state': 42, 'classify__solver': 'lbfgs', 'classify__tol': 0.0001, 'impute': None, 'select': SelectKBest(score_func=<function mutual_info_classif at 0x147da6670>), 'select__k': 5, 'transform': None}",0.774718818197079,0.8091328579133457,0.5850984764028243,0.722983384171083,0.09850640376846606,331,0.9147058823529413,0.8771929824561403,0.7089783281733746,0.8336257309941519,0.08945962101097427,301,0.7837837837837838,0.8108108108108109,0.6111111111111112,0.7352352352352353,0.08845983529137443,331
0.020345369974772137,4.4408336044206356e-05,0.0020798842112223306,6.123918878795162e-05,,0.1,200,2,l2,42,lbfgs,0.0001,SimpleImputer(strategy='median'),SelectKBest(score_func=<function mutual_info_classif at 0x147da6670>),5,,"{'balance': None, 'classify__C': 0.1, 'classify__max_iter': 200, 'classify__n_jobs': 2, 'classify__penalty': 'l2', 'classify__random_state': 42, 'classify__solver': 'lbfgs', 'classify__tol': 0.0001, 'impute': SimpleImputer(strategy='median'), 'select': SelectKBest(score_func=<function mutual_info_classif at 0x147da6670>), 'select__k': 5, 'transform': None}",0.774718818197079,0.8091328579133457,0.5850984764028243,0.722983384171083,0.09850640376846606,331,0.9147058823529413,0.8771929824561403,0.7089783281733746,0.8336257309941519,0.08945962101097427,301,0.7837837837837838,0.8108108108108109,0.6111111111111112,0.7352352352352353,0.08845983529137443,331
0.019826094309488933,0.000310716055009707,0.002050638198852539,8.959612439796646e-05,,0.1,2000,2,l2,42,lbfgs,1e-06,SimpleImputer(strategy='median'),SelectKBest(score_func=<function mutual_info_classif at 0x147da6670>),5,,"{'balance': None, 'classify__C': 0.1, 'classify__max_iter': 2000, 'classify__n_jobs': 2, 'classify__penalty': 'l2', 'classify__random_state': 42, 'classify__solver': 'lbfgs', 'classify__tol': 1e-06, 'impute': SimpleImputer(strategy='median'), 'select': SelectKBest(score_func=<function mutual_info_classif at 0x147da6670>), 'select__k': 5, 'transform': None}",0.774718818197079,0.8091328579133457,0.5850984764028243,0.722983384171083,0.09850640376846606,331,0.9147058823529413,0.8771929824561403,0.7089783281733746,0.8336257309941519,0.08945962101097427,301,0.7837837837837838,0.8108108108108109,0.6111111111111112,0.7352352352352353,0.08845983529137443,331
0.0199130376180013,0.00017512049762871015,0.0021800994873046875,0.0002065172869219156,,0.1,500,2,l2,42,lbfgs,1e-08,SimpleImputer(strategy='median'),SelectKBest(score_func=<function mutual_info_classif at 0x147da6670>),5,,"{'balance': None, 'classify__C': 0.1, 'classify__max_iter': 500, 'classify__n_jobs': 2, 'classify__penalty': 'l2', 'classify__random_state': 42, 'classify__solver': 'lbfgs', 'classify__tol': 1e-08, 'impute': SimpleImputer(strategy='median'), 'select': SelectKBest(score_func=<function mutual_info_classif at 0x147da6670>), 'select__k': 5, 'transform': None}",0.774718818197079,0.8091328579133457,0.5850984764028243,0.722983384171083,0.09850640376846606,331,0.9147058823529413,0.8771929824561403,0.7089783281733746,0.8336257309941519,0.08945962101097427,301,0.7837837837837838,0.8108108108108109,0.6111111111111112,0.7352352352352353,0.08845983529137443,331
0.019632816314697266,0.00020899134929436728,0.0017213026682535808,3.5542942655799555e-05,,0.1,500,2,l2,42,lbfgs,1e-06,,SelectKBest(score_func=<function mutual_info_classif at 0x147da6670>),5,,"{'balance': None, 'classify__C': 0.1, 'classify__max_iter': 500, 'classify__n_jobs': 2, 'classify__penalty': 'l2', 'classify__random_state': 42, 'classify__solver': 'lbfgs', 'classify__tol': 1e-06, 'impute': None, 'select': SelectKBest(score_func=<function mutual_info_classif at 0x147da6670>), 'select__k': 5, 'transform': None}",0.774718818197079,0.8091328579133457,0.5850984764028243,0.722983384171083,0.09850640376846606,331,0.9147058823529413,0.8771929824561403,0.7089783281733746,0.8336257309941519,0.08945962101097427,301,0.7837837837837838,0.8108108108108109,0.6111111111111112,0.7352352352352353,0.08845983529137443,331
0.0193326473236084,0.0002107356811619889,0.002027273178100586,1.6199602373949297e-05,,0.1,500,2,l2,42,lbfgs,1e-06,SimpleImputer(strategy='median'),SelectKBest(score_func=<function mutual_info_classif at 0x147da6670>),5,,"{'balance': None, 'classify__C': 0.1, 'classify__max_iter': 500, 'classify__n_jobs': 2, 'classify__penalty': 'l2', 'classify__random_state': 42, 'classify__solver': 'lbfgs', 'classify__tol': 1e-06, 'impute': SimpleImputer(strategy='median'), 'select': SelectKBest(score_func=<function mutual_info_classif at 0x147da6670>), 'select__k': 5, 'transform': None}",0.774718818197079,0.8091328579133457,0.5850984764028243,0.722983384171083,0.09850640376846606,331,0.9147058823529413,0.8771929824561403,0.7089783281733746,0.8336257309941519,0.08945962101097427,301,0.7837837837837838,0.8108108108108109,0.6111111111111112,0.7352352352352353,0.08845983529137443,331
0.020029226938883465,1.640917302024141e-05,0.0018523534138997395,2.6940478909730886e-05,,0.1,500,2,l2,42,lbfgs,0.0001,,SelectKBest(score_func=<function mutual_info_classif at 0x147da6670>),5,,"{'balance': None, 'classify__C': 0.1, 'classify__max_iter': 500, 'classify__n_jobs': 2, 'classify__penalty': 'l2', 'classify__random_state': 42, 'classify__solver': 'lbfgs', 'classify__tol': 0.0001, 'impute': None, 'select': SelectKBest(score_func=<function mutual_info_classif at 0x147da6670>), 'select__k': 5, 'transform': None}",0.774718818197079,0.8091328579133457,0.5850984764028243,0.722983384171083,0.09850640376846606,331,0.9147058823529413,0.8771929824561403,0.7089783281733746,0.8336257309941519,0.08945962101097427,301,0.7837837837837838,0.8108108108108109,0.6111111111111112,0.7352352352352353,0.08845983529137443,331
0.019724686940511067,0.0001736903303175068,0.0017736752827962239,5.792159539442735e-05,,0.1,2000,2,l2,42,lbfgs,0.0001,,SelectKBest(score_func=<function mutual_info_classif at 0x147da6670>),5,,"{'balance': None, 'classify__C': 0.1, 'classify__max_iter': 2000, 'classify__n_jobs': 2, 'classify__penalty': 'l2', 'classify__random_state': 42, 'classify__solver': 'lbfgs', 'classify__tol': 0.0001, 'impute': None, 'select': SelectKBest(score_func=<function mutual_info_classif at 0x147da6670>), 'select__k': 5, 'transform': None}",0.774718818197079,0.8091328579133457,0.5850984764028243,0.722983384171083,0.09850640376846606,331,0.9147058823529413,0.8771929824561403,0.7089783281733746,0.8336257309941519,0.08945962101097427,301,0.7837837837837838,0.8108108108108109,0.6111111111111112,0.7352352352352353,0.08845983529137443,331
0.020385344823201496,6.417589658128541e-05,0.0022319157918294272,0.0001216246891057971,,0.1,500,2,l2,42,lbfgs,0.0001,SimpleImputer(strategy='median'),SelectKBest(score_func=<function mutual_info_classif at 0x147da6670>),5,,"{'balance': None, 'classify__C': 0.1, 'classify__max_iter': 500, 'classify__n_jobs': 2, 'classify__penalty': 'l2', 'classify__random_state': 42, 'classify__solver': 'lbfgs', 'classify__tol': 0.0001, 'impute': SimpleImputer(strategy='median'), 'select': SelectKBest(score_func=<function mutual_info_classif at 0x147da6670>), 'select__k': 5, 'transform': None}",0.774718818197079,0.8091328579133457,0.5850984764028243,0.722983384171083,0.09850640376846606,331,0.9147058823529413,0.8771929824561403,0.7089783281733746,0.8336257309941519,0.08945962101097427,301,0.7837837837837838,0.8108108108108109,0.6111111111111112,0.7352352352352353,0.08845983529137443,331
0.02030460039774577,0.00020164070341731504,0.0020157496134440103,8.524952568101324e-05,,0.1,1000,2,l2,42,lbfgs,1e-08,,SelectKBest(score_func=<function mutual_info_classif at 0x147da6670>),5,,"{'balance': None, 'classify__C': 0.1, 'classify__max_iter': 1000, 'classify__n_jobs': 2, 'classify__penalty': 'l2', 'classify__random_state': 42, 'classify__solver': 'lbfgs', 'classify__tol': 1e-08, 'impute': None, 'select': SelectKBest(score_func=<function mutual_info_classif at 0x147da6670>), 'select__k': 5, 'transform': None}",0.774718818197079,0.8091328579133457,0.5850984764028243,0.722983384171083,0.09850640376846606,331,0.9147058823529413,0.8771929824561403,0.7089783281733746,0.8336257309941519,0.08945962101097427,301,0.7837837837837838,0.8108108108108109,0.6111111111111112,0.7352352352352353,0.08845983529137443,331
0.020851691563924152,8.99619432626778e-05,0.0023626486460367837,5.070057025302323e-05,,0.1,1000,2,l2,42,lbfgs,1e-08,SimpleImputer(strategy='median'),SelectKBest(score_func=<function mutual_info_classif at 0x147da6670>),5,,"{'balance': None, 'classify__C': 0.1, 'classify__max_iter': 1000, 'classify__n_jobs': 2, 'classify__penalty': 'l2', 'classify__random_state': 42, 'classify__solver': 'lbfgs', 'classify__tol': 1e-08, 'impute': SimpleImputer(strategy='median'), 'select': SelectKBest(score_func=<function mutual_info_classif at 0x147da6670>), 'select__k': 5, 'transform': None}",0.774718818197079,0.8091328579133457,0.5850984764028243,0.722983384171083,0.09850640376846606,331,0.9147058823529413,0.8771929824561403,0.7089783281733746,0.8336257309941519,0.08945962101097427,301,0.7837837837837838,0.8108108108108109,0.6111111111111112,0.7352352352352353,0.08845983529137443,331
0.019504865010579426,0.0007006167119630131,0.002043565114339193,7.229034096636255e-05,,0.1,1000,2,l2,42,lbfgs,1e-06,,SelectKBest(score_func=<function mutual_info_classif at 0x147da6670>),5,,"{'balance': None, 'classify__C': 0.1, 'classify__max_iter': 1000, 'classify__n_jobs': 2, 'classify__penalty': 'l2', 'classify__random_state': 42, 'classify__solver': 'lbfgs', 'classify__tol': 1e-06, 'impute': None, 'select': SelectKBest(score_func=<function mutual_info_classif at 0x147da6670>), 'select__k': 5, 'transform': None}",0.774718818197079,0.8091328579133457,0.5850984764028243,0.722983384171083,0.09850640376846606,331,0.9147058823529413,0.8771929824561403,0.7089783281733746,0.8336257309941519,0.08945962101097427,301,0.7837837837837838,0.8108108108108109,0.6111111111111112,0.7352352352352353,0.08845983529137443,331
0.02024992307027181,0.0003254469982430522,0.002022981643676758,4.907486087901538e-05,,0.1,1000,2,l2,42,lbfgs,0.0001,,SelectKBest(score_func=<function mutual_info_classif at 0x147da6670>),5,,"{'balance': None, 'classify__C': 0.1, 'classify__max_iter': 1000, 'classify__n_jobs': 2, 'classify__penalty': 'l2', 'classify__random_state': 42, 'classify__solver': 'lbfgs', 'classify__tol': 0.0001, 'impute': None, 'select': SelectKBest(score_func=<function mutual_info_classif at 0x147da6670>), 'select__k': 5, 'transform': None}",0.774718818197079,0.8091328579133457,0.5850984764028243,0.722983384171083,0.09850640376846606,331,0.9147058823529413,0.8771929824561403,0.7089783281733746,0.8336257309941519,0.08945962101097427,301,0.7837837837837838,0.8108108108108109,0.6111111111111112,0.7352352352352353,0.08845983529137443,331
0.020491600036621094,0.0005723742392500581,0.002381404240926107,6.71275214186017e-05,,0.1,1000,2,l2,42,lbfgs,1e-06,SimpleImputer(strategy='median'),SelectKBest(score_func=<function mutual_info_classif at 0x147da6670>),5,,"{'balance': None, 'classify__C': 0.1, 'classify__max_iter': 1000, 'classify__n_jobs': 2, 'classify__penalty': 'l2', 'classify__random_state': 42, 'classify__solver': 'lbfgs', 'classify__tol': 1e-06, 'impute': SimpleImputer(strategy='median'), 'select': SelectKBest(score_func=<function mutual_info_classif at 0x147da6670>), 'select__k': 5, 'transform': None}",0.774718818197079,0.8091328579133457,0.5850984764028243,0.722983384171083,0.09850640376846606,331,0.9147058823529413,0.8771929824561403,0.7089783281733746,0.8336257309941519,0.08945962101097427,301,0.7837837837837838,0.8108108108108109,0.6111111111111112,0.7352352352352353,0.08845983529137443,331
0.02014931042989095,0.00021653205747699012,0.0020939509073893228,3.133206784744684e-05,,0.1,200,2,l2,42,lbfgs,1e-06,SimpleImputer(strategy='median'),SelectKBest(score_func=<function mutual_info_classif at 0x147da6670>),5,,"{'balance': None, 'classify__C': 0.1, 'classify__max_iter': 200, 'classify__n_jobs': 2, 'classify__penalty': 'l2', 'classify__random_state': 42, 'classify__solver': 'lbfgs', 'classify__tol': 1e-06, 'impute': SimpleImputer(strategy='median'), 'select': SelectKBest(score_func=<function mutual_info_classif at 0x147da6670>), 'select__k': 5, 'transform': None}",0.774718818197079,0.8091328579133457,0.5850984764028243,0.722983384171083,0.09850640376846606,331,0.9147058823529413,0.8771929824561403,0.7089783281733746,0.8336257309941519,0.08945962101097427,301,0.7837837837837838,0.8108108108108109,0.6111111111111112,0.7352352352352353,0.08845983529137443,331
0.021274010340372723,5.0798390471314134e-05,0.002486069997151693,3.0367161017182022e-05,,0.1,1000,2,l2,42,lbfgs,0.0001,SimpleImputer(strategy='median'),SelectKBest(score_func=<function mutual_info_classif at 0x147da6670>),5,,"{'balance': None, 'classify__C': 0.1, 'classify__max_iter': 1000, 'classify__n_jobs': 2, 'classify__penalty': 'l2', 'classify__random_state': 42, 'classify__solver': 'lbfgs', 'classify__tol': 0.0001, 'impute': SimpleImputer(strategy='median'), 'select': SelectKBest(score_func=<function mutual_info_classif at 0x147da6670>), 'select__k': 5, 'transform': None}",0.774718818197079,0.8091328579133457,0.5850984764028243,0.722983384171083,0.09850640376846606,331,0.9147058823529413,0.8771929824561403,0.7089783281733746,0.8336257309941519,0.08945962101097427,301,0.7837837837837838,0.8108108108108109,0.6111111111111112,0.7352352352352353,0.08845983529137443,331
0.019970258076985676,0.00011003653850130285,0.0018284320831298828,2.75432799084703e-05,,0.1,500,2,l2,42,lbfgs,1e-08,,SelectKBest(score_func=<function mutual_info_classif at 0x147da6670>),5,,"{'balance': None, 'classify__C': 0.1, 'classify__max_iter': 500, 'classify__n_jobs': 2, 'classify__penalty': 'l2', 'classify__random_state': 42, 'classify__solver': 'lbfgs', 'classify__tol': 1e-08, 'impute': None, 'select': SelectKBest(score_func=<function mutual_info_classif at 0x147da6670>), 'select__k': 5, 'transform': None}",0.774718818197079,0.8091328579133457,0.5850984764028243,0.722983384171083,0.09850640376846606,331,0.9147058823529413,0.8771929824561403,0.7089783281733746,0.8336257309941519,0.08945962101097427,301,0.7837837837837838,0.8108108108108109,0.6111111111111112,0.7352352352352353,0.08845983529137443,331
0.019405285517374676,0.0008176565392365618,0.0017917950948079426,6.778284883316482e-05,,0.1,2000,2,l2,42,lbfgs,1e-06,,SelectKBest(score_func=<function mutual_info_classif at 0x147da6670>),5,,"{'balance': None, 'classify__C': 0.1, 'classify__max_iter': 2000, 'classify__n_jobs': 2, 'classify__penalty': 'l2', 'classify__random_state': 42, 'classify__solver': 'lbfgs', 'classify__tol': 1e-06, 'impute': None, 'select': SelectKBest(score_func=<function mutual_info_classif at 0x147da6670>), 'select__k': 5, 'transform': None}",0.774718818197079,0.8091328579133457,0.5850984764028243,0.722983384171083,0.09850640376846606,331,0.9147058823529413,0.8771929824561403,0.7089783281733746,0.8336257309941519,0.08945962101097427,301,0.7837837837837838,0.8108108108108109,0.6111111111111112,0.7352352352352353,0.08845983529137443,331
0.01953864097595215,0.0004129250565939798,0.0017536481221516926,3.3729465115104765e-05,,0.1,100,2,l2,42,lbfgs,1e-08,,SelectKBest(score_func=<function mutual_info_classif at 0x147da6670>),5,,"{'balance': None, 'classify__C': 0.1, 'classify__max_iter': 100, 'classify__n_jobs': 2, 'classify__penalty': 'l2', 'classify__random_state': 42, 'classify__solver': 'lbfgs', 'classify__tol': 1e-08, 'impute': None, 'select': SelectKBest(score_func=<function mutual_info_classif at 0x147da6670>), 'select__k': 5, 'transform': None}",0.774718818197079,0.8091328579133457,0.5850984764028243,0.722983384171083,0.09850640376846606,331,0.9147058823529413,0.8771929824561403,0.7089783281733746,0.8336257309941519,0.08945962101097427,301,0.7837837837837838,0.8108108108108109,0.6111111111111112,0.7352352352352353,0.08845983529137443,331
0.01972333590189616,0.00022904356677488428,0.0017230510711669922,2.492662158739538e-05,,0.1,100,2,l2,42,lbfgs,1e-06,,SelectKBest(score_func=<function mutual_info_classif at 0x147da6670>),5,,"{'balance': None, 'classify__C': 0.1, 'classify__max_iter': 100, 'classify__n_jobs': 2, 'classify__penalty': 'l2', 'classify__random_state': 42, 'classify__solver': 'lbfgs', 'classify__tol': 1e-06, 'impute': None, 'select': SelectKBest(score_func=<function mutual_info_classif at 0x147da6670>), 'select__k': 5, 'transform': None}",0.774718818197079,0.8091328579133457,0.5850984764028243,0.722983384171083,0.09850640376846606,331,0.9147058823529413,0.8771929824561403,0.7089783281733746,0.8336257309941519,0.08945962101097427,301,0.7837837837837838,0.8108108108108109,0.6111111111111112,0.7352352352352353,0.08845983529137443,331
0.019896586736043293,0.0007742247378843149,0.0022011597951253257,2.8075636651862337e-05,,0.1,2000,2,l2,42,lbfgs,1e-08,SimpleImputer(strategy='median'),SelectKBest(score_func=<function mutual_info_classif at 0x147da6670>),5,,"{'balance': None, 'classify__C': 0.1, 'classify__max_iter': 2000, 'classify__n_jobs': 2, 'classify__penalty': 'l2', 'classify__random_state': 42, 'classify__solver': 'lbfgs', 'classify__tol': 1e-08, 'impute': SimpleImputer(strategy='median'), 'select': SelectKBest(score_func=<function mutual_info_classif at 0x147da6670>), 'select__k': 5, 'transform': None}",0.774718818197079,0.8091328579133457,0.5850984764028243,0.722983384171083,0.09850640376846606,331,0.9147058823529413,0.8771929824561403,0.7089783281733746,0.8336257309941519,0.08945962101097427,301,0.7837837837837838,0.8108108108108109,0.6111111111111112,0.7352352352352353,0.08845983529137443,331
0.019778013229370117,0.00040307921497064917,0.002228260040283203,0.00013079006697847223,,0.1,100,2,l2,42,lbfgs,1e-06,SimpleImputer(strategy='median'),SelectKBest(score_func=<function mutual_info_classif at 0x147da6670>),5,,"{'balance': None, 'classify__C': 0.1, 'classify__max_iter': 100, 'classify__n_jobs': 2, 'classify__penalty': 'l2', 'classify__random_state': 42, 'classify__solver': 'lbfgs', 'classify__tol': 1e-06, 'impute': SimpleImputer(strategy='median'), 'select': SelectKBest(score_func=<function mutual_info_classif at 0x147da6670>), 'select__k': 5, 'transform': None}",0.774718818197079,0.8091328579133457,0.5850984764028243,0.722983384171083,0.09850640376846606,331,0.9147058823529413,0.8771929824561403,0.7089783281733746,0.8336257309941519,0.08945962101097427,301,0.7837837837837838,0.8108108108108109,0.6111111111111112,0.7352352352352353,0.08845983529137443,331
0.02015097935994466,0.0003786299891965033,0.002001682917277018,9.054850400270928e-05,,0.1,100,2,l2,42,lbfgs,0.0001,,SelectKBest(score_func=<function mutual_info_classif at 0x147da6670>),5,,"{'balance': None, 'classify__C': 0.1, 'classify__max_iter': 100, 'classify__n_jobs': 2, 'classify__penalty': 'l2', 'classify__random_state': 42, 'classify__solver': 'lbfgs', 'classify__tol': 0.0001, 'impute': None, 'select': SelectKBest(score_func=<function mutual_info_classif at 0x147da6670>), 'select__k': 5, 'transform': None}",0.774718818197079,0.8091328579133457,0.5850984764028243,0.722983384171083,0.09850640376846606,331,0.9147058823529413,0.8771929824561403,0.7089783281733746,0.8336257309941519,0.08945962101097427,301,0.7837837837837838,0.8108108108108109,0.6111111111111112,0.7352352352352353,0.08845983529137443,331
0.019591331481933594,3.901915082069165e-05,0.0017052491505940754,4.4597801042321925e-05,,0.1,200,2,l2,42,lbfgs,1e-06,,SelectKBest(score_func=<function mutual_info_classif at 0x147da6670>),5,,"{'balance': None, 'classify__C': 0.1, 'classify__max_iter': 200, 'classify__n_jobs': 2, 'classify__penalty': 'l2', 'classify__random_state': 42, 'classify__solver': 'lbfgs', 'classify__tol': 1e-06, 'impute': None, 'select': SelectKBest(score_func=<function mutual_info_classif at 0x147da6670>), 'select__k': 5, 'transform': None}",0.774718818197079,0.8091328579133457,0.5850984764028243,0.722983384171083,0.09850640376846606,331,0.9147058823529413,0.8771929824561403,0.7089783281733746,0.8336257309941519,0.08945962101097427,301,0.7837837837837838,0.8108108108108109,0.6111111111111112,0.7352352352352353,0.08845983529137443,331
0.02087291081746419,0.00013808481984667976,0.00219114621480306,4.035891291302362e-05,,0.1,2000,2,l2,42,lbfgs,1e-08,,SelectKBest(score_func=<function mutual_info_classif at 0x147da6670>),5,,"{'balance': None, 'classify__C': 0.1, 'classify__max_iter': 2000, 'classify__n_jobs': 2, 'classify__penalty': 'l2', 'classify__random_state': 42, 'classify__solver': 'lbfgs', 'classify__tol': 1e-08, 'impute': None, 'select': SelectKBest(score_func=<function mutual_info_classif at 0x147da6670>), 'select__k': 5, 'transform': None}",0.774718818197079,0.8091328579133457,0.5850984764028243,0.722983384171083,0.09850640376846606,331,0.9147058823529413,0.8771929824561403,0.7089783281733746,0.8336257309941519,0.08945962101097427,301,0.7837837837837838,0.8108108108108109,0.6111111111111112,0.7352352352352353,0.08845983529137443,331
0.01988538106282552,0.00028546542791912607,0.0018088817596435547,5.489049525109827e-05,,0.1,200,2,l2,42,lbfgs,1e-08,,SelectKBest(score_func=<function mutual_info_classif at 0x147da6670>),5,,"{'balance': None, 'classify__C': 0.1, 'classify__max_iter': 200, 'classify__n_jobs': 2, 'classify__penalty': 'l2', 'classify__random_state': 42, 'classify__solver': 'lbfgs', 'classify__tol': 1e-08, 'impute': None, 'select': SelectKBest(score_func=<function mutual_info_classif at 0x147da6670>), 'select__k': 5, 'transform': None}",0.774718818197079,0.8091328579133457,0.5850984764028243,0.722983384171083,0.09850640376846606,331,0.9147058823529413,0.8771929824561403,0.7089783281733746,0.8336257309941519,0.08945962101097427,301,0.7837837837837838,0.8108108108108109,0.6111111111111112,0.7352352352352353,0.08845983529137443,331
0.020835399627685547,0.0003469481056609183,0.0022922356923421225,0.00016649304253637547,,0.1,100,2,l2,42,lbfgs,0.0001,SimpleImputer(strategy='median'),SelectKBest(score_func=<function mutual_info_classif at 0x147da6670>),5,,"{'balance': None, 'classify__C': 0.1, 'classify__max_iter': 100, 'classify__n_jobs': 2, 'classify__penalty': 'l2', 'classify__random_state': 42, 'classify__solver': 'lbfgs', 'classify__tol': 0.0001, 'impute': SimpleImputer(strategy='median'), 'select': SelectKBest(score_func=<function mutual_info_classif at 0x147da6670>), 'select__k': 5, 'transform': None}",0.774718818197079,0.8091328579133457,0.5850984764028243,0.722983384171083,0.09850640376846606,331,0.9147058823529413,0.8771929824561403,0.7089783281733746,0.8336257309941519,0.08945962101097427,301,0.7837837837837838,0.8108108108108109,0.6111111111111112,0.7352352352352353,0.08845983529137443,331
0.019999980926513672,0.0001287236606327694,0.0020264784495035806,3.221171377222071e-05,,0.1,2000,2,l2,42,lbfgs,0.0001,SimpleImputer(strategy='median'),SelectKBest(score_func=<function mutual_info_classif at 0x147da6670>),5,,"{'balance': None, 'classify__C': 0.1, 'classify__max_iter': 2000, 'classify__n_jobs': 2, 'classify__penalty': 'l2', 'classify__random_state': 42, 'classify__solver': 'lbfgs', 'classify__tol': 0.0001, 'impute': SimpleImputer(strategy='median'), 'select': SelectKBest(score_func=<function mutual_info_classif at 0x147da6670>), 'select__k': 5, 'transform': None}",0.774718818197079,0.8091328579133457,0.5850984764028243,0.722983384171083,0.09850640376846606,331,0.9147058823529413,0.8771929824561403,0.7089783281733746,0.8336257309941519,0.08945962101097427,301,0.7837837837837838,0.8108108108108109,0.6111111111111112,0.7352352352352353,0.08845983529137443,331
0.019782304763793945,0.0004798224697673472,0.0020197232564290366,5.2724597559771025e-05,,0.1,200,2,l2,42,lbfgs,1e-08,SimpleImputer(strategy='median'),SelectKBest(score_func=<function mutual_info_classif at 0x147da6670>),5,,"{'balance': None, 'classify__C': 0.1, 'classify__max_iter': 200, 'classify__n_jobs': 2, 'classify__penalty': 'l2', 'classify__random_state': 42, 'classify__solver': 'lbfgs', 'classify__tol': 1e-08, 'impute': SimpleImputer(strategy='median'), 'select': SelectKBest(score_func=<function mutual_info_classif at 0x147da6670>), 'select__k': 5, 'transform': None}",0.774718818197079,0.8091328579133457,0.5850984764028243,0.722983384171083,0.09850640376846606,331,0.9147058823529413,0.8771929824561403,0.7089783281733746,0.8336257309941519,0.08945962101097427,301,0.7837837837837838,0.8108108108108109,0.6111111111111112,0.7352352352352353,0.08845983529137443,331
0.02001500129699707,0.000489239610559081,0.0019789536794026694,3.828447778657175e-05,,0.01,200,2,l2,42,lbfgs,1e-08,,SelectKBest(score_func=<function mutual_info_classif at 0x147da6670>),11,,"{'balance': None, 'classify__C': 0.01, 'classify__max_iter': 200, 'classify__n_jobs': 2, 'classify__penalty': 'l2', 'classify__random_state': 42, 'classify__solver': 'lbfgs', 'classify__tol': 1e-08, 'impute': None, 'select': SelectKBest(score_func=<function mutual_info_classif at 0x147da6670>), 'select__k': 11, 'transform': None}",0.8050119084601843,0.6575457445022661,0.6084633569739952,0.6903403366454818,0.08352423691444173,361,0.9382352941176471,0.8508771929824561,0.7956656346749225,0.8615927072583419,0.05869493807277962,121,0.8108108108108109,0.6756756756756757,0.6388888888888888,0.7084584584584585,0.07391580771196918,361
0.01982458432515462,6.54866973087333e-05,0.001920779546101888,0.00011753194979626288,,0.01,1000,2,l2,42,lbfgs,1e-08,,SelectKBest(score_func=<function mutual_info_classif at 0x147da6670>),11,,"{'balance': None, 'classify__C': 0.01, 'classify__max_iter': 1000, 'classify__n_jobs': 2, 'classify__penalty': 'l2', 'classify__random_state': 42, 'classify__solver': 'lbfgs', 'classify__tol': 1e-08, 'impute': None, 'select': SelectKBest(score_func=<function mutual_info_classif at 0x147da6670>), 'select__k': 11, 'transform': None}",0.8050119084601843,0.6575457445022661,0.6084633569739952,0.6903403366454818,0.08352423691444173,361,0.9382352941176471,0.8508771929824561,0.7956656346749225,0.8615927072583419,0.05869493807277962,121,0.8108108108108109,0.6756756756756757,0.6388888888888888,0.7084584584584585,0.07391580771196918,361
0.02075926462809245,8.940523640405581e-05,0.0024759769439697266,0.00010341816393814227,,0.01,200,2,l2,42,lbfgs,1e-06,SimpleImputer(strategy='median'),SelectKBest(score_func=<function mutual_info_classif at 0x147da6670>),11,,"{'balance': None, 'classify__C': 0.01, 'classify__max_iter': 200, 'classify__n_jobs': 2, 'classify__penalty': 'l2', 'classify__random_state': 42, 'classify__solver': 'lbfgs', 'classify__tol': 1e-06, 'impute': SimpleImputer(strategy='median'), 'select': SelectKBest(score_func=<function mutual_info_classif at 0x147da6670>), 'select__k': 11, 'transform': None}",0.8050119084601843,0.6575457445022661,0.6084633569739952,0.6903403366454818,0.08352423691444173,361,0.9382352941176471,0.8508771929824561,0.7956656346749225,0.8615927072583419,0.05869493807277962,121,0.8108108108108109,0.6756756756756757,0.6388888888888888,0.7084584584584585,0.07391580771196918,361
0.020964384078979492,0.00010697336226051585,0.0023693243662516275,5.1719554725559925e-05,,0.01,100,2,l2,42,lbfgs,1e-06,SimpleImputer(strategy='median'),SelectKBest(score_func=<function mutual_info_classif at 0x147da6670>),11,,"{'balance': None, 'classify__C': 0.01, 'classify__max_iter': 100, 'classify__n_jobs': 2, 'classify__penalty': 'l2', 'classify__random_state': 42, 'classify__solver': 'lbfgs', 'classify__tol': 1e-06, 'impute': SimpleImputer(strategy='median'), 'select': SelectKBest(score_func=<function mutual_info_classif at 0x147da6670>), 'select__k': 11, 'transform': None}",0.8050119084601843,0.6575457445022661,0.6084633569739952,0.6903403366454818,0.08352423691444173,361,0.9382352941176471,0.8508771929824561,0.7956656346749225,0.8615927072583419,0.05869493807277962,121,0.8108108108108109,0.6756756756756757,0.6388888888888888,0.7084584584584585,0.07391580771196918,361
0.01812918980916341,0.0010073291776744172,0.001775821050008138,8.238211989837809e-05,,0.01,500,2,l2,42,lbfgs,0.0001,,SelectKBest(score_func=<function mutual_info_classif at 0x147da6670>),11,,"{'balance': None, 'classify__C': 0.01, 'classify__max_iter': 500, 'classify__n_jobs': 2, 'classify__penalty': 'l2', 'classify__random_state': 42, 'classify__solver': 'lbfgs', 'classify__tol': 0.0001, 'impute': None, 'select': SelectKBest(score_func=<function mutual_info_classif at 0x147da6670>), 'select__k': 11, 'transform': None}",0.8050119084601843,0.6575457445022661,0.6084633569739952,0.6903403366454818,0.08352423691444173,361,0.9382352941176471,0.8508771929824561,0.7956656346749225,0.8615927072583419,0.05869493807277962,121,0.8108108108108109,0.6756756756756757,0.6388888888888888,0.7084584584584585,0.07391580771196918,361
0.019197781880696613,0.0007704823947608032,0.0017746289571126301,7.530916285337756e-05,,0.01,500,2,l2,42,lbfgs,1e-08,,SelectKBest(score_func=<function mutual_info_classif at 0x147da6670>),11,,"{'balance': None, 'classify__C': 0.01, 'classify__max_iter': 500, 'classify__n_jobs': 2, 'classify__penalty': 'l2', 'classify__random_state': 42, 'classify__solver': 'lbfgs', 'classify__tol': 1e-08, 'impute': None, 'select': SelectKBest(score_func=<function mutual_info_classif at 0x147da6670>), 'select__k': 11, 'transform': None}",0.8050119084601843,0.6575457445022661,0.6084633569739952,0.6903403366454818,0.08352423691444173,361,0.9382352941176471,0.8508771929824561,0.7956656346749225,0.8615927072583419,0.05869493807277962,121,0.8108108108108109,0.6756756756756757,0.6388888888888888,0.7084584584584585,0.07391580771196918,361
0.020334959030151367,8.986598967354274e-05,0.002154747645060221,3.200043554144267e-05,,0.01,1000,2,l2,42,lbfgs,1e-08,SimpleImputer(strategy='median'),SelectKBest(score_func=<function mutual_info_classif at 0x147da6670>),11,,"{'balance': None, 'classify__C': 0.01, 'classify__max_iter': 1000, 'classify__n_jobs': 2, 'classify__penalty': 'l2', 'classify__random_state': 42, 'classify__solver': 'lbfgs', 'classify__tol': 1e-08, 'impute': SimpleImputer(strategy='median'), 'select': SelectKBest(score_func=<function mutual_info_classif at 0x147da6670>), 'select__k': 11, 'transform': None}",0.8050119084601843,0.6575457445022661,0.6084633569739952,0.6903403366454818,0.08352423691444173,361,0.9382352941176471,0.8508771929824561,0.7956656346749225,0.8615927072583419,0.05869493807277962,121,0.8108108108108109,0.6756756756756757,0.6388888888888888,0.7084584584584585,0.07391580771196918,361
0.02019182840983073,0.00019311113432898816,0.002172072728474935,6.993819363717377e-05,,0.01,200,2,l2,42,lbfgs,0.0001,SimpleImputer(strategy='median'),SelectKBest(score_func=<function mutual_info_classif at 0x147da6670>),11,,"{'balance': None, 'classify__C': 0.01, 'classify__max_iter': 200, 'classify__n_jobs': 2, 'classify__penalty': 'l2', 'classify__random_state': 42, 'classify__solver': 'lbfgs', 'classify__tol': 0.0001, 'impute': SimpleImputer(strategy='median'), 'select': SelectKBest(score_func=<function mutual_info_classif at 0x147da6670>), 'select__k': 11, 'transform': None}",0.8050119084601843,0.6575457445022661,0.6084633569739952,0.6903403366454818,0.08352423691444173,361,0.9382352941176471,0.8508771929824561,0.7956656346749225,0.8615927072583419,0.05869493807277962,121,0.8108108108108109,0.6756756756756757,0.6388888888888888,0.7084584584584585,0.07391580771196918,361
0.019118467966715496,0.0010329698813975096,0.0022598902384440103,0.0001787847212487828,,0.01,500,2,l2,42,lbfgs,1e-06,SimpleImputer(strategy='median'),SelectKBest(score_func=<function mutual_info_classif at 0x147da6670>),11,,"{'balance': None, 'classify__C': 0.01, 'classify__max_iter': 500, 'classify__n_jobs': 2, 'classify__penalty': 'l2', 'classify__random_state': 42, 'classify__solver': 'lbfgs', 'classify__tol': 1e-06, 'impute': SimpleImputer(strategy='median'), 'select': SelectKBest(score_func=<function mutual_info_classif at 0x147da6670>), 'select__k': 11, 'transform': None}",0.8050119084601843,0.6575457445022661,0.6084633569739952,0.6903403366454818,0.08352423691444173,361,0.9382352941176471,0.8508771929824561,0.7956656346749225,0.8615927072583419,0.05869493807277962,121,0.8108108108108109,0.6756756756756757,0.6388888888888888,0.7084584584584585,0.07391580771196918,361
0.0195922056833903,0.0004479174836515037,0.002147038777669271,0.00013164597049598385,,0.01,2000,2,l2,42,lbfgs,1e-06,SimpleImputer(strategy='median'),SelectKBest(score_func=<function mutual_info_classif at 0x147da6670>),11,,"{'balance': None, 'classify__C': 0.01, 'classify__max_iter': 2000, 'classify__n_jobs': 2, 'classify__penalty': 'l2', 'classify__random_state': 42, 'classify__solver': 'lbfgs', 'classify__tol': 1e-06, 'impute': SimpleImputer(strategy='median'), 'select': SelectKBest(score_func=<function mutual_info_classif at 0x147da6670>), 'select__k': 11, 'transform': None}",0.8050119084601843,0.6575457445022661,0.6084633569739952,0.6903403366454818,0.08352423691444173,361,0.9382352941176471,0.8508771929824561,0.7956656346749225,0.8615927072583419,0.05869493807277962,121,0.8108108108108109,0.6756756756756757,0.6388888888888888,0.7084584584584585,0.07391580771196918,361
0.020639578501383465,0.00022299342370822757,0.0019417603810628254,3.843611833224948e-05,,0.01,100,2,l2,42,lbfgs,0.0001,,SelectKBest(score_func=<function mutual_info_classif at 0x147da6670>),11,,"{'balance': None, 'classify__C': 0.01, 'classify__max_iter': 100, 'classify__n_jobs': 2, 'classify__penalty': 'l2', 'classify__random_state': 42, 'classify__solver': 'lbfgs', 'classify__tol': 0.0001, 'impute': None, 'select': SelectKBest(score_func=<function mutual_info_classif at 0x147da6670>), 'select__k': 11, 'transform': None}",0.8050119084601843,0.6575457445022661,0.6084633569739952,0.6903403366454818,0.08352423691444173,361,0.9382352941176471,0.8508771929824561,0.7956656346749225,0.8615927072583419,0.05869493807277962,121,0.8108108108108109,0.6756756756756757,0.6388888888888888,0.7084584584584585,0.07391580771196918,361
0.019261995951334637,0.0007979844396293732,0.0019742647806803384,4.71644473089333e-05,,0.01,2000,2,l2,42,lbfgs,1e-08,SimpleImputer(strategy='median'),SelectKBest(score_func=<function mutual_info_classif at 0x147da6670>),11,,"{'balance': None, 'classify__C': 0.01, 'classify__max_iter': 2000, 'classify__n_jobs': 2, 'classify__penalty': 'l2', 'classify__random_state': 42, 'classify__solver': 'lbfgs', 'classify__tol': 1e-08, 'impute': SimpleImputer(strategy='median'), 'select': SelectKBest(score_func=<function mutual_info_classif at 0x147da6670>), 'select__k': 11, 'transform': None}",0.8050119084601843,0.6575457445022661,0.6084633569739952,0.6903403366454818,0.08352423691444173,361,0.9382352941176471,0.8508771929824561,0.7956656346749225,0.8615927072583419,0.05869493807277962,121,0.8108108108108109,0.6756756756756757,0.6388888888888888,0.7084584584584585,0.07391580771196918,361
0.02088324228922526,0.00013086296552206346,0.002145051956176758,7.64249630342452e-05,,0.01,200,2,l2,42,lbfgs,1e-06,,SelectKBest(score_func=<function mutual_info_classif at 0x147da6670>),11,,"{'balance': None, 'classify__C': 0.01, 'classify__max_iter': 200, 'classify__n_jobs': 2, 'classify__penalty': 'l2', 'classify__random_state': 42, 'classify__solver': 'lbfgs', 'classify__tol': 1e-06, 'impute': None, 'select': SelectKBest(score_func=<function mutual_info_classif at 0x147da6670>), 'select__k': 11, 'transform': None}",0.8050119084601843,0.6575457445022661,0.6084633569739952,0.6903403366454818,0.08352423691444173,361,0.9382352941176471,0.8508771929824561,0.7956656346749225,0.8615927072583419,0.05869493807277962,121,0.8108108108108109,0.6756756756756757,0.6388888888888888,0.7084584584584585,0.07391580771196918,361
0.019925435384114582,0.0004522080999059489,0.002032597859700521,2.1707295515894708e-05,,0.01,500,2,l2,42,lbfgs,0.0001,SimpleImputer(strategy='median'),SelectKBest(score_func=<function mutual_info_classif at 0x147da6670>),11,,"{'balance': None, 'classify__C': 0.01, 'classify__max_iter': 500, 'classify__n_jobs': 2, 'classify__penalty': 'l2', 'classify__random_state': 42, 'classify__solver': 'lbfgs', 'classify__tol': 0.0001, 'impute': SimpleImputer(strategy='median'), 'select': SelectKBest(score_func=<function mutual_info_classif at 0x147da6670>), 'select__k': 11, 'transform': None}",0.8050119084601843,0.6575457445022661,0.6084633569739952,0.6903403366454818,0.08352423691444173,361,0.9382352941176471,0.8508771929824561,0.7956656346749225,0.8615927072583419,0.05869493807277962,121,0.8108108108108109,0.6756756756756757,0.6388888888888888,0.7084584584584585,0.07391580771196918,361
0.020100990931193035,0.00014202682785751248,0.0021346410115559897,5.591422600032391e-05,,0.01,500,2,l2,42,lbfgs,1e-08,SimpleImputer(strategy='median'),SelectKBest(score_func=<function mutual_info_classif at 0x147da6670>),11,,"{'balance': None, 'classify__C': 0.01, 'classify__max_iter': 500, 'classify__n_jobs': 2, 'classify__penalty': 'l2', 'classify__random_state': 42, 'classify__solver': 'lbfgs', 'classify__tol': 1e-08, 'impute': SimpleImputer(strategy='median'), 'select': SelectKBest(score_func=<function mutual_info_classif at 0x147da6670>), 'select__k': 11, 'transform': None}",0.8050119084601843,0.6575457445022661,0.6084633569739952,0.6903403366454818,0.08352423691444173,361,0.9382352941176471,0.8508771929824561,0.7956656346749225,0.8615927072583419,0.05869493807277962,121,0.8108108108108109,0.6756756756756757,0.6388888888888888,0.7084584584584585,0.07391580771196918,361
0.020670175552368164,0.0007313822727304693,0.0023953914642333984,3.617106611800281e-05,,0.01,1000,2,l2,42,lbfgs,0.0001,SimpleImputer(strategy='median'),SelectKBest(score_func=<function mutual_info_classif at 0x147da6670>),11,,"{'balance': None, 'classify__C': 0.01, 'classify__max_iter': 1000, 'classify__n_jobs': 2, 'classify__penalty': 'l2', 'classify__random_state': 42, 'classify__solver': 'lbfgs', 'classify__tol': 0.0001, 'impute': SimpleImputer(strategy='median'), 'select': SelectKBest(score_func=<function mutual_info_classif at 0x147da6670>), 'select__k': 11, 'transform': None}",0.8050119084601843,0.6575457445022661,0.6084633569739952,0.6903403366454818,0.08352423691444173,361,0.9382352941176471,0.8508771929824561,0.7956656346749225,0.8615927072583419,0.05869493807277962,121,0.8108108108108109,0.6756756756756757,0.6388888888888888,0.7084584584584585,0.07391580771196918,361
0.019713560740152996,5.95319092201144e-05,0.001779317855834961,7.141289842968724e-05,,0.01,2000,2,l2,42,lbfgs,1e-06,,SelectKBest(score_func=<function mutual_info_classif at 0x147da6670>),11,,"{'balance': None, 'classify__C': 0.01, 'classify__max_iter': 2000, 'classify__n_jobs': 2, 'classify__penalty': 'l2', 'classify__random_state': 42, 'classify__solver': 'lbfgs', 'classify__tol': 1e-06, 'impute': None, 'select': SelectKBest(score_func=<function mutual_info_classif at 0x147da6670>), 'select__k': 11, 'transform': None}",0.8050119084601843,0.6575457445022661,0.6084633569739952,0.6903403366454818,0.08352423691444173,361,0.9382352941176471,0.8508771929824561,0.7956656346749225,0.8615927072583419,0.05869493807277962,121,0.8108108108108109,0.6756756756756757,0.6388888888888888,0.7084584584584585,0.07391580771196918,361
0.019737641016642254,0.0005902800203511026,0.0018773078918457031,8.370993675938253e-05,,0.01,500,2,l2,42,lbfgs,1e-06,,SelectKBest(score_func=<function mutual_info_classif at 0x147da6670>),11,,"{'balance': None, 'classify__C': 0.01, 'classify__max_iter': 500, 'classify__n_jobs': 2, 'classify__penalty': 'l2', 'classify__random_state': 42, 'classify__solver': 'lbfgs', 'classify__tol': 1e-06, 'impute': None, 'select': SelectKBest(score_func=<function mutual_info_classif at 0x147da6670>), 'select__k': 11, 'transform': None}",0.8050119084601843,0.6575457445022661,0.6084633569739952,0.6903403366454818,0.08352423691444173,361,0.9382352941176471,0.8508771929824561,0.7956656346749225,0.8615927072583419,0.05869493807277962,121,0.8108108108108109,0.6756756756756757,0.6388888888888888,0.7084584584584585,0.07391580771196918,361
0.020855029424031574,0.00011489324013629223,0.002164920171101888,2.7560701919609168e-05,,0.01,1000,2,l2,42,lbfgs,0.0001,,SelectKBest(score_func=<function mutual_info_classif at 0x147da6670>),11,,"{'balance': None, 'classify__C': 0.01, 'classify__max_iter': 1000, 'classify__n_jobs': 2, 'classify__penalty': 'l2', 'classify__random_state': 42, 'classify__solver': 'lbfgs', 'classify__tol': 0.0001, 'impute': None, 'select': SelectKBest(score_func=<function mutual_info_classif at 0x147da6670>), 'select__k': 11, 'transform': None}",0.8050119084601843,0.6575457445022661,0.6084633569739952,0.6903403366454818,0.08352423691444173,361,0.9382352941176471,0.8508771929824561,0.7956656346749225,0.8615927072583419,0.05869493807277962,121,0.8108108108108109,0.6756756756756757,0.6388888888888888,0.7084584584584585,0.07391580771196918,361
0.019736448923746746,0.00014443028533001517,0.0018359820048014324,4.752822531703445e-05,,0.01,100,2,l2,42,lbfgs,1e-06,,SelectKBest(score_func=<function mutual_info_classif at 0x147da6670>),11,,"{'balance': None, 'classify__C': 0.01, 'classify__max_iter': 100, 'classify__n_jobs': 2, 'classify__penalty': 'l2', 'classify__random_state': 42, 'classify__solver': 'lbfgs', 'classify__tol': 1e-06, 'impute': None, 'select': SelectKBest(score_func=<function mutual_info_classif at 0x147da6670>), 'select__k': 11, 'transform': None}",0.8050119084601843,0.6575457445022661,0.6084633569739952,0.6903403366454818,0.08352423691444173,361,0.9382352941176471,0.8508771929824561,0.7956656346749225,0.8615927072583419,0.05869493807277962,121,0.8108108108108109,0.6756756756756757,0.6388888888888888,0.7084584584584585,0.07391580771196918,361
0.019494295120239258,0.0010195974553985796,0.0023079713185628257,8.455366999032273e-05,,0.01,200,2,l2,42,lbfgs,1e-08,SimpleImputer(strategy='median'),SelectKBest(score_func=<function mutual_info_classif at 0x147da6670>),11,,"{'balance': None, 'classify__C': 0.01, 'classify__max_iter': 200, 'classify__n_jobs': 2, 'classify__penalty': 'l2', 'classify__random_state': 42, 'classify__solver': 'lbfgs', 'classify__tol': 1e-08, 'impute': SimpleImputer(strategy='median'), 'select': SelectKBest(score_func=<function mutual_info_classif at 0x147da6670>), 'select__k': 11, 'transform': None}",0.8050119084601843,0.6575457445022661,0.6084633569739952,0.6903403366454818,0.08352423691444173,361,0.9382352941176471,0.8508771929824561,0.7956656346749225,0.8615927072583419,0.05869493807277962,121,0.8108108108108109,0.6756756756756757,0.6388888888888888,0.7084584584584585,0.07391580771196918,361
0.019823630650838215,3.312235824763165e-05,0.0018093585968017578,3.270595444445377e-05,,0.01,100,2,l2,42,lbfgs,1e-08,,SelectKBest(score_func=<function mutual_info_classif at 0x147da6670>),11,,"{'balance': None, 'classify__C': 0.01, 'classify__max_iter': 100, 'classify__n_jobs': 2, 'classify__penalty': 'l2', 'classify__random_state': 42, 'classify__solver': 'lbfgs', 'classify__tol': 1e-08, 'impute': None, 'select': SelectKBest(score_func=<function mutual_info_classif at 0x147da6670>), 'select__k': 11, 'transform': None}",0.8050119084601843,0.6575457445022661,0.6084633569739952,0.6903403366454818,0.08352423691444173,361,0.9382352941176471,0.8508771929824561,0.7956656346749225,0.8615927072583419,0.05869493807277962,121,0.8108108108108109,0.6756756756756757,0.6388888888888888,0.7084584584584585,0.07391580771196918,361
0.02003630002339681,0.00011879440803634382,0.0018421014149983723,3.520979553494321e-05,,0.01,1000,2,l2,42,lbfgs,1e-06,,SelectKBest(score_func=<function mutual_info_classif at 0x147da6670>),11,,"{'balance': None, 'classify__C': 0.01, 'classify__max_iter': 1000, 'classify__n_jobs': 2, 'classify__penalty': 'l2', 'classify__random_state': 42, 'classify__solver': 'lbfgs', 'classify__tol': 1e-06, 'impute': None, 'select': SelectKBest(score_func=<function mutual_info_classif at 0x147da6670>), 'select__k': 11, 'transform': None}",0.8050119084601843,0.6575457445022661,0.6084633569739952,0.6903403366454818,0.08352423691444173,361,0.9382352941176471,0.8508771929824561,0.7956656346749225,0.8615927072583419,0.05869493807277962,121,0.8108108108108109,0.6756756756756757,0.6388888888888888,0.7084584584584585,0.07391580771196918,361
0.01933566729227702,0.0009734904411549159,0.0017981529235839844,1.992757195851027e-05,,0.01,200,2,l2,42,lbfgs,0.0001,,SelectKBest(score_func=<function mutual_info_classif at 0x147da6670>),11,,"{'balance': None, 'classify__C': 0.01, 'classify__max_iter': 200, 'classify__n_jobs': 2, 'classify__penalty': 'l2', 'classify__random_state': 42, 'classify__solver': 'lbfgs', 'classify__tol': 0.0001, 'impute': None, 'select': SelectKBest(score_func=<function mutual_info_classif at 0x147da6670>), 'select__k': 11, 'transform': None}",0.8050119084601843,0.6575457445022661,0.6084633569739952,0.6903403366454818,0.08352423691444173,361,0.9382352941176471,0.8508771929824561,0.7956656346749225,0.8615927072583419,0.05869493807277962,121,0.8108108108108109,0.6756756756756757,0.6388888888888888,0.7084584584584585,0.07391580771196918,361
0.020567019780476887,0.0002264868025385044,0.0022104581197102866,0.00013866868559305303,,0.01,1000,2,l2,42,lbfgs,1e-06,SimpleImputer(strategy='median'),SelectKBest(score_func=<function mutual_info_classif at 0x147da6670>),11,,"{'balance': None, 'classify__C': 0.01, 'classify__max_iter': 1000, 'classify__n_jobs': 2, 'classify__penalty': 'l2', 'classify__random_state': 42, 'classify__solver': 'lbfgs', 'classify__tol': 1e-06, 'impute': SimpleImputer(strategy='median'), 'select': SelectKBest(score_func=<function mutual_info_classif at 0x147da6670>), 'select__k': 11, 'transform': None}",0.8050119084601843,0.6575457445022661,0.6084633569739952,0.6903403366454818,0.08352423691444173,361,0.9382352941176471,0.8508771929824561,0.7956656346749225,0.8615927072583419,0.05869493807277962,121,0.8108108108108109,0.6756756756756757,0.6388888888888888,0.7084584584584585,0.07391580771196918,361
0.020372390747070312,0.00016795197077929645,0.0021900335947672525,7.206983476095185e-05,,0.01,100,2,l2,42,lbfgs,0.0001,SimpleImputer(strategy='median'),SelectKBest(score_func=<function mutual_info_classif at 0x147da6670>),11,,"{'balance': None, 'classify__C': 0.01, 'classify__max_iter': 100, 'classify__n_jobs': 2, 'classify__penalty': 'l2', 'classify__random_state': 42, 'classify__solver': 'lbfgs', 'classify__tol': 0.0001, 'impute': SimpleImputer(strategy='median'), 'select': SelectKBest(score_func=<function mutual_info_classif at 0x147da6670>), 'select__k': 11, 'transform': None}",0.8050119084601843,0.6575457445022661,0.6084633569739952,0.6903403366454818,0.08352423691444173,361,0.9382352941176471,0.8508771929824561,0.7956656346749225,0.8615927072583419,0.05869493807277962,121,0.8108108108108109,0.6756756756756757,0.6388888888888888,0.7084584584584585,0.07391580771196918,361
0.018690188725789387,0.0011469458628206772,0.0017168521881103516,3.409024421741407e-05,,0.01,2000,2,l2,42,lbfgs,1e-08,,SelectKBest(score_func=<function mutual_info_classif at 0x147da6670>),11,,"{'balance': None, 'classify__C': 0.01, 'classify__max_iter': 2000, 'classify__n_jobs': 2, 'classify__penalty': 'l2', 'classify__random_state': 42, 'classify__solver': 'lbfgs', 'classify__tol': 1e-08, 'impute': None, 'select': SelectKBest(score_func=<function mutual_info_classif at 0x147da6670>), 'select__k': 11, 'transform': None}",0.8050119084601843,0.6575457445022661,0.6084633569739952,0.6903403366454818,0.08352423691444173,361,0.9382352941176471,0.8508771929824561,0.7956656346749225,0.8615927072583419,0.05869493807277962,121,0.8108108108108109,0.6756756756756757,0.6388888888888888,0.7084584584584585,0.07391580771196918,361
0.01935569445292155,0.00021623853916883303,0.0017143090565999348,3.6225678733344274e-05,,0.01,2000,2,l2,42,lbfgs,0.0001,,SelectKBest(score_func=<function mutual_info_classif at 0x147da6670>),11,,"{'balance': None, 'classify__C': 0.01, 'classify__max_iter': 2000, 'classify__n_jobs': 2, 'classify__penalty': 'l2', 'classify__random_state': 42, 'classify__solver': 'lbfgs', 'classify__tol': 0.0001, 'impute': None, 'select': SelectKBest(score_func=<function mutual_info_classif at 0x147da6670>), 'select__k': 11, 'transform': None}",0.8050119084601843,0.6575457445022661,0.6084633569739952,0.6903403366454818,0.08352423691444173,361,0.9382352941176471,0.8508771929824561,0.7956656346749225,0.8615927072583419,0.05869493807277962,121,0.8108108108108109,0.6756756756756757,0.6388888888888888,0.7084584584584585,0.07391580771196918,361
0.019874970118204754,7.427707105191069e-05,0.0019590059916178384,1.7814333879336107e-05,,0.01,2000,2,l2,42,lbfgs,0.0001,SimpleImputer(strategy='median'),SelectKBest(score_func=<function mutual_info_classif at 0x147da6670>),11,,"{'balance': None, 'classify__C': 0.01, 'classify__max_iter': 2000, 'classify__n_jobs': 2, 'classify__penalty': 'l2', 'classify__random_state': 42, 'classify__solver': 'lbfgs', 'classify__tol': 0.0001, 'impute': SimpleImputer(strategy='median'), 'select': SelectKBest(score_func=<function mutual_info_classif at 0x147da6670>), 'select__k': 11, 'transform': None}",0.8050119084601843,0.6575457445022661,0.6084633569739952,0.6903403366454818,0.08352423691444173,361,0.9382352941176471,0.8508771929824561,0.7956656346749225,0.8615927072583419,0.05869493807277962,121,0.8108108108108109,0.6756756756756757,0.6388888888888888,0.7084584584584585,0.07391580771196918,361
0.019716342290242512,0.00019922249748708092,0.002048969268798828,6.458488965399466e-05,,0.01,100,2,l2,42,lbfgs,1e-08,SimpleImputer(strategy='median'),SelectKBest(score_func=<function mutual_info_classif at 0x147da6670>),11,,"{'balance': None, 'classify__C': 0.01, 'classify__max_iter': 100, 'classify__n_jobs': 2, 'classify__penalty': 'l2', 'classify__random_state': 42, 'classify__solver': 'lbfgs', 'classify__tol': 1e-08, 'impute': SimpleImputer(strategy='median'), 'select': SelectKBest(score_func=<function mutual_info_classif at 0x147da6670>), 'select__k': 11, 'transform': None}",0.8050119084601843,0.6575457445022661,0.6084633569739952,0.6903403366454818,0.08352423691444173,361,0.9382352941176471,0.8508771929824561,0.7956656346749225,0.8615927072583419,0.05869493807277962,121,0.8108108108108109,0.6756756756756757,0.6388888888888888,0.7084584584584585,0.07391580771196918,361
0.019962231318155926,0.00022127970142987683,0.002077023188273112,4.786391119007844e-05,,0.01,100,2,l2,42,lbfgs,1e-08,SimpleImputer(strategy='median'),SelectKBest(score_func=<function mutual_info_classif at 0x147da6670>),8,,"{'balance': None, 'classify__C': 0.01, 'classify__max_iter': 100, 'classify__n_jobs': 2, 'classify__penalty': 'l2', 'classify__random_state': 42, 'classify__solver': 'lbfgs', 'classify__tol': 1e-08, 'impute': SimpleImputer(strategy='median'), 'select': SelectKBest(score_func=<function mutual_info_classif at 0x147da6670>), 'select__k': 8, 'transform': None}",0.7433390837646155,0.6575457445022661,0.6443701226309921,0.6817516502992914,0.043879822421077984,391,0.9323529411764706,0.8304093567251463,0.7770897832817337,0.8466173603944501,0.0644136972342044,213,0.7567567567567568,0.6756756756756757,0.6666666666666666,0.6996996996996997,0.040512725415111264,391
0.01982593536376953,0.00010006330529934907,0.0018250147501627605,2.797083397860074e-05,,0.01,100,2,l2,42,lbfgs,1e-08,,SelectKBest(score_func=<function mutual_info_classif at 0x147da6670>),8,,"{'balance': None, 'classify__C': 0.01, 'classify__max_iter': 100, 'classify__n_jobs': 2, 'classify__penalty': 'l2', 'classify__random_state': 42, 'classify__solver': 'lbfgs', 'classify__tol': 1e-08, 'impute': None, 'select': SelectKBest(score_func=<function mutual_info_classif at 0x147da6670>), 'select__k': 8, 'transform': None}",0.7433390837646155,0.6575457445022661,0.6443701226309921,0.6817516502992914,0.043879822421077984,391,0.9323529411764706,0.8304093567251463,0.7770897832817337,0.8466173603944501,0.0644136972342044,213,0.7567567567567568,0.6756756756756757,0.6666666666666666,0.6996996996996997,0.040512725415111264,391
0.019387483596801758,0.0009535205438936378,0.002193927764892578,0.00015749539861184317,,0.01,500,2,l2,42,lbfgs,0.0001,SimpleImputer(strategy='median'),SelectKBest(score_func=<function mutual_info_classif at 0x147da6670>),8,,"{'balance': None, 'classify__C': 0.01, 'classify__max_iter': 500, 'classify__n_jobs': 2, 'classify__penalty': 'l2', 'classify__random_state': 42, 'classify__solver': 'lbfgs', 'classify__tol': 0.0001, 'impute': SimpleImputer(strategy='median'), 'select': SelectKBest(score_func=<function mutual_info_classif at 0x147da6670>), 'select__k': 8, 'transform': None}",0.7433390837646155,0.6575457445022661,0.6443701226309921,0.6817516502992914,0.043879822421077984,391,0.9323529411764706,0.8304093567251463,0.7770897832817337,0.8466173603944501,0.0644136972342044,213,0.7567567567567568,0.6756756756756757,0.6666666666666666,0.6996996996996997,0.040512725415111264,391
0.02053038279215495,0.00019107453909146497,0.0020449956258138022,3.408542682966763e-05,,0.01,100,2,l2,42,lbfgs,0.0001,,SelectKBest(score_func=<function mutual_info_classif at 0x147da6670>),8,,"{'balance': None, 'classify__C': 0.01, 'classify__max_iter': 100, 'classify__n_jobs': 2, 'classify__penalty': 'l2', 'classify__random_state': 42, 'classify__solver': 'lbfgs', 'classify__tol': 0.0001, 'impute': None, 'select': SelectKBest(score_func=<function mutual_info_classif at 0x147da6670>), 'select__k': 8, 'transform': None}",0.7433390837646155,0.6575457445022661,0.6443701226309921,0.6817516502992914,0.043879822421077984,391,0.9323529411764706,0.8304093567251463,0.7770897832817337,0.8466173603944501,0.0644136972342044,213,0.7567567567567568,0.6756756756756757,0.6666666666666666,0.6996996996996997,0.040512725415111264,391
0.01950414975484212,0.0001827759324386502,0.001875003178914388,0.00016439732783269333,,0.01,1000,2,l2,42,lbfgs,1e-08,,SelectKBest(score_func=<function mutual_info_classif at 0x147da6670>),8,,"{'balance': None, 'classify__C': 0.01, 'classify__max_iter': 1000, 'classify__n_jobs': 2, 'classify__penalty': 'l2', 'classify__random_state': 42, 'classify__solver': 'lbfgs', 'classify__tol': 1e-08, 'impute': None, 'select': SelectKBest(score_func=<function mutual_info_classif at 0x147da6670>), 'select__k': 8, 'transform': None}",0.7433390837646155,0.6575457445022661,0.6443701226309921,0.6817516502992914,0.043879822421077984,391,0.9323529411764706,0.8304093567251463,0.7770897832817337,0.8466173603944501,0.0644136972342044,213,0.7567567567567568,0.6756756756756757,0.6666666666666666,0.6996996996996997,0.040512725415111264,391
0.019733985265096027,0.0003302755320879224,0.00213774045308431,9.263747337281828e-05,,0.01,1000,2,l2,42,lbfgs,1e-08,SimpleImputer(strategy='median'),SelectKBest(score_func=<function mutual_info_classif at 0x147da6670>),8,,"{'balance': None, 'classify__C': 0.01, 'classify__max_iter': 1000, 'classify__n_jobs': 2, 'classify__penalty': 'l2', 'classify__random_state': 42, 'classify__solver': 'lbfgs', 'classify__tol': 1e-08, 'impute': SimpleImputer(strategy='median'), 'select': SelectKBest(score_func=<function mutual_info_classif at 0x147da6670>), 'select__k': 8, 'transform': None}",0.7433390837646155,0.6575457445022661,0.6443701226309921,0.6817516502992914,0.043879822421077984,391,0.9323529411764706,0.8304093567251463,0.7770897832817337,0.8466173603944501,0.0644136972342044,213,0.7567567567567568,0.6756756756756757,0.6666666666666666,0.6996996996996997,0.040512725415111264,391
0.01976172129313151,4.214025435474376e-05,0.0018359025319417317,3.061077503710772e-05,,0.01,1000,2,l2,42,lbfgs,1e-06,,SelectKBest(score_func=<function mutual_info_classif at 0x147da6670>),8,,"{'balance': None, 'classify__C': 0.01, 'classify__max_iter': 1000, 'classify__n_jobs': 2, 'classify__penalty': 'l2', 'classify__random_state': 42, 'classify__solver': 'lbfgs', 'classify__tol': 1e-06, 'impute': None, 'select': SelectKBest(score_func=<function mutual_info_classif at 0x147da6670>), 'select__k': 8, 'transform': None}",0.7433390837646155,0.6575457445022661,0.6443701226309921,0.6817516502992914,0.043879822421077984,391,0.9323529411764706,0.8304093567251463,0.7770897832817337,0.8466173603944501,0.0644136972342044,213,0.7567567567567568,0.6756756756756757,0.6666666666666666,0.6996996996996997,0.040512725415111264,391
0.020459890365600586,0.0002810894043605317,0.002213716506958008,1.81741068334559e-05,,0.01,1000,2,l2,42,lbfgs,1e-06,SimpleImputer(strategy='median'),SelectKBest(score_func=<function mutual_info_classif at 0x147da6670>),8,,"{'balance': None, 'classify__C': 0.01, 'classify__max_iter': 1000, 'classify__n_jobs': 2, 'classify__penalty': 'l2', 'classify__random_state': 42, 'classify__solver': 'lbfgs', 'classify__tol': 1e-06, 'impute': SimpleImputer(strategy='median'), 'select': SelectKBest(score_func=<function mutual_info_classif at 0x147da6670>), 'select__k': 8, 'transform': None}",0.7433390837646155,0.6575457445022661,0.6443701226309921,0.6817516502992914,0.043879822421077984,391,0.9323529411764706,0.8304093567251463,0.7770897832817337,0.8466173603944501,0.0644136972342044,213,0.7567567567567568,0.6756756756756757,0.6666666666666666,0.6996996996996997,0.040512725415111264,391
0.019623597462972004,0.0010700329479562474,0.0019896825154622397,0.00012033791857587893,,0.01,1000,2,l2,42,lbfgs,0.0001,,SelectKBest(score_func=<function mutual_info_classif at 0x147da6670>),8,,"{'balance': None, 'classify__C': 0.01, 'classify__max_iter': 1000, 'classify__n_jobs': 2, 'classify__penalty': 'l2', 'classify__random_state': 42, 'classify__solver': 'lbfgs', 'classify__tol': 0.0001, 'impute': None, 'select': SelectKBest(score_func=<function mutual_info_classif at 0x147da6670>), 'select__k': 8, 'transform': None}",0.7433390837646155,0.6575457445022661,0.6443701226309921,0.6817516502992914,0.043879822421077984,391,0.9323529411764706,0.8304093567251463,0.7770897832817337,0.8466173603944501,0.0644136972342044,213,0.7567567567567568,0.6756756756756757,0.6666666666666666,0.6996996996996997,0.040512725415111264,391
0.01980932553609212,0.0004489977585500666,0.0024567445119222007,3.178656090733053e-05,,0.01,1000,2,l2,42,lbfgs,0.0001,SimpleImputer(strategy='median'),SelectKBest(score_func=<function mutual_info_classif at 0x147da6670>),8,,"{'balance': None, 'classify__C': 0.01, 'classify__max_iter': 1000, 'classify__n_jobs': 2, 'classify__penalty': 'l2', 'classify__random_state': 42, 'classify__solver': 'lbfgs', 'classify__tol': 0.0001, 'impute': SimpleImputer(strategy='median'), 'select': SelectKBest(score_func=<function mutual_info_classif at 0x147da6670>), 'select__k': 8, 'transform': None}",0.7433390837646155,0.6575457445022661,0.6443701226309921,0.6817516502992914,0.043879822421077984,391,0.9323529411764706,0.8304093567251463,0.7770897832817337,0.8466173603944501,0.0644136972342044,213,0.7567567567567568,0.6756756756756757,0.6666666666666666,0.6996996996996997,0.040512725415111264,391
0.02074146270751953,0.00046109918970501317,0.0019478003184000652,0.00015134107463447952,,0.01,2000,2,l2,42,lbfgs,1e-08,,SelectKBest(score_func=<function mutual_info_classif at 0x147da6670>),8,,"{'balance': None, 'classify__C': 0.01, 'classify__max_iter': 2000, 'classify__n_jobs': 2, 'classify__penalty': 'l2', 'classify__random_state': 42, 'classify__solver': 'lbfgs', 'classify__tol': 1e-08, 'impute': None, 'select': SelectKBest(score_func=<function mutual_info_classif at 0x147da6670>), 'select__k': 8, 'transform': None}",0.7433390837646155,0.6575457445022661,0.6443701226309921,0.6817516502992914,0.043879822421077984,391,0.9323529411764706,0.8304093567251463,0.7770897832817337,0.8466173603944501,0.0644136972342044,213,0.7567567567567568,0.6756756756756757,0.6666666666666666,0.6996996996996997,0.040512725415111264,391
0.020237048467000324,0.00036633324801964724,0.0021152496337890625,9.003093004434993e-05,,0.01,2000,2,l2,42,lbfgs,1e-08,SimpleImputer(strategy='median'),SelectKBest(score_func=<function mutual_info_classif at 0x147da6670>),8,,"{'balance': None, 'classify__C': 0.01, 'classify__max_iter': 2000, 'classify__n_jobs': 2, 'classify__penalty': 'l2', 'classify__random_state': 42, 'classify__solver': 'lbfgs', 'classify__tol': 1e-08, 'impute': SimpleImputer(strategy='median'), 'select': SelectKBest(score_func=<function mutual_info_classif at 0x147da6670>), 'select__k': 8, 'transform': None}",0.7433390837646155,0.6575457445022661,0.6443701226309921,0.6817516502992914,0.043879822421077984,391,0.9323529411764706,0.8304093567251463,0.7770897832817337,0.8466173603944501,0.0644136972342044,213,0.7567567567567568,0.6756756756756757,0.6666666666666666,0.6996996996996997,0.040512725415111264,391
0.01982394854227702,0.0001705746040062857,0.0017845630645751953,1.9463875228252943e-05,,0.01,2000,2,l2,42,lbfgs,1e-06,,SelectKBest(score_func=<function mutual_info_classif at 0x147da6670>),8,,"{'balance': None, 'classify__C': 0.01, 'classify__max_iter': 2000, 'classify__n_jobs': 2, 'classify__penalty': 'l2', 'classify__random_state': 42, 'classify__solver': 'lbfgs', 'classify__tol': 1e-06, 'impute': None, 'select': SelectKBest(score_func=<function mutual_info_classif at 0x147da6670>), 'select__k': 8, 'transform': None}",0.7433390837646155,0.6575457445022661,0.6443701226309921,0.6817516502992914,0.043879822421077984,391,0.9323529411764706,0.8304093567251463,0.7770897832817337,0.8466173603944501,0.0644136972342044,213,0.7567567567567568,0.6756756756756757,0.6666666666666666,0.6996996996996997,0.040512725415111264,391
0.01997979482014974,0.000307200732954954,0.0018405914306640625,7.097535963316692e-05,,0.01,500,2,l2,42,lbfgs,0.0001,,SelectKBest(score_func=<function mutual_info_classif at 0x147da6670>),8,,"{'balance': None, 'classify__C': 0.01, 'classify__max_iter': 500, 'classify__n_jobs': 2, 'classify__penalty': 'l2', 'classify__random_state': 42, 'classify__solver': 'lbfgs', 'classify__tol': 0.0001, 'impute': None, 'select': SelectKBest(score_func=<function mutual_info_classif at 0x147da6670>), 'select__k': 8, 'transform': None}",0.7433390837646155,0.6575457445022661,0.6443701226309921,0.6817516502992914,0.043879822421077984,391,0.9323529411764706,0.8304093567251463,0.7770897832817337,0.8466173603944501,0.0644136972342044,213,0.7567567567567568,0.6756756756756757,0.6666666666666666,0.6996996996996997,0.040512725415111264,391
0.01996016502380371,0.00037491188266397914,0.0021653175354003906,0.00021859235071247985,,0.01,2000,2,l2,42,lbfgs,1e-06,SimpleImputer(strategy='median'),SelectKBest(score_func=<function mutual_info_classif at 0x147da6670>),8,,"{'balance': None, 'classify__C': 0.01, 'classify__max_iter': 2000, 'classify__n_jobs': 2, 'classify__penalty': 'l2', 'classify__random_state': 42, 'classify__solver': 'lbfgs', 'classify__tol': 1e-06, 'impute': SimpleImputer(strategy='median'), 'select': SelectKBest(score_func=<function mutual_info_classif at 0x147da6670>), 'select__k': 8, 'transform': None}",0.7433390837646155,0.6575457445022661,0.6443701226309921,0.6817516502992914,0.043879822421077984,391,0.9323529411764706,0.8304093567251463,0.7770897832817337,0.8466173603944501,0.0644136972342044,213,0.7567567567567568,0.6756756756756757,0.6666666666666666,0.6996996996996997,0.040512725415111264,391
0.02035180727640788,0.00013792115828219377,0.00222929318745931,1.774185982104015e-05,,0.01,100,2,l2,42,lbfgs,1e-06,SimpleImputer(strategy='median'),SelectKBest(score_func=<function mutual_info_classif at 0x147da6670>),8,,"{'balance': None, 'classify__C': 0.01, 'classify__max_iter': 100, 'classify__n_jobs': 2, 'classify__penalty': 'l2', 'classify__random_state': 42, 'classify__solver': 'lbfgs', 'classify__tol': 1e-06, 'impute': SimpleImputer(strategy='median'), 'select': SelectKBest(score_func=<function mutual_info_classif at 0x147da6670>), 'select__k': 8, 'transform': None}",0.7433390837646155,0.6575457445022661,0.6443701226309921,0.6817516502992914,0.043879822421077984,391,0.9323529411764706,0.8304093567251463,0.7770897832817337,0.8466173603944501,0.0644136972342044,213,0.7567567567567568,0.6756756756756757,0.6666666666666666,0.6996996996996997,0.040512725415111264,391
0.019599358240763348,5.450192862159849e-05,0.001706997553507487,2.7337046508860717e-05,,0.01,2000,2,l2,42,lbfgs,0.0001,,SelectKBest(score_func=<function mutual_info_classif at 0x147da6670>),8,,"{'balance': None, 'classify__C': 0.01, 'classify__max_iter': 2000, 'classify__n_jobs': 2, 'classify__penalty': 'l2', 'classify__random_state': 42, 'classify__solver': 'lbfgs', 'classify__tol': 0.0001, 'impute': None, 'select': SelectKBest(score_func=<function mutual_info_classif at 0x147da6670>), 'select__k': 8, 'transform': None}",0.7433390837646155,0.6575457445022661,0.6443701226309921,0.6817516502992914,0.043879822421077984,391,0.9323529411764706,0.8304093567251463,0.7770897832817337,0.8466173603944501,0.0644136972342044,213,0.7567567567567568,0.6756756756756757,0.6666666666666666,0.6996996996996997,0.040512725415111264,391
0.020665963490804035,0.0008039548334818543,0.0023554166158040366,2.8706978644613206e-05,,0.01,500,2,l2,42,lbfgs,1e-06,SimpleImputer(strategy='median'),SelectKBest(score_func=<function mutual_info_classif at 0x147da6670>),8,,"{'balance': None, 'classify__C': 0.01, 'classify__max_iter': 500, 'classify__n_jobs': 2, 'classify__penalty': 'l2', 'classify__random_state': 42, 'classify__solver': 'lbfgs', 'classify__tol': 1e-06, 'impute': SimpleImputer(strategy='median'), 'select': SelectKBest(score_func=<function mutual_info_classif at 0x147da6670>), 'select__k': 8, 'transform': None}",0.7433390837646155,0.6575457445022661,0.6443701226309921,0.6817516502992914,0.043879822421077984,391,0.9323529411764706,0.8304093567251463,0.7770897832817337,0.8466173603944501,0.0644136972342044,213,0.7567567567567568,0.6756756756756757,0.6666666666666666,0.6996996996996997,0.040512725415111264,391
0.02060707410176595,0.00013750357347262014,0.0019992192586263022,2.744772139612747e-05,,0.01,500,2,l2,42,lbfgs,1e-06,,SelectKBest(score_func=<function mutual_info_classif at 0x147da6670>),8,,"{'balance': None, 'classify__C': 0.01, 'classify__max_iter': 500, 'classify__n_jobs': 2, 'classify__penalty': 'l2', 'classify__random_state': 42, 'classify__solver': 'lbfgs', 'classify__tol': 1e-06, 'impute': None, 'select': SelectKBest(score_func=<function mutual_info_classif at 0x147da6670>), 'select__k': 8, 'transform': None}",0.7433390837646155,0.6575457445022661,0.6443701226309921,0.6817516502992914,0.043879822421077984,391,0.9323529411764706,0.8304093567251463,0.7770897832817337,0.8466173603944501,0.0644136972342044,213,0.7567567567567568,0.6756756756756757,0.6666666666666666,0.6996996996996997,0.040512725415111264,391
0.019249995549519856,0.0007232838627414935,0.0017189979553222656,2.7456464101046147e-05,,0.01,500,2,l2,42,lbfgs,1e-08,,SelectKBest(score_func=<function mutual_info_classif at 0x147da6670>),8,,"{'balance': None, 'classify__C': 0.01, 'classify__max_iter': 500, 'classify__n_jobs': 2, 'classify__penalty': 'l2', 'classify__random_state': 42, 'classify__solver': 'lbfgs', 'classify__tol': 1e-08, 'impute': None, 'select': SelectKBest(score_func=<function mutual_info_classif at 0x147da6670>), 'select__k': 8, 'transform': None}",0.7433390837646155,0.6575457445022661,0.6443701226309921,0.6817516502992914,0.043879822421077984,391,0.9323529411764706,0.8304093567251463,0.7770897832817337,0.8466173603944501,0.0644136972342044,213,0.7567567567567568,0.6756756756756757,0.6666666666666666,0.6996996996996997,0.040512725415111264,391
0.020652055740356445,0.00044717644461883695,0.0021980603535970054,5.34413470815262e-05,,0.01,200,2,l2,42,lbfgs,0.0001,SimpleImputer(strategy='median'),SelectKBest(score_func=<function mutual_info_classif at 0x147da6670>),8,,"{'balance': None, 'classify__C': 0.01, 'classify__max_iter': 200, 'classify__n_jobs': 2, 'classify__penalty': 'l2', 'classify__random_state': 42, 'classify__solver': 'lbfgs', 'classify__tol': 0.0001, 'impute': SimpleImputer(strategy='median'), 'select': SelectKBest(score_func=<function mutual_info_classif at 0x147da6670>), 'select__k': 8, 'transform': None}",0.7433390837646155,0.6575457445022661,0.6443701226309921,0.6817516502992914,0.043879822421077984,391,0.9323529411764706,0.8304093567251463,0.7770897832817337,0.8466173603944501,0.0644136972342044,213,0.7567567567567568,0.6756756756756757,0.6666666666666666,0.6996996996996997,0.040512725415111264,391
0.02023625373840332,9.657002223214374e-05,0.0024149417877197266,4.1213095627161e-05,,0.01,200,2,l2,42,lbfgs,1e-06,SimpleImputer(strategy='median'),SelectKBest(score_func=<function mutual_info_classif at 0x147da6670>),8,,"{'balance': None, 'classify__C': 0.01, 'classify__max_iter': 200, 'classify__n_jobs': 2, 'classify__penalty': 'l2', 'classify__random_state': 42, 'classify__solver': 'lbfgs', 'classify__tol': 1e-06, 'impute': SimpleImputer(strategy='median'), 'select': SelectKBest(score_func=<function mutual_info_classif at 0x147da6670>), 'select__k': 8, 'transform': None}",0.7433390837646155,0.6575457445022661,0.6443701226309921,0.6817516502992914,0.043879822421077984,391,0.9323529411764706,0.8304093567251463,0.7770897832817337,0.8466173603944501,0.0644136972342044,213,0.7567567567567568,0.6756756756756757,0.6666666666666666,0.6996996996996997,0.040512725415111264,391
0.020708878835042317,2.395075195900034e-05,0.002056757609049479,4.608096555884222e-05,,0.01,200,2,l2,42,lbfgs,1e-06,,SelectKBest(score_func=<function mutual_info_classif at 0x147da6670>),8,,"{'balance': None, 'classify__C': 0.01, 'classify__max_iter': 200, 'classify__n_jobs': 2, 'classify__penalty': 'l2', 'classify__random_state': 42, 'classify__solver': 'lbfgs', 'classify__tol': 1e-06, 'impute': None, 'select': SelectKBest(score_func=<function mutual_info_classif at 0x147da6670>), 'select__k': 8, 'transform': None}",0.7433390837646155,0.6575457445022661,0.6443701226309921,0.6817516502992914,0.043879822421077984,391,0.9323529411764706,0.8304093567251463,0.7770897832817337,0.8466173603944501,0.0644136972342044,213,0.7567567567567568,0.6756756756756757,0.6666666666666666,0.6996996996996997,0.040512725415111264,391
0.020221392313639324,0.000875020748640206,0.002370595932006836,8.384269936518435e-05,,0.01,200,2,l2,42,lbfgs,1e-08,SimpleImputer(strategy='median'),SelectKBest(score_func=<function mutual_info_classif at 0x147da6670>),8,,"{'balance': None, 'classify__C': 0.01, 'classify__max_iter': 200, 'classify__n_jobs': 2, 'classify__penalty': 'l2', 'classify__random_state': 42, 'classify__solver': 'lbfgs', 'classify__tol': 1e-08, 'impute': SimpleImputer(strategy='median'), 'select': SelectKBest(score_func=<function mutual_info_classif at 0x147da6670>), 'select__k': 8, 'transform': None}",0.7433390837646155,0.6575457445022661,0.6443701226309921,0.6817516502992914,0.043879822421077984,391,0.9323529411764706,0.8304093567251463,0.7770897832817337,0.8466173603944501,0.0644136972342044,213,0.7567567567567568,0.6756756756756757,0.6666666666666666,0.6996996996996997,0.040512725415111264,391
0.019297361373901367,0.0008778545533968406,0.0018892288208007812,0.00010587306242672414,,0.01,200,2,l2,42,lbfgs,1e-08,,SelectKBest(score_func=<function mutual_info_classif at 0x147da6670>),8,,"{'balance': None, 'classify__C': 0.01, 'classify__max_iter': 200, 'classify__n_jobs': 2, 'classify__penalty': 'l2', 'classify__random_state': 42, 'classify__solver': 'lbfgs', 'classify__tol': 1e-08, 'impute': None, 'select': SelectKBest(score_func=<function mutual_info_classif at 0x147da6670>), 'select__k': 8, 'transform': None}",0.7433390837646155,0.6575457445022661,0.6443701226309921,0.6817516502992914,0.043879822421077984,391,0.9323529411764706,0.8304093567251463,0.7770897832817337,0.8466173603944501,0.0644136972342044,213,0.7567567567567568,0.6756756756756757,0.6666666666666666,0.6996996996996997,0.040512725415111264,391
0.020270506540934246,0.0003676394045957509,0.0021069844563802085,7.74204351387127e-05,,0.01,100,2,l2,42,lbfgs,0.0001,SimpleImputer(strategy='median'),SelectKBest(score_func=<function mutual_info_classif at 0x147da6670>),8,,"{'balance': None, 'classify__C': 0.01, 'classify__max_iter': 100, 'classify__n_jobs': 2, 'classify__penalty': 'l2', 'classify__random_state': 42, 'classify__solver': 'lbfgs', 'classify__tol': 0.0001, 'impute': SimpleImputer(strategy='median'), 'select': SelectKBest(score_func=<function mutual_info_classif at 0x147da6670>), 'select__k': 8, 'transform': None}",0.7433390837646155,0.6575457445022661,0.6443701226309921,0.6817516502992914,0.043879822421077984,391,0.9323529411764706,0.8304093567251463,0.7770897832817337,0.8466173603944501,0.0644136972342044,213,0.7567567567567568,0.6756756756756757,0.6666666666666666,0.6996996996996997,0.040512725415111264,391
0.018956899642944336,0.0010133852248476894,0.0020623207092285156,0.00011308398715066086,,0.01,2000,2,l2,42,lbfgs,0.0001,SimpleImputer(strategy='median'),SelectKBest(score_func=<function mutual_info_classif at 0x147da6670>),8,,"{'balance': None, 'classify__C': 0.01, 'classify__max_iter': 2000, 'classify__n_jobs': 2, 'classify__penalty': 'l2', 'classify__random_state': 42, 'classify__solver': 'lbfgs', 'classify__tol': 0.0001, 'impute': SimpleImputer(strategy='median'), 'select': SelectKBest(score_func=<function mutual_info_classif at 0x147da6670>), 'select__k': 8, 'transform': None}",0.7433390837646155,0.6575457445022661,0.6443701226309921,0.6817516502992914,0.043879822421077984,391,0.9323529411764706,0.8304093567251463,0.7770897832817337,0.8466173603944501,0.0644136972342044,213,0.7567567567567568,0.6756756756756757,0.6666666666666666,0.6996996996996997,0.040512725415111264,391
0.020473957061767578,0.0003182937738361426,0.002033789952596029,6.867512795138808e-05,,0.01,200,2,l2,42,lbfgs,0.0001,,SelectKBest(score_func=<function mutual_info_classif at 0x147da6670>),8,,"{'balance': None, 'classify__C': 0.01, 'classify__max_iter': 200, 'classify__n_jobs': 2, 'classify__penalty': 'l2', 'classify__random_state': 42, 'classify__solver': 'lbfgs', 'classify__tol': 0.0001, 'impute': None, 'select': SelectKBest(score_func=<function mutual_info_classif at 0x147da6670>), 'select__k': 8, 'transform': None}",0.7433390837646155,0.6575457445022661,0.6443701226309921,0.6817516502992914,0.043879822421077984,391,0.9323529411764706,0.8304093567251463,0.7770897832817337,0.8466173603944501,0.0644136972342044,213,0.7567567567567568,0.6756756756756757,0.6666666666666666,0.6996996996996997,0.040512725415111264,391
0.018846909205118816,0.0008226167797220702,0.0021533966064453125,0.0002042915672694456,,0.01,500,2,l2,42,lbfgs,1e-08,SimpleImputer(strategy='median'),SelectKBest(score_func=<function mutual_info_classif at 0x147da6670>),8,,"{'balance': None, 'classify__C': 0.01, 'classify__max_iter': 500, 'classify__n_jobs': 2, 'classify__penalty': 'l2', 'classify__random_state': 42, 'classify__solver': 'lbfgs', 'classify__tol': 1e-08, 'impute': SimpleImputer(strategy='median'), 'select': SelectKBest(score_func=<function mutual_info_classif at 0x147da6670>), 'select__k': 8, 'transform': None}",0.7183985227463489,0.6575457445022661,0.6443701226309921,0.673438129959869,0.032243624099032954,419,0.9205882352941177,0.8304093567251463,0.7770897832817337,0.8426957917669992,0.05922369344001814,299,0.7297297297297297,0.6756756756756757,0.6666666666666666,0.6906906906906906,0.0278487041906778,419
0.01989905039469401,8.421281119250957e-05,0.0018039544423421223,3.637548405863726e-05,,0.01,100,2,l2,42,lbfgs,1e-06,,SelectKBest(score_func=<function mutual_info_classif at 0x147da6670>),8,,"{'balance': None, 'classify__C': 0.01, 'classify__max_iter': 100, 'classify__n_jobs': 2, 'classify__penalty': 'l2', 'classify__random_state': 42, 'classify__solver': 'lbfgs', 'classify__tol': 1e-06, 'impute': None, 'select': SelectKBest(score_func=<function mutual_info_classif at 0x147da6670>), 'select__k': 8, 'transform': None}",0.7433390837646155,0.5882709632709633,0.6443701226309921,0.6586600565555237,0.06410762906775902,420,0.9323529411764706,0.8128654970760234,0.7770897832817337,0.8407694071780759,0.06638590813869596,300,0.7567567567567568,0.6216216216216216,0.6666666666666666,0.6816816816816816,0.05618104184345261,420
0.020043611526489258,0.0002961796642197766,0.002015352249145508,0.00012348931675033436,,0.01,100,2,l2,42,lbfgs,1e-08,,SelectKBest(score_func=<function mutual_info_classif at 0x147da6670>),5,,"{'balance': None, 'classify__C': 0.01, 'classify__max_iter': 100, 'classify__n_jobs': 2, 'classify__penalty': 'l2', 'classify__random_state': 42, 'classify__solver': 'lbfgs', 'classify__tol': 1e-08, 'impute': None, 'select': SelectKBest(score_func=<function mutual_info_classif at 0x147da6670>), 'select__k': 5, 'transform': None}",0.6764920022062879,0.6237301130918151,0.6084633569739952,0.6362284907573661,0.02914482488354026,421,0.9058823529411764,0.847953216374269,0.7120743034055728,0.8219699575736726,0.08122699600347501,331,0.7027027027027027,0.6486486486486487,0.6388888888888888,0.6634134134134134,0.02806598673703522,421
0.019589742024739582,6.919462339592681e-05,0.001733859380086263,3.694915385306098e-05,,0.01,2000,2,l2,42,lbfgs,0.0001,,SelectKBest(score_func=<function mutual_info_classif at 0x147da6670>),5,,"{'balance': None, 'classify__C': 0.01, 'classify__max_iter': 2000, 'classify__n_jobs': 2, 'classify__penalty': 'l2', 'classify__random_state': 42, 'classify__solver': 'lbfgs', 'classify__tol': 0.0001, 'impute': None, 'select': SelectKBest(score_func=<function mutual_info_classif at 0x147da6670>), 'select__k': 5, 'transform': None}",0.6764920022062879,0.6237301130918151,0.6084633569739952,0.6362284907573661,0.02914482488354026,421,0.9058823529411764,0.847953216374269,0.7120743034055728,0.8219699575736726,0.08122699600347501,331,0.7027027027027027,0.6486486486486487,0.6388888888888888,0.6634134134134134,0.02806598673703522,421
0.01965173085530599,0.00014855988165978114,0.0019590059916178384,4.017445421399109e-05,,0.01,2000,2,l2,42,lbfgs,0.0001,SimpleImputer(strategy='median'),SelectKBest(score_func=<function mutual_info_classif at 0x147da6670>),5,,"{'balance': None, 'classify__C': 0.01, 'classify__max_iter': 2000, 'classify__n_jobs': 2, 'classify__penalty': 'l2', 'classify__random_state': 42, 'classify__solver': 'lbfgs', 'classify__tol': 0.0001, 'impute': SimpleImputer(strategy='median'), 'select': SelectKBest(score_func=<function mutual_info_classif at 0x147da6670>), 'select__k': 5, 'transform': None}",0.6764920022062879,0.6237301130918151,0.6084633569739952,0.6362284907573661,0.02914482488354026,421,0.9058823529411764,0.847953216374269,0.7120743034055728,0.8219699575736726,0.08122699600347501,331,0.7027027027027027,0.6486486486486487,0.6388888888888888,0.6634134134134134,0.02806598673703522,421
0.019644975662231445,0.00011611270378825488,0.0017163753509521484,7.40498578837364e-05,,0.01,100,2,l2,42,lbfgs,1e-06,,SelectKBest(score_func=<function mutual_info_classif at 0x147da6670>),5,,"{'balance': None, 'classify__C': 0.01, 'classify__max_iter': 100, 'classify__n_jobs': 2, 'classify__penalty': 'l2', 'classify__random_state': 42, 'classify__solver': 'lbfgs', 'classify__tol': 1e-06, 'impute': None, 'select': SelectKBest(score_func=<function mutual_info_classif at 0x147da6670>), 'select__k': 5, 'transform': None}",0.6764920022062879,0.6237301130918151,0.6084633569739952,0.6362284907573661,0.02914482488354026,421,0.9058823529411764,0.847953216374269,0.7120743034055728,0.8219699575736726,0.08122699600347501,331,0.7027027027027027,0.6486486486486487,0.6388888888888888,0.6634134134134134,0.02806598673703522,421
0.02038717269897461,2.436773180704352e-05,0.0021588007609049478,2.611333537725717e-05,,0.01,100,2,l2,42,lbfgs,1e-06,SimpleImputer(strategy='median'),SelectKBest(score_func=<function mutual_info_classif at 0x147da6670>),5,,"{'balance': None, 'classify__C': 0.01, 'classify__max_iter': 100, 'classify__n_jobs': 2, 'classify__penalty': 'l2', 'classify__random_state': 42, 'classify__solver': 'lbfgs', 'classify__tol': 1e-06, 'impute': SimpleImputer(strategy='median'), 'select': SelectKBest(score_func=<function mutual_info_classif at 0x147da6670>), 'select__k': 5, 'transform': None}",0.6764920022062879,0.6237301130918151,0.6084633569739952,0.6362284907573661,0.02914482488354026,421,0.9058823529411764,0.847953216374269,0.7120743034055728,0.8219699575736726,0.08122699600347501,331,0.7027027027027027,0.6486486486486487,0.6388888888888888,0.6634134134134134,0.02806598673703522,421
0.019330581029256184,0.0009550868011659292,0.0018846988677978516,5.700946690494096e-05,,0.01,100,2,l2,42,lbfgs,0.0001,,SelectKBest(score_func=<function mutual_info_classif at 0x147da6670>),5,,"{'balance': None, 'classify__C': 0.01, 'classify__max_iter': 100, 'classify__n_jobs': 2, 'classify__penalty': 'l2', 'classify__random_state': 42, 'classify__solver': 'lbfgs', 'classify__tol': 0.0001, 'impute': None, 'select': SelectKBest(score_func=<function mutual_info_classif at 0x147da6670>), 'select__k': 5, 'transform': None}",0.6764920022062879,0.6237301130918151,0.6084633569739952,0.6362284907573661,0.02914482488354026,421,0.9058823529411764,0.847953216374269,0.7120743034055728,0.8219699575736726,0.08122699600347501,331,0.7027027027027027,0.6486486486486487,0.6388888888888888,0.6634134134134134,0.02806598673703522,421
0.02050503094991048,0.0001548823479965778,0.0023482640584309897,0.00010504899240167673,,0.01,100,2,l2,42,lbfgs,0.0001,SimpleImputer(strategy='median'),SelectKBest(score_func=<function mutual_info_classif at 0x147da6670>),5,,"{'balance': None, 'classify__C': 0.01, 'classify__max_iter': 100, 'classify__n_jobs': 2, 'classify__penalty': 'l2', 'classify__random_state': 42, 'classify__solver': 'lbfgs', 'classify__tol': 0.0001, 'impute': SimpleImputer(strategy='median'), 'select': SelectKBest(score_func=<function mutual_info_classif at 0x147da6670>), 'select__k': 5, 'transform': None}",0.6764920022062879,0.6237301130918151,0.6084633569739952,0.6362284907573661,0.02914482488354026,421,0.9058823529411764,0.847953216374269,0.7120743034055728,0.8219699575736726,0.08122699600347501,331,0.7027027027027027,0.6486486486486487,0.6388888888888888,0.6634134134134134,0.02806598673703522,421
0.01990342140197754,0.00017043721401996989,0.0018379688262939453,9.345359520224376e-05,,0.01,200,2,l2,42,lbfgs,1e-08,,SelectKBest(score_func=<function mutual_info_classif at 0x147da6670>),5,,"{'balance': None, 'classify__C': 0.01, 'classify__max_iter': 200, 'classify__n_jobs': 2, 'classify__penalty': 'l2', 'classify__random_state': 42, 'classify__solver': 'lbfgs', 'classify__tol': 1e-08, 'impute': None, 'select': SelectKBest(score_func=<function mutual_info_classif at 0x147da6670>), 'select__k': 5, 'transform': None}",0.6764920022062879,0.6237301130918151,0.6084633569739952,0.6362284907573661,0.02914482488354026,421,0.9058823529411764,0.847953216374269,0.7120743034055728,0.8219699575736726,0.08122699600347501,331,0.7027027027027027,0.6486486486486487,0.6388888888888888,0.6634134134134134,0.02806598673703522,421
0.020548899968465168,0.0002963202031418635,0.002332766850789388,8.073308256781355e-05,,0.01,200,2,l2,42,lbfgs,1e-08,SimpleImputer(strategy='median'),SelectKBest(score_func=<function mutual_info_classif at 0x147da6670>),5,,"{'balance': None, 'classify__C': 0.01, 'classify__max_iter': 200, 'classify__n_jobs': 2, 'classify__penalty': 'l2', 'classify__random_state': 42, 'classify__solver': 'lbfgs', 'classify__tol': 1e-08, 'impute': SimpleImputer(strategy='median'), 'select': SelectKBest(score_func=<function mutual_info_classif at 0x147da6670>), 'select__k': 5, 'transform': None}",0.6764920022062879,0.6237301130918151,0.6084633569739952,0.6362284907573661,0.02914482488354026,421,0.9058823529411764,0.847953216374269,0.7120743034055728,0.8219699575736726,0.08122699600347501,331,0.7027027027027027,0.6486486486486487,0.6388888888888888,0.6634134134134134,0.02806598673703522,421
0.020580053329467773,9.461102924526907e-05,0.002077976862589518,5.2268376037011515e-05,,0.01,200,2,l2,42,lbfgs,1e-06,,SelectKBest(score_func=<function mutual_info_classif at 0x147da6670>),5,,"{'balance': None, 'classify__C': 0.01, 'classify__max_iter': 200, 'classify__n_jobs': 2, 'classify__penalty': 'l2', 'classify__random_state': 42, 'classify__solver': 'lbfgs', 'classify__tol': 1e-06, 'impute': None, 'select': SelectKBest(score_func=<function mutual_info_classif at 0x147da6670>), 'select__k': 5, 'transform': None}",0.6764920022062879,0.6237301130918151,0.6084633569739952,0.6362284907573661,0.02914482488354026,421,0.9058823529411764,0.847953216374269,0.7120743034055728,0.8219699575736726,0.08122699600347501,331,0.7027027027027027,0.6486486486486487,0.6388888888888888,0.6634134134134134,0.02806598673703522,421
0.021211624145507812,0.00012021703739678435,0.0024634997049967446,1.654830288366928e-05,,0.01,200,2,l2,42,lbfgs,1e-06,SimpleImputer(strategy='median'),SelectKBest(score_func=<function mutual_info_classif at 0x147da6670>),5,,"{'balance': None, 'classify__C': 0.01, 'classify__max_iter': 200, 'classify__n_jobs': 2, 'classify__penalty': 'l2', 'classify__random_state': 42, 'classify__solver': 'lbfgs', 'classify__tol': 1e-06, 'impute': SimpleImputer(strategy='median'), 'select': SelectKBest(score_func=<function mutual_info_classif at 0x147da6670>), 'select__k': 5, 'transform': None}",0.6764920022062879,0.6237301130918151,0.6084633569739952,0.6362284907573661,0.02914482488354026,421,0.9058823529411764,0.847953216374269,0.7120743034055728,0.8219699575736726,0.08122699600347501,331,0.7027027027027027,0.6486486486486487,0.6388888888888888,0.6634134134134134,0.02806598673703522,421
0.020810604095458984,0.00019619758319981923,0.0021462440490722656,5.679268679152245e-05,,0.01,200,2,l2,42,lbfgs,0.0001,,SelectKBest(score_func=<function mutual_info_classif at 0x147da6670>),5,,"{'balance': None, 'classify__C': 0.01, 'classify__max_iter': 200, 'classify__n_jobs': 2, 'classify__penalty': 'l2', 'classify__random_state': 42, 'classify__solver': 'lbfgs', 'classify__tol': 0.0001, 'impute': None, 'select': SelectKBest(score_func=<function mutual_info_classif at 0x147da6670>), 'select__k': 5, 'transform': None}",0.6764920022062879,0.6237301130918151,0.6084633569739952,0.6362284907573661,0.02914482488354026,421,0.9058823529411764,0.847953216374269,0.7120743034055728,0.8219699575736726,0.08122699600347501,331,0.7027027027027027,0.6486486486486487,0.6388888888888888,0.6634134134134134,0.02806598673703522,421
0.020365079243977863,0.00089591009250853,0.0023587544759114585,0.00012004974580310375,,0.01,200,2,l2,42,lbfgs,0.0001,SimpleImputer(strategy='median'),SelectKBest(score_func=<function mutual_info_classif at 0x147da6670>),5,,"{'balance': None, 'classify__C': 0.01, 'classify__max_iter': 200, 'classify__n_jobs': 2, 'classify__penalty': 'l2', 'classify__random_state': 42, 'classify__solver': 'lbfgs', 'classify__tol': 0.0001, 'impute': SimpleImputer(strategy='median'), 'select': SelectKBest(score_func=<function mutual_info_classif at 0x147da6670>), 'select__k': 5, 'transform': None}",0.6764920022062879,0.6237301130918151,0.6084633569739952,0.6362284907573661,0.02914482488354026,421,0.9058823529411764,0.847953216374269,0.7120743034055728,0.8219699575736726,0.08122699600347501,331,0.7027027027027027,0.6486486486486487,0.6388888888888888,0.6634134134134134,0.02806598673703522,421
0.01990826924641927,0.00020016043973593458,0.0019363562266031902,0.0001833367391106956,,0.01,500,2,l2,42,lbfgs,1e-08,,SelectKBest(score_func=<function mutual_info_classif at 0x147da6670>),5,,"{'balance': None, 'classify__C': 0.01, 'classify__max_iter': 500, 'classify__n_jobs': 2, 'classify__penalty': 'l2', 'classify__random_state': 42, 'classify__solver': 'lbfgs', 'classify__tol': 1e-08, 'impute': None, 'select': SelectKBest(score_func=<function mutual_info_classif at 0x147da6670>), 'select__k': 5, 'transform': None}",0.6764920022062879,0.6237301130918151,0.6084633569739952,0.6362284907573661,0.02914482488354026,421,0.9058823529411764,0.847953216374269,0.7120743034055728,0.8219699575736726,0.08122699600347501,331,0.7027027027027027,0.6486486486486487,0.6388888888888888,0.6634134134134134,0.02806598673703522,421
0.019532044728597004,0.0007406426076693165,0.002221266428629557,0.0001497458910212826,,0.01,500,2,l2,42,lbfgs,1e-08,SimpleImputer(strategy='median'),SelectKBest(score_func=<function mutual_info_classif at 0x147da6670>),5,,"{'balance': None, 'classify__C': 0.01, 'classify__max_iter': 500, 'classify__n_jobs': 2, 'classify__penalty': 'l2', 'classify__random_state': 42, 'classify__solver': 'lbfgs', 'classify__tol': 1e-08, 'impute': SimpleImputer(strategy='median'), 'select': SelectKBest(score_func=<function mutual_info_classif at 0x147da6670>), 'select__k': 5, 'transform': None}",0.6764920022062879,0.6237301130918151,0.6084633569739952,0.6362284907573661,0.02914482488354026,421,0.9058823529411764,0.847953216374269,0.7120743034055728,0.8219699575736726,0.08122699600347501,331,0.7027027027027027,0.6486486486486487,0.6388888888888888,0.6634134134134134,0.02806598673703522,421
0.020110289255777996,0.00010868546277445594,0.002131938934326172,0.00010857150340497295,,0.01,100,2,l2,42,lbfgs,1e-08,SimpleImputer(strategy='median'),SelectKBest(score_func=<function mutual_info_classif at 0x147da6670>),5,,"{'balance': None, 'classify__C': 0.01, 'classify__max_iter': 100, 'classify__n_jobs': 2, 'classify__penalty': 'l2', 'classify__random_state': 42, 'classify__solver': 'lbfgs', 'classify__tol': 1e-08, 'impute': SimpleImputer(strategy='median'), 'select': SelectKBest(score_func=<function mutual_info_classif at 0x147da6670>), 'select__k': 5, 'transform': None}",0.6764920022062879,0.6237301130918151,0.6084633569739952,0.6362284907573661,0.02914482488354026,421,0.9058823529411764,0.847953216374269,0.7120743034055728,0.8219699575736726,0.08122699600347501,331,0.7027027027027027,0.6486486486486487,0.6388888888888888,0.6634134134134134,0.02806598673703522,421
0.020138343175252277,0.0008175487299033724,0.0023462772369384766,5.1627761969659907e-05,,0.01,500,2,l2,42,lbfgs,1e-06,SimpleImputer(strategy='median'),SelectKBest(score_func=<function mutual_info_classif at 0x147da6670>),5,,"{'balance': None, 'classify__C': 0.01, 'classify__max_iter': 500, 'classify__n_jobs': 2, 'classify__penalty': 'l2', 'classify__random_state': 42, 'classify__solver': 'lbfgs', 'classify__tol': 1e-06, 'impute': SimpleImputer(strategy='median'), 'select': SelectKBest(score_func=<function mutual_info_classif at 0x147da6670>), 'select__k': 5, 'transform': None}",0.6764920022062879,0.6237301130918151,0.6084633569739952,0.6362284907573661,0.02914482488354026,421,0.9058823529411764,0.847953216374269,0.7120743034055728,0.8219699575736726,0.08122699600347501,331,0.7027027027027027,0.6486486486486487,0.6388888888888888,0.6634134134134134,0.02806598673703522,421
0.02009240786234538,0.00011838650210984467,0.0020356973012288413,6.936337289854222e-05,,0.01,2000,2,l2,42,lbfgs,1e-06,SimpleImputer(strategy='median'),SelectKBest(score_func=<function mutual_info_classif at 0x147da6670>),5,,"{'balance': None, 'classify__C': 0.01, 'classify__max_iter': 2000, 'classify__n_jobs': 2, 'classify__penalty': 'l2', 'classify__random_state': 42, 'classify__solver': 'lbfgs', 'classify__tol': 1e-06, 'impute': SimpleImputer(strategy='median'), 'select': SelectKBest(score_func=<function mutual_info_classif at 0x147da6670>), 'select__k': 5, 'transform': None}",0.6764920022062879,0.6237301130918151,0.6084633569739952,0.6362284907573661,0.02914482488354026,421,0.9058823529411764,0.847953216374269,0.7120743034055728,0.8219699575736726,0.08122699600347501,331,0.7027027027027027,0.6486486486486487,0.6388888888888888,0.6634134134134134,0.02806598673703522,421
0.01963671048482259,7.258826695654467e-05,0.001725594202677409,3.522217058475678e-05,,0.01,2000,2,l2,42,lbfgs,1e-06,,SelectKBest(score_func=<function mutual_info_classif at 0x147da6670>),5,,"{'balance': None, 'classify__C': 0.01, 'classify__max_iter': 2000, 'classify__n_jobs': 2, 'classify__penalty': 'l2', 'classify__random_state': 42, 'classify__solver': 'lbfgs', 'classify__tol': 1e-06, 'impute': None, 'select': SelectKBest(score_func=<function mutual_info_classif at 0x147da6670>), 'select__k': 5, 'transform': None}",0.6764920022062879,0.6237301130918151,0.6084633569739952,0.6362284907573661,0.02914482488354026,421,0.9058823529411764,0.847953216374269,0.7120743034055728,0.8219699575736726,0.08122699600347501,331,0.7027027027027027,0.6486486486486487,0.6388888888888888,0.6634134134134134,0.02806598673703522,421
0.019416252772013348,0.0006989584380958495,0.002025047938028971,8.681848865773925e-05,,0.01,2000,2,l2,42,lbfgs,1e-08,SimpleImputer(strategy='median'),SelectKBest(score_func=<function mutual_info_classif at 0x147da6670>),5,,"{'balance': None, 'classify__C': 0.01, 'classify__max_iter': 2000, 'classify__n_jobs': 2, 'classify__penalty': 'l2', 'classify__random_state': 42, 'classify__solver': 'lbfgs', 'classify__tol': 1e-08, 'impute': SimpleImputer(strategy='median'), 'select': SelectKBest(score_func=<function mutual_info_classif at 0x147da6670>), 'select__k': 5, 'transform': None}",0.6764920022062879,0.6237301130918151,0.6084633569739952,0.6362284907573661,0.02914482488354026,421,0.9058823529411764,0.847953216374269,0.7120743034055728,0.8219699575736726,0.08122699600347501,331,0.7027027027027027,0.6486486486486487,0.6388888888888888,0.6634134134134134,0.02806598673703522,421
0.020435651143391926,0.0003005310927533905,0.0020933945973714194,5.558113860738105e-05,,0.01,2000,2,l2,42,lbfgs,1e-08,,SelectKBest(score_func=<function mutual_info_classif at 0x147da6670>),5,,"{'balance': None, 'classify__C': 0.01, 'classify__max_iter': 2000, 'classify__n_jobs': 2, 'classify__penalty': 'l2', 'classify__random_state': 42, 'classify__solver': 'lbfgs', 'classify__tol': 1e-08, 'impute': None, 'select': SelectKBest(score_func=<function mutual_info_classif at 0x147da6670>), 'select__k': 5, 'transform': None}",0.6764920022062879,0.6237301130918151,0.6084633569739952,0.6362284907573661,0.02914482488354026,421,0.9058823529411764,0.847953216374269,0.7120743034055728,0.8219699575736726,0.08122699600347501,331,0.7027027027027027,0.6486486486486487,0.6388888888888888,0.6634134134134134,0.02806598673703522,421
0.020217021306355793,8.957525592127508e-05,0.0020176569620768228,0.00010823018919012449,,0.01,1000,2,l2,42,lbfgs,0.0001,,SelectKBest(score_func=<function mutual_info_classif at 0x147da6670>),5,,"{'balance': None, 'classify__C': 0.01, 'classify__max_iter': 1000, 'classify__n_jobs': 2, 'classify__penalty': 'l2', 'classify__random_state': 42, 'classify__solver': 'lbfgs', 'classify__tol': 0.0001, 'impute': None, 'select': SelectKBest(score_func=<function mutual_info_classif at 0x147da6670>), 'select__k': 5, 'transform': None}",0.6764920022062879,0.6237301130918151,0.6084633569739952,0.6362284907573661,0.02914482488354026,421,0.9058823529411764,0.847953216374269,0.7120743034055728,0.8219699575736726,0.08122699600347501,331,0.7027027027027027,0.6486486486486487,0.6388888888888888,0.6634134134134134,0.02806598673703522,421
0.02086337407430013,0.0005659510149443151,0.0024410088857014975,3.3219465227815014e-05,,0.01,1000,2,l2,42,lbfgs,0.0001,SimpleImputer(strategy='median'),SelectKBest(score_func=<function mutual_info_classif at 0x147da6670>),5,,"{'balance': None, 'classify__C': 0.01, 'classify__max_iter': 1000, 'classify__n_jobs': 2, 'classify__penalty': 'l2', 'classify__random_state': 42, 'classify__solver': 'lbfgs', 'classify__tol': 0.0001, 'impute': SimpleImputer(strategy='median'), 'select': SelectKBest(score_func=<function mutual_info_classif at 0x147da6670>), 'select__k': 5, 'transform': None}",0.6764920022062879,0.6237301130918151,0.6084633569739952,0.6362284907573661,0.02914482488354026,421,0.9058823529411764,0.847953216374269,0.7120743034055728,0.8219699575736726,0.08122699600347501,331,0.7027027027027027,0.6486486486486487,0.6388888888888888,0.6634134134134134,0.02806598673703522,421
0.019857327143351238,5.420107295822256e-05,0.0018412272135416667,3.064541895090609e-05,,0.01,1000,2,l2,42,lbfgs,1e-06,,SelectKBest(score_func=<function mutual_info_classif at 0x147da6670>),5,,"{'balance': None, 'classify__C': 0.01, 'classify__max_iter': 1000, 'classify__n_jobs': 2, 'classify__penalty': 'l2', 'classify__random_state': 42, 'classify__solver': 'lbfgs', 'classify__tol': 1e-06, 'impute': None, 'select': SelectKBest(score_func=<function mutual_info_classif at 0x147da6670>), 'select__k': 5, 'transform': None}",0.6764920022062879,0.6237301130918151,0.6084633569739952,0.6362284907573661,0.02914482488354026,421,0.9058823529411764,0.847953216374269,0.7120743034055728,0.8219699575736726,0.08122699600347501,331,0.7027027027027027,0.6486486486486487,0.6388888888888888,0.6634134134134134,0.02806598673703522,421
0.01995992660522461,0.0004154771938249291,0.0021117528279622397,1.2713670575346133e-05,,0.01,1000,2,l2,42,lbfgs,1e-08,SimpleImputer(strategy='median'),SelectKBest(score_func=<function mutual_info_classif at 0x147da6670>),5,,"{'balance': None, 'classify__C': 0.01, 'classify__max_iter': 1000, 'classify__n_jobs': 2, 'classify__penalty': 'l2', 'classify__random_state': 42, 'classify__solver': 'lbfgs', 'classify__tol': 1e-08, 'impute': SimpleImputer(strategy='median'), 'select': SelectKBest(score_func=<function mutual_info_classif at 0x147da6670>), 'select__k': 5, 'transform': None}",0.6764920022062879,0.6237301130918151,0.6084633569739952,0.6362284907573661,0.02914482488354026,421,0.9058823529411764,0.847953216374269,0.7120743034055728,0.8219699575736726,0.08122699600347501,331,0.7027027027027027,0.6486486486486487,0.6388888888888888,0.6634134134134134,0.02806598673703522,421
0.01949628194173177,0.000424384371319979,0.0017642974853515625,3.071870193712597e-05,,0.01,1000,2,l2,42,lbfgs,1e-08,,SelectKBest(score_func=<function mutual_info_classif at 0x147da6670>),5,,"{'balance': None, 'classify__C': 0.01, 'classify__max_iter': 1000, 'classify__n_jobs': 2, 'classify__penalty': 'l2', 'classify__random_state': 42, 'classify__solver': 'lbfgs', 'classify__tol': 1e-08, 'impute': None, 'select': SelectKBest(score_func=<function mutual_info_classif at 0x147da6670>), 'select__k': 5, 'transform': None}",0.6764920022062879,0.6237301130918151,0.6084633569739952,0.6362284907573661,0.02914482488354026,421,0.9058823529411764,0.847953216374269,0.7120743034055728,0.8219699575736726,0.08122699600347501,331,0.7027027027027027,0.6486486486486487,0.6388888888888888,0.6634134134134134,0.02806598673703522,421
0.019535064697265625,0.0005236992397353126,0.0020079612731933594,3.0952204791905504e-05,,0.01,500,2,l2,42,lbfgs,0.0001,SimpleImputer(strategy='median'),SelectKBest(score_func=<function mutual_info_classif at 0x147da6670>),5,,"{'balance': None, 'classify__C': 0.01, 'classify__max_iter': 500, 'classify__n_jobs': 2, 'classify__penalty': 'l2', 'classify__random_state': 42, 'classify__solver': 'lbfgs', 'classify__tol': 0.0001, 'impute': SimpleImputer(strategy='median'), 'select': SelectKBest(score_func=<function mutual_info_classif at 0x147da6670>), 'select__k': 5, 'transform': None}",0.6764920022062879,0.6237301130918151,0.6084633569739952,0.6362284907573661,0.02914482488354026,421,0.9058823529411764,0.847953216374269,0.7120743034055728,0.8219699575736726,0.08122699600347501,331,0.7027027027027027,0.6486486486486487,0.6388888888888888,0.6634134134134134,0.02806598673703522,421
0.01961231231689453,7.108632955701195e-05,0.0017180442810058594,2.9469539415393393e-05,,0.01,500,2,l2,42,lbfgs,0.0001,,SelectKBest(score_func=<function mutual_info_classif at 0x147da6670>),5,,"{'balance': None, 'classify__C': 0.01, 'classify__max_iter': 500, 'classify__n_jobs': 2, 'classify__penalty': 'l2', 'classify__random_state': 42, 'classify__solver': 'lbfgs', 'classify__tol': 0.0001, 'impute': None, 'select': SelectKBest(score_func=<function mutual_info_classif at 0x147da6670>), 'select__k': 5, 'transform': None}",0.6764920022062879,0.6237301130918151,0.6084633569739952,0.6362284907573661,0.02914482488354026,421,0.9058823529411764,0.847953216374269,0.7120743034055728,0.8219699575736726,0.08122699600347501,331,0.7027027027027027,0.6486486486486487,0.6388888888888888,0.6634134134134134,0.02806598673703522,421
0.020106951395670574,0.0004089084298164168,0.002233425776163737,5.402143889764662e-05,,0.01,1000,2,l2,42,lbfgs,1e-06,SimpleImputer(strategy='median'),SelectKBest(score_func=<function mutual_info_classif at 0x147da6670>),5,,"{'balance': None, 'classify__C': 0.01, 'classify__max_iter': 1000, 'classify__n_jobs': 2, 'classify__penalty': 'l2', 'classify__random_state': 42, 'classify__solver': 'lbfgs', 'classify__tol': 1e-06, 'impute': SimpleImputer(strategy='median'), 'select': SelectKBest(score_func=<function mutual_info_classif at 0x147da6670>), 'select__k': 5, 'transform': None}",0.6764920022062879,0.6237301130918151,0.6084633569739952,0.6362284907573661,0.02914482488354026,421,0.9058823529411764,0.847953216374269,0.7120743034055728,0.8219699575736726,0.08122699600347501,331,0.7027027027027027,0.6486486486486487,0.6388888888888888,0.6634134134134134,0.02806598673703522,421
0.02003304163614909,0.0003305480977747775,0.0020252068837483725,8.279599847839271e-05,,0.01,500,2,l2,42,lbfgs,1e-06,,SelectKBest(score_func=<function mutual_info_classif at 0x147da6670>),5,,"{'balance': None, 'classify__C': 0.01, 'classify__max_iter': 500, 'classify__n_jobs': 2, 'classify__penalty': 'l2', 'classify__random_state': 42, 'classify__solver': 'lbfgs', 'classify__tol': 1e-06, 'impute': None, 'select': SelectKBest(score_func=<function mutual_info_classif at 0x147da6670>), 'select__k': 5, 'transform': None}",0.6764920022062879,0.6237301130918151,0.6084633569739952,0.6362284907573661,0.02914482488354026,421,0.9058823529411764,0.847953216374269,0.7120743034055728,0.8219699575736726,0.08122699600347501,331,0.7027027027027027,0.6486486486486487,0.6388888888888888,0.6634134134134134,0.02806598673703522,421
0.0002452532450358073,1.6090850101083894e-05,0.0,0.0,SMOTE(random_state=42),0.1,1000,2,l2,42,lbfgs,1e-08,SimpleImputer(strategy='median'),SelectKBest(score_func=<function mutual_info_classif at 0x147da6670>),11,,"{'balance': SMOTE(random_state=42), 'classify__C': 0.1, 'classify__max_iter': 1000, 'classify__n_jobs': 2, 'classify__penalty': 'l2', 'classify__random_state': 42, 'classify__solver': 'lbfgs', 'classify__tol': 1e-08, 'impute': SimpleImputer(strategy='median'), 'select': SelectKBest(score_func=<function mutual_info_classif at 0x147da6670>), 'select__k': 11, 'transform': None}",,,,,,451,,,,,,451,,,,,,451
0.00015370051066080728,3.865682763104537e-06,0.0,0.0,SMOTE(random_state=42),0.1,1000,2,l2,42,lbfgs,1e-06,,SelectKBest(score_func=<function mutual_info_classif at 0x147da6670>),11,,"{'balance': SMOTE(random_state=42), 'classify__C': 0.1, 'classify__max_iter': 1000, 'classify__n_jobs': 2, 'classify__penalty': 'l2', 'classify__random_state': 42, 'classify__solver': 'lbfgs', 'classify__tol': 1e-06, 'impute': None, 'select': SelectKBest(score_func=<function mutual_info_classif at 0x147da6670>), 'select__k': 11, 'transform': None}",,,,,,451,,,,,,451,,,,,,451
0.00015918413798014322,1.1618812497798132e-05,0.0,0.0,SMOTE(random_state=42),0.1,1000,2,l2,42,lbfgs,1e-06,,SelectKBest(score_func=<function mutual_info_classif at 0x147da6670>),8,,"{'balance': SMOTE(random_state=42), 'classify__C': 0.1, 'classify__max_iter': 1000, 'classify__n_jobs': 2, 'classify__penalty': 'l2', 'classify__random_state': 42, 'classify__solver': 'lbfgs', 'classify__tol': 1e-06, 'impute': None, 'select': SelectKBest(score_func=<function mutual_info_classif at 0x147da6670>), 'select__k': 8, 'transform': None}",,,,,,451,,,,,,451,,,,,,451
0.00014861424763997397,4.052336624139774e-07,0.0,0.0,SMOTE(random_state=42),0.1,1000,2,l2,42,lbfgs,1e-06,,SelectKBest(score_func=<function mutual_info_classif at 0x147da6670>),5,,"{'balance': SMOTE(random_state=42), 'classify__C': 0.1, 'classify__max_iter': 1000, 'classify__n_jobs': 2, 'classify__penalty': 'l2', 'classify__random_state': 42, 'classify__solver': 'lbfgs', 'classify__tol': 1e-06, 'impute': None, 'select': SelectKBest(score_func=<function mutual_info_classif at 0x147da6670>), 'select__k': 5, 'transform': None}",,,,,,451,,,,,,451,,,,,,451
0.00024231274922688803,4.49566384116203e-07,0.0,0.0,SMOTE(random_state=42),0.1,500,2,l2,42,lbfgs,0.0001,SimpleImputer(strategy='median'),SelectKBest(score_func=<function mutual_info_classif at 0x147da6670>),8,,"{'balance': SMOTE(random_state=42), 'classify__C': 0.1, 'classify__max_iter': 500, 'classify__n_jobs': 2, 'classify__penalty': 'l2', 'classify__random_state': 42, 'classify__solver': 'lbfgs', 'classify__tol': 0.0001, 'impute': SimpleImputer(strategy='median'), 'select': SelectKBest(score_func=<function mutual_info_classif at 0x147da6670>), 'select__k': 8, 'transform': None}",,,,,,451,,,,,,451,,,,,,451
0.00024080276489257812,1.9756639631042564e-06,0.0,0.0,SMOTE(random_state=42),0.1,1000,2,l2,42,lbfgs,1e-08,SimpleImputer(strategy='median'),SelectKBest(score_func=<function mutual_info_classif at 0x147da6670>),5,,"{'balance': SMOTE(random_state=42), 'classify__C': 0.1, 'classify__max_iter': 1000, 'classify__n_jobs': 2, 'classify__penalty': 'l2', 'classify__random_state': 42, 'classify__solver': 'lbfgs', 'classify__tol': 1e-08, 'impute': SimpleImputer(strategy='median'), 'select': SelectKBest(score_func=<function mutual_info_classif at 0x147da6670>), 'select__k': 5, 'transform': None}",,,,,,451,,,,,,451,,,,,,451
0.000148773193359375,1.0115243642614567e-06,0.0,0.0,SMOTE(random_state=42),0.1,1000,2,l2,42,lbfgs,1e-08,,SelectKBest(score_func=<function mutual_info_classif at 0x147da6670>),11,,"{'balance': SMOTE(random_state=42), 'classify__C': 0.1, 'classify__max_iter': 1000, 'classify__n_jobs': 2, 'classify__penalty': 'l2', 'classify__random_state': 42, 'classify__solver': 'lbfgs', 'classify__tol': 1e-08, 'impute': None, 'select': SelectKBest(score_func=<function mutual_info_classif at 0x147da6670>), 'select__k': 11, 'transform': None}",,,,,,451,,,,,,451,,,,,,451
0.0001503626505533854,1.2961631163199815e-06,0.0,0.0,SMOTE(random_state=42),0.1,1000,2,l2,42,lbfgs,1e-08,,SelectKBest(score_func=<function mutual_info_classif at 0x147da6670>),8,,"{'balance': SMOTE(random_state=42), 'classify__C': 0.1, 'classify__max_iter': 1000, 'classify__n_jobs': 2, 'classify__penalty': 'l2', 'classify__random_state': 42, 'classify__solver': 'lbfgs', 'classify__tol': 1e-08, 'impute': None, 'select': SelectKBest(score_func=<function mutual_info_classif at 0x147da6670>), 'select__k': 8, 'transform': None}",,,,,,451,,,,,,451,,,,,,451
0.00016895929972330728,1.7817524474577936e-05,0.0,0.0,SMOTE(random_state=42),0.1,1000,2,l2,42,lbfgs,1e-08,,SelectKBest(score_func=<function mutual_info_classif at 0x147da6670>),5,,"{'balance': SMOTE(random_state=42), 'classify__C': 0.1, 'classify__max_iter': 1000, 'classify__n_jobs': 2, 'classify__penalty': 'l2', 'classify__random_state': 42, 'classify__solver': 'lbfgs', 'classify__tol': 1e-08, 'impute': None, 'select': SelectKBest(score_func=<function mutual_info_classif at 0x147da6670>), 'select__k': 5, 'transform': None}",,,,,,451,,,,,,451,,,,,,451
0.00024215380350748697,1.2961631163199813e-06,0.0,0.0,SMOTE(random_state=42),0.1,500,2,l2,42,lbfgs,0.0001,SimpleImputer(strategy='median'),SelectKBest(score_func=<function mutual_info_classif at 0x147da6670>),11,,"{'balance': SMOTE(random_state=42), 'classify__C': 0.1, 'classify__max_iter': 500, 'classify__n_jobs': 2, 'classify__penalty': 'l2', 'classify__random_state': 42, 'classify__solver': 'lbfgs', 'classify__tol': 0.0001, 'impute': SimpleImputer(strategy='median'), 'select': SelectKBest(score_func=<function mutual_info_classif at 0x147da6670>), 'select__k': 11, 'transform': None}",,,,,,451,,,,,,451,,,,,,451
0.00023508071899414062,0.0,0.0,0.0,SMOTE(random_state=42),0.1,1000,2,l2,42,lbfgs,1e-08,SimpleImputer(strategy='median'),SelectKBest(score_func=<function mutual_info_classif at 0x147da6670>),8,,"{'balance': SMOTE(random_state=42), 'classify__C': 0.1, 'classify__max_iter': 1000, 'classify__n_jobs': 2, 'classify__penalty': 'l2', 'classify__random_state': 42, 'classify__solver': 'lbfgs', 'classify__tol': 1e-08, 'impute': SimpleImputer(strategy='median'), 'select': SelectKBest(score_func=<function mutual_info_classif at 0x147da6670>), 'select__k': 8, 'transform': None}",,,,,,451,,,,,,451,,,,,,451
0.00024048487345377603,5.947204250930057e-07,0.0,0.0,SMOTE(random_state=42),0.1,1000,2,l2,42,lbfgs,1e-06,SimpleImputer(strategy='median'),SelectKBest(score_func=<function mutual_info_classif at 0x147da6670>),5,,"{'balance': SMOTE(random_state=42), 'classify__C': 0.1, 'classify__max_iter': 1000, 'classify__n_jobs': 2, 'classify__penalty': 'l2', 'classify__random_state': 42, 'classify__solver': 'lbfgs', 'classify__tol': 1e-06, 'impute': SimpleImputer(strategy='median'), 'select': SelectKBest(score_func=<function mutual_info_classif at 0x147da6670>), 'select__k': 5, 'transform': None}",,,,,,451,,,,,,451,,,,,,451
0.00024398167928059897,2.433998240012098e-06,0.0,0.0,SMOTE(random_state=42),0.1,1000,2,l2,42,lbfgs,0.0001,SimpleImputer(strategy='median'),SelectKBest(score_func=<function mutual_info_classif at 0x147da6670>),5,,"{'balance': SMOTE(random_state=42), 'classify__C': 0.1, 'classify__max_iter': 1000, 'classify__n_jobs': 2, 'classify__penalty': 'l2', 'classify__random_state': 42, 'classify__solver': 'lbfgs', 'classify__tol': 0.0001, 'impute': SimpleImputer(strategy='median'), 'select': SelectKBest(score_func=<function mutual_info_classif at 0x147da6670>), 'select__k': 5, 'transform': None}",,,,,,451,,,,,,451,,,,,,451
0.0002510547637939453,1.4246715444117583e-05,0.0,0.0,SMOTE(random_state=42),0.1,1000,2,l2,42,lbfgs,1e-06,SimpleImputer(strategy='median'),SelectKBest(score_func=<function mutual_info_classif at 0x147da6670>),11,,"{'balance': SMOTE(random_state=42), 'classify__C': 0.1, 'classify__max_iter': 1000, 'classify__n_jobs': 2, 'classify__penalty': 'l2', 'classify__random_state': 42, 'classify__solver': 'lbfgs', 'classify__tol': 1e-06, 'impute': SimpleImputer(strategy='median'), 'select': SelectKBest(score_func=<function mutual_info_classif at 0x147da6670>), 'select__k': 11, 'transform': None}",,,,,,451,,,,,,451,,,,,,451
0.00015155474344889322,4.49566384116203e-07,0.0,0.0,SMOTE(random_state=42),0.1,1000,2,l2,42,lbfgs,0.0001,,SelectKBest(score_func=<function mutual_info_classif at 0x147da6670>),5,,"{'balance': SMOTE(random_state=42), 'classify__C': 0.1, 'classify__max_iter': 1000, 'classify__n_jobs': 2, 'classify__penalty': 'l2', 'classify__random_state': 42, 'classify__solver': 'lbfgs', 'classify__tol': 0.0001, 'impute': None, 'select': SelectKBest(score_func=<function mutual_info_classif at 0x147da6670>), 'select__k': 5, 'transform': None}",,,,,,451,,,,,,451,,,,,,451
0.0001499652862548828,1.7520115919946514e-06,0.0,0.0,SMOTE(random_state=42),0.1,1000,2,l2,42,lbfgs,0.0001,,SelectKBest(score_func=<function mutual_info_classif at 0x147da6670>),8,,"{'balance': SMOTE(random_state=42), 'classify__C': 0.1, 'classify__max_iter': 1000, 'classify__n_jobs': 2, 'classify__penalty': 'l2', 'classify__random_state': 42, 'classify__solver': 'lbfgs', 'classify__tol': 0.0001, 'impute': None, 'select': SelectKBest(score_func=<function mutual_info_classif at 0x147da6670>), 'select__k': 8, 'transform': None}",,,,,,451,,,,,,451,,,,,,451
0.00015266736348470053,5.619579801452537e-07,0.0,0.0,SMOTE(random_state=42),0.1,1000,2,l2,42,lbfgs,0.0001,,SelectKBest(score_func=<function mutual_info_classif at 0x147da6670>),11,,"{'balance': SMOTE(random_state=42), 'classify__C': 0.1, 'classify__max_iter': 1000, 'classify__n_jobs': 2, 'classify__penalty': 'l2', 'classify__random_state': 42, 'classify__solver': 'lbfgs', 'classify__tol': 0.0001, 'impute': None, 'select': SelectKBest(score_func=<function mutual_info_classif at 0x147da6670>), 'select__k': 11, 'transform': None}",,,,,,451,,,,,,451,,,,,,451
0.00027434031168619793,3.880408357223616e-05,0.0,0.0,SMOTE(random_state=42),0.1,1000,2,l2,42,lbfgs,0.0001,SimpleImputer(strategy='median'),SelectKBest(score_func=<function mutual_info_classif at 0x147da6670>),8,,"{'balance': SMOTE(random_state=42), 'classify__C': 0.1, 'classify__max_iter': 1000, 'classify__n_jobs': 2, 'classify__penalty': 'l2', 'classify__random_state': 42, 'classify__solver': 'lbfgs', 'classify__tol': 0.0001, 'impute': SimpleImputer(strategy='median'), 'select': SelectKBest(score_func=<function mutual_info_classif at 0x147da6670>), 'select__k': 8, 'transform': None}",,,,,,451,,,,,,451,,,,,,451
0.00024231274922688803,1.3810910540408106e-06,0.0,0.0,SMOTE(random_state=42),0.1,1000,2,l2,42,lbfgs,0.0001,SimpleImputer(strategy='median'),SelectKBest(score_func=<function mutual_info_classif at 0x147da6670>),11,,"{'balance': SMOTE(random_state=42), 'classify__C': 0.1, 'classify__max_iter': 1000, 'classify__n_jobs': 2, 'classify__penalty': 'l2', 'classify__random_state': 42, 'classify__solver': 'lbfgs', 'classify__tol': 0.0001, 'impute': SimpleImputer(strategy='median'), 'select': SelectKBest(score_func=<function mutual_info_classif at 0x147da6670>), 'select__k': 11, 'transform': None}",,,,,,451,,,,,,451,,,,,,451
0.00015274683634440103,6.25769923052137e-07,0.0,0.0,SMOTE(random_state=42),0.1,2000,2,l2,42,lbfgs,1e-08,,SelectKBest(score_func=<function mutual_info_classif at 0x147da6670>),5,,"{'balance': SMOTE(random_state=42), 'classify__C': 0.1, 'classify__max_iter': 2000, 'classify__n_jobs': 2, 'classify__penalty': 'l2', 'classify__random_state': 42, 'classify__solver': 'lbfgs', 'classify__tol': 1e-08, 'impute': None, 'select': SelectKBest(score_func=<function mutual_info_classif at 0x147da6670>), 'select__k': 5, 'transform': None}",,,,,,451,,,,,,451,,,,,,451
0.00015203158060709635,8.778064264605253e-07,0.0,0.0,SMOTE(random_state=42),0.1,2000,2,l2,42,lbfgs,1e-08,,SelectKBest(score_func=<function mutual_info_classif at 0x147da6670>),8,,"{'balance': SMOTE(random_state=42), 'classify__C': 0.1, 'classify__max_iter': 2000, 'classify__n_jobs': 2, 'classify__penalty': 'l2', 'classify__random_state': 42, 'classify__solver': 'lbfgs', 'classify__tol': 1e-08, 'impute': None, 'select': SelectKBest(score_func=<function mutual_info_classif at 0x147da6670>), 'select__k': 8, 'transform': None}",,,,,,451,,,,,,451,,,,,,451
0.00015203158060709635,1.1239159602905075e-07,0.0,0.0,SMOTE(random_state=42),0.1,2000,2,l2,42,lbfgs,1e-08,,SelectKBest(score_func=<function mutual_info_classif at 0x147da6670>),11,,"{'balance': SMOTE(random_state=42), 'classify__C': 0.1, 'classify__max_iter': 2000, 'classify__n_jobs': 2, 'classify__penalty': 'l2', 'classify__random_state': 42, 'classify__solver': 'lbfgs', 'classify__tol': 1e-08, 'impute': None, 'select': SelectKBest(score_func=<function mutual_info_classif at 0x147da6670>), 'select__k': 11, 'transform': None}",,,,,,451,,,,,,451,,,,,,451
0.00024040540059407553,1.2665889621185641e-06,0.0,0.0,SMOTE(random_state=42),0.1,2000,2,l2,42,lbfgs,1e-08,SimpleImputer(strategy='median'),SelectKBest(score_func=<function mutual_info_classif at 0x147da6670>),5,,"{'balance': SMOTE(random_state=42), 'classify__C': 0.1, 'classify__max_iter': 2000, 'classify__n_jobs': 2, 'classify__penalty': 'l2', 'classify__random_state': 42, 'classify__solver': 'lbfgs', 'classify__tol': 1e-08, 'impute': SimpleImputer(strategy='median'), 'select': SelectKBest(score_func=<function mutual_info_classif at 0x147da6670>), 'select__k': 5, 'transform': None}",,,,,,451,,,,,,451,,,,,,451
0.0002422332763671875,1.0115243642614567e-06,0.0,0.0,SMOTE(random_state=42),0.1,500,2,l2,42,lbfgs,0.0001,SimpleImputer(strategy='median'),SelectKBest(score_func=<function mutual_info_classif at 0x147da6670>),5,,"{'balance': SMOTE(random_state=42), 'classify__C': 0.1, 'classify__max_iter': 500, 'classify__n_jobs': 2, 'classify__penalty': 'l2', 'classify__random_state': 42, 'classify__solver': 'lbfgs', 'classify__tol': 0.0001, 'impute': SimpleImputer(strategy='median'), 'select': SelectKBest(score_func=<function mutual_info_classif at 0x147da6670>), 'select__k': 5, 'transform': None}",,,,,,451,,,,,,451,,,,,,451
0.0002419153849283854,3.6175431177587646e-06,0.0,0.0,SMOTE(random_state=42),0.1,1000,2,l2,42,lbfgs,1e-06,SimpleImputer(strategy='median'),SelectKBest(score_func=<function mutual_info_classif at 0x147da6670>),8,,"{'balance': SMOTE(random_state=42), 'classify__C': 0.1, 'classify__max_iter': 1000, 'classify__n_jobs': 2, 'classify__penalty': 'l2', 'classify__random_state': 42, 'classify__solver': 'lbfgs', 'classify__tol': 1e-06, 'impute': SimpleImputer(strategy='median'), 'select': SelectKBest(score_func=<function mutual_info_classif at 0x147da6670>), 'select__k': 8, 'transform': None}",,,,,,451,,,,,,451,,,,,,451
0.00015362103780110678,4.052336624139774e-07,0.0,0.0,SMOTE(random_state=42),0.1,500,2,l2,42,lbfgs,0.0001,,SelectKBest(score_func=<function mutual_info_classif at 0x147da6670>),11,,"{'balance': SMOTE(random_state=42), 'classify__C': 0.1, 'classify__max_iter': 500, 'classify__n_jobs': 2, 'classify__penalty': 'l2', 'classify__random_state': 42, 'classify__solver': 'lbfgs', 'classify__tol': 0.0001, 'impute': None, 'select': SelectKBest(score_func=<function mutual_info_classif at 0x147da6670>), 'select__k': 11, 'transform': None}",,,,,,451,,,,,,451,,,,,,451
0.00016339619954427084,1.3948788722506226e-05,0.0,0.0,SMOTE(random_state=42),0.1,500,2,l2,42,lbfgs,1e-08,,SelectKBest(score_func=<function mutual_info_classif at 0x147da6670>),5,,"{'balance': SMOTE(random_state=42), 'classify__C': 0.1, 'classify__max_iter': 500, 'classify__n_jobs': 2, 'classify__penalty': 'l2', 'classify__random_state': 42, 'classify__solver': 'lbfgs', 'classify__tol': 1e-08, 'impute': None, 'select': SelectKBest(score_func=<function mutual_info_classif at 0x147da6670>), 'select__k': 5, 'transform': None}",,,,,,451,,,,,,451,,,,,,451
0.0001579920450846354,6.970997574993257e-06,0.0,0.0,SMOTE(random_state=42),0.1,500,2,l2,42,lbfgs,0.0001,,SelectKBest(score_func=<function mutual_info_classif at 0x147da6670>),5,,"{'balance': SMOTE(random_state=42), 'classify__C': 0.1, 'classify__max_iter': 500, 'classify__n_jobs': 2, 'classify__penalty': 'l2', 'classify__random_state': 42, 'classify__solver': 'lbfgs', 'classify__tol': 0.0001, 'impute': None, 'select': SelectKBest(score_func=<function mutual_info_classif at 0x147da6670>), 'select__k': 5, 'transform': None}",,,,,,451,,,,,,451,,,,,,451
0.00019065539042154947,5.555556495932576e-05,0.0,0.0,SMOTE(random_state=42),0.1,200,2,l2,42,lbfgs,1e-06,,SelectKBest(score_func=<function mutual_info_classif at 0x147da6670>),5,,"{'balance': SMOTE(random_state=42), 'classify__C': 0.1, 'classify__max_iter': 200, 'classify__n_jobs': 2, 'classify__penalty': 'l2', 'classify__random_state': 42, 'classify__solver': 'lbfgs', 'classify__tol': 1e-06, 'impute': None, 'select': SelectKBest(score_func=<function mutual_info_classif at 0x147da6670>), 'select__k': 5, 'transform': None}",,,,,,451,,,,,,451,,,,,,451
0.00015004475911458334,8.778064264605253e-07,0.0,0.0,SMOTE(random_state=42),0.1,200,2,l2,42,lbfgs,1e-06,,SelectKBest(score_func=<function mutual_info_classif at 0x147da6670>),8,,"{'balance': SMOTE(random_state=42), 'classify__C': 0.1, 'classify__max_iter': 200, 'classify__n_jobs': 2, 'classify__penalty': 'l2', 'classify__random_state': 42, 'classify__solver': 'lbfgs', 'classify__tol': 1e-06, 'impute': None, 'select': SelectKBest(score_func=<function mutual_info_classif at 0x147da6670>), 'select__k': 8, 'transform': None}",,,,,,451,,,,,,451,,,,,,451
0.00014901161193847656,1.7520115919946514e-06,0.0,0.0,SMOTE(random_state=42),0.1,200,2,l2,42,lbfgs,1e-06,,SelectKBest(score_func=<function mutual_info_classif at 0x147da6670>),11,,"{'balance': SMOTE(random_state=42), 'classify__C': 0.1, 'classify__max_iter': 200, 'classify__n_jobs': 2, 'classify__penalty': 'l2', 'classify__random_state': 42, 'classify__solver': 'lbfgs', 'classify__tol': 1e-06, 'impute': None, 'select': SelectKBest(score_func=<function mutual_info_classif at 0x147da6670>), 'select__k': 11, 'transform': None}",,,,,,451,,,,,,451,,,,,,451
0.00024008750915527344,2.5306834106589407e-06,0.0,0.0,SMOTE(random_state=42),0.1,200,2,l2,42,lbfgs,1e-06,SimpleImputer(strategy='median'),SelectKBest(score_func=<function mutual_info_classif at 0x147da6670>),5,,"{'balance': SMOTE(random_state=42), 'classify__C': 0.1, 'classify__max_iter': 200, 'classify__n_jobs': 2, 'classify__penalty': 'l2', 'classify__random_state': 42, 'classify__solver': 'lbfgs', 'classify__tol': 1e-06, 'impute': SimpleImputer(strategy='median'), 'select': SelectKBest(score_func=<function mutual_info_classif at 0x147da6670>), 'select__k': 5, 'transform': None}",,,,,,451,,,,,,451,,,,,,451
0.00023889541625976562,2.2110029448260555e-06,0.0,0.0,SMOTE(random_state=42),0.1,200,2,l2,42,lbfgs,1e-06,SimpleImputer(strategy='median'),SelectKBest(score_func=<function mutual_info_classif at 0x147da6670>),8,,"{'balance': SMOTE(random_state=42), 'classify__C': 0.1, 'classify__max_iter': 200, 'classify__n_jobs': 2, 'classify__penalty': 'l2', 'classify__random_state': 42, 'classify__solver': 'lbfgs', 'classify__tol': 1e-06, 'impute': SimpleImputer(strategy='median'), 'select': SelectKBest(score_func=<function mutual_info_classif at 0x147da6670>), 'select__k': 8, 'transform': None}",,,,,,451,,,,,,451,,,,,,451
0.00023825963338216147,3.3848348361725575e-06,0.0,0.0,SMOTE(random_state=42),0.1,200,2,l2,42,lbfgs,1e-06,SimpleImputer(strategy='median'),SelectKBest(score_func=<function mutual_info_classif at 0x147da6670>),11,,"{'balance': SMOTE(random_state=42), 'classify__C': 0.1, 'classify__max_iter': 200, 'classify__n_jobs': 2, 'classify__penalty': 'l2', 'classify__random_state': 42, 'classify__solver': 'lbfgs', 'classify__tol': 1e-06, 'impute': SimpleImputer(strategy='median'), 'select': SelectKBest(score_func=<function mutual_info_classif at 0x147da6670>), 'select__k': 11, 'transform': None}",,,,,,451,,,,,,451,,,,,,451
0.00014932950337727865,4.49566384116203e-07,0.0,0.0,SMOTE(random_state=42),0.1,200,2,l2,42,lbfgs,0.0001,,SelectKBest(score_func=<function mutual_info_classif at 0x147da6670>),5,,"{'balance': SMOTE(random_state=42), 'classify__C': 0.1, 'classify__max_iter': 200, 'classify__n_jobs': 2, 'classify__penalty': 'l2', 'classify__random_state': 42, 'classify__solver': 'lbfgs', 'classify__tol': 0.0001, 'impute': None, 'select': SelectKBest(score_func=<function mutual_info_classif at 0x147da6670>), 'select__k': 5, 'transform': None}",,,,,,451,,,,,,451,,,,,,451
0.0001506805419921875,1.0115243642614567e-06,0.0,0.0,SMOTE(random_state=42),0.1,200,2,l2,42,lbfgs,0.0001,,SelectKBest(score_func=<function mutual_info_classif at 0x147da6670>),8,,"{'balance': SMOTE(random_state=42), 'classify__C': 0.1, 'classify__max_iter': 200, 'classify__n_jobs': 2, 'classify__penalty': 'l2', 'classify__random_state': 42, 'classify__solver': 'lbfgs', 'classify__tol': 0.0001, 'impute': None, 'select': SelectKBest(score_func=<function mutual_info_classif at 0x147da6670>), 'select__k': 8, 'transform': None}",,,,,,451,,,,,,451,,,,,,451
0.00014925003051757812,1.0115243642614567e-06,0.0,0.0,SMOTE(random_state=42),0.1,200,2,l2,42,lbfgs,0.0001,,SelectKBest(score_func=<function mutual_info_classif at 0x147da6670>),11,,"{'balance': SMOTE(random_state=42), 'classify__C': 0.1, 'classify__max_iter': 200, 'classify__n_jobs': 2, 'classify__penalty': 'l2', 'classify__random_state': 42, 'classify__solver': 'lbfgs', 'classify__tol': 0.0001, 'impute': None, 'select': SelectKBest(score_func=<function mutual_info_classif at 0x147da6670>), 'select__k': 11, 'transform': None}",,,,,,451,,,,,,451,,,,,,451
0.0002693335215250651,3.445476151941807e-05,0.0,0.0,SMOTE(random_state=42),0.1,200,2,l2,42,lbfgs,0.0001,SimpleImputer(strategy='median'),SelectKBest(score_func=<function mutual_info_classif at 0x147da6670>),5,,"{'balance': SMOTE(random_state=42), 'classify__C': 0.1, 'classify__max_iter': 200, 'classify__n_jobs': 2, 'classify__penalty': 'l2', 'classify__random_state': 42, 'classify__solver': 'lbfgs', 'classify__tol': 0.0001, 'impute': SimpleImputer(strategy='median'), 'select': SelectKBest(score_func=<function mutual_info_classif at 0x147da6670>), 'select__k': 5, 'transform': None}",,,,,,451,,,,,,451,,,,,,451
0.00024437904357910156,1.215700987241932e-06,0.0,0.0,SMOTE(random_state=42),0.1,200,2,l2,42,lbfgs,0.0001,SimpleImputer(strategy='median'),SelectKBest(score_func=<function mutual_info_classif at 0x147da6670>),8,,"{'balance': SMOTE(random_state=42), 'classify__C': 0.1, 'classify__max_iter': 200, 'classify__n_jobs': 2, 'classify__penalty': 'l2', 'classify__random_state': 42, 'classify__solver': 'lbfgs', 'classify__tol': 0.0001, 'impute': SimpleImputer(strategy='median'), 'select': SelectKBest(score_func=<function mutual_info_classif at 0x147da6670>), 'select__k': 8, 'transform': None}",,,,,,451,,,,,,451,,,,,,451
0.0001533031463623047,1.0300859925600466e-06,0.0,0.0,SMOTE(random_state=42),0.1,500,2,l2,42,lbfgs,0.0001,,SelectKBest(score_func=<function mutual_info_classif at 0x147da6670>),8,,"{'balance': SMOTE(random_state=42), 'classify__C': 0.1, 'classify__max_iter': 500, 'classify__n_jobs': 2, 'classify__penalty': 'l2', 'classify__random_state': 42, 'classify__solver': 'lbfgs', 'classify__tol': 0.0001, 'impute': None, 'select': SelectKBest(score_func=<function mutual_info_classif at 0x147da6670>), 'select__k': 8, 'transform': None}",,,,,,451,,,,,,451,,,,,,451
0.0002529621124267578,6.511926786302406e-06,0.0,0.0,SMOTE(random_state=42),0.1,200,2,l2,42,lbfgs,0.0001,SimpleImputer(strategy='median'),SelectKBest(score_func=<function mutual_info_classif at 0x147da6670>),11,,"{'balance': SMOTE(random_state=42), 'classify__C': 0.1, 'classify__max_iter': 200, 'classify__n_jobs': 2, 'classify__penalty': 'l2', 'classify__random_state': 42, 'classify__solver': 'lbfgs', 'classify__tol': 0.0001, 'impute': SimpleImputer(strategy='median'), 'select': SelectKBest(score_func=<function mutual_info_classif at 0x147da6670>), 'select__k': 11, 'transform': None}",,,,,,451,,,,,,451,,,,,,451
0.00015242894490559897,4.49566384116203e-07,0.0,0.0,SMOTE(random_state=42),0.1,500,2,l2,42,lbfgs,1e-08,,SelectKBest(score_func=<function mutual_info_classif at 0x147da6670>),8,,"{'balance': SMOTE(random_state=42), 'classify__C': 0.1, 'classify__max_iter': 500, 'classify__n_jobs': 2, 'classify__penalty': 'l2', 'classify__random_state': 42, 'classify__solver': 'lbfgs', 'classify__tol': 1e-08, 'impute': None, 'select': SelectKBest(score_func=<function mutual_info_classif at 0x147da6670>), 'select__k': 8, 'transform': None}",,,,,,451,,,,,,451,,,,,,451
0.00015203158060709635,6.836513890459241e-07,0.0,0.0,SMOTE(random_state=42),0.1,500,2,l2,42,lbfgs,1e-08,,SelectKBest(score_func=<function mutual_info_classif at 0x147da6670>),11,,"{'balance': SMOTE(random_state=42), 'classify__C': 0.1, 'classify__max_iter': 500, 'classify__n_jobs': 2, 'classify__penalty': 'l2', 'classify__random_state': 42, 'classify__solver': 'lbfgs', 'classify__tol': 1e-08, 'impute': None, 'select': SelectKBest(score_func=<function mutual_info_classif at 0x147da6670>), 'select__k': 11, 'transform': None}",,,,,,451,,,,,,451,,,,,,451
0.00024366378784179688,5.150429962800233e-07,0.0,0.0,SMOTE(random_state=42),0.1,500,2,l2,42,lbfgs,1e-08,SimpleImputer(strategy='median'),SelectKBest(score_func=<function mutual_info_classif at 0x147da6670>),5,,"{'balance': SMOTE(random_state=42), 'classify__C': 0.1, 'classify__max_iter': 500, 'classify__n_jobs': 2, 'classify__penalty': 'l2', 'classify__random_state': 42, 'classify__solver': 'lbfgs', 'classify__tol': 1e-08, 'impute': SimpleImputer(strategy='median'), 'select': SelectKBest(score_func=<function mutual_info_classif at 0x147da6670>), 'select__k': 5, 'transform': None}",,,,,,451,,,,,,451,,,,,,451
0.00026790301005045575,2.2067425165730443e-05,0.0,0.0,SMOTE(random_state=42),0.1,500,2,l2,42,lbfgs,1e-08,SimpleImputer(strategy='median'),SelectKBest(score_func=<function mutual_info_classif at 0x147da6670>),8,,"{'balance': SMOTE(random_state=42), 'classify__C': 0.1, 'classify__max_iter': 500, 'classify__n_jobs': 2, 'classify__penalty': 'l2', 'classify__random_state': 42, 'classify__solver': 'lbfgs', 'classify__tol': 1e-08, 'impute': SimpleImputer(strategy='median'), 'select': SelectKBest(score_func=<function mutual_info_classif at 0x147da6670>), 'select__k': 8, 'transform': None}",,,,,,451,,,,,,451,,,,,,451
0.0002480347951253255,3.1045317625402786e-06,0.0,0.0,SMOTE(random_state=42),0.1,500,2,l2,42,lbfgs,1e-08,SimpleImputer(strategy='median'),SelectKBest(score_func=<function mutual_info_classif at 0x147da6670>),11,,"{'balance': SMOTE(random_state=42), 'classify__C': 0.1, 'classify__max_iter': 500, 'classify__n_jobs': 2, 'classify__penalty': 'l2', 'classify__random_state': 42, 'classify__solver': 'lbfgs', 'classify__tol': 1e-08, 'impute': SimpleImputer(strategy='median'), 'select': SelectKBest(score_func=<function mutual_info_classif at 0x147da6670>), 'select__k': 11, 'transform': None}",,,,,,451,,,,,,451,,,,,,451
0.00015457471211751303,4.052336624139774e-07,0.0,0.0,SMOTE(random_state=42),0.1,500,2,l2,42,lbfgs,1e-06,,SelectKBest(score_func=<function mutual_info_classif at 0x147da6670>),5,,"{'balance': SMOTE(random_state=42), 'classify__C': 0.1, 'classify__max_iter': 500, 'classify__n_jobs': 2, 'classify__penalty': 'l2', 'classify__random_state': 42, 'classify__solver': 'lbfgs', 'classify__tol': 1e-06, 'impute': None, 'select': SelectKBest(score_func=<function mutual_info_classif at 0x147da6670>), 'select__k': 5, 'transform': None}",,,,,,451,,,,,,451,,,,,,451
0.00015425682067871094,1.2765231453743784e-06,0.0,0.0,SMOTE(random_state=42),0.1,500,2,l2,42,lbfgs,1e-06,,SelectKBest(score_func=<function mutual_info_classif at 0x147da6670>),8,,"{'balance': SMOTE(random_state=42), 'classify__C': 0.1, 'classify__max_iter': 500, 'classify__n_jobs': 2, 'classify__penalty': 'l2', 'classify__random_state': 42, 'classify__solver': 'lbfgs', 'classify__tol': 1e-06, 'impute': None, 'select': SelectKBest(score_func=<function mutual_info_classif at 0x147da6670>), 'select__k': 8, 'transform': None}",,,,,,451,,,,,,451,,,,,,451
0.000152587890625,5.150429962800233e-07,0.0,0.0,SMOTE(random_state=42),0.1,500,2,l2,42,lbfgs,1e-06,,SelectKBest(score_func=<function mutual_info_classif at 0x147da6670>),11,,"{'balance': SMOTE(random_state=42), 'classify__C': 0.1, 'classify__max_iter': 500, 'classify__n_jobs': 2, 'classify__penalty': 'l2', 'classify__random_state': 42, 'classify__solver': 'lbfgs', 'classify__tol': 1e-06, 'impute': None, 'select': SelectKBest(score_func=<function mutual_info_classif at 0x147da6670>), 'select__k': 11, 'transform': None}",,,,,,451,,,,,,451,,,,,,451
0.00024763743082682293,7.097598254447335e-06,0.0,0.0,SMOTE(random_state=42),0.1,500,2,l2,42,lbfgs,1e-06,SimpleImputer(strategy='median'),SelectKBest(score_func=<function mutual_info_classif at 0x147da6670>),5,,"{'balance': SMOTE(random_state=42), 'classify__C': 0.1, 'classify__max_iter': 500, 'classify__n_jobs': 2, 'classify__penalty': 'l2', 'classify__random_state': 42, 'classify__solver': 'lbfgs', 'classify__tol': 1e-06, 'impute': SimpleImputer(strategy='median'), 'select': SelectKBest(score_func=<function mutual_info_classif at 0x147da6670>), 'select__k': 5, 'transform': None}",,,,,,451,,,,,,451,,,,,,451
0.00024366378784179688,1.0115243642614567e-06,0.0,0.0,SMOTE(random_state=42),0.1,500,2,l2,42,lbfgs,1e-06,SimpleImputer(strategy='median'),SelectKBest(score_func=<function mutual_info_classif at 0x147da6670>),8,,"{'balance': SMOTE(random_state=42), 'classify__C': 0.1, 'classify__max_iter': 500, 'classify__n_jobs': 2, 'classify__penalty': 'l2', 'classify__random_state': 42, 'classify__solver': 'lbfgs', 'classify__tol': 1e-06, 'impute': SimpleImputer(strategy='median'), 'select': SelectKBest(score_func=<function mutual_info_classif at 0x147da6670>), 'select__k': 8, 'transform': None}",,,,,,451,,,,,,451,,,,,,451
0.00024334589640299478,4.052336624139774e-07,0.0,0.0,SMOTE(random_state=42),0.1,500,2,l2,42,lbfgs,1e-06,SimpleImputer(strategy='median'),SelectKBest(score_func=<function mutual_info_classif at 0x147da6670>),11,,"{'balance': SMOTE(random_state=42), 'classify__C': 0.1, 'classify__max_iter': 500, 'classify__n_jobs': 2, 'classify__penalty': 'l2', 'classify__random_state': 42, 'classify__solver': 'lbfgs', 'classify__tol': 1e-06, 'impute': SimpleImputer(strategy='median'), 'select': SelectKBest(score_func=<function mutual_info_classif at 0x147da6670>), 'select__k': 11, 'transform': None}",,,,,,451,,,,,,451,,,,,,451
0.0002429485321044922,1.520405329840103e-06,0.0,0.0,SMOTE(random_state=42),0.1,2000,2,l2,42,lbfgs,1e-08,SimpleImputer(strategy='median'),SelectKBest(score_func=<function mutual_info_classif at 0x147da6670>),8,,"{'balance': SMOTE(random_state=42), 'classify__C': 0.1, 'classify__max_iter': 2000, 'classify__n_jobs': 2, 'classify__penalty': 'l2', 'classify__random_state': 42, 'classify__solver': 'lbfgs', 'classify__tol': 1e-08, 'impute': SimpleImputer(strategy='median'), 'select': SelectKBest(score_func=<function mutual_info_classif at 0x147da6670>), 'select__k': 8, 'transform': None}",,,,,,451,,,,,,451,,,,,,451
0.00024048487345377603,4.052336624139774e-07,0.0,0.0,SMOTE(random_state=42),0.1,2000,2,l2,42,lbfgs,1e-08,SimpleImputer(strategy='median'),SelectKBest(score_func=<function mutual_info_classif at 0x147da6670>),11,,"{'balance': SMOTE(random_state=42), 'classify__C': 0.1, 'classify__max_iter': 2000, 'classify__n_jobs': 2, 'classify__penalty': 'l2', 'classify__random_state': 42, 'classify__solver': 'lbfgs', 'classify__tol': 1e-08, 'impute': SimpleImputer(strategy='median'), 'select': SelectKBest(score_func=<function mutual_info_classif at 0x147da6670>), 'select__k': 11, 'transform': None}",,,,,,451,,,,,,451,,,,,,451
0.00015250841776529947,1.8087715588793823e-06,0.0,0.0,SMOTE(random_state=42),1.0,100,2,l2,42,lbfgs,1e-08,,SelectKBest(score_func=<function mutual_info_classif at 0x147da6670>),8,,"{'balance': SMOTE(random_state=42), 'classify__C': 1.0, 'classify__max_iter': 100, 'classify__n_jobs': 2, 'classify__penalty': 'l2', 'classify__random_state': 42, 'classify__solver': 'lbfgs', 'classify__tol': 1e-08, 'impute': None, 'select': SelectKBest(score_func=<function mutual_info_classif at 0x147da6670>), 'select__k': 8, 'transform': None}",,,,,,451,,,,,,451,,,,,,451
0.00015465418497721353,5.969464606670991e-06,0.0,0.0,SMOTE(random_state=42),0.1,2000,2,l2,42,lbfgs,1e-06,,SelectKBest(score_func=<function mutual_info_classif at 0x147da6670>),8,,"{'balance': SMOTE(random_state=42), 'classify__C': 0.1, 'classify__max_iter': 2000, 'classify__n_jobs': 2, 'classify__penalty': 'l2', 'classify__random_state': 42, 'classify__solver': 'lbfgs', 'classify__tol': 1e-06, 'impute': None, 'select': SelectKBest(score_func=<function mutual_info_classif at 0x147da6670>), 'select__k': 8, 'transform': None}",,,,,,451,,,,,,451,,,,,,451
0.0001502831776936849,4.49566384116203e-07,0.0,0.0,SMOTE(random_state=42),1.0,200,2,l2,42,lbfgs,1e-08,,SelectKBest(score_func=<function mutual_info_classif at 0x147da6670>),5,,"{'balance': SMOTE(random_state=42), 'classify__C': 1.0, 'classify__max_iter': 200, 'classify__n_jobs': 2, 'classify__penalty': 'l2', 'classify__random_state': 42, 'classify__solver': 'lbfgs', 'classify__tol': 1e-08, 'impute': None, 'select': SelectKBest(score_func=<function mutual_info_classif at 0x147da6670>), 'select__k': 5, 'transform': None}",,,,,,451,,,,,,451,,,,,,451
0.00015115737915039062,1.215700987241932e-06,0.0,0.0,SMOTE(random_state=42),1.0,200,2,l2,42,lbfgs,1e-08,,SelectKBest(score_func=<function mutual_info_classif at 0x147da6670>),8,,"{'balance': SMOTE(random_state=42), 'classify__C': 1.0, 'classify__max_iter': 200, 'classify__n_jobs': 2, 'classify__penalty': 'l2', 'classify__random_state': 42, 'classify__solver': 'lbfgs', 'classify__tol': 1e-08, 'impute': None, 'select': SelectKBest(score_func=<function mutual_info_classif at 0x147da6670>), 'select__k': 8, 'transform': None}",,,,,,451,,,,,,451,,,,,,451
0.00015155474344889322,1.1894408501860113e-06,0.0,0.0,SMOTE(random_state=42),1.0,200,2,l2,42,lbfgs,1e-08,,SelectKBest(score_func=<function mutual_info_classif at 0x147da6670>),11,,"{'balance': SMOTE(random_state=42), 'classify__C': 1.0, 'classify__max_iter': 200, 'classify__n_jobs': 2, 'classify__penalty': 'l2', 'classify__random_state': 42, 'classify__solver': 'lbfgs', 'classify__tol': 1e-08, 'impute': None, 'select': SelectKBest(score_func=<function mutual_info_classif at 0x147da6670>), 'select__k': 11, 'transform': None}",,,,,,451,,,,,,451,,,,,,451
0.00024517377217610675,7.748501931849228e-06,0.0,0.0,SMOTE(random_state=42),1.0,200,2,l2,42,lbfgs,1e-08,SimpleImputer(strategy='median'),SelectKBest(score_func=<function mutual_info_classif at 0x147da6670>),5,,"{'balance': SMOTE(random_state=42), 'classify__C': 1.0, 'classify__max_iter': 200, 'classify__n_jobs': 2, 'classify__penalty': 'l2', 'classify__random_state': 42, 'classify__solver': 'lbfgs', 'classify__tol': 1e-08, 'impute': SimpleImputer(strategy='median'), 'select': SelectKBest(score_func=<function mutual_info_classif at 0x147da6670>), 'select__k': 5, 'transform': None}",,,,,,451,,,,,,451,,,,,,451
0.0002483526865641276,6.187665195408417e-06,0.0,0.0,SMOTE(random_state=42),1.0,200,2,l2,42,lbfgs,1e-08,SimpleImputer(strategy='median'),SelectKBest(score_func=<function mutual_info_classif at 0x147da6670>),8,,"{'balance': SMOTE(random_state=42), 'classify__C': 1.0, 'classify__max_iter': 200, 'classify__n_jobs': 2, 'classify__penalty': 'l2', 'classify__random_state': 42, 'classify__solver': 'lbfgs', 'classify__tol': 1e-08, 'impute': SimpleImputer(strategy='median'), 'select': SelectKBest(score_func=<function mutual_info_classif at 0x147da6670>), 'select__k': 8, 'transform': None}",,,,,,451,,,,,,451,,,,,,451
0.0002426306406656901,4.49566384116203e-07,0.0,0.0,SMOTE(random_state=42),1.0,200,2,l2,42,lbfgs,1e-08,SimpleImputer(strategy='median'),SelectKBest(score_func=<function mutual_info_classif at 0x147da6670>),11,,"{'balance': SMOTE(random_state=42), 'classify__C': 1.0, 'classify__max_iter': 200, 'classify__n_jobs': 2, 'classify__penalty': 'l2', 'classify__random_state': 42, 'classify__solver': 'lbfgs', 'classify__tol': 1e-08, 'impute': SimpleImputer(strategy='median'), 'select': SelectKBest(score_func=<function mutual_info_classif at 0x147da6670>), 'select__k': 11, 'transform': None}",,,,,,451,,,,,,451,,,,,,451
0.0001518726348876953,1.557343637328579e-06,0.0,0.0,SMOTE(random_state=42),1.0,200,2,l2,42,lbfgs,1e-06,,SelectKBest(score_func=<function mutual_info_classif at 0x147da6670>),5,,"{'balance': SMOTE(random_state=42), 'classify__C': 1.0, 'classify__max_iter': 200, 'classify__n_jobs': 2, 'classify__penalty': 'l2', 'classify__random_state': 42, 'classify__solver': 'lbfgs', 'classify__tol': 1e-06, 'impute': None, 'select': SelectKBest(score_func=<function mutual_info_classif at 0x147da6670>), 'select__k': 5, 'transform': None}",,,,,,451,,,,,,451,,,,,,451
0.00015266736348470053,4.052336624139774e-07,0.0,0.0,SMOTE(random_state=42),1.0,200,2,l2,42,lbfgs,1e-06,,SelectKBest(score_func=<function mutual_info_classif at 0x147da6670>),8,,"{'balance': SMOTE(random_state=42), 'classify__C': 1.0, 'classify__max_iter': 200, 'classify__n_jobs': 2, 'classify__penalty': 'l2', 'classify__random_state': 42, 'classify__solver': 'lbfgs', 'classify__tol': 1e-06, 'impute': None, 'select': SelectKBest(score_func=<function mutual_info_classif at 0x147da6670>), 'select__k': 8, 'transform': None}",,,,,,451,,,,,,451,,,,,,451
0.00015091896057128906,7.786718186642895e-07,0.0,0.0,SMOTE(random_state=42),1.0,200,2,l2,42,lbfgs,1e-06,,SelectKBest(score_func=<function mutual_info_classif at 0x147da6670>),11,,"{'balance': SMOTE(random_state=42), 'classify__C': 1.0, 'classify__max_iter': 200, 'classify__n_jobs': 2, 'classify__penalty': 'l2', 'classify__random_state': 42, 'classify__solver': 'lbfgs', 'classify__tol': 1e-06, 'impute': None, 'select': SelectKBest(score_func=<function mutual_info_classif at 0x147da6670>), 'select__k': 11, 'transform': None}",,,,,,451,,,,,,451,,,,,,451
0.0002504984537760417,1.3543537083361884e-05,0.0,0.0,SMOTE(random_state=42),1.0,200,2,l2,42,lbfgs,1e-06,SimpleImputer(strategy='median'),SelectKBest(score_func=<function mutual_info_classif at 0x147da6670>),5,,"{'balance': SMOTE(random_state=42), 'classify__C': 1.0, 'classify__max_iter': 200, 'classify__n_jobs': 2, 'classify__penalty': 'l2', 'classify__random_state': 42, 'classify__solver': 'lbfgs', 'classify__tol': 1e-06, 'impute': SimpleImputer(strategy='median'), 'select': SelectKBest(score_func=<function mutual_info_classif at 0x147da6670>), 'select__k': 5, 'transform': None}",,,,,,451,,,,,,451,,,,,,451
0.00024302800496419272,2.9156901562760897e-06,0.0,0.0,SMOTE(random_state=42),1.0,200,2,l2,42,lbfgs,1e-06,SimpleImputer(strategy='median'),SelectKBest(score_func=<function mutual_info_classif at 0x147da6670>),8,,"{'balance': SMOTE(random_state=42), 'classify__C': 1.0, 'classify__max_iter': 200, 'classify__n_jobs': 2, 'classify__penalty': 'l2', 'classify__random_state': 42, 'classify__solver': 'lbfgs', 'classify__tol': 1e-06, 'impute': SimpleImputer(strategy='median'), 'select': SelectKBest(score_func=<function mutual_info_classif at 0x147da6670>), 'select__k': 8, 'transform': None}",,,,,,451,,,,,,451,,,,,,451
0.000247955322265625,1.0796615408415283e-05,0.0,0.0,SMOTE(random_state=42),1.0,100,2,l2,42,lbfgs,0.0001,SimpleImputer(strategy='median'),SelectKBest(score_func=<function mutual_info_classif at 0x147da6670>),11,,"{'balance': SMOTE(random_state=42), 'classify__C': 1.0, 'classify__max_iter': 100, 'classify__n_jobs': 2, 'classify__penalty': 'l2', 'classify__random_state': 42, 'classify__solver': 'lbfgs', 'classify__tol': 0.0001, 'impute': SimpleImputer(strategy='median'), 'select': SelectKBest(score_func=<function mutual_info_classif at 0x147da6670>), 'select__k': 11, 'transform': None}",,,,,,451,,,,,,451,,,,,,451
0.0002419153849283854,2.1354403245519644e-06,0.0,0.0,SMOTE(random_state=42),1.0,200,2,l2,42,lbfgs,1e-06,SimpleImputer(strategy='median'),SelectKBest(score_func=<function mutual_info_classif at 0x147da6670>),11,,"{'balance': SMOTE(random_state=42), 'classify__C': 1.0, 'classify__max_iter': 200, 'classify__n_jobs': 2, 'classify__penalty': 'l2', 'classify__random_state': 42, 'classify__solver': 'lbfgs', 'classify__tol': 1e-06, 'impute': SimpleImputer(strategy='median'), 'select': SelectKBest(score_func=<function mutual_info_classif at 0x147da6670>), 'select__k': 11, 'transform': None}",,,,,,451,,,,,,451,,,,,,451
0.00015234947204589844,8.485379419351666e-07,0.0,0.0,SMOTE(random_state=42),1.0,200,2,l2,42,lbfgs,0.0001,,SelectKBest(score_func=<function mutual_info_classif at 0x147da6670>),8,,"{'balance': SMOTE(random_state=42), 'classify__C': 1.0, 'classify__max_iter': 200, 'classify__n_jobs': 2, 'classify__penalty': 'l2', 'classify__random_state': 42, 'classify__solver': 'lbfgs', 'classify__tol': 0.0001, 'impute': None, 'select': SelectKBest(score_func=<function mutual_info_classif at 0x147da6670>), 'select__k': 8, 'transform': None}",,,,,,451,,,,,,451,,,,,,451
0.00015195210774739584,8.778064264605253e-07,0.0,0.0,SMOTE(random_state=42),1.0,200,2,l2,42,lbfgs,0.0001,,SelectKBest(score_func=<function mutual_info_classif at 0x147da6670>),11,,"{'balance': SMOTE(random_state=42), 'classify__C': 1.0, 'classify__max_iter': 200, 'classify__n_jobs': 2, 'classify__penalty': 'l2', 'classify__random_state': 42, 'classify__solver': 'lbfgs', 'classify__tol': 0.0001, 'impute': None, 'select': SelectKBest(score_func=<function mutual_info_classif at 0x147da6670>), 'select__k': 11, 'transform': None}",,,,,,451,,,,,,451,,,,,,451
0.00024175643920898438,8.485379419351666e-07,0.0,0.0,SMOTE(random_state=42),1.0,200,2,l2,42,lbfgs,0.0001,SimpleImputer(strategy='median'),SelectKBest(score_func=<function mutual_info_classif at 0x147da6670>),5,,"{'balance': SMOTE(random_state=42), 'classify__C': 1.0, 'classify__max_iter': 200, 'classify__n_jobs': 2, 'classify__penalty': 'l2', 'classify__random_state': 42, 'classify__solver': 'lbfgs', 'classify__tol': 0.0001, 'impute': SimpleImputer(strategy='median'), 'select': SelectKBest(score_func=<function mutual_info_classif at 0x147da6670>), 'select__k': 5, 'transform': None}",,,,,,451,,,,,,451,,,,,,451
0.000240325927734375,5.150429962800233e-07,0.0,0.0,SMOTE(random_state=42),1.0,200,2,l2,42,lbfgs,0.0001,SimpleImputer(strategy='median'),SelectKBest(score_func=<function mutual_info_classif at 0x147da6670>),8,,"{'balance': SMOTE(random_state=42), 'classify__C': 1.0, 'classify__max_iter': 200, 'classify__n_jobs': 2, 'classify__penalty': 'l2', 'classify__random_state': 42, 'classify__solver': 'lbfgs', 'classify__tol': 0.0001, 'impute': SimpleImputer(strategy='median'), 'select': SelectKBest(score_func=<function mutual_info_classif at 0x147da6670>), 'select__k': 8, 'transform': None}",,,,,,451,,,,,,451,,,,,,451
0.0002478758494059245,1.1351551198934127e-05,0.0,0.0,SMOTE(random_state=42),1.0,200,2,l2,42,lbfgs,0.0001,SimpleImputer(strategy='median'),SelectKBest(score_func=<function mutual_info_classif at 0x147da6670>),11,,"{'balance': SMOTE(random_state=42), 'classify__C': 1.0, 'classify__max_iter': 200, 'classify__n_jobs': 2, 'classify__penalty': 'l2', 'classify__random_state': 42, 'classify__solver': 'lbfgs', 'classify__tol': 0.0001, 'impute': SimpleImputer(strategy='median'), 'select': SelectKBest(score_func=<function mutual_info_classif at 0x147da6670>), 'select__k': 11, 'transform': None}",,,,,,451,,,,,,451,,,,,,451
0.00015266736348470053,4.052336624139774e-07,0.0,0.0,SMOTE(random_state=42),1.0,500,2,l2,42,lbfgs,1e-08,,SelectKBest(score_func=<function mutual_info_classif at 0x147da6670>),5,,"{'balance': SMOTE(random_state=42), 'classify__C': 1.0, 'classify__max_iter': 500, 'classify__n_jobs': 2, 'classify__penalty': 'l2', 'classify__random_state': 42, 'classify__solver': 'lbfgs', 'classify__tol': 1e-08, 'impute': None, 'select': SelectKBest(score_func=<function mutual_info_classif at 0x147da6670>), 'select__k': 5, 'transform': None}",,,,,,451,,,,,,451,,,,,,451
0.0001510779062906901,8.778064264605253e-07,0.0,0.0,SMOTE(random_state=42),1.0,500,2,l2,42,lbfgs,1e-08,,SelectKBest(score_func=<function mutual_info_classif at 0x147da6670>),8,,"{'balance': SMOTE(random_state=42), 'classify__C': 1.0, 'classify__max_iter': 500, 'classify__n_jobs': 2, 'classify__penalty': 'l2', 'classify__random_state': 42, 'classify__solver': 'lbfgs', 'classify__tol': 1e-08, 'impute': None, 'select': SelectKBest(score_func=<function mutual_info_classif at 0x147da6670>), 'select__k': 8, 'transform': None}",,,,,,451,,,,,,451,,,,,,451
0.0001713434855143229,1.3286474146287033e-05,0.0,0.0,SMOTE(random_state=42),1.0,500,2,l2,42,lbfgs,1e-08,,SelectKBest(score_func=<function mutual_info_classif at 0x147da6670>),11,,"{'balance': SMOTE(random_state=42), 'classify__C': 1.0, 'classify__max_iter': 500, 'classify__n_jobs': 2, 'classify__penalty': 'l2', 'classify__random_state': 42, 'classify__solver': 'lbfgs', 'classify__tol': 1e-08, 'impute': None, 'select': SelectKBest(score_func=<function mutual_info_classif at 0x147da6670>), 'select__k': 11, 'transform': None}",,,,,,451,,,,,,451,,,,,,451
0.0002522468566894531,1.3149816735398937e-05,0.0,0.0,SMOTE(random_state=42),1.0,500,2,l2,42,lbfgs,1e-08,SimpleImputer(strategy='median'),SelectKBest(score_func=<function mutual_info_classif at 0x147da6670>),5,,"{'balance': SMOTE(random_state=42), 'classify__C': 1.0, 'classify__max_iter': 500, 'classify__n_jobs': 2, 'classify__penalty': 'l2', 'classify__random_state': 42, 'classify__solver': 'lbfgs', 'classify__tol': 1e-08, 'impute': SimpleImputer(strategy='median'), 'select': SelectKBest(score_func=<function mutual_info_classif at 0x147da6670>), 'select__k': 5, 'transform': None}",,,,,,451,,,,,,451,,,,,,451
0.00024112065633138022,6.836513890459241e-07,0.0,0.0,SMOTE(random_state=42),1.0,500,2,l2,42,lbfgs,1e-08,SimpleImputer(strategy='median'),SelectKBest(score_func=<function mutual_info_classif at 0x147da6670>),8,,"{'balance': SMOTE(random_state=42), 'classify__C': 1.0, 'classify__max_iter': 500, 'classify__n_jobs': 2, 'classify__penalty': 'l2', 'classify__random_state': 42, 'classify__solver': 'lbfgs', 'classify__tol': 1e-08, 'impute': SimpleImputer(strategy='median'), 'select': SelectKBest(score_func=<function mutual_info_classif at 0x147da6670>), 'select__k': 8, 'transform': None}",,,,,,451,,,,,,451,,,,,,451
0.00024135907491048178,8.99132768232406e-07,0.0,0.0,SMOTE(random_state=42),1.0,500,2,l2,42,lbfgs,1e-08,SimpleImputer(strategy='median'),SelectKBest(score_func=<function mutual_info_classif at 0x147da6670>),11,,"{'balance': SMOTE(random_state=42), 'classify__C': 1.0, 'classify__max_iter': 500, 'classify__n_jobs': 2, 'classify__penalty': 'l2', 'classify__random_state': 42, 'classify__solver': 'lbfgs', 'classify__tol': 1e-08, 'impute': SimpleImputer(strategy='median'), 'select': SelectKBest(score_func=<function mutual_info_classif at 0x147da6670>), 'select__k': 11, 'transform': None}",,,,,,451,,,,,,451,,,,,,451
0.0001522699991861979,9.602742174144245e-07,0.0,0.0,SMOTE(random_state=42),1.0,200,2,l2,42,lbfgs,0.0001,,SelectKBest(score_func=<function mutual_info_classif at 0x147da6670>),5,,"{'balance': SMOTE(random_state=42), 'classify__C': 1.0, 'classify__max_iter': 200, 'classify__n_jobs': 2, 'classify__penalty': 'l2', 'classify__random_state': 42, 'classify__solver': 'lbfgs', 'classify__tol': 0.0001, 'impute': None, 'select': SelectKBest(score_func=<function mutual_info_classif at 0x147da6670>), 'select__k': 5, 'transform': None}",,,,,,451,,,,,,451,,,,,,451
0.00015695889790852865,7.057440527055525e-06,0.0,0.0,SMOTE(random_state=42),0.1,2000,2,l2,42,lbfgs,1e-06,,SelectKBest(score_func=<function mutual_info_classif at 0x147da6670>),5,,"{'balance': SMOTE(random_state=42), 'classify__C': 0.1, 'classify__max_iter': 2000, 'classify__n_jobs': 2, 'classify__penalty': 'l2', 'classify__random_state': 42, 'classify__solver': 'lbfgs', 'classify__tol': 1e-06, 'impute': None, 'select': SelectKBest(score_func=<function mutual_info_classif at 0x147da6670>), 'select__k': 5, 'transform': None}",,,,,,451,,,,,,451,,,,,,451
0.00025335947672526043,9.882794416243117e-06,0.0,0.0,SMOTE(random_state=42),1.0,100,2,l2,42,lbfgs,0.0001,SimpleImputer(strategy='median'),SelectKBest(score_func=<function mutual_info_classif at 0x147da6670>),8,,"{'balance': SMOTE(random_state=42), 'classify__C': 1.0, 'classify__max_iter': 100, 'classify__n_jobs': 2, 'classify__penalty': 'l2', 'classify__random_state': 42, 'classify__solver': 'lbfgs', 'classify__tol': 0.0001, 'impute': SimpleImputer(strategy='median'), 'select': SelectKBest(score_func=<function mutual_info_classif at 0x147da6670>), 'select__k': 8, 'transform': None}",,,,,,451,,,,,,451,,,,,,451
0.0001521905263264974,6.25769923052137e-07,0.0,0.0,SMOTE(random_state=42),1.0,100,2,l2,42,lbfgs,0.0001,,SelectKBest(score_func=<function mutual_info_classif at 0x147da6670>),11,,"{'balance': SMOTE(random_state=42), 'classify__C': 1.0, 'classify__max_iter': 100, 'classify__n_jobs': 2, 'classify__penalty': 'l2', 'classify__random_state': 42, 'classify__solver': 'lbfgs', 'classify__tol': 0.0001, 'impute': None, 'select': SelectKBest(score_func=<function mutual_info_classif at 0x147da6670>), 'select__k': 11, 'transform': None}",,,,,,451,,,,,,451,,,,,,451
0.0001513957977294922,1.7302466278932287e-06,0.0,0.0,SMOTE(random_state=42),0.1,2000,2,l2,42,lbfgs,1e-06,,SelectKBest(score_func=<function mutual_info_classif at 0x147da6670>),11,,"{'balance': SMOTE(random_state=42), 'classify__C': 0.1, 'classify__max_iter': 2000, 'classify__n_jobs': 2, 'classify__penalty': 'l2', 'classify__random_state': 42, 'classify__solver': 'lbfgs', 'classify__tol': 1e-06, 'impute': None, 'select': SelectKBest(score_func=<function mutual_info_classif at 0x147da6670>), 'select__k': 11, 'transform': None}",,,,,,451,,,,,,451,,,,,,451
0.00023849805196126303,1.3810910540408106e-06,0.0,0.0,SMOTE(random_state=42),0.1,2000,2,l2,42,lbfgs,1e-06,SimpleImputer(strategy='median'),SelectKBest(score_func=<function mutual_info_classif at 0x147da6670>),5,,"{'balance': SMOTE(random_state=42), 'classify__C': 0.1, 'classify__max_iter': 2000, 'classify__n_jobs': 2, 'classify__penalty': 'l2', 'classify__random_state': 42, 'classify__solver': 'lbfgs', 'classify__tol': 1e-06, 'impute': SimpleImputer(strategy='median'), 'select': SelectKBest(score_func=<function mutual_info_classif at 0x147da6670>), 'select__k': 5, 'transform': None}",,,,,,451,,,,,,451,,,,,,451
0.0002396106719970703,1.4037705844764465e-06,0.0,0.0,SMOTE(random_state=42),0.1,2000,2,l2,42,lbfgs,1e-06,SimpleImputer(strategy='median'),SelectKBest(score_func=<function mutual_info_classif at 0x147da6670>),8,,"{'balance': SMOTE(random_state=42), 'classify__C': 0.1, 'classify__max_iter': 2000, 'classify__n_jobs': 2, 'classify__penalty': 'l2', 'classify__random_state': 42, 'classify__solver': 'lbfgs', 'classify__tol': 1e-06, 'impute': SimpleImputer(strategy='median'), 'select': SelectKBest(score_func=<function mutual_info_classif at 0x147da6670>), 'select__k': 8, 'transform': None}",,,,,,451,,,,,,451,,,,,,451
0.00025733311971028644,1.2872150171740011e-05,0.0,0.0,SMOTE(random_state=42),0.1,2000,2,l2,42,lbfgs,1e-06,SimpleImputer(strategy='median'),SelectKBest(score_func=<function mutual_info_classif at 0x147da6670>),11,,"{'balance': SMOTE(random_state=42), 'classify__C': 0.1, 'classify__max_iter': 2000, 'classify__n_jobs': 2, 'classify__penalty': 'l2', 'classify__random_state': 42, 'classify__solver': 'lbfgs', 'classify__tol': 1e-06, 'impute': SimpleImputer(strategy='median'), 'select': SelectKBest(score_func=<function mutual_info_classif at 0x147da6670>), 'select__k': 11, 'transform': None}",,,,,,451,,,,,,451,,,,,,451
0.0001533031463623047,1.8570139321562326e-06,0.0,0.0,SMOTE(random_state=42),0.1,2000,2,l2,42,lbfgs,0.0001,,SelectKBest(score_func=<function mutual_info_classif at 0x147da6670>),5,,"{'balance': SMOTE(random_state=42), 'classify__C': 0.1, 'classify__max_iter': 2000, 'classify__n_jobs': 2, 'classify__penalty': 'l2', 'classify__random_state': 42, 'classify__solver': 'lbfgs', 'classify__tol': 0.0001, 'impute': None, 'select': SelectKBest(score_func=<function mutual_info_classif at 0x147da6670>), 'select__k': 5, 'transform': None}",,,,,,451,,,,,,451,,,,,,451
0.00015203158060709635,7.867411722033552e-07,0.0,0.0,SMOTE(random_state=42),0.1,2000,2,l2,42,lbfgs,0.0001,,SelectKBest(score_func=<function mutual_info_classif at 0x147da6670>),8,,"{'balance': SMOTE(random_state=42), 'classify__C': 0.1, 'classify__max_iter': 2000, 'classify__n_jobs': 2, 'classify__penalty': 'l2', 'classify__random_state': 42, 'classify__solver': 'lbfgs', 'classify__tol': 0.0001, 'impute': None, 'select': SelectKBest(score_func=<function mutual_info_classif at 0x147da6670>), 'select__k': 8, 'transform': None}",,,,,,451,,,,,,451,,,,,,451
0.00015966097513834635,1.1530413729784417e-05,0.0,0.0,SMOTE(random_state=42),0.1,2000,2,l2,42,lbfgs,0.0001,,SelectKBest(score_func=<function mutual_info_classif at 0x147da6670>),11,,"{'balance': SMOTE(random_state=42), 'classify__C': 0.1, 'classify__max_iter': 2000, 'classify__n_jobs': 2, 'classify__penalty': 'l2', 'classify__random_state': 42, 'classify__solver': 'lbfgs', 'classify__tol': 0.0001, 'impute': None, 'select': SelectKBest(score_func=<function mutual_info_classif at 0x147da6670>), 'select__k': 11, 'transform': None}",,,,,,451,,,,,,451,,,,,,451
0.0002472400665283203,8.357129529548176e-06,0.0,0.0,SMOTE(random_state=42),0.1,2000,2,l2,42,lbfgs,0.0001,SimpleImputer(strategy='median'),SelectKBest(score_func=<function mutual_info_classif at 0x147da6670>),5,,"{'balance': SMOTE(random_state=42), 'classify__C': 0.1, 'classify__max_iter': 2000, 'classify__n_jobs': 2, 'classify__penalty': 'l2', 'classify__random_state': 42, 'classify__solver': 'lbfgs', 'classify__tol': 0.0001, 'impute': SimpleImputer(strategy='median'), 'select': SelectKBest(score_func=<function mutual_info_classif at 0x147da6670>), 'select__k': 5, 'transform': None}",,,,,,451,,,,,,451,,,,,,451
0.0002400080362955729,7.867411722033552e-07,0.0,0.0,SMOTE(random_state=42),0.1,2000,2,l2,42,lbfgs,0.0001,SimpleImputer(strategy='median'),SelectKBest(score_func=<function mutual_info_classif at 0x147da6670>),8,,"{'balance': SMOTE(random_state=42), 'classify__C': 0.1, 'classify__max_iter': 2000, 'classify__n_jobs': 2, 'classify__penalty': 'l2', 'classify__random_state': 42, 'classify__solver': 'lbfgs', 'classify__tol': 0.0001, 'impute': SimpleImputer(strategy='median'), 'select': SelectKBest(score_func=<function mutual_info_classif at 0x147da6670>), 'select__k': 8, 'transform': None}",,,,,,451,,,,,,451,,,,,,451
0.00024056434631347656,8.485379419351666e-07,0.0,0.0,SMOTE(random_state=42),0.1,2000,2,l2,42,lbfgs,0.0001,SimpleImputer(strategy='median'),SelectKBest(score_func=<function mutual_info_classif at 0x147da6670>),11,,"{'balance': SMOTE(random_state=42), 'classify__C': 0.1, 'classify__max_iter': 2000, 'classify__n_jobs': 2, 'classify__penalty': 'l2', 'classify__random_state': 42, 'classify__solver': 'lbfgs', 'classify__tol': 0.0001, 'impute': SimpleImputer(strategy='median'), 'select': SelectKBest(score_func=<function mutual_info_classif at 0x147da6670>), 'select__k': 11, 'transform': None}",,,,,,451,,,,,,451,,,,,,451
0.00015203158060709635,7.867411722033552e-07,0.0,0.0,SMOTE(random_state=42),1.0,100,2,l2,42,lbfgs,1e-08,,SelectKBest(score_func=<function mutual_info_classif at 0x147da6670>),5,,"{'balance': SMOTE(random_state=42), 'classify__C': 1.0, 'classify__max_iter': 100, 'classify__n_jobs': 2, 'classify__penalty': 'l2', 'classify__random_state': 42, 'classify__solver': 'lbfgs', 'classify__tol': 1e-08, 'impute': None, 'select': SelectKBest(score_func=<function mutual_info_classif at 0x147da6670>), 'select__k': 5, 'transform': None}",,,,,,451,,,,,,451,,,,,,451
0.00024040540059407553,1.798265536464812e-06,0.0,0.0,SMOTE(random_state=42),1.0,100,2,l2,42,lbfgs,0.0001,SimpleImputer(strategy='median'),SelectKBest(score_func=<function mutual_info_classif at 0x147da6670>),5,,"{'balance': SMOTE(random_state=42), 'classify__C': 1.0, 'classify__max_iter': 100, 'classify__n_jobs': 2, 'classify__penalty': 'l2', 'classify__random_state': 42, 'classify__solver': 'lbfgs', 'classify__tol': 0.0001, 'impute': SimpleImputer(strategy='median'), 'select': SelectKBest(score_func=<function mutual_info_classif at 0x147da6670>), 'select__k': 5, 'transform': None}",,,,,,451,,,,,,451,,,,,,451
0.00025153160095214844,6.081621319360412e-06,0.0,0.0,SMOTE(random_state=42),0.1,200,2,l2,42,lbfgs,1e-08,SimpleImputer(strategy='median'),SelectKBest(score_func=<function mutual_info_classif at 0x147da6670>),11,,"{'balance': SMOTE(random_state=42), 'classify__C': 0.1, 'classify__max_iter': 200, 'classify__n_jobs': 2, 'classify__penalty': 'l2', 'classify__random_state': 42, 'classify__solver': 'lbfgs', 'classify__tol': 1e-08, 'impute': SimpleImputer(strategy='median'), 'select': SelectKBest(score_func=<function mutual_info_classif at 0x147da6670>), 'select__k': 11, 'transform': None}",,,,,,451,,,,,,451,,,,,,451
0.00023937225341796875,5.150429962800233e-07,0.0,0.0,SMOTE(random_state=42),1.0,100,2,l2,42,lbfgs,1e-08,SimpleImputer(strategy='median'),SelectKBest(score_func=<function mutual_info_classif at 0x147da6670>),5,,"{'balance': SMOTE(random_state=42), 'classify__C': 1.0, 'classify__max_iter': 100, 'classify__n_jobs': 2, 'classify__penalty': 'l2', 'classify__random_state': 42, 'classify__solver': 'lbfgs', 'classify__tol': 1e-08, 'impute': SimpleImputer(strategy='median'), 'select': SelectKBest(score_func=<function mutual_info_classif at 0x147da6670>), 'select__k': 5, 'transform': None}",,,,,,451,,,,,,451,,,,,,451
0.0002456506093343099,1.0235042990874057e-05,0.0,0.0,SMOTE(random_state=42),1.0,100,2,l2,42,lbfgs,1e-08,SimpleImputer(strategy='median'),SelectKBest(score_func=<function mutual_info_classif at 0x147da6670>),8,,"{'balance': SMOTE(random_state=42), 'classify__C': 1.0, 'classify__max_iter': 100, 'classify__n_jobs': 2, 'classify__penalty': 'l2', 'classify__random_state': 42, 'classify__solver': 'lbfgs', 'classify__tol': 1e-08, 'impute': SimpleImputer(strategy='median'), 'select': SelectKBest(score_func=<function mutual_info_classif at 0x147da6670>), 'select__k': 8, 'transform': None}",,,,,,451,,,,,,451,,,,,,451
0.0002518494923909505,9.584967227378699e-06,0.0,0.0,SMOTE(random_state=42),1.0,100,2,l2,42,lbfgs,1e-08,SimpleImputer(strategy='median'),SelectKBest(score_func=<function mutual_info_classif at 0x147da6670>),11,,"{'balance': SMOTE(random_state=42), 'classify__C': 1.0, 'classify__max_iter': 100, 'classify__n_jobs': 2, 'classify__penalty': 'l2', 'classify__random_state': 42, 'classify__solver': 'lbfgs', 'classify__tol': 1e-08, 'impute': SimpleImputer(strategy='median'), 'select': SelectKBest(score_func=<function mutual_info_classif at 0x147da6670>), 'select__k': 11, 'transform': None}",,,,,,451,,,,,,451,,,,,,451
0.00015274683634440103,4.49566384116203e-07,0.0,0.0,SMOTE(random_state=42),1.0,100,2,l2,42,lbfgs,1e-06,,SelectKBest(score_func=<function mutual_info_classif at 0x147da6670>),5,,"{'balance': SMOTE(random_state=42), 'classify__C': 1.0, 'classify__max_iter': 100, 'classify__n_jobs': 2, 'classify__penalty': 'l2', 'classify__random_state': 42, 'classify__solver': 'lbfgs', 'classify__tol': 1e-06, 'impute': None, 'select': SelectKBest(score_func=<function mutual_info_classif at 0x147da6670>), 'select__k': 5, 'transform': None}",,,,,,451,,,,,,451,,,,,,451
0.00015203158060709635,1.1239159602905075e-07,0.0,0.0,SMOTE(random_state=42),1.0,100,2,l2,42,lbfgs,1e-06,,SelectKBest(score_func=<function mutual_info_classif at 0x147da6670>),8,,"{'balance': SMOTE(random_state=42), 'classify__C': 1.0, 'classify__max_iter': 100, 'classify__n_jobs': 2, 'classify__penalty': 'l2', 'classify__random_state': 42, 'classify__solver': 'lbfgs', 'classify__tol': 1e-06, 'impute': None, 'select': SelectKBest(score_func=<function mutual_info_classif at 0x147da6670>), 'select__k': 8, 'transform': None}",,,,,,451,,,,,,451,,,,,,451
0.00015115737915039062,0.0,0.0,0.0,SMOTE(random_state=42),1.0,100,2,l2,42,lbfgs,1e-06,,SelectKBest(score_func=<function mutual_info_classif at 0x147da6670>),11,,"{'balance': SMOTE(random_state=42), 'classify__C': 1.0, 'classify__max_iter': 100, 'classify__n_jobs': 2, 'classify__penalty': 'l2', 'classify__random_state': 42, 'classify__solver': 'lbfgs', 'classify__tol': 1e-06, 'impute': None, 'select': SelectKBest(score_func=<function mutual_info_classif at 0x147da6670>), 'select__k': 11, 'transform': None}",,,,,,451,,,,,,451,,,,,,451
0.00024008750915527344,1.7302466278932287e-06,0.0,0.0,SMOTE(random_state=42),1.0,100,2,l2,42,lbfgs,1e-06,SimpleImputer(strategy='median'),SelectKBest(score_func=<function mutual_info_classif at 0x147da6670>),5,,"{'balance': SMOTE(random_state=42), 'classify__C': 1.0, 'classify__max_iter': 100, 'classify__n_jobs': 2, 'classify__penalty': 'l2', 'classify__random_state': 42, 'classify__solver': 'lbfgs', 'classify__tol': 1e-06, 'impute': SimpleImputer(strategy='median'), 'select': SelectKBest(score_func=<function mutual_info_classif at 0x147da6670>), 'select__k': 5, 'transform': None}",,,,,,451,,,,,,451,,,,,,451
0.00024771690368652344,5.398307704207641e-06,0.0,0.0,SMOTE(random_state=42),1.0,100,2,l2,42,lbfgs,1e-06,SimpleImputer(strategy='median'),SelectKBest(score_func=<function mutual_info_classif at 0x147da6670>),8,,"{'balance': SMOTE(random_state=42), 'classify__C': 1.0, 'classify__max_iter': 100, 'classify__n_jobs': 2, 'classify__penalty': 'l2', 'classify__random_state': 42, 'classify__solver': 'lbfgs', 'classify__tol': 1e-06, 'impute': SimpleImputer(strategy='median'), 'select': SelectKBest(score_func=<function mutual_info_classif at 0x147da6670>), 'select__k': 8, 'transform': None}",,,,,,451,,,,,,451,,,,,,451
0.00023929278055826822,5.947204250930057e-07,0.0,0.0,SMOTE(random_state=42),1.0,100,2,l2,42,lbfgs,1e-06,SimpleImputer(strategy='median'),SelectKBest(score_func=<function mutual_info_classif at 0x147da6670>),11,,"{'balance': SMOTE(random_state=42), 'classify__C': 1.0, 'classify__max_iter': 100, 'classify__n_jobs': 2, 'classify__penalty': 'l2', 'classify__random_state': 42, 'classify__solver': 'lbfgs', 'classify__tol': 1e-06, 'impute': SimpleImputer(strategy='median'), 'select': SelectKBest(score_func=<function mutual_info_classif at 0x147da6670>), 'select__k': 11, 'transform': None}",,,,,,451,,,,,,451,,,,,,451
0.00015234947204589844,3.371747880871523e-07,0.0,0.0,SMOTE(random_state=42),1.0,100,2,l2,42,lbfgs,0.0001,,SelectKBest(score_func=<function mutual_info_classif at 0x147da6670>),5,,"{'balance': SMOTE(random_state=42), 'classify__C': 1.0, 'classify__max_iter': 100, 'classify__n_jobs': 2, 'classify__penalty': 'l2', 'classify__random_state': 42, 'classify__solver': 'lbfgs', 'classify__tol': 0.0001, 'impute': None, 'select': SelectKBest(score_func=<function mutual_info_classif at 0x147da6670>), 'select__k': 5, 'transform': None}",,,,,,451,,,,,,451,,,,,,451
0.0001587073008219401,8.662906254088437e-06,0.0,0.0,SMOTE(random_state=42),1.0,100,2,l2,42,lbfgs,0.0001,,SelectKBest(score_func=<function mutual_info_classif at 0x147da6670>),8,,"{'balance': SMOTE(random_state=42), 'classify__C': 1.0, 'classify__max_iter': 100, 'classify__n_jobs': 2, 'classify__penalty': 'l2', 'classify__random_state': 42, 'classify__solver': 'lbfgs', 'classify__tol': 0.0001, 'impute': None, 'select': SelectKBest(score_func=<function mutual_info_classif at 0x147da6670>), 'select__k': 8, 'transform': None}",,,,,,451,,,,,,451,,,,,,451
0.00015163421630859375,1.0115243642614567e-06,0.0,0.0,SMOTE(random_state=42),1.0,100,2,l2,42,lbfgs,1e-08,,SelectKBest(score_func=<function mutual_info_classif at 0x147da6670>),11,,"{'balance': SMOTE(random_state=42), 'classify__C': 1.0, 'classify__max_iter': 100, 'classify__n_jobs': 2, 'classify__penalty': 'l2', 'classify__random_state': 42, 'classify__solver': 'lbfgs', 'classify__tol': 1e-08, 'impute': None, 'select': SelectKBest(score_func=<function mutual_info_classif at 0x147da6670>), 'select__k': 11, 'transform': None}",,,,,,451,,,,,,451,,,,,,451
0.0002494653065999349,4.49566384116203e-07,0.0,0.0,SMOTE(random_state=42),0.1,200,2,l2,42,lbfgs,1e-08,SimpleImputer(strategy='median'),SelectKBest(score_func=<function mutual_info_classif at 0x147da6670>),8,,"{'balance': SMOTE(random_state=42), 'classify__C': 0.1, 'classify__max_iter': 200, 'classify__n_jobs': 2, 'classify__penalty': 'l2', 'classify__random_state': 42, 'classify__solver': 'lbfgs', 'classify__tol': 1e-08, 'impute': SimpleImputer(strategy='median'), 'select': SelectKBest(score_func=<function mutual_info_classif at 0x147da6670>), 'select__k': 8, 'transform': None}",,,,,,451,,,,,,451,,,,,,451
0.0001633167266845703,8.31621866880113e-06,0.0,0.0,SMOTE(random_state=42),0.1,100,2,l2,42,lbfgs,1e-06,,SelectKBest(score_func=<function mutual_info_classif at 0x147da6670>),11,,"{'balance': SMOTE(random_state=42), 'classify__C': 0.1, 'classify__max_iter': 100, 'classify__n_jobs': 2, 'classify__penalty': 'l2', 'classify__random_state': 42, 'classify__solver': 'lbfgs', 'classify__tol': 1e-06, 'impute': None, 'select': SelectKBest(score_func=<function mutual_info_classif at 0x147da6670>), 'select__k': 11, 'transform': None}",,,,,,451,,,,,,451,,,,,,451
0.00016864140828450522,1.0063285182694762e-05,0.0,0.0,SMOTE(random_state=42),0.1,200,2,l2,42,lbfgs,1e-08,,SelectKBest(score_func=<function mutual_info_classif at 0x147da6670>),11,,"{'balance': SMOTE(random_state=42), 'classify__C': 0.1, 'classify__max_iter': 200, 'classify__n_jobs': 2, 'classify__penalty': 'l2', 'classify__random_state': 42, 'classify__solver': 'lbfgs', 'classify__tol': 1e-08, 'impute': None, 'select': SelectKBest(score_func=<function mutual_info_classif at 0x147da6670>), 'select__k': 11, 'transform': None}",,,,,,451,,,,,,451,,,,,,451
0.0002678235371907552,4.9003122535475546e-05,0.0,0.0,SMOTE(random_state=42),0.01,200,2,l2,42,lbfgs,1e-06,SimpleImputer(strategy='median'),SelectKBest(score_func=<function mutual_info_classif at 0x147da6670>),11,,"{'balance': SMOTE(random_state=42), 'classify__C': 0.01, 'classify__max_iter': 200, 'classify__n_jobs': 2, 'classify__penalty': 'l2', 'classify__random_state': 42, 'classify__solver': 'lbfgs', 'classify__tol': 1e-06, 'impute': SimpleImputer(strategy='median'), 'select': SelectKBest(score_func=<function mutual_info_classif at 0x147da6670>), 'select__k': 11, 'transform': None}",,,,,,451,,,,,,451,,,,,,451
0.00016299883524576822,7.763160172462917e-06,0.0,0.0,SMOTE(random_state=42),0.01,200,2,l2,42,lbfgs,0.0001,,SelectKBest(score_func=<function mutual_info_classif at 0x147da6670>),5,,"{'balance': SMOTE(random_state=42), 'classify__C': 0.01, 'classify__max_iter': 200, 'classify__n_jobs': 2, 'classify__penalty': 'l2', 'classify__random_state': 42, 'classify__solver': 'lbfgs', 'classify__tol': 0.0001, 'impute': None, 'select': SelectKBest(score_func=<function mutual_info_classif at 0x147da6670>), 'select__k': 5, 'transform': None}",,,,,,451,,,,,,451,,,,,,451
0.00015536944071451822,1.2961631163199815e-06,0.0,0.0,SMOTE(random_state=42),0.01,200,2,l2,42,lbfgs,0.0001,,SelectKBest(score_func=<function mutual_info_classif at 0x147da6670>),8,,"{'balance': SMOTE(random_state=42), 'classify__C': 0.01, 'classify__max_iter': 200, 'classify__n_jobs': 2, 'classify__penalty': 'l2', 'classify__random_state': 42, 'classify__solver': 'lbfgs', 'classify__tol': 0.0001, 'impute': None, 'select': SelectKBest(score_func=<function mutual_info_classif at 0x147da6670>), 'select__k': 8, 'transform': None}",,,,,,451,,,,,,451,,,,,,451
0.00015370051066080728,4.49566384116203e-07,0.0,0.0,SMOTE(random_state=42),0.01,200,2,l2,42,lbfgs,0.0001,,SelectKBest(score_func=<function mutual_info_classif at 0x147da6670>),11,,"{'balance': SMOTE(random_state=42), 'classify__C': 0.01, 'classify__max_iter': 200, 'classify__n_jobs': 2, 'classify__penalty': 'l2', 'classify__random_state': 42, 'classify__solver': 'lbfgs', 'classify__tol': 0.0001, 'impute': None, 'select': SelectKBest(score_func=<function mutual_info_classif at 0x147da6670>), 'select__k': 11, 'transform': None}",,,,,,451,,,,,,451,,,,,,451
0.0002464453379313151,4.673382577256888e-06,0.0,0.0,SMOTE(random_state=42),0.01,200,2,l2,42,lbfgs,0.0001,SimpleImputer(strategy='median'),SelectKBest(score_func=<function mutual_info_classif at 0x147da6670>),5,,"{'balance': SMOTE(random_state=42), 'classify__C': 0.01, 'classify__max_iter': 200, 'classify__n_jobs': 2, 'classify__penalty': 'l2', 'classify__random_state': 42, 'classify__solver': 'lbfgs', 'classify__tol': 0.0001, 'impute': SimpleImputer(strategy='median'), 'select': SelectKBest(score_func=<function mutual_info_classif at 0x147da6670>), 'select__k': 5, 'transform': None}",,,,,,451,,,,,,451,,,,,,451
0.00024135907491048178,8.99132768232406e-07,0.0,0.0,SMOTE(random_state=42),0.01,200,2,l2,42,lbfgs,0.0001,SimpleImputer(strategy='median'),SelectKBest(score_func=<function mutual_info_classif at 0x147da6670>),8,,"{'balance': SMOTE(random_state=42), 'classify__C': 0.01, 'classify__max_iter': 200, 'classify__n_jobs': 2, 'classify__penalty': 'l2', 'classify__random_state': 42, 'classify__solver': 'lbfgs', 'classify__tol': 0.0001, 'impute': SimpleImputer(strategy='median'), 'select': SelectKBest(score_func=<function mutual_info_classif at 0x147da6670>), 'select__k': 8, 'transform': None}",,,,,,451,,,,,,451,,,,,,451
0.00024008750915527344,7.786718186642895e-07,0.0,0.0,SMOTE(random_state=42),0.01,200,2,l2,42,lbfgs,0.0001,SimpleImputer(strategy='median'),SelectKBest(score_func=<function mutual_info_classif at 0x147da6670>),11,,"{'balance': SMOTE(random_state=42), 'classify__C': 0.01, 'classify__max_iter': 200, 'classify__n_jobs': 2, 'classify__penalty': 'l2', 'classify__random_state': 42, 'classify__solver': 'lbfgs', 'classify__tol': 0.0001, 'impute': SimpleImputer(strategy='median'), 'select': SelectKBest(score_func=<function mutual_info_classif at 0x147da6670>), 'select__k': 11, 'transform': None}",,,,,,451,,,,,,451,,,,,,451
0.00015354156494140625,8.485379419351666e-07,0.0,0.0,SMOTE(random_state=42),0.01,500,2,l2,42,lbfgs,1e-08,,SelectKBest(score_func=<function mutual_info_classif at 0x147da6670>),5,,"{'balance': SMOTE(random_state=42), 'classify__C': 0.01, 'classify__max_iter': 500, 'classify__n_jobs': 2, 'classify__penalty': 'l2', 'classify__random_state': 42, 'classify__solver': 'lbfgs', 'classify__tol': 1e-08, 'impute': None, 'select': SelectKBest(score_func=<function mutual_info_classif at 0x147da6670>), 'select__k': 5, 'transform': None}",,,,,,451,,,,,,451,,,,,,451
0.0001529057820638021,6.836513890459241e-07,0.0,0.0,SMOTE(random_state=42),0.01,500,2,l2,42,lbfgs,1e-08,,SelectKBest(score_func=<function mutual_info_classif at 0x147da6670>),8,,"{'balance': SMOTE(random_state=42), 'classify__C': 0.01, 'classify__max_iter': 500, 'classify__n_jobs': 2, 'classify__penalty': 'l2', 'classify__random_state': 42, 'classify__solver': 'lbfgs', 'classify__tol': 1e-08, 'impute': None, 'select': SelectKBest(score_func=<function mutual_info_classif at 0x147da6670>), 'select__k': 8, 'transform': None}",,,,,,451,,,,,,451,,,,,,451
0.00016466776529947916,1.9989596565457852e-05,0.0,0.0,SMOTE(random_state=42),0.01,500,2,l2,42,lbfgs,1e-08,,SelectKBest(score_func=<function mutual_info_classif at 0x147da6670>),11,,"{'balance': SMOTE(random_state=42), 'classify__C': 0.01, 'classify__max_iter': 500, 'classify__n_jobs': 2, 'classify__penalty': 'l2', 'classify__random_state': 42, 'classify__solver': 'lbfgs', 'classify__tol': 1e-08, 'impute': None, 'select': SelectKBest(score_func=<function mutual_info_classif at 0x147da6670>), 'select__k': 11, 'transform': None}",,,,,,451,,,,,,451,,,,,,451
0.00028435389200846356,2.8704338355934686e-05,0.0,0.0,SMOTE(random_state=42),0.01,500,2,l2,42,lbfgs,1e-08,SimpleImputer(strategy='median'),SelectKBest(score_func=<function mutual_info_classif at 0x147da6670>),5,,"{'balance': SMOTE(random_state=42), 'classify__C': 0.01, 'classify__max_iter': 500, 'classify__n_jobs': 2, 'classify__penalty': 'l2', 'classify__random_state': 42, 'classify__solver': 'lbfgs', 'classify__tol': 1e-08, 'impute': SimpleImputer(strategy='median'), 'select': SelectKBest(score_func=<function mutual_info_classif at 0x147da6670>), 'select__k': 5, 'transform': None}",,,,,,451,,,,,,451,,,,,,451
0.0002349217732747396,1.1239159602905075e-07,0.0,0.0,SMOTE(random_state=42),0.01,200,2,l2,42,lbfgs,1e-06,SimpleImputer(strategy='median'),SelectKBest(score_func=<function mutual_info_classif at 0x147da6670>),8,,"{'balance': SMOTE(random_state=42), 'classify__C': 0.01, 'classify__max_iter': 200, 'classify__n_jobs': 2, 'classify__penalty': 'l2', 'classify__random_state': 42, 'classify__solver': 'lbfgs', 'classify__tol': 1e-06, 'impute': SimpleImputer(strategy='median'), 'select': SelectKBest(score_func=<function mutual_info_classif at 0x147da6670>), 'select__k': 8, 'transform': None}",,,,,,451,,,,,,451,,,,,,451
0.00023357073465983072,4.49566384116203e-07,0.0,0.0,SMOTE(random_state=42),0.01,500,2,l2,42,lbfgs,1e-08,SimpleImputer(strategy='median'),SelectKBest(score_func=<function mutual_info_classif at 0x147da6670>),8,,"{'balance': SMOTE(random_state=42), 'classify__C': 0.01, 'classify__max_iter': 500, 'classify__n_jobs': 2, 'classify__penalty': 'l2', 'classify__random_state': 42, 'classify__solver': 'lbfgs', 'classify__tol': 1e-08, 'impute': SimpleImputer(strategy='median'), 'select': SelectKBest(score_func=<function mutual_info_classif at 0x147da6670>), 'select__k': 8, 'transform': None}",,,,,,451,,,,,,451,,,,,,451
0.00015171368916829428,3.821314264987725e-06,0.0,0.0,SMOTE(random_state=42),0.01,500,2,l2,42,lbfgs,1e-06,,SelectKBest(score_func=<function mutual_info_classif at 0x147da6670>),5,,"{'balance': SMOTE(random_state=42), 'classify__C': 0.01, 'classify__max_iter': 500, 'classify__n_jobs': 2, 'classify__penalty': 'l2', 'classify__random_state': 42, 'classify__solver': 'lbfgs', 'classify__tol': 1e-06, 'impute': None, 'select': SelectKBest(score_func=<function mutual_info_classif at 0x147da6670>), 'select__k': 5, 'transform': None}",,,,,,451,,,,,,451,,,,,,451
0.00015528996785481772,5.8573168985647456e-06,0.0,0.0,SMOTE(random_state=42),0.01,500,2,l2,42,lbfgs,1e-06,,SelectKBest(score_func=<function mutual_info_classif at 0x147da6670>),8,,"{'balance': SMOTE(random_state=42), 'classify__C': 0.01, 'classify__max_iter': 500, 'classify__n_jobs': 2, 'classify__penalty': 'l2', 'classify__random_state': 42, 'classify__solver': 'lbfgs', 'classify__tol': 1e-06, 'impute': None, 'select': SelectKBest(score_func=<function mutual_info_classif at 0x147da6670>), 'select__k': 8, 'transform': None}",,,,,,451,,,,,,451,,,,,,451
0.00014821688334147135,4.052336624139774e-07,0.0,0.0,SMOTE(random_state=42),0.01,500,2,l2,42,lbfgs,1e-06,,SelectKBest(score_func=<function mutual_info_classif at 0x147da6670>),11,,"{'balance': SMOTE(random_state=42), 'classify__C': 0.01, 'classify__max_iter': 500, 'classify__n_jobs': 2, 'classify__penalty': 'l2', 'classify__random_state': 42, 'classify__solver': 'lbfgs', 'classify__tol': 1e-06, 'impute': None, 'select': SelectKBest(score_func=<function mutual_info_classif at 0x147da6670>), 'select__k': 11, 'transform': None}",,,,,,451,,,,,,451,,,,,,451
0.00023762385050455728,3.128849615260685e-06,0.0,0.0,SMOTE(random_state=42),0.01,500,2,l2,42,lbfgs,1e-06,SimpleImputer(strategy='median'),SelectKBest(score_func=<function mutual_info_classif at 0x147da6670>),5,,"{'balance': SMOTE(random_state=42), 'classify__C': 0.01, 'classify__max_iter': 500, 'classify__n_jobs': 2, 'classify__penalty': 'l2', 'classify__random_state': 42, 'classify__solver': 'lbfgs', 'classify__tol': 1e-06, 'impute': SimpleImputer(strategy='median'), 'select': SelectKBest(score_func=<function mutual_info_classif at 0x147da6670>), 'select__k': 5, 'transform': None}",,,,,,451,,,,,,451,,,,,,451
0.00027831395467122394,3.3617489347791414e-05,0.0,0.0,SMOTE(random_state=42),0.01,500,2,l2,42,lbfgs,1e-06,SimpleImputer(strategy='median'),SelectKBest(score_func=<function mutual_info_classif at 0x147da6670>),8,,"{'balance': SMOTE(random_state=42), 'classify__C': 0.01, 'classify__max_iter': 500, 'classify__n_jobs': 2, 'classify__penalty': 'l2', 'classify__random_state': 42, 'classify__solver': 'lbfgs', 'classify__tol': 1e-06, 'impute': SimpleImputer(strategy='median'), 'select': SelectKBest(score_func=<function mutual_info_classif at 0x147da6670>), 'select__k': 8, 'transform': None}",,,,,,451,,,,,,451,,,,,,451
0.00024501482645670575,3.84602662167958e-06,0.0,0.0,SMOTE(random_state=42),0.01,500,2,l2,42,lbfgs,1e-06,SimpleImputer(strategy='median'),SelectKBest(score_func=<function mutual_info_classif at 0x147da6670>),11,,"{'balance': SMOTE(random_state=42), 'classify__C': 0.01, 'classify__max_iter': 500, 'classify__n_jobs': 2, 'classify__penalty': 'l2', 'classify__random_state': 42, 'classify__solver': 'lbfgs', 'classify__tol': 1e-06, 'impute': SimpleImputer(strategy='median'), 'select': SelectKBest(score_func=<function mutual_info_classif at 0x147da6670>), 'select__k': 11, 'transform': None}",,,,,,451,,,,,,451,,,,,,451
0.00015322367350260416,1.1239159602905073e-06,0.0,0.0,SMOTE(random_state=42),0.01,500,2,l2,42,lbfgs,0.0001,,SelectKBest(score_func=<function mutual_info_classif at 0x147da6670>),5,,"{'balance': SMOTE(random_state=42), 'classify__C': 0.01, 'classify__max_iter': 500, 'classify__n_jobs': 2, 'classify__penalty': 'l2', 'classify__random_state': 42, 'classify__solver': 'lbfgs', 'classify__tol': 0.0001, 'impute': None, 'select': SelectKBest(score_func=<function mutual_info_classif at 0x147da6670>), 'select__k': 5, 'transform': None}",,,,,,451,,,,,,451,,,,,,451
0.00015234947204589844,8.485379419351666e-07,0.0,0.0,SMOTE(random_state=42),0.01,500,2,l2,42,lbfgs,0.0001,,SelectKBest(score_func=<function mutual_info_classif at 0x147da6670>),8,,"{'balance': SMOTE(random_state=42), 'classify__C': 0.01, 'classify__max_iter': 500, 'classify__n_jobs': 2, 'classify__penalty': 'l2', 'classify__random_state': 42, 'classify__solver': 'lbfgs', 'classify__tol': 0.0001, 'impute': None, 'select': SelectKBest(score_func=<function mutual_info_classif at 0x147da6670>), 'select__k': 8, 'transform': None}",,,,,,451,,,,,,451,,,,,,451
0.0001590251922607422,9.9471324727471e-06,0.0,0.0,SMOTE(random_state=42),0.01,500,2,l2,42,lbfgs,0.0001,,SelectKBest(score_func=<function mutual_info_classif at 0x147da6670>),11,,"{'balance': SMOTE(random_state=42), 'classify__C': 0.01, 'classify__max_iter': 500, 'classify__n_jobs': 2, 'classify__penalty': 'l2', 'classify__random_state': 42, 'classify__solver': 'lbfgs', 'classify__tol': 0.0001, 'impute': None, 'select': SelectKBest(score_func=<function mutual_info_classif at 0x147da6670>), 'select__k': 11, 'transform': None}",,,,,,451,,,,,,451,,,,,,451
0.00024437904357910156,2.5752149814001163e-06,0.0,0.0,SMOTE(random_state=42),0.01,500,2,l2,42,lbfgs,0.0001,SimpleImputer(strategy='median'),SelectKBest(score_func=<function mutual_info_classif at 0x147da6670>),5,,"{'balance': SMOTE(random_state=42), 'classify__C': 0.01, 'classify__max_iter': 500, 'classify__n_jobs': 2, 'classify__penalty': 'l2', 'classify__random_state': 42, 'classify__solver': 'lbfgs', 'classify__tol': 0.0001, 'impute': SimpleImputer(strategy='median'), 'select': SelectKBest(score_func=<function mutual_info_classif at 0x147da6670>), 'select__k': 5, 'transform': None}",,,,,,451,,,,,,451,,,,,,451
0.00024096171061197916,1.4082626618281485e-06,0.0,0.0,SMOTE(random_state=42),0.01,500,2,l2,42,lbfgs,0.0001,SimpleImputer(strategy='median'),SelectKBest(score_func=<function mutual_info_classif at 0x147da6670>),8,,"{'balance': SMOTE(random_state=42), 'classify__C': 0.01, 'classify__max_iter': 500, 'classify__n_jobs': 2, 'classify__penalty': 'l2', 'classify__random_state': 42, 'classify__solver': 'lbfgs', 'classify__tol': 0.0001, 'impute': SimpleImputer(strategy='median'), 'select': SelectKBest(score_func=<function mutual_info_classif at 0x147da6670>), 'select__k': 8, 'transform': None}",,,,,,451,,,,,,451,,,,,,451
0.0002407232920328776,7.3158209946092336e-06,0.0,0.0,SMOTE(random_state=42),0.01,500,2,l2,42,lbfgs,1e-08,SimpleImputer(strategy='median'),SelectKBest(score_func=<function mutual_info_classif at 0x147da6670>),11,,"{'balance': SMOTE(random_state=42), 'classify__C': 0.01, 'classify__max_iter': 500, 'classify__n_jobs': 2, 'classify__penalty': 'l2', 'classify__random_state': 42, 'classify__solver': 'lbfgs', 'classify__tol': 1e-08, 'impute': SimpleImputer(strategy='median'), 'select': SelectKBest(score_func=<function mutual_info_classif at 0x147da6670>), 'select__k': 11, 'transform': None}",,,,,,451,,,,,,451,,,,,,451
0.00024008750915527344,7.786718186642895e-07,0.0,0.0,SMOTE(random_state=42),0.01,500,2,l2,42,lbfgs,0.0001,SimpleImputer(strategy='median'),SelectKBest(score_func=<function mutual_info_classif at 0x147da6670>),11,,"{'balance': SMOTE(random_state=42), 'classify__C': 0.01, 'classify__max_iter': 500, 'classify__n_jobs': 2, 'classify__penalty': 'l2', 'classify__random_state': 42, 'classify__solver': 'lbfgs', 'classify__tol': 0.0001, 'impute': SimpleImputer(strategy='median'), 'select': SelectKBest(score_func=<function mutual_info_classif at 0x147da6670>), 'select__k': 11, 'transform': None}",,,,,,451,,,,,,451,,,,,,451
0.00023468335469563803,9.602742174144245e-07,0.0,0.0,SMOTE(random_state=42),0.01,200,2,l2,42,lbfgs,1e-06,SimpleImputer(strategy='median'),SelectKBest(score_func=<function mutual_info_classif at 0x147da6670>),5,,"{'balance': SMOTE(random_state=42), 'classify__C': 0.01, 'classify__max_iter': 200, 'classify__n_jobs': 2, 'classify__penalty': 'l2', 'classify__random_state': 42, 'classify__solver': 'lbfgs', 'classify__tol': 1e-06, 'impute': SimpleImputer(strategy='median'), 'select': SelectKBest(score_func=<function mutual_info_classif at 0x147da6670>), 'select__k': 5, 'transform': None}",,,,,,451,,,,,,451,,,,,,451
0.00015703837076822916,1.1351551198934125e-05,0.0,0.0,SMOTE(random_state=42),0.01,200,2,l2,42,lbfgs,1e-06,,SelectKBest(score_func=<function mutual_info_classif at 0x147da6670>),8,,"{'balance': SMOTE(random_state=42), 'classify__C': 0.01, 'classify__max_iter': 200, 'classify__n_jobs': 2, 'classify__penalty': 'l2', 'classify__random_state': 42, 'classify__solver': 'lbfgs', 'classify__tol': 1e-06, 'impute': None, 'select': SelectKBest(score_func=<function mutual_info_classif at 0x147da6670>), 'select__k': 8, 'transform': None}",,,,,,451,,,,,,451,,,,,,451
0.00015171368916829428,4.052336624139774e-07,0.0,0.0,SMOTE(random_state=42),0.01,100,2,l2,42,lbfgs,1e-08,,SelectKBest(score_func=<function mutual_info_classif at 0x147da6670>),8,,"{'balance': SMOTE(random_state=42), 'classify__C': 0.01, 'classify__max_iter': 100, 'classify__n_jobs': 2, 'classify__penalty': 'l2', 'classify__random_state': 42, 'classify__solver': 'lbfgs', 'classify__tol': 1e-08, 'impute': None, 'select': SelectKBest(score_func=<function mutual_info_classif at 0x147da6670>), 'select__k': 8, 'transform': None}",,,,,,451,,,,,,451,,,,,,451
0.0001513957977294922,5.150429962800233e-07,0.0,0.0,SMOTE(random_state=42),0.01,100,2,l2,42,lbfgs,1e-08,,SelectKBest(score_func=<function mutual_info_classif at 0x147da6670>),11,,"{'balance': SMOTE(random_state=42), 'classify__C': 0.01, 'classify__max_iter': 100, 'classify__n_jobs': 2, 'classify__penalty': 'l2', 'classify__random_state': 42, 'classify__solver': 'lbfgs', 'classify__tol': 1e-08, 'impute': None, 'select': SelectKBest(score_func=<function mutual_info_classif at 0x147da6670>), 'select__k': 11, 'transform': None}",,,,,,451,,,,,,451,,,,,,451
0.00024334589640299478,3.0304075821141593e-06,0.0,0.0,SMOTE(random_state=42),0.01,100,2,l2,42,lbfgs,1e-08,SimpleImputer(strategy='median'),SelectKBest(score_func=<function mutual_info_classif at 0x147da6670>),5,,"{'balance': SMOTE(random_state=42), 'classify__C': 0.01, 'classify__max_iter': 100, 'classify__n_jobs': 2, 'classify__penalty': 'l2', 'classify__random_state': 42, 'classify__solver': 'lbfgs', 'classify__tol': 1e-08, 'impute': SimpleImputer(strategy='median'), 'select': SelectKBest(score_func=<function mutual_info_classif at 0x147da6670>), 'select__k': 5, 'transform': None}",,,,,,451,,,,,,451,,,,,,451
0.00024048487345377603,5.619579801452537e-07,0.0,0.0,SMOTE(random_state=42),0.01,100,2,l2,42,lbfgs,1e-08,SimpleImputer(strategy='median'),SelectKBest(score_func=<function mutual_info_classif at 0x147da6670>),8,,"{'balance': SMOTE(random_state=42), 'classify__C': 0.01, 'classify__max_iter': 100, 'classify__n_jobs': 2, 'classify__penalty': 'l2', 'classify__random_state': 42, 'classify__solver': 'lbfgs', 'classify__tol': 1e-08, 'impute': SimpleImputer(strategy='median'), 'select': SelectKBest(score_func=<function mutual_info_classif at 0x147da6670>), 'select__k': 8, 'transform': None}",,,,,,451,,,,,,451,,,,,,451
0.0002617041269938151,1.2619429301924399e-05,0.0,0.0,SMOTE(random_state=42),0.01,100,2,l2,42,lbfgs,1e-08,SimpleImputer(strategy='median'),SelectKBest(score_func=<function mutual_info_classif at 0x147da6670>),11,,"{'balance': SMOTE(random_state=42), 'classify__C': 0.01, 'classify__max_iter': 100, 'classify__n_jobs': 2, 'classify__penalty': 'l2', 'classify__random_state': 42, 'classify__solver': 'lbfgs', 'classify__tol': 1e-08, 'impute': SimpleImputer(strategy='median'), 'select': SelectKBest(score_func=<function mutual_info_classif at 0x147da6670>), 'select__k': 11, 'transform': None}",,,,,,451,,,,,,451,,,,,,451
0.00015195210774739584,1.5613939527184566e-06,0.0,0.0,SMOTE(random_state=42),0.01,100,2,l2,42,lbfgs,1e-06,,SelectKBest(score_func=<function mutual_info_classif at 0x147da6670>),5,,"{'balance': SMOTE(random_state=42), 'classify__C': 0.01, 'classify__max_iter': 100, 'classify__n_jobs': 2, 'classify__penalty': 'l2', 'classify__random_state': 42, 'classify__solver': 'lbfgs', 'classify__tol': 1e-06, 'impute': None, 'select': SelectKBest(score_func=<function mutual_info_classif at 0x147da6670>), 'select__k': 5, 'transform': None}",,,,,,451,,,,,,451,,,,,,451
0.00016339619954427084,1.4643292246411863e-05,0.0,0.0,SMOTE(random_state=42),0.01,100,2,l2,42,lbfgs,1e-06,,SelectKBest(score_func=<function mutual_info_classif at 0x147da6670>),8,,"{'balance': SMOTE(random_state=42), 'classify__C': 0.01, 'classify__max_iter': 100, 'classify__n_jobs': 2, 'classify__penalty': 'l2', 'classify__random_state': 42, 'classify__solver': 'lbfgs', 'classify__tol': 1e-06, 'impute': None, 'select': SelectKBest(score_func=<function mutual_info_classif at 0x147da6670>), 'select__k': 8, 'transform': None}",,,,,,451,,,,,,451,,,,,,451
0.00015195210774739584,1.5613939527184566e-06,0.0,0.0,SMOTE(random_state=42),0.01,100,2,l2,42,lbfgs,1e-06,,SelectKBest(score_func=<function mutual_info_classif at 0x147da6670>),11,,"{'balance': SMOTE(random_state=42), 'classify__C': 0.01, 'classify__max_iter': 100, 'classify__n_jobs': 2, 'classify__penalty': 'l2', 'classify__random_state': 42, 'classify__solver': 'lbfgs', 'classify__tol': 1e-06, 'impute': None, 'select': SelectKBest(score_func=<function mutual_info_classif at 0x147da6670>), 'select__k': 11, 'transform': None}",,,,,,451,,,,,,451,,,,,,451
0.0002445379892985026,8.656342064024671e-06,0.0,0.0,SMOTE(random_state=42),0.01,100,2,l2,42,lbfgs,1e-06,SimpleImputer(strategy='median'),SelectKBest(score_func=<function mutual_info_classif at 0x147da6670>),5,,"{'balance': SMOTE(random_state=42), 'classify__C': 0.01, 'classify__max_iter': 100, 'classify__n_jobs': 2, 'classify__penalty': 'l2', 'classify__random_state': 42, 'classify__solver': 'lbfgs', 'classify__tol': 1e-06, 'impute': SimpleImputer(strategy='median'), 'select': SelectKBest(score_func=<function mutual_info_classif at 0x147da6670>), 'select__k': 5, 'transform': None}",,,,,,451,,,,,,451,,,,,,451
0.00024501482645670575,6.305959836602965e-06,0.0,0.0,SMOTE(random_state=42),0.01,100,2,l2,42,lbfgs,1e-06,SimpleImputer(strategy='median'),SelectKBest(score_func=<function mutual_info_classif at 0x147da6670>),8,,"{'balance': SMOTE(random_state=42), 'classify__C': 0.01, 'classify__max_iter': 100, 'classify__n_jobs': 2, 'classify__penalty': 'l2', 'classify__random_state': 42, 'classify__solver': 'lbfgs', 'classify__tol': 1e-06, 'impute': SimpleImputer(strategy='median'), 'select': SelectKBest(score_func=<function mutual_info_classif at 0x147da6670>), 'select__k': 8, 'transform': None}",,,,,,451,,,,,,451,,,,,,451
0.00024127960205078125,1.8570139321562326e-06,0.0,0.0,SMOTE(random_state=42),0.01,100,2,l2,42,lbfgs,1e-06,SimpleImputer(strategy='median'),SelectKBest(score_func=<function mutual_info_classif at 0x147da6670>),11,,"{'balance': SMOTE(random_state=42), 'classify__C': 0.01, 'classify__max_iter': 100, 'classify__n_jobs': 2, 'classify__penalty': 'l2', 'classify__random_state': 42, 'classify__solver': 'lbfgs', 'classify__tol': 1e-06, 'impute': SimpleImputer(strategy='median'), 'select': SelectKBest(score_func=<function mutual_info_classif at 0x147da6670>), 'select__k': 11, 'transform': None}",,,,,,451,,,,,,451,,,,,,451
0.00014885266621907553,1.6556315943399795e-06,0.0,0.0,SMOTE(random_state=42),0.01,200,2,l2,42,lbfgs,1e-06,,SelectKBest(score_func=<function mutual_info_classif at 0x147da6670>),11,,"{'balance': SMOTE(random_state=42), 'classify__C': 0.01, 'classify__max_iter': 200, 'classify__n_jobs': 2, 'classify__penalty': 'l2', 'classify__random_state': 42, 'classify__solver': 'lbfgs', 'classify__tol': 1e-06, 'impute': None, 'select': SelectKBest(score_func=<function mutual_info_classif at 0x147da6670>), 'select__k': 11, 'transform': None}",,,,,,451,,,,,,451,,,,,,451
0.00015211105346679688,7.786718186642895e-07,0.0,0.0,SMOTE(random_state=42),0.01,100,2,l2,42,lbfgs,0.0001,,SelectKBest(score_func=<function mutual_info_classif at 0x147da6670>),5,,"{'balance': SMOTE(random_state=42), 'classify__C': 0.01, 'classify__max_iter': 100, 'classify__n_jobs': 2, 'classify__penalty': 'l2', 'classify__random_state': 42, 'classify__solver': 'lbfgs', 'classify__tol': 0.0001, 'impute': None, 'select': SelectKBest(score_func=<function mutual_info_classif at 0x147da6670>), 'select__k': 5, 'transform': None}",,,,,,451,,,,,,451,,,,,,451
0.0001579125722249349,6.356835287673066e-06,0.0,0.0,SMOTE(random_state=42),0.01,100,2,l2,42,lbfgs,0.0001,,SelectKBest(score_func=<function mutual_info_classif at 0x147da6670>),11,,"{'balance': SMOTE(random_state=42), 'classify__C': 0.01, 'classify__max_iter': 100, 'classify__n_jobs': 2, 'classify__penalty': 'l2', 'classify__random_state': 42, 'classify__solver': 'lbfgs', 'classify__tol': 0.0001, 'impute': None, 'select': SelectKBest(score_func=<function mutual_info_classif at 0x147da6670>), 'select__k': 11, 'transform': None}",,,,,,451,,,,,,451,,,,,,451
0.0002429485321044922,1.520405329840103e-06,0.0,0.0,SMOTE(random_state=42),0.01,100,2,l2,42,lbfgs,0.0001,SimpleImputer(strategy='median'),SelectKBest(score_func=<function mutual_info_classif at 0x147da6670>),5,,"{'balance': SMOTE(random_state=42), 'classify__C': 0.01, 'classify__max_iter': 100, 'classify__n_jobs': 2, 'classify__penalty': 'l2', 'classify__random_state': 42, 'classify__solver': 'lbfgs', 'classify__tol': 0.0001, 'impute': SimpleImputer(strategy='median'), 'select': SelectKBest(score_func=<function mutual_info_classif at 0x147da6670>), 'select__k': 5, 'transform': None}",,,,,,451,,,,,,451,,,,,,451
0.00024302800496419272,2.9156901562760897e-06,0.0,0.0,SMOTE(random_state=42),0.01,100,2,l2,42,lbfgs,0.0001,SimpleImputer(strategy='median'),SelectKBest(score_func=<function mutual_info_classif at 0x147da6670>),8,,"{'balance': SMOTE(random_state=42), 'classify__C': 0.01, 'classify__max_iter': 100, 'classify__n_jobs': 2, 'classify__penalty': 'l2', 'classify__random_state': 42, 'classify__solver': 'lbfgs', 'classify__tol': 0.0001, 'impute': SimpleImputer(strategy='median'), 'select': SelectKBest(score_func=<function mutual_info_classif at 0x147da6670>), 'select__k': 8, 'transform': None}",,,,,,451,,,,,,451,,,,,,451
0.0002510547637939453,1.4182732865781284e-05,0.0,0.0,SMOTE(random_state=42),0.01,100,2,l2,42,lbfgs,0.0001,SimpleImputer(strategy='median'),SelectKBest(score_func=<function mutual_info_classif at 0x147da6670>),11,,"{'balance': SMOTE(random_state=42), 'classify__C': 0.01, 'classify__max_iter': 100, 'classify__n_jobs': 2, 'classify__penalty': 'l2', 'classify__random_state': 42, 'classify__solver': 'lbfgs', 'classify__tol': 0.0001, 'impute': SimpleImputer(strategy='median'), 'select': SelectKBest(score_func=<function mutual_info_classif at 0x147da6670>), 'select__k': 11, 'transform': None}",,,,,,451,,,,,,451,,,,,,451
0.0001529852549235026,7.867411722033552e-07,0.0,0.0,SMOTE(random_state=42),0.01,200,2,l2,42,lbfgs,1e-08,,SelectKBest(score_func=<function mutual_info_classif at 0x147da6670>),5,,"{'balance': SMOTE(random_state=42), 'classify__C': 0.01, 'classify__max_iter': 200, 'classify__n_jobs': 2, 'classify__penalty': 'l2', 'classify__random_state': 42, 'classify__solver': 'lbfgs', 'classify__tol': 1e-08, 'impute': None, 'select': SelectKBest(score_func=<function mutual_info_classif at 0x147da6670>), 'select__k': 5, 'transform': None}",,,,,,451,,,,,,451,,,,,,451
0.0001605351765950521,1.379581089377653e-05,0.0,0.0,SMOTE(random_state=42),0.01,200,2,l2,42,lbfgs,1e-08,,SelectKBest(score_func=<function mutual_info_classif at 0x147da6670>),8,,"{'balance': SMOTE(random_state=42), 'classify__C': 0.01, 'classify__max_iter': 200, 'classify__n_jobs': 2, 'classify__penalty': 'l2', 'classify__random_state': 42, 'classify__solver': 'lbfgs', 'classify__tol': 1e-08, 'impute': None, 'select': SelectKBest(score_func=<function mutual_info_classif at 0x147da6670>), 'select__k': 8, 'transform': None}",,,,,,451,,,,,,451,,,,,,451
0.00015076001485188803,1.8399297241831186e-06,0.0,0.0,SMOTE(random_state=42),0.01,200,2,l2,42,lbfgs,1e-08,,SelectKBest(score_func=<function mutual_info_classif at 0x147da6670>),11,,"{'balance': SMOTE(random_state=42), 'classify__C': 0.01, 'classify__max_iter': 200, 'classify__n_jobs': 2, 'classify__penalty': 'l2', 'classify__random_state': 42, 'classify__solver': 'lbfgs', 'classify__tol': 1e-08, 'impute': None, 'select': SelectKBest(score_func=<function mutual_info_classif at 0x147da6670>), 'select__k': 11, 'transform': None}",,,,,,451,,,,,,451,,,,,,451
0.0002643267313639323,2.677114971135766e-05,0.0,0.0,SMOTE(random_state=42),0.01,200,2,l2,42,lbfgs,1e-08,SimpleImputer(strategy='median'),SelectKBest(score_func=<function mutual_info_classif at 0x147da6670>),5,,"{'balance': SMOTE(random_state=42), 'classify__C': 0.01, 'classify__max_iter': 200, 'classify__n_jobs': 2, 'classify__penalty': 'l2', 'classify__random_state': 42, 'classify__solver': 'lbfgs', 'classify__tol': 1e-08, 'impute': SimpleImputer(strategy='median'), 'select': SelectKBest(score_func=<function mutual_info_classif at 0x147da6670>), 'select__k': 5, 'transform': None}",,,,,,451,,,,,,451,,,,,,451
0.0002342859903971354,1.2961631163199815e-06,0.0,0.0,SMOTE(random_state=42),0.01,200,2,l2,42,lbfgs,1e-08,SimpleImputer(strategy='median'),SelectKBest(score_func=<function mutual_info_classif at 0x147da6670>),8,,"{'balance': SMOTE(random_state=42), 'classify__C': 0.01, 'classify__max_iter': 200, 'classify__n_jobs': 2, 'classify__penalty': 'l2', 'classify__random_state': 42, 'classify__solver': 'lbfgs', 'classify__tol': 1e-08, 'impute': SimpleImputer(strategy='median'), 'select': SelectKBest(score_func=<function mutual_info_classif at 0x147da6670>), 'select__k': 8, 'transform': None}",,,,,,451,,,,,,451,,,,,,451
0.00023468335469563803,4.052336624139774e-07,0.0,0.0,SMOTE(random_state=42),0.01,200,2,l2,42,lbfgs,1e-08,SimpleImputer(strategy='median'),SelectKBest(score_func=<function mutual_info_classif at 0x147da6670>),11,,"{'balance': SMOTE(random_state=42), 'classify__C': 0.01, 'classify__max_iter': 200, 'classify__n_jobs': 2, 'classify__penalty': 'l2', 'classify__random_state': 42, 'classify__solver': 'lbfgs', 'classify__tol': 1e-08, 'impute': SimpleImputer(strategy='median'), 'select': SelectKBest(score_func=<function mutual_info_classif at 0x147da6670>), 'select__k': 11, 'transform': None}",,,,,,451,,,,,,451,,,,,,451
0.00014821688334147135,5.619579801452537e-07,0.0,0.0,SMOTE(random_state=42),0.01,200,2,l2,42,lbfgs,1e-06,,SelectKBest(score_func=<function mutual_info_classif at 0x147da6670>),5,,"{'balance': SMOTE(random_state=42), 'classify__C': 0.01, 'classify__max_iter': 200, 'classify__n_jobs': 2, 'classify__penalty': 'l2', 'classify__random_state': 42, 'classify__solver': 'lbfgs', 'classify__tol': 1e-06, 'impute': None, 'select': SelectKBest(score_func=<function mutual_info_classif at 0x147da6670>), 'select__k': 5, 'transform': None}",,,,,,451,,,,,,451,,,,,,451
0.0001636346181233724,5.228323683229614e-06,0.0,0.0,SMOTE(random_state=42),0.01,100,2,l2,42,lbfgs,0.0001,,SelectKBest(score_func=<function mutual_info_classif at 0x147da6670>),8,,"{'balance': SMOTE(random_state=42), 'classify__C': 0.01, 'classify__max_iter': 100, 'classify__n_jobs': 2, 'classify__penalty': 'l2', 'classify__random_state': 42, 'classify__solver': 'lbfgs', 'classify__tol': 0.0001, 'impute': None, 'select': SelectKBest(score_func=<function mutual_info_classif at 0x147da6670>), 'select__k': 8, 'transform': None}",,,,,,451,,,,,,451,,,,,,451
0.00016991297403971353,2.1998627330795064e-05,0.0,0.0,SMOTE(random_state=42),0.01,1000,2,l2,42,lbfgs,1e-08,,SelectKBest(score_func=<function mutual_info_classif at 0x147da6670>),5,,"{'balance': SMOTE(random_state=42), 'classify__C': 0.01, 'classify__max_iter': 1000, 'classify__n_jobs': 2, 'classify__penalty': 'l2', 'classify__random_state': 42, 'classify__solver': 'lbfgs', 'classify__tol': 1e-08, 'impute': None, 'select': SelectKBest(score_func=<function mutual_info_classif at 0x147da6670>), 'select__k': 5, 'transform': None}",,,,,,451,,,,,,451,,,,,,451
0.00015505154927571615,2.9156901562760897e-06,0.0,0.0,SMOTE(random_state=42),0.01,1000,2,l2,42,lbfgs,1e-08,,SelectKBest(score_func=<function mutual_info_classif at 0x147da6670>),8,,"{'balance': SMOTE(random_state=42), 'classify__C': 0.01, 'classify__max_iter': 1000, 'classify__n_jobs': 2, 'classify__penalty': 'l2', 'classify__random_state': 42, 'classify__solver': 'lbfgs', 'classify__tol': 1e-08, 'impute': None, 'select': SelectKBest(score_func=<function mutual_info_classif at 0x147da6670>), 'select__k': 8, 'transform': None}",,,,,,451,,,,,,451,,,,,,451
0.00016196568806966147,1.413232147013234e-05,0.0,0.0,SMOTE(random_state=42),0.01,1000,2,l2,42,lbfgs,1e-08,,SelectKBest(score_func=<function mutual_info_classif at 0x147da6670>),11,,"{'balance': SMOTE(random_state=42), 'classify__C': 0.01, 'classify__max_iter': 1000, 'classify__n_jobs': 2, 'classify__penalty': 'l2', 'classify__random_state': 42, 'classify__solver': 'lbfgs', 'classify__tol': 1e-08, 'impute': None, 'select': SelectKBest(score_func=<function mutual_info_classif at 0x147da6670>), 'select__k': 11, 'transform': None}",,,,,,451,,,,,,451,,,,,,451
0.00014893213907877603,8.778064264605253e-07,0.0,0.0,SMOTE(random_state=42),0.01,2000,2,l2,42,lbfgs,0.0001,,SelectKBest(score_func=<function mutual_info_classif at 0x147da6670>),11,,"{'balance': SMOTE(random_state=42), 'classify__C': 0.01, 'classify__max_iter': 2000, 'classify__n_jobs': 2, 'classify__penalty': 'l2', 'classify__random_state': 42, 'classify__solver': 'lbfgs', 'classify__tol': 0.0001, 'impute': None, 'select': SelectKBest(score_func=<function mutual_info_classif at 0x147da6670>), 'select__k': 11, 'transform': None}",,,,,,451,,,,,,451,,,,,,451
0.0002369085947672526,1.1239159602905075e-07,0.0,0.0,SMOTE(random_state=42),0.01,2000,2,l2,42,lbfgs,0.0001,SimpleImputer(strategy='median'),SelectKBest(score_func=<function mutual_info_classif at 0x147da6670>),5,,"{'balance': SMOTE(random_state=42), 'classify__C': 0.01, 'classify__max_iter': 2000, 'classify__n_jobs': 2, 'classify__penalty': 'l2', 'classify__random_state': 42, 'classify__solver': 'lbfgs', 'classify__tol': 0.0001, 'impute': SimpleImputer(strategy='median'), 'select': SelectKBest(score_func=<function mutual_info_classif at 0x147da6670>), 'select__k': 5, 'transform': None}",,,,,,451,,,,,,451,,,,,,451
0.00023595492045084635,1.5854785715150837e-06,0.0,0.0,SMOTE(random_state=42),0.01,2000,2,l2,42,lbfgs,0.0001,SimpleImputer(strategy='median'),SelectKBest(score_func=<function mutual_info_classif at 0x147da6670>),8,,"{'balance': SMOTE(random_state=42), 'classify__C': 0.01, 'classify__max_iter': 2000, 'classify__n_jobs': 2, 'classify__penalty': 'l2', 'classify__random_state': 42, 'classify__solver': 'lbfgs', 'classify__tol': 0.0001, 'impute': SimpleImputer(strategy='median'), 'select': SelectKBest(score_func=<function mutual_info_classif at 0x147da6670>), 'select__k': 8, 'transform': None}",,,,,,451,,,,,,451,,,,,,451
0.00023976961771647135,2.570305129495657e-06,0.0,0.0,SMOTE(random_state=42),0.01,2000,2,l2,42,lbfgs,0.0001,SimpleImputer(strategy='median'),SelectKBest(score_func=<function mutual_info_classif at 0x147da6670>),11,,"{'balance': SMOTE(random_state=42), 'classify__C': 0.01, 'classify__max_iter': 2000, 'classify__n_jobs': 2, 'classify__penalty': 'l2', 'classify__random_state': 42, 'classify__solver': 'lbfgs', 'classify__tol': 0.0001, 'impute': SimpleImputer(strategy='median'), 'select': SelectKBest(score_func=<function mutual_info_classif at 0x147da6670>), 'select__k': 11, 'transform': None}",,,,,,451,,,,,,451,,,,,,451
0.00019160906473795572,4.7626593601606035e-05,0.0,0.0,SMOTE(random_state=42),0.1,100,2,l2,42,lbfgs,1e-08,,SelectKBest(score_func=<function mutual_info_classif at 0x147da6670>),5,,"{'balance': SMOTE(random_state=42), 'classify__C': 0.1, 'classify__max_iter': 100, 'classify__n_jobs': 2, 'classify__penalty': 'l2', 'classify__random_state': 42, 'classify__solver': 'lbfgs', 'classify__tol': 1e-08, 'impute': None, 'select': SelectKBest(score_func=<function mutual_info_classif at 0x147da6670>), 'select__k': 5, 'transform': None}",,,,,,451,,,,,,451,,,,,,451
0.00015401840209960938,7.786718186642895e-07,0.0,0.0,SMOTE(random_state=42),0.1,100,2,l2,42,lbfgs,1e-08,,SelectKBest(score_func=<function mutual_info_classif at 0x147da6670>),8,,"{'balance': SMOTE(random_state=42), 'classify__C': 0.1, 'classify__max_iter': 100, 'classify__n_jobs': 2, 'classify__penalty': 'l2', 'classify__random_state': 42, 'classify__solver': 'lbfgs', 'classify__tol': 1e-08, 'impute': None, 'select': SelectKBest(score_func=<function mutual_info_classif at 0x147da6670>), 'select__k': 8, 'transform': None}",,,,,,451,,,,,,451,,,,,,451
0.00015362103780110678,5.619579801452537e-07,0.0,0.0,SMOTE(random_state=42),0.1,100,2,l2,42,lbfgs,1e-08,,SelectKBest(score_func=<function mutual_info_classif at 0x147da6670>),11,,"{'balance': SMOTE(random_state=42), 'classify__C': 0.1, 'classify__max_iter': 100, 'classify__n_jobs': 2, 'classify__penalty': 'l2', 'classify__random_state': 42, 'classify__solver': 'lbfgs', 'classify__tol': 1e-08, 'impute': None, 'select': SelectKBest(score_func=<function mutual_info_classif at 0x147da6670>), 'select__k': 11, 'transform': None}",,,,,,451,,,,,,451,,,,,,451
0.0002493858337402344,5.408827313478328e-06,0.0,0.0,SMOTE(random_state=42),0.1,100,2,l2,42,lbfgs,1e-08,SimpleImputer(strategy='median'),SelectKBest(score_func=<function mutual_info_classif at 0x147da6670>),5,,"{'balance': SMOTE(random_state=42), 'classify__C': 0.1, 'classify__max_iter': 100, 'classify__n_jobs': 2, 'classify__penalty': 'l2', 'classify__random_state': 42, 'classify__solver': 'lbfgs', 'classify__tol': 1e-08, 'impute': SimpleImputer(strategy='median'), 'select': SelectKBest(score_func=<function mutual_info_classif at 0x147da6670>), 'select__k': 5, 'transform': None}",,,,,,451,,,,,,451,,,,,,451
0.00024469693501790363,1.2961631163199813e-06,0.0,0.0,SMOTE(random_state=42),0.1,100,2,l2,42,lbfgs,1e-08,SimpleImputer(strategy='median'),SelectKBest(score_func=<function mutual_info_classif at 0x147da6670>),8,,"{'balance': SMOTE(random_state=42), 'classify__C': 0.1, 'classify__max_iter': 100, 'classify__n_jobs': 2, 'classify__penalty': 'l2', 'classify__random_state': 42, 'classify__solver': 'lbfgs', 'classify__tol': 1e-08, 'impute': SimpleImputer(strategy='median'), 'select': SelectKBest(score_func=<function mutual_info_classif at 0x147da6670>), 'select__k': 8, 'transform': None}",,,,,,451,,,,,,451,,,,,,451
0.0002434253692626953,5.150429962800233e-07,0.0,0.0,SMOTE(random_state=42),0.1,100,2,l2,42,lbfgs,1e-08,SimpleImputer(strategy='median'),SelectKBest(score_func=<function mutual_info_classif at 0x147da6670>),11,,"{'balance': SMOTE(random_state=42), 'classify__C': 0.1, 'classify__max_iter': 100, 'classify__n_jobs': 2, 'classify__penalty': 'l2', 'classify__random_state': 42, 'classify__solver': 'lbfgs', 'classify__tol': 1e-08, 'impute': SimpleImputer(strategy='median'), 'select': SelectKBest(score_func=<function mutual_info_classif at 0x147da6670>), 'select__k': 11, 'transform': None}",,,,,,451,,,,,,451,,,,,,451
0.0001583099365234375,8.275105553464967e-06,0.0,0.0,SMOTE(random_state=42),0.1,100,2,l2,42,lbfgs,1e-06,,SelectKBest(score_func=<function mutual_info_classif at 0x147da6670>),5,,"{'balance': SMOTE(random_state=42), 'classify__C': 0.1, 'classify__max_iter': 100, 'classify__n_jobs': 2, 'classify__penalty': 'l2', 'classify__random_state': 42, 'classify__solver': 'lbfgs', 'classify__tol': 1e-06, 'impute': None, 'select': SelectKBest(score_func=<function mutual_info_classif at 0x147da6670>), 'select__k': 5, 'transform': None}",,,,,,451,,,,,,451,,,,,,451
0.00015266736348470053,4.512491088415269e-06,0.0,0.0,SMOTE(random_state=42),0.01,2000,2,l2,42,lbfgs,0.0001,,SelectKBest(score_func=<function mutual_info_classif at 0x147da6670>),8,,"{'balance': SMOTE(random_state=42), 'classify__C': 0.01, 'classify__max_iter': 2000, 'classify__n_jobs': 2, 'classify__penalty': 'l2', 'classify__random_state': 42, 'classify__solver': 'lbfgs', 'classify__tol': 0.0001, 'impute': None, 'select': SelectKBest(score_func=<function mutual_info_classif at 0x147da6670>), 'select__k': 8, 'transform': None}",,,,,,451,,,,,,451,,,,,,451
0.00015266736348470053,1.1069288474070324e-06,0.0,0.0,SMOTE(random_state=42),0.1,100,2,l2,42,lbfgs,1e-06,,SelectKBest(score_func=<function mutual_info_classif at 0x147da6670>),8,,"{'balance': SMOTE(random_state=42), 'classify__C': 0.1, 'classify__max_iter': 100, 'classify__n_jobs': 2, 'classify__penalty': 'l2', 'classify__random_state': 42, 'classify__solver': 'lbfgs', 'classify__tol': 1e-06, 'impute': None, 'select': SelectKBest(score_func=<function mutual_info_classif at 0x147da6670>), 'select__k': 8, 'transform': None}",,,,,,451,,,,,,451,,,,,,451
0.00024501482645670575,8.778064264605254e-07,0.0,0.0,SMOTE(random_state=42),0.1,100,2,l2,42,lbfgs,1e-06,SimpleImputer(strategy='median'),SelectKBest(score_func=<function mutual_info_classif at 0x147da6670>),5,,"{'balance': SMOTE(random_state=42), 'classify__C': 0.1, 'classify__max_iter': 100, 'classify__n_jobs': 2, 'classify__penalty': 'l2', 'classify__random_state': 42, 'classify__solver': 'lbfgs', 'classify__tol': 1e-06, 'impute': SimpleImputer(strategy='median'), 'select': SelectKBest(score_func=<function mutual_info_classif at 0x147da6670>), 'select__k': 5, 'transform': None}",,,,,,451,,,,,,451,,,,,,451
0.00025963783264160156,2.14161294117675e-05,0.0,0.0,SMOTE(random_state=42),0.1,100,2,l2,42,lbfgs,1e-06,SimpleImputer(strategy='median'),SelectKBest(score_func=<function mutual_info_classif at 0x147da6670>),8,,"{'balance': SMOTE(random_state=42), 'classify__C': 0.1, 'classify__max_iter': 100, 'classify__n_jobs': 2, 'classify__penalty': 'l2', 'classify__random_state': 42, 'classify__solver': 'lbfgs', 'classify__tol': 1e-06, 'impute': SimpleImputer(strategy='median'), 'select': SelectKBest(score_func=<function mutual_info_classif at 0x147da6670>), 'select__k': 8, 'transform': None}",,,,,,451,,,,,,451,,,,,,451
0.00025161107381184894,1.0929757669029196e-05,0.0,0.0,SMOTE(random_state=42),0.1,100,2,l2,42,lbfgs,1e-06,SimpleImputer(strategy='median'),SelectKBest(score_func=<function mutual_info_classif at 0x147da6670>),11,,"{'balance': SMOTE(random_state=42), 'classify__C': 0.1, 'classify__max_iter': 100, 'classify__n_jobs': 2, 'classify__penalty': 'l2', 'classify__random_state': 42, 'classify__solver': 'lbfgs', 'classify__tol': 1e-06, 'impute': SimpleImputer(strategy='median'), 'select': SelectKBest(score_func=<function mutual_info_classif at 0x147da6670>), 'select__k': 11, 'transform': None}",,,,,,451,,,,,,451,,,,,,451
0.0001522699991861979,1.1734027115689436e-06,0.0,0.0,SMOTE(random_state=42),0.1,100,2,l2,42,lbfgs,0.0001,,SelectKBest(score_func=<function mutual_info_classif at 0x147da6670>),5,,"{'balance': SMOTE(random_state=42), 'classify__C': 0.1, 'classify__max_iter': 100, 'classify__n_jobs': 2, 'classify__penalty': 'l2', 'classify__random_state': 42, 'classify__solver': 'lbfgs', 'classify__tol': 0.0001, 'impute': None, 'select': SelectKBest(score_func=<function mutual_info_classif at 0x147da6670>), 'select__k': 5, 'transform': None}",,,,,,451,,,,,,451,,,,,,451
0.000152587890625,2.0323931141764992e-06,0.0,0.0,SMOTE(random_state=42),0.1,100,2,l2,42,lbfgs,0.0001,,SelectKBest(score_func=<function mutual_info_classif at 0x147da6670>),8,,"{'balance': SMOTE(random_state=42), 'classify__C': 0.1, 'classify__max_iter': 100, 'classify__n_jobs': 2, 'classify__penalty': 'l2', 'classify__random_state': 42, 'classify__solver': 'lbfgs', 'classify__tol': 0.0001, 'impute': None, 'select': SelectKBest(score_func=<function mutual_info_classif at 0x147da6670>), 'select__k': 8, 'transform': None}",,,,,,451,,,,,,451,,,,,,451
0.0001529057820638021,7.867411722033552e-07,0.0,0.0,SMOTE(random_state=42),0.1,100,2,l2,42,lbfgs,0.0001,,SelectKBest(score_func=<function mutual_info_classif at 0x147da6670>),11,,"{'balance': SMOTE(random_state=42), 'classify__C': 0.1, 'classify__max_iter': 100, 'classify__n_jobs': 2, 'classify__penalty': 'l2', 'classify__random_state': 42, 'classify__solver': 'lbfgs', 'classify__tol': 0.0001, 'impute': None, 'select': SelectKBest(score_func=<function mutual_info_classif at 0x147da6670>), 'select__k': 11, 'transform': None}",,,,,,451,,,,,,451,,,,,,451
0.0002606709798177083,2.6412025066826924e-05,0.0,0.0,SMOTE(random_state=42),0.1,100,2,l2,42,lbfgs,0.0001,SimpleImputer(strategy='median'),SelectKBest(score_func=<function mutual_info_classif at 0x147da6670>),5,,"{'balance': SMOTE(random_state=42), 'classify__C': 0.1, 'classify__max_iter': 100, 'classify__n_jobs': 2, 'classify__penalty': 'l2', 'classify__random_state': 42, 'classify__solver': 'lbfgs', 'classify__tol': 0.0001, 'impute': SimpleImputer(strategy='median'), 'select': SelectKBest(score_func=<function mutual_info_classif at 0x147da6670>), 'select__k': 5, 'transform': None}",,,,,,451,,,,,,451,,,,,,451
0.0002632935841878255,1.674295308718833e-05,0.0,0.0,SMOTE(random_state=42),0.1,100,2,l2,42,lbfgs,0.0001,SimpleImputer(strategy='median'),SelectKBest(score_func=<function mutual_info_classif at 0x147da6670>),8,,"{'balance': SMOTE(random_state=42), 'classify__C': 0.1, 'classify__max_iter': 100, 'classify__n_jobs': 2, 'classify__penalty': 'l2', 'classify__random_state': 42, 'classify__solver': 'lbfgs', 'classify__tol': 0.0001, 'impute': SimpleImputer(strategy='median'), 'select': SelectKBest(score_func=<function mutual_info_classif at 0x147da6670>), 'select__k': 8, 'transform': None}",,,,,,451,,,,,,451,,,,,,451
0.00025089581807454425,8.535103938314985e-06,0.0,0.0,SMOTE(random_state=42),0.1,100,2,l2,42,lbfgs,0.0001,SimpleImputer(strategy='median'),SelectKBest(score_func=<function mutual_info_classif at 0x147da6670>),11,,"{'balance': SMOTE(random_state=42), 'classify__C': 0.1, 'classify__max_iter': 100, 'classify__n_jobs': 2, 'classify__penalty': 'l2', 'classify__random_state': 42, 'classify__solver': 'lbfgs', 'classify__tol': 0.0001, 'impute': SimpleImputer(strategy='median'), 'select': SelectKBest(score_func=<function mutual_info_classif at 0x147da6670>), 'select__k': 11, 'transform': None}",,,,,,451,,,,,,451,,,,,,451
0.00015997886657714844,3.3093552293232305e-06,0.0,0.0,SMOTE(random_state=42),0.1,200,2,l2,42,lbfgs,1e-08,,SelectKBest(score_func=<function mutual_info_classif at 0x147da6670>),5,,"{'balance': SMOTE(random_state=42), 'classify__C': 0.1, 'classify__max_iter': 200, 'classify__n_jobs': 2, 'classify__penalty': 'l2', 'classify__random_state': 42, 'classify__solver': 'lbfgs', 'classify__tol': 1e-08, 'impute': None, 'select': SelectKBest(score_func=<function mutual_info_classif at 0x147da6670>), 'select__k': 5, 'transform': None}",,,,,,451,,,,,,451,,,,,,451
0.00015743573506673178,1.1894408501860113e-06,0.0,0.0,SMOTE(random_state=42),0.1,200,2,l2,42,lbfgs,1e-08,,SelectKBest(score_func=<function mutual_info_classif at 0x147da6670>),8,,"{'balance': SMOTE(random_state=42), 'classify__C': 0.1, 'classify__max_iter': 200, 'classify__n_jobs': 2, 'classify__penalty': 'l2', 'classify__random_state': 42, 'classify__solver': 'lbfgs', 'classify__tol': 1e-08, 'impute': None, 'select': SelectKBest(score_func=<function mutual_info_classif at 0x147da6670>), 'select__k': 8, 'transform': None}",,,,,,451,,,,,,451,,,,,,451
0.00015393892923990885,8.778064264605253e-07,0.0,0.0,SMOTE(random_state=42),1.0,500,2,l2,42,lbfgs,1e-06,,SelectKBest(score_func=<function mutual_info_classif at 0x147da6670>),5,,"{'balance': SMOTE(random_state=42), 'classify__C': 1.0, 'classify__max_iter': 500, 'classify__n_jobs': 2, 'classify__penalty': 'l2', 'classify__random_state': 42, 'classify__solver': 'lbfgs', 'classify__tol': 1e-06, 'impute': None, 'select': SelectKBest(score_func=<function mutual_info_classif at 0x147da6670>), 'select__k': 5, 'transform': None}",,,,,,451,,,,,,451,,,,,,451
0.00014940897623697916,1.2961631163199813e-06,0.0,0.0,SMOTE(random_state=42),0.01,2000,2,l2,42,lbfgs,0.0001,,SelectKBest(score_func=<function mutual_info_classif at 0x147da6670>),5,,"{'balance': SMOTE(random_state=42), 'classify__C': 0.01, 'classify__max_iter': 2000, 'classify__n_jobs': 2, 'classify__penalty': 'l2', 'classify__random_state': 42, 'classify__solver': 'lbfgs', 'classify__tol': 0.0001, 'impute': None, 'select': SelectKBest(score_func=<function mutual_info_classif at 0x147da6670>), 'select__k': 5, 'transform': None}",,,,,,451,,,,,,451,,,,,,451
0.00023667017618815103,1.1894408501860113e-06,0.0,0.0,SMOTE(random_state=42),0.01,2000,2,l2,42,lbfgs,1e-06,SimpleImputer(strategy='median'),SelectKBest(score_func=<function mutual_info_classif at 0x147da6670>),11,,"{'balance': SMOTE(random_state=42), 'classify__C': 0.01, 'classify__max_iter': 2000, 'classify__n_jobs': 2, 'classify__penalty': 'l2', 'classify__random_state': 42, 'classify__solver': 'lbfgs', 'classify__tol': 1e-06, 'impute': SimpleImputer(strategy='median'), 'select': SelectKBest(score_func=<function mutual_info_classif at 0x147da6670>), 'select__k': 11, 'transform': None}",,,,,,451,,,,,,451,,,,,,451
0.00023865699768066406,1.9756639631042564e-06,0.0,0.0,SMOTE(random_state=42),0.01,2000,2,l2,42,lbfgs,1e-06,SimpleImputer(strategy='median'),SelectKBest(score_func=<function mutual_info_classif at 0x147da6670>),8,,"{'balance': SMOTE(random_state=42), 'classify__C': 0.01, 'classify__max_iter': 2000, 'classify__n_jobs': 2, 'classify__penalty': 'l2', 'classify__random_state': 42, 'classify__solver': 'lbfgs', 'classify__tol': 1e-06, 'impute': SimpleImputer(strategy='median'), 'select': SelectKBest(score_func=<function mutual_info_classif at 0x147da6670>), 'select__k': 8, 'transform': None}",,,,,,451,,,,,,451,,,,,,451
0.0002419153849283854,2.099648287077412e-06,0.0,0.0,SMOTE(random_state=42),0.01,1000,2,l2,42,lbfgs,1e-08,SimpleImputer(strategy='median'),SelectKBest(score_func=<function mutual_info_classif at 0x147da6670>),5,,"{'balance': SMOTE(random_state=42), 'classify__C': 0.01, 'classify__max_iter': 1000, 'classify__n_jobs': 2, 'classify__penalty': 'l2', 'classify__random_state': 42, 'classify__solver': 'lbfgs', 'classify__tol': 1e-08, 'impute': SimpleImputer(strategy='median'), 'select': SelectKBest(score_func=<function mutual_info_classif at 0x147da6670>), 'select__k': 5, 'transform': None}",,,,,,451,,,,,,451,,,,,,451
0.00025002161661783856,7.953641257729087e-06,0.0,0.0,SMOTE(random_state=42),0.01,1000,2,l2,42,lbfgs,1e-08,SimpleImputer(strategy='median'),SelectKBest(score_func=<function mutual_info_classif at 0x147da6670>),8,,"{'balance': SMOTE(random_state=42), 'classify__C': 0.01, 'classify__max_iter': 1000, 'classify__n_jobs': 2, 'classify__penalty': 'l2', 'classify__random_state': 42, 'classify__solver': 'lbfgs', 'classify__tol': 1e-08, 'impute': SimpleImputer(strategy='median'), 'select': SelectKBest(score_func=<function mutual_info_classif at 0x147da6670>), 'select__k': 8, 'transform': None}",,,,,,451,,,,,,451,,,,,,451
0.00024588902791341144,7.867411722033553e-07,0.0,0.0,SMOTE(random_state=42),0.01,1000,2,l2,42,lbfgs,1e-08,SimpleImputer(strategy='median'),SelectKBest(score_func=<function mutual_info_classif at 0x147da6670>),11,,"{'balance': SMOTE(random_state=42), 'classify__C': 0.01, 'classify__max_iter': 1000, 'classify__n_jobs': 2, 'classify__penalty': 'l2', 'classify__random_state': 42, 'classify__solver': 'lbfgs', 'classify__tol': 1e-08, 'impute': SimpleImputer(strategy='median'), 'select': SelectKBest(score_func=<function mutual_info_classif at 0x147da6670>), 'select__k': 11, 'transform': None}",,,,,,451,,,,,,451,,,,,,451
0.0001548131306966146,4.052336624139774e-07,0.0,0.0,SMOTE(random_state=42),0.01,1000,2,l2,42,lbfgs,1e-06,,SelectKBest(score_func=<function mutual_info_classif at 0x147da6670>),5,,"{'balance': SMOTE(random_state=42), 'classify__C': 0.01, 'classify__max_iter': 1000, 'classify__n_jobs': 2, 'classify__penalty': 'l2', 'classify__random_state': 42, 'classify__solver': 'lbfgs', 'classify__tol': 1e-06, 'impute': None, 'select': SelectKBest(score_func=<function mutual_info_classif at 0x147da6670>), 'select__k': 5, 'transform': None}",,,,,,451,,,,,,451,,,,,,451
0.00015393892923990885,1.1239159602905075e-07,0.0,0.0,SMOTE(random_state=42),0.01,1000,2,l2,42,lbfgs,1e-06,,SelectKBest(score_func=<function mutual_info_classif at 0x147da6670>),8,,"{'balance': SMOTE(random_state=42), 'classify__C': 0.01, 'classify__max_iter': 1000, 'classify__n_jobs': 2, 'classify__penalty': 'l2', 'classify__random_state': 42, 'classify__solver': 'lbfgs', 'classify__tol': 1e-06, 'impute': None, 'select': SelectKBest(score_func=<function mutual_info_classif at 0x147da6670>), 'select__k': 8, 'transform': None}",,,,,,451,,,,,,451,,,,,,451
0.00015338261922200522,4.49566384116203e-07,0.0,0.0,SMOTE(random_state=42),0.01,1000,2,l2,42,lbfgs,1e-06,,SelectKBest(score_func=<function mutual_info_classif at 0x147da6670>),11,,"{'balance': SMOTE(random_state=42), 'classify__C': 0.01, 'classify__max_iter': 1000, 'classify__n_jobs': 2, 'classify__penalty': 'l2', 'classify__random_state': 42, 'classify__solver': 'lbfgs', 'classify__tol': 1e-06, 'impute': None, 'select': SelectKBest(score_func=<function mutual_info_classif at 0x147da6670>), 'select__k': 11, 'transform': None}",,,,,,451,,,,,,451,,,,,,451
0.0002456506093343099,1.7007934696700331e-06,0.0,0.0,SMOTE(random_state=42),0.01,1000,2,l2,42,lbfgs,1e-06,SimpleImputer(strategy='median'),SelectKBest(score_func=<function mutual_info_classif at 0x147da6670>),5,,"{'balance': SMOTE(random_state=42), 'classify__C': 0.01, 'classify__max_iter': 1000, 'classify__n_jobs': 2, 'classify__penalty': 'l2', 'classify__random_state': 42, 'classify__solver': 'lbfgs', 'classify__tol': 1e-06, 'impute': SimpleImputer(strategy='median'), 'select': SelectKBest(score_func=<function mutual_info_classif at 0x147da6670>), 'select__k': 5, 'transform': None}",,,,,,451,,,,,,451,,,,,,451
0.00024549166361490887,2.2478319205810147e-06,0.0,0.0,SMOTE(random_state=42),0.01,1000,2,l2,42,lbfgs,1e-06,SimpleImputer(strategy='median'),SelectKBest(score_func=<function mutual_info_classif at 0x147da6670>),8,,"{'balance': SMOTE(random_state=42), 'classify__C': 0.01, 'classify__max_iter': 1000, 'classify__n_jobs': 2, 'classify__penalty': 'l2', 'classify__random_state': 42, 'classify__solver': 'lbfgs', 'classify__tol': 1e-06, 'impute': SimpleImputer(strategy='median'), 'select': SelectKBest(score_func=<function mutual_info_classif at 0x147da6670>), 'select__k': 8, 'transform': None}",,,,,,451,,,,,,451,,,,,,451
0.00027362505594889325,2.8700377467492304e-05,0.0,0.0,SMOTE(random_state=42),0.01,1000,2,l2,42,lbfgs,1e-06,SimpleImputer(strategy='median'),SelectKBest(score_func=<function mutual_info_classif at 0x147da6670>),11,,"{'balance': SMOTE(random_state=42), 'classify__C': 0.01, 'classify__max_iter': 1000, 'classify__n_jobs': 2, 'classify__penalty': 'l2', 'classify__random_state': 42, 'classify__solver': 'lbfgs', 'classify__tol': 1e-06, 'impute': SimpleImputer(strategy='median'), 'select': SelectKBest(score_func=<function mutual_info_classif at 0x147da6670>), 'select__k': 11, 'transform': None}",,,,,,451,,,,,,451,,,,,,451
0.00018564860026041666,2.1335761765360255e-05,0.0,0.0,SMOTE(random_state=42),0.01,1000,2,l2,42,lbfgs,0.0001,,SelectKBest(score_func=<function mutual_info_classif at 0x147da6670>),5,,"{'balance': SMOTE(random_state=42), 'classify__C': 0.01, 'classify__max_iter': 1000, 'classify__n_jobs': 2, 'classify__penalty': 'l2', 'classify__random_state': 42, 'classify__solver': 'lbfgs', 'classify__tol': 0.0001, 'impute': None, 'select': SelectKBest(score_func=<function mutual_info_classif at 0x147da6670>), 'select__k': 5, 'transform': None}",,,,,,451,,,,,,451,,,,,,451
0.00016395250956217447,6.733185316713694e-06,0.0,0.0,SMOTE(random_state=42),0.01,1000,2,l2,42,lbfgs,0.0001,,SelectKBest(score_func=<function mutual_info_classif at 0x147da6670>),8,,"{'balance': SMOTE(random_state=42), 'classify__C': 0.01, 'classify__max_iter': 1000, 'classify__n_jobs': 2, 'classify__penalty': 'l2', 'classify__random_state': 42, 'classify__solver': 'lbfgs', 'classify__tol': 0.0001, 'impute': None, 'select': SelectKBest(score_func=<function mutual_info_classif at 0x147da6670>), 'select__k': 8, 'transform': None}",,,,,,451,,,,,,451,,,,,,451
0.00015234947204589844,5.150429962800233e-07,0.0,0.0,SMOTE(random_state=42),0.01,1000,2,l2,42,lbfgs,0.0001,,SelectKBest(score_func=<function mutual_info_classif at 0x147da6670>),11,,"{'balance': SMOTE(random_state=42), 'classify__C': 0.01, 'classify__max_iter': 1000, 'classify__n_jobs': 2, 'classify__penalty': 'l2', 'classify__random_state': 42, 'classify__solver': 'lbfgs', 'classify__tol': 0.0001, 'impute': None, 'select': SelectKBest(score_func=<function mutual_info_classif at 0x147da6670>), 'select__k': 11, 'transform': None}",,,,,,451,,,,,,451,,,,,,451
0.0002485911051432292,6.858650528714313e-06,0.0,0.0,SMOTE(random_state=42),0.01,1000,2,l2,42,lbfgs,0.0001,SimpleImputer(strategy='median'),SelectKBest(score_func=<function mutual_info_classif at 0x147da6670>),5,,"{'balance': SMOTE(random_state=42), 'classify__C': 0.01, 'classify__max_iter': 1000, 'classify__n_jobs': 2, 'classify__penalty': 'l2', 'classify__random_state': 42, 'classify__solver': 'lbfgs', 'classify__tol': 0.0001, 'impute': SimpleImputer(strategy='median'), 'select': SelectKBest(score_func=<function mutual_info_classif at 0x147da6670>), 'select__k': 5, 'transform': None}",,,,,,451,,,,,,451,,,,,,451
0.00024326642354329428,4.49566384116203e-07,0.0,0.0,SMOTE(random_state=42),0.01,1000,2,l2,42,lbfgs,0.0001,SimpleImputer(strategy='median'),SelectKBest(score_func=<function mutual_info_classif at 0x147da6670>),8,,"{'balance': SMOTE(random_state=42), 'classify__C': 0.01, 'classify__max_iter': 1000, 'classify__n_jobs': 2, 'classify__penalty': 'l2', 'classify__random_state': 42, 'classify__solver': 'lbfgs', 'classify__tol': 0.0001, 'impute': SimpleImputer(strategy='median'), 'select': SelectKBest(score_func=<function mutual_info_classif at 0x147da6670>), 'select__k': 8, 'transform': None}",,,,,,451,,,,,,451,,,,,,451
0.00024501482645670575,4.103447800771582e-06,0.0,0.0,SMOTE(random_state=42),0.01,1000,2,l2,42,lbfgs,0.0001,SimpleImputer(strategy='median'),SelectKBest(score_func=<function mutual_info_classif at 0x147da6670>),11,,"{'balance': SMOTE(random_state=42), 'classify__C': 0.01, 'classify__max_iter': 1000, 'classify__n_jobs': 2, 'classify__penalty': 'l2', 'classify__random_state': 42, 'classify__solver': 'lbfgs', 'classify__tol': 0.0001, 'impute': SimpleImputer(strategy='median'), 'select': SelectKBest(score_func=<function mutual_info_classif at 0x147da6670>), 'select__k': 11, 'transform': None}",,,,,,451,,,,,,451,,,,,,451
0.0001579125722249349,7.105602565529223e-06,0.0,0.0,SMOTE(random_state=42),0.01,2000,2,l2,42,lbfgs,1e-08,,SelectKBest(score_func=<function mutual_info_classif at 0x147da6670>),5,,"{'balance': SMOTE(random_state=42), 'classify__C': 0.01, 'classify__max_iter': 2000, 'classify__n_jobs': 2, 'classify__penalty': 'l2', 'classify__random_state': 42, 'classify__solver': 'lbfgs', 'classify__tol': 1e-08, 'impute': None, 'select': SelectKBest(score_func=<function mutual_info_classif at 0x147da6670>), 'select__k': 5, 'transform': None}",,,,,,451,,,,,,451,,,,,,451
0.00017491976420084635,3.19215876542772e-05,0.0,0.0,SMOTE(random_state=42),0.01,2000,2,l2,42,lbfgs,1e-08,,SelectKBest(score_func=<function mutual_info_classif at 0x147da6670>),8,,"{'balance': SMOTE(random_state=42), 'classify__C': 0.01, 'classify__max_iter': 2000, 'classify__n_jobs': 2, 'classify__penalty': 'l2', 'classify__random_state': 42, 'classify__solver': 'lbfgs', 'classify__tol': 1e-08, 'impute': None, 'select': SelectKBest(score_func=<function mutual_info_classif at 0x147da6670>), 'select__k': 8, 'transform': None}",,,,,,451,,,,,,451,,,,,,451
0.00014925003051757812,5.150429962800233e-07,0.0,0.0,SMOTE(random_state=42),0.01,2000,2,l2,42,lbfgs,1e-08,,SelectKBest(score_func=<function mutual_info_classif at 0x147da6670>),11,,"{'balance': SMOTE(random_state=42), 'classify__C': 0.01, 'classify__max_iter': 2000, 'classify__n_jobs': 2, 'classify__penalty': 'l2', 'classify__random_state': 42, 'classify__solver': 'lbfgs', 'classify__tol': 1e-08, 'impute': None, 'select': SelectKBest(score_func=<function mutual_info_classif at 0x147da6670>), 'select__k': 11, 'transform': None}",,,,,,451,,,,,,451,,,,,,451
0.00024120012919108072,4.052336624139774e-07,0.0,0.0,SMOTE(random_state=42),0.01,2000,2,l2,42,lbfgs,1e-08,SimpleImputer(strategy='median'),SelectKBest(score_func=<function mutual_info_classif at 0x147da6670>),5,,"{'balance': SMOTE(random_state=42), 'classify__C': 0.01, 'classify__max_iter': 2000, 'classify__n_jobs': 2, 'classify__penalty': 'l2', 'classify__random_state': 42, 'classify__solver': 'lbfgs', 'classify__tol': 1e-08, 'impute': SimpleImputer(strategy='median'), 'select': SelectKBest(score_func=<function mutual_info_classif at 0x147da6670>), 'select__k': 5, 'transform': None}",,,,,,451,,,,,,451,,,,,,451
0.00023754437764485678,1.1734027115689436e-06,0.0,0.0,SMOTE(random_state=42),0.01,2000,2,l2,42,lbfgs,1e-08,SimpleImputer(strategy='median'),SelectKBest(score_func=<function mutual_info_classif at 0x147da6670>),8,,"{'balance': SMOTE(random_state=42), 'classify__C': 0.01, 'classify__max_iter': 2000, 'classify__n_jobs': 2, 'classify__penalty': 'l2', 'classify__random_state': 42, 'classify__solver': 'lbfgs', 'classify__tol': 1e-08, 'impute': SimpleImputer(strategy='median'), 'select': SelectKBest(score_func=<function mutual_info_classif at 0x147da6670>), 'select__k': 8, 'transform': None}",,,,,,451,,,,,,451,,,,,,451
0.00023746490478515625,1.7302466278932287e-06,0.0,0.0,SMOTE(random_state=42),0.01,2000,2,l2,42,lbfgs,1e-08,SimpleImputer(strategy='median'),SelectKBest(score_func=<function mutual_info_classif at 0x147da6670>),11,,"{'balance': SMOTE(random_state=42), 'classify__C': 0.01, 'classify__max_iter': 2000, 'classify__n_jobs': 2, 'classify__penalty': 'l2', 'classify__random_state': 42, 'classify__solver': 'lbfgs', 'classify__tol': 1e-08, 'impute': SimpleImputer(strategy='median'), 'select': SelectKBest(score_func=<function mutual_info_classif at 0x147da6670>), 'select__k': 11, 'transform': None}",,,,,,451,,,,,,451,,,,,,451
0.00015012423197428385,1.1239159602905075e-07,0.0,0.0,SMOTE(random_state=42),0.01,2000,2,l2,42,lbfgs,1e-06,,SelectKBest(score_func=<function mutual_info_classif at 0x147da6670>),5,,"{'balance': SMOTE(random_state=42), 'classify__C': 0.01, 'classify__max_iter': 2000, 'classify__n_jobs': 2, 'classify__penalty': 'l2', 'classify__random_state': 42, 'classify__solver': 'lbfgs', 'classify__tol': 1e-06, 'impute': None, 'select': SelectKBest(score_func=<function mutual_info_classif at 0x147da6670>), 'select__k': 5, 'transform': None}",,,,,,451,,,,,,451,,,,,,451
0.00015004475911458334,1.1239159602905075e-07,0.0,0.0,SMOTE(random_state=42),0.01,2000,2,l2,42,lbfgs,1e-06,,SelectKBest(score_func=<function mutual_info_classif at 0x147da6670>),8,,"{'balance': SMOTE(random_state=42), 'classify__C': 0.01, 'classify__max_iter': 2000, 'classify__n_jobs': 2, 'classify__penalty': 'l2', 'classify__random_state': 42, 'classify__solver': 'lbfgs', 'classify__tol': 1e-06, 'impute': None, 'select': SelectKBest(score_func=<function mutual_info_classif at 0x147da6670>), 'select__k': 8, 'transform': None}",,,,,,451,,,,,,451,,,,,,451
0.00015044212341308594,5.150429962800233e-07,0.0,0.0,SMOTE(random_state=42),0.01,2000,2,l2,42,lbfgs,1e-06,,SelectKBest(score_func=<function mutual_info_classif at 0x147da6670>),11,,"{'balance': SMOTE(random_state=42), 'classify__C': 0.01, 'classify__max_iter': 2000, 'classify__n_jobs': 2, 'classify__penalty': 'l2', 'classify__random_state': 42, 'classify__solver': 'lbfgs', 'classify__tol': 1e-06, 'impute': None, 'select': SelectKBest(score_func=<function mutual_info_classif at 0x147da6670>), 'select__k': 11, 'transform': None}",,,,,,451,,,,,,451,,,,,,451
0.00024366378784179688,2.725351365325013e-06,0.0,0.0,SMOTE(random_state=42),0.01,2000,2,l2,42,lbfgs,1e-06,SimpleImputer(strategy='median'),SelectKBest(score_func=<function mutual_info_classif at 0x147da6670>),5,,"{'balance': SMOTE(random_state=42), 'classify__C': 0.01, 'classify__max_iter': 2000, 'classify__n_jobs': 2, 'classify__penalty': 'l2', 'classify__random_state': 42, 'classify__solver': 'lbfgs', 'classify__tol': 1e-06, 'impute': SimpleImputer(strategy='median'), 'select': SelectKBest(score_func=<function mutual_info_classif at 0x147da6670>), 'select__k': 5, 'transform': None}",,,,,,451,,,,,,451,,,,,,451
0.00025343894958496094,5.408827313478328e-06,0.0,0.0,SMOTE(random_state=42),0.1,200,2,l2,42,lbfgs,1e-08,SimpleImputer(strategy='median'),SelectKBest(score_func=<function mutual_info_classif at 0x147da6670>),5,,"{'balance': SMOTE(random_state=42), 'classify__C': 0.1, 'classify__max_iter': 200, 'classify__n_jobs': 2, 'classify__penalty': 'l2', 'classify__random_state': 42, 'classify__solver': 'lbfgs', 'classify__tol': 1e-08, 'impute': SimpleImputer(strategy='median'), 'select': SelectKBest(score_func=<function mutual_info_classif at 0x147da6670>), 'select__k': 5, 'transform': None}",,,,,,451,,,,,,451,,,,,,451
0.00015242894490559897,4.49566384116203e-07,0.0,0.0,SMOTE(random_state=42),1.0,500,2,l2,42,lbfgs,1e-06,,SelectKBest(score_func=<function mutual_info_classif at 0x147da6670>),8,,"{'balance': SMOTE(random_state=42), 'classify__C': 1.0, 'classify__max_iter': 500, 'classify__n_jobs': 2, 'classify__penalty': 'l2', 'classify__random_state': 42, 'classify__solver': 'lbfgs', 'classify__tol': 1e-06, 'impute': None, 'select': SelectKBest(score_func=<function mutual_info_classif at 0x147da6670>), 'select__k': 8, 'transform': None}",,,,,,451,,,,,,451,,,,,,451
0.00024127960205078125,5.150429962800233e-07,0.0,0.0,SMOTE(random_state=42),1.0,1000,2,l2,42,lbfgs,1e-08,SimpleImputer(strategy='median'),SelectKBest(score_func=<function mutual_info_classif at 0x147da6670>),8,,"{'balance': SMOTE(random_state=42), 'classify__C': 1.0, 'classify__max_iter': 1000, 'classify__n_jobs': 2, 'classify__penalty': 'l2', 'classify__random_state': 42, 'classify__solver': 'lbfgs', 'classify__tol': 1e-08, 'impute': SimpleImputer(strategy='median'), 'select': SelectKBest(score_func=<function mutual_info_classif at 0x147da6670>), 'select__k': 8, 'transform': None}",,,,,,451,,,,,,451,,,,,,451
0.00024096171061197916,8.778064264605253e-07,0.0,0.0,SMOTE(random_state=42),1.0,500,2,l2,42,lbfgs,1e-06,SimpleImputer(strategy='median'),SelectKBest(score_func=<function mutual_info_classif at 0x147da6670>),5,,"{'balance': SMOTE(random_state=42), 'classify__C': 1.0, 'classify__max_iter': 500, 'classify__n_jobs': 2, 'classify__penalty': 'l2', 'classify__random_state': 42, 'classify__solver': 'lbfgs', 'classify__tol': 1e-06, 'impute': SimpleImputer(strategy='median'), 'select': SelectKBest(score_func=<function mutual_info_classif at 0x147da6670>), 'select__k': 5, 'transform': None}",,,,,,451,,,,,,451,,,,,,451
0.00015171368916829428,4.052336624139774e-07,0.0,0.0,SMOTE(random_state=42),100.0,100,2,l2,42,lbfgs,1e-06,,SelectKBest(score_func=<function mutual_info_classif at 0x147da6670>),11,,"{'balance': SMOTE(random_state=42), 'classify__C': 100.0, 'classify__max_iter': 100, 'classify__n_jobs': 2, 'classify__penalty': 'l2', 'classify__random_state': 42, 'classify__solver': 'lbfgs', 'classify__tol': 1e-06, 'impute': None, 'select': SelectKBest(score_func=<function mutual_info_classif at 0x147da6670>), 'select__k': 11, 'transform': None}",,,,,,451,,,,,,451,,,,,,451
0.00024271011352539062,1.083865300574768e-06,0.0,0.0,SMOTE(random_state=42),100.0,100,2,l2,42,lbfgs,1e-06,SimpleImputer(strategy='median'),SelectKBest(score_func=<function mutual_info_classif at 0x147da6670>),5,,"{'balance': SMOTE(random_state=42), 'classify__C': 100.0, 'classify__max_iter': 100, 'classify__n_jobs': 2, 'classify__penalty': 'l2', 'classify__random_state': 42, 'classify__solver': 'lbfgs', 'classify__tol': 1e-06, 'impute': SimpleImputer(strategy='median'), 'select': SelectKBest(score_func=<function mutual_info_classif at 0x147da6670>), 'select__k': 5, 'transform': None}",,,,,,451,,,,,,451,,,,,,451
0.00024390220642089844,1.7520115919946514e-06,0.0,0.0,SMOTE(random_state=42),100.0,100,2,l2,42,lbfgs,1e-06,SimpleImputer(strategy='median'),SelectKBest(score_func=<function mutual_info_classif at 0x147da6670>),8,,"{'balance': SMOTE(random_state=42), 'classify__C': 100.0, 'classify__max_iter': 100, 'classify__n_jobs': 2, 'classify__penalty': 'l2', 'classify__random_state': 42, 'classify__solver': 'lbfgs', 'classify__tol': 1e-06, 'impute': SimpleImputer(strategy='median'), 'select': SelectKBest(score_func=<function mutual_info_classif at 0x147da6670>), 'select__k': 8, 'transform': None}",,,,,,451,,,,,,451,,,,,,451
0.0002509752909342448,7.806969763592284e-06,0.0,0.0,SMOTE(random_state=42),100.0,100,2,l2,42,lbfgs,1e-06,SimpleImputer(strategy='median'),SelectKBest(score_func=<function mutual_info_classif at 0x147da6670>),11,,"{'balance': SMOTE(random_state=42), 'classify__C': 100.0, 'classify__max_iter': 100, 'classify__n_jobs': 2, 'classify__penalty': 'l2', 'classify__random_state': 42, 'classify__solver': 'lbfgs', 'classify__tol': 1e-06, 'impute': SimpleImputer(strategy='median'), 'select': SelectKBest(score_func=<function mutual_info_classif at 0x147da6670>), 'select__k': 11, 'transform': None}",,,,,,451,,,,,,451,,,,,,451
0.0001567204793294271,5.339488039729062e-06,0.0,0.0,SMOTE(random_state=42),100.0,100,2,l2,42,lbfgs,0.0001,,SelectKBest(score_func=<function mutual_info_classif at 0x147da6670>),5,,"{'balance': SMOTE(random_state=42), 'classify__C': 100.0, 'classify__max_iter': 100, 'classify__n_jobs': 2, 'classify__penalty': 'l2', 'classify__random_state': 42, 'classify__solver': 'lbfgs', 'classify__tol': 0.0001, 'impute': None, 'select': SelectKBest(score_func=<function mutual_info_classif at 0x147da6670>), 'select__k': 5, 'transform': None}",,,,,,451,,,,,,451,,,,,,451
0.00016299883524576822,8.90876223728897e-06,0.0,0.0,SMOTE(random_state=42),100.0,100,2,l2,42,lbfgs,0.0001,,SelectKBest(score_func=<function mutual_info_classif at 0x147da6670>),8,,"{'balance': SMOTE(random_state=42), 'classify__C': 100.0, 'classify__max_iter': 100, 'classify__n_jobs': 2, 'classify__penalty': 'l2', 'classify__random_state': 42, 'classify__solver': 'lbfgs', 'classify__tol': 0.0001, 'impute': None, 'select': SelectKBest(score_func=<function mutual_info_classif at 0x147da6670>), 'select__k': 8, 'transform': None}",,,,,,451,,,,,,451,,,,,,451
0.00015123685201009115,1.3250773748185687e-06,0.0,0.0,SMOTE(random_state=42),100.0,100,2,l2,42,lbfgs,0.0001,,SelectKBest(score_func=<function mutual_info_classif at 0x147da6670>),11,,"{'balance': SMOTE(random_state=42), 'classify__C': 100.0, 'classify__max_iter': 100, 'classify__n_jobs': 2, 'classify__penalty': 'l2', 'classify__random_state': 42, 'classify__solver': 'lbfgs', 'classify__tol': 0.0001, 'impute': None, 'select': SelectKBest(score_func=<function mutual_info_classif at 0x147da6670>), 'select__k': 11, 'transform': None}",,,,,,451,,,,,,451,,,,,,451
0.00024334589640299478,4.052336624139774e-07,0.0,0.0,SMOTE(random_state=42),100.0,100,2,l2,42,lbfgs,0.0001,SimpleImputer(strategy='median'),SelectKBest(score_func=<function mutual_info_classif at 0x147da6670>),5,,"{'balance': SMOTE(random_state=42), 'classify__C': 100.0, 'classify__max_iter': 100, 'classify__n_jobs': 2, 'classify__penalty': 'l2', 'classify__random_state': 42, 'classify__solver': 'lbfgs', 'classify__tol': 0.0001, 'impute': SimpleImputer(strategy='median'), 'select': SelectKBest(score_func=<function mutual_info_classif at 0x147da6670>), 'select__k': 5, 'transform': None}",,,,,,451,,,,,,451,,,,,,451
0.00024127960205078125,5.150429962800233e-07,0.0,0.0,SMOTE(random_state=42),100.0,100,2,l2,42,lbfgs,0.0001,SimpleImputer(strategy='median'),SelectKBest(score_func=<function mutual_info_classif at 0x147da6670>),8,,"{'balance': SMOTE(random_state=42), 'classify__C': 100.0, 'classify__max_iter': 100, 'classify__n_jobs': 2, 'classify__penalty': 'l2', 'classify__random_state': 42, 'classify__solver': 'lbfgs', 'classify__tol': 0.0001, 'impute': SimpleImputer(strategy='median'), 'select': SelectKBest(score_func=<function mutual_info_classif at 0x147da6670>), 'select__k': 8, 'transform': None}",,,,,,451,,,,,,451,,,,,,451
0.00024159749348958334,4.052336624139774e-07,0.0,0.0,SMOTE(random_state=42),100.0,100,2,l2,42,lbfgs,0.0001,SimpleImputer(strategy='median'),SelectKBest(score_func=<function mutual_info_classif at 0x147da6670>),11,,"{'balance': SMOTE(random_state=42), 'classify__C': 100.0, 'classify__max_iter': 100, 'classify__n_jobs': 2, 'classify__penalty': 'l2', 'classify__random_state': 42, 'classify__solver': 'lbfgs', 'classify__tol': 0.0001, 'impute': SimpleImputer(strategy='median'), 'select': SelectKBest(score_func=<function mutual_info_classif at 0x147da6670>), 'select__k': 11, 'transform': None}",,,,,,451,,,,,,451,,,,,,451
0.00015703837076822916,5.673271273795683e-06,0.0,0.0,SMOTE(random_state=42),100.0,200,2,l2,42,lbfgs,1e-08,,SelectKBest(score_func=<function mutual_info_classif at 0x147da6670>),5,,"{'balance': SMOTE(random_state=42), 'classify__C': 100.0, 'classify__max_iter': 200, 'classify__n_jobs': 2, 'classify__penalty': 'l2', 'classify__random_state': 42, 'classify__solver': 'lbfgs', 'classify__tol': 1e-08, 'impute': None, 'select': SelectKBest(score_func=<function mutual_info_classif at 0x147da6670>), 'select__k': 5, 'transform': None}",,,,,,451,,,,,,451,,,,,,451
0.00015338261922200522,1.1894408501860113e-06,0.0,0.0,SMOTE(random_state=42),100.0,100,2,l2,42,lbfgs,1e-06,,SelectKBest(score_func=<function mutual_info_classif at 0x147da6670>),8,,"{'balance': SMOTE(random_state=42), 'classify__C': 100.0, 'classify__max_iter': 100, 'classify__n_jobs': 2, 'classify__penalty': 'l2', 'classify__random_state': 42, 'classify__solver': 'lbfgs', 'classify__tol': 1e-06, 'impute': None, 'select': SelectKBest(score_func=<function mutual_info_classif at 0x147da6670>), 'select__k': 8, 'transform': None}",,,,,,451,,,,,,451,,,,,,451
0.0001522699991861979,5.947204250930057e-07,0.0,0.0,SMOTE(random_state=42),100.0,200,2,l2,42,lbfgs,1e-08,,SelectKBest(score_func=<function mutual_info_classif at 0x147da6670>),8,,"{'balance': SMOTE(random_state=42), 'classify__C': 100.0, 'classify__max_iter': 200, 'classify__n_jobs': 2, 'classify__penalty': 'l2', 'classify__random_state': 42, 'classify__solver': 'lbfgs', 'classify__tol': 1e-08, 'impute': None, 'select': SelectKBest(score_func=<function mutual_info_classif at 0x147da6670>), 'select__k': 8, 'transform': None}",,,,,,451,,,,,,451,,,,,,451
0.0002406438191731771,1.1734027115689436e-06,0.0,0.0,SMOTE(random_state=42),100.0,200,2,l2,42,lbfgs,1e-08,SimpleImputer(strategy='median'),SelectKBest(score_func=<function mutual_info_classif at 0x147da6670>),5,,"{'balance': SMOTE(random_state=42), 'classify__C': 100.0, 'classify__max_iter': 200, 'classify__n_jobs': 2, 'classify__penalty': 'l2', 'classify__random_state': 42, 'classify__solver': 'lbfgs', 'classify__tol': 1e-08, 'impute': SimpleImputer(strategy='median'), 'select': SelectKBest(score_func=<function mutual_info_classif at 0x147da6670>), 'select__k': 5, 'transform': None}",,,,,,451,,,,,,451,,,,,,451
0.00024143854777018228,4.052336624139774e-07,0.0,0.0,SMOTE(random_state=42),100.0,200,2,l2,42,lbfgs,1e-08,SimpleImputer(strategy='median'),SelectKBest(score_func=<function mutual_info_classif at 0x147da6670>),8,,"{'balance': SMOTE(random_state=42), 'classify__C': 100.0, 'classify__max_iter': 200, 'classify__n_jobs': 2, 'classify__penalty': 'l2', 'classify__random_state': 42, 'classify__solver': 'lbfgs', 'classify__tol': 1e-08, 'impute': SimpleImputer(strategy='median'), 'select': SelectKBest(score_func=<function mutual_info_classif at 0x147da6670>), 'select__k': 8, 'transform': None}",,,,,,451,,,,,,451,,,,,,451
0.0002472400665283203,2.5752149814001163e-06,0.0,0.0,SMOTE(random_state=42),100.0,200,2,l2,42,lbfgs,1e-08,SimpleImputer(strategy='median'),SelectKBest(score_func=<function mutual_info_classif at 0x147da6670>),11,,"{'balance': SMOTE(random_state=42), 'classify__C': 100.0, 'classify__max_iter': 200, 'classify__n_jobs': 2, 'classify__penalty': 'l2', 'classify__random_state': 42, 'classify__solver': 'lbfgs', 'classify__tol': 1e-08, 'impute': SimpleImputer(strategy='median'), 'select': SelectKBest(score_func=<function mutual_info_classif at 0x147da6670>), 'select__k': 11, 'transform': None}",,,,,,451,,,,,,451,,,,,,451
0.00015346209208170572,1.2961631163199813e-06,0.0,0.0,SMOTE(random_state=42),100.0,200,2,l2,42,lbfgs,1e-06,,SelectKBest(score_func=<function mutual_info_classif at 0x147da6670>),5,,"{'balance': SMOTE(random_state=42), 'classify__C': 100.0, 'classify__max_iter': 200, 'classify__n_jobs': 2, 'classify__penalty': 'l2', 'classify__random_state': 42, 'classify__solver': 'lbfgs', 'classify__tol': 1e-06, 'impute': None, 'select': SelectKBest(score_func=<function mutual_info_classif at 0x147da6670>), 'select__k': 5, 'transform': None}",,,,,,451,,,,,,451,,,,,,451
0.00015266736348470053,4.052336624139774e-07,0.0,0.0,SMOTE(random_state=42),100.0,200,2,l2,42,lbfgs,1e-06,,SelectKBest(score_func=<function mutual_info_classif at 0x147da6670>),8,,"{'balance': SMOTE(random_state=42), 'classify__C': 100.0, 'classify__max_iter': 200, 'classify__n_jobs': 2, 'classify__penalty': 'l2', 'classify__random_state': 42, 'classify__solver': 'lbfgs', 'classify__tol': 1e-06, 'impute': None, 'select': SelectKBest(score_func=<function mutual_info_classif at 0x147da6670>), 'select__k': 8, 'transform': None}",,,,,,451,,,,,,451,,,,,,451
0.00015703837076822916,7.1375300468819e-06,0.0,0.0,SMOTE(random_state=42),100.0,200,2,l2,42,lbfgs,1e-06,,SelectKBest(score_func=<function mutual_info_classif at 0x147da6670>),11,,"{'balance': SMOTE(random_state=42), 'classify__C': 100.0, 'classify__max_iter': 200, 'classify__n_jobs': 2, 'classify__penalty': 'l2', 'classify__random_state': 42, 'classify__solver': 'lbfgs', 'classify__tol': 1e-06, 'impute': None, 'select': SelectKBest(score_func=<function mutual_info_classif at 0x147da6670>), 'select__k': 11, 'transform': None}",,,,,,451,,,,,,451,,,,,,451
0.00024366378784179688,3.371747880871523e-07,0.0,0.0,SMOTE(random_state=42),100.0,200,2,l2,42,lbfgs,1e-06,SimpleImputer(strategy='median'),SelectKBest(score_func=<function mutual_info_classif at 0x147da6670>),5,,"{'balance': SMOTE(random_state=42), 'classify__C': 100.0, 'classify__max_iter': 200, 'classify__n_jobs': 2, 'classify__penalty': 'l2', 'classify__random_state': 42, 'classify__solver': 'lbfgs', 'classify__tol': 1e-06, 'impute': SimpleImputer(strategy='median'), 'select': SelectKBest(score_func=<function mutual_info_classif at 0x147da6670>), 'select__k': 5, 'transform': None}",,,,,,451,,,,,,451,,,,,,451
0.00024851163228352863,5.8573168985647456e-06,0.0,0.0,SMOTE(random_state=42),100.0,200,2,l2,42,lbfgs,1e-06,SimpleImputer(strategy='median'),SelectKBest(score_func=<function mutual_info_classif at 0x147da6670>),8,,"{'balance': SMOTE(random_state=42), 'classify__C': 100.0, 'classify__max_iter': 200, 'classify__n_jobs': 2, 'classify__penalty': 'l2', 'classify__random_state': 42, 'classify__solver': 'lbfgs', 'classify__tol': 1e-06, 'impute': SimpleImputer(strategy='median'), 'select': SelectKBest(score_func=<function mutual_info_classif at 0x147da6670>), 'select__k': 8, 'transform': None}",,,,,,451,,,,,,451,,,,,,451
0.0002429485321044922,7.786718186642895e-07,0.0,0.0,SMOTE(random_state=42),100.0,200,2,l2,42,lbfgs,1e-06,SimpleImputer(strategy='median'),SelectKBest(score_func=<function mutual_info_classif at 0x147da6670>),11,,"{'balance': SMOTE(random_state=42), 'classify__C': 100.0, 'classify__max_iter': 200, 'classify__n_jobs': 2, 'classify__penalty': 'l2', 'classify__random_state': 42, 'classify__solver': 'lbfgs', 'classify__tol': 1e-06, 'impute': SimpleImputer(strategy='median'), 'select': SelectKBest(score_func=<function mutual_info_classif at 0x147da6670>), 'select__k': 11, 'transform': None}",,,,,,451,,,,,,451,,,,,,451
0.00015370051066080728,6.25769923052137e-07,0.0,0.0,SMOTE(random_state=42),100.0,200,2,l2,42,lbfgs,0.0001,,SelectKBest(score_func=<function mutual_info_classif at 0x147da6670>),5,,"{'balance': SMOTE(random_state=42), 'classify__C': 100.0, 'classify__max_iter': 200, 'classify__n_jobs': 2, 'classify__penalty': 'l2', 'classify__random_state': 42, 'classify__solver': 'lbfgs', 'classify__tol': 0.0001, 'impute': None, 'select': SelectKBest(score_func=<function mutual_info_classif at 0x147da6670>), 'select__k': 5, 'transform': None}",,,,,,451,,,,,,451,,,,,,451
0.00015838940938313803,8.213818980982605e-06,0.0,0.0,SMOTE(random_state=42),100.0,200,2,l2,42,lbfgs,0.0001,,SelectKBest(score_func=<function mutual_info_classif at 0x147da6670>),8,,"{'balance': SMOTE(random_state=42), 'classify__C': 100.0, 'classify__max_iter': 200, 'classify__n_jobs': 2, 'classify__penalty': 'l2', 'classify__random_state': 42, 'classify__solver': 'lbfgs', 'classify__tol': 0.0001, 'impute': None, 'select': SelectKBest(score_func=<function mutual_info_classif at 0x147da6670>), 'select__k': 8, 'transform': None}",,,,,,451,,,,,,451,,,,,,451
0.00015250841776529947,1.6209346496559095e-06,0.0,0.0,SMOTE(random_state=42),100.0,200,2,l2,42,lbfgs,1e-08,,SelectKBest(score_func=<function mutual_info_classif at 0x147da6670>),11,,"{'balance': SMOTE(random_state=42), 'classify__C': 100.0, 'classify__max_iter': 200, 'classify__n_jobs': 2, 'classify__penalty': 'l2', 'classify__random_state': 42, 'classify__solver': 'lbfgs', 'classify__tol': 1e-08, 'impute': None, 'select': SelectKBest(score_func=<function mutual_info_classif at 0x147da6670>), 'select__k': 11, 'transform': None}",,,,,,451,,,,,,451,,,,,,451
0.0001522699991861979,4.052336624139774e-07,0.0,0.0,SMOTE(random_state=42),100.0,200,2,l2,42,lbfgs,0.0001,,SelectKBest(score_func=<function mutual_info_classif at 0x147da6670>),11,,"{'balance': SMOTE(random_state=42), 'classify__C': 100.0, 'classify__max_iter': 200, 'classify__n_jobs': 2, 'classify__penalty': 'l2', 'classify__random_state': 42, 'classify__solver': 'lbfgs', 'classify__tol': 0.0001, 'impute': None, 'select': SelectKBest(score_func=<function mutual_info_classif at 0x147da6670>), 'select__k': 11, 'transform': None}",,,,,,451,,,,,,451,,,,,,451
0.0001533031463623047,3.371747880871523e-07,0.0,0.0,SMOTE(random_state=42),100.0,100,2,l2,42,lbfgs,1e-06,,SelectKBest(score_func=<function mutual_info_classif at 0x147da6670>),5,,"{'balance': SMOTE(random_state=42), 'classify__C': 100.0, 'classify__max_iter': 100, 'classify__n_jobs': 2, 'classify__penalty': 'l2', 'classify__random_state': 42, 'classify__solver': 'lbfgs', 'classify__tol': 1e-06, 'impute': None, 'select': SelectKBest(score_func=<function mutual_info_classif at 0x147da6670>), 'select__k': 5, 'transform': None}",,,,,,451,,,,,,451,,,,,,451
0.00024970372517903644,8.72393385573234e-06,0.0,0.0,SMOTE(random_state=42),100.0,100,2,l2,42,lbfgs,1e-08,SimpleImputer(strategy='median'),SelectKBest(score_func=<function mutual_info_classif at 0x147da6670>),8,,"{'balance': SMOTE(random_state=42), 'classify__C': 100.0, 'classify__max_iter': 100, 'classify__n_jobs': 2, 'classify__penalty': 'l2', 'classify__random_state': 42, 'classify__solver': 'lbfgs', 'classify__tol': 1e-08, 'impute': SimpleImputer(strategy='median'), 'select': SelectKBest(score_func=<function mutual_info_classif at 0x147da6670>), 'select__k': 8, 'transform': None}",,,,,,451,,,,,,451,,,,,,451
0.00024366378784179688,2.0509541671377722e-06,0.0,0.0,SMOTE(random_state=42),10.0,1000,2,l2,42,lbfgs,0.0001,SimpleImputer(strategy='median'),SelectKBest(score_func=<function mutual_info_classif at 0x147da6670>),8,,"{'balance': SMOTE(random_state=42), 'classify__C': 10.0, 'classify__max_iter': 1000, 'classify__n_jobs': 2, 'classify__penalty': 'l2', 'classify__random_state': 42, 'classify__solver': 'lbfgs', 'classify__tol': 0.0001, 'impute': SimpleImputer(strategy='median'), 'select': SelectKBest(score_func=<function mutual_info_classif at 0x147da6670>), 'select__k': 8, 'transform': None}",,,,,,451,,,,,,451,,,,,,451
0.0002447764078776042,4.49566384116203e-07,0.0,0.0,SMOTE(random_state=42),10.0,1000,2,l2,42,lbfgs,0.0001,SimpleImputer(strategy='median'),SelectKBest(score_func=<function mutual_info_classif at 0x147da6670>),11,,"{'balance': SMOTE(random_state=42), 'classify__C': 10.0, 'classify__max_iter': 1000, 'classify__n_jobs': 2, 'classify__penalty': 'l2', 'classify__random_state': 42, 'classify__solver': 'lbfgs', 'classify__tol': 0.0001, 'impute': SimpleImputer(strategy='median'), 'select': SelectKBest(score_func=<function mutual_info_classif at 0x147da6670>), 'select__k': 11, 'transform': None}",,,,,,451,,,,,,451,,,,,,451
0.00015234947204589844,1.0115243642614567e-06,0.0,0.0,SMOTE(random_state=42),10.0,2000,2,l2,42,lbfgs,1e-08,,SelectKBest(score_func=<function mutual_info_classif at 0x147da6670>),5,,"{'balance': SMOTE(random_state=42), 'classify__C': 10.0, 'classify__max_iter': 2000, 'classify__n_jobs': 2, 'classify__penalty': 'l2', 'classify__random_state': 42, 'classify__solver': 'lbfgs', 'classify__tol': 1e-08, 'impute': None, 'select': SelectKBest(score_func=<function mutual_info_classif at 0x147da6670>), 'select__k': 5, 'transform': None}",,,,,,451,,,,,,451,,,,,,451
0.00015370051066080728,6.25769923052137e-07,0.0,0.0,SMOTE(random_state=42),10.0,2000,2,l2,42,lbfgs,1e-08,,SelectKBest(score_func=<function mutual_info_classif at 0x147da6670>),8,,"{'balance': SMOTE(random_state=42), 'classify__C': 10.0, 'classify__max_iter': 2000, 'classify__n_jobs': 2, 'classify__penalty': 'l2', 'classify__random_state': 42, 'classify__solver': 'lbfgs', 'classify__tol': 1e-08, 'impute': None, 'select': SelectKBest(score_func=<function mutual_info_classif at 0x147da6670>), 'select__k': 8, 'transform': None}",,,,,,451,,,,,,451,,,,,,451
0.00015346209208170572,4.052336624139774e-07,0.0,0.0,SMOTE(random_state=42),10.0,2000,2,l2,42,lbfgs,1e-08,,SelectKBest(score_func=<function mutual_info_classif at 0x147da6670>),11,,"{'balance': SMOTE(random_state=42), 'classify__C': 10.0, 'classify__max_iter': 2000, 'classify__n_jobs': 2, 'classify__penalty': 'l2', 'classify__random_state': 42, 'classify__solver': 'lbfgs', 'classify__tol': 1e-08, 'impute': None, 'select': SelectKBest(score_func=<function mutual_info_classif at 0x147da6670>), 'select__k': 11, 'transform': None}",,,,,,451,,,,,,451,,,,,,451
0.00025693575541178387,1.6247875832257283e-05,0.0,0.0,SMOTE(random_state=42),10.0,2000,2,l2,42,lbfgs,1e-08,SimpleImputer(strategy='median'),SelectKBest(score_func=<function mutual_info_classif at 0x147da6670>),5,,"{'balance': SMOTE(random_state=42), 'classify__C': 10.0, 'classify__max_iter': 2000, 'classify__n_jobs': 2, 'classify__penalty': 'l2', 'classify__random_state': 42, 'classify__solver': 'lbfgs', 'classify__tol': 1e-08, 'impute': SimpleImputer(strategy='median'), 'select': SelectKBest(score_func=<function mutual_info_classif at 0x147da6670>), 'select__k': 5, 'transform': None}",,,,,,451,,,,,,451,,,,,,451
0.00024437904357910156,3.371747880871523e-07,0.0,0.0,SMOTE(random_state=42),10.0,2000,2,l2,42,lbfgs,1e-08,SimpleImputer(strategy='median'),SelectKBest(score_func=<function mutual_info_classif at 0x147da6670>),8,,"{'balance': SMOTE(random_state=42), 'classify__C': 10.0, 'classify__max_iter': 2000, 'classify__n_jobs': 2, 'classify__penalty': 'l2', 'classify__random_state': 42, 'classify__solver': 'lbfgs', 'classify__tol': 1e-08, 'impute': SimpleImputer(strategy='median'), 'select': SelectKBest(score_func=<function mutual_info_classif at 0x147da6670>), 'select__k': 8, 'transform': None}",,,,,,451,,,,,,451,,,,,,451
0.0002453327178955078,3.3717478808715227e-06,0.0,0.0,SMOTE(random_state=42),10.0,2000,2,l2,42,lbfgs,1e-08,SimpleImputer(strategy='median'),SelectKBest(score_func=<function mutual_info_classif at 0x147da6670>),11,,"{'balance': SMOTE(random_state=42), 'classify__C': 10.0, 'classify__max_iter': 2000, 'classify__n_jobs': 2, 'classify__penalty': 'l2', 'classify__random_state': 42, 'classify__solver': 'lbfgs', 'classify__tol': 1e-08, 'impute': SimpleImputer(strategy='median'), 'select': SelectKBest(score_func=<function mutual_info_classif at 0x147da6670>), 'select__k': 11, 'transform': None}",,,,,,451,,,,,,451,,,,,,451
0.0001529057820638021,1.1239159602905075e-07,0.0,0.0,SMOTE(random_state=42),10.0,2000,2,l2,42,lbfgs,1e-06,,SelectKBest(score_func=<function mutual_info_classif at 0x147da6670>),5,,"{'balance': SMOTE(random_state=42), 'classify__C': 10.0, 'classify__max_iter': 2000, 'classify__n_jobs': 2, 'classify__penalty': 'l2', 'classify__random_state': 42, 'classify__solver': 'lbfgs', 'classify__tol': 1e-06, 'impute': None, 'select': SelectKBest(score_func=<function mutual_info_classif at 0x147da6670>), 'select__k': 5, 'transform': None}",,,,,,451,,,,,,451,,,,,,451
0.00015997886657714844,7.040416269413662e-06,0.0,0.0,SMOTE(random_state=42),10.0,2000,2,l2,42,lbfgs,1e-06,,SelectKBest(score_func=<function mutual_info_classif at 0x147da6670>),8,,"{'balance': SMOTE(random_state=42), 'classify__C': 10.0, 'classify__max_iter': 2000, 'classify__n_jobs': 2, 'classify__penalty': 'l2', 'classify__random_state': 42, 'classify__solver': 'lbfgs', 'classify__tol': 1e-06, 'impute': None, 'select': SelectKBest(score_func=<function mutual_info_classif at 0x147da6670>), 'select__k': 8, 'transform': None}",,,,,,451,,,,,,451,,,,,,451
0.0001583099365234375,6.7547255709571135e-06,0.0,0.0,SMOTE(random_state=42),10.0,2000,2,l2,42,lbfgs,1e-06,,SelectKBest(score_func=<function mutual_info_classif at 0x147da6670>),11,,"{'balance': SMOTE(random_state=42), 'classify__C': 10.0, 'classify__max_iter': 2000, 'classify__n_jobs': 2, 'classify__penalty': 'l2', 'classify__random_state': 42, 'classify__solver': 'lbfgs', 'classify__tol': 1e-06, 'impute': None, 'select': SelectKBest(score_func=<function mutual_info_classif at 0x147da6670>), 'select__k': 11, 'transform': None}",,,,,,451,,,,,,451,,,,,,451
0.00024326642354329428,2.1531132354965316e-06,0.0,0.0,SMOTE(random_state=42),100.0,100,2,l2,42,lbfgs,1e-08,SimpleImputer(strategy='median'),SelectKBest(score_func=<function mutual_info_classif at 0x147da6670>),11,,"{'balance': SMOTE(random_state=42), 'classify__C': 100.0, 'classify__max_iter': 100, 'classify__n_jobs': 2, 'classify__penalty': 'l2', 'classify__random_state': 42, 'classify__solver': 'lbfgs', 'classify__tol': 1e-08, 'impute': SimpleImputer(strategy='median'), 'select': SelectKBest(score_func=<function mutual_info_classif at 0x147da6670>), 'select__k': 11, 'transform': None}",,,,,,451,,,,,,451,,,,,,451
0.00024890899658203125,9.985156818090403e-06,0.0,0.0,SMOTE(random_state=42),10.0,2000,2,l2,42,lbfgs,1e-06,SimpleImputer(strategy='median'),SelectKBest(score_func=<function mutual_info_classif at 0x147da6670>),5,,"{'balance': SMOTE(random_state=42), 'classify__C': 10.0, 'classify__max_iter': 2000, 'classify__n_jobs': 2, 'classify__penalty': 'l2', 'classify__random_state': 42, 'classify__solver': 'lbfgs', 'classify__tol': 1e-06, 'impute': SimpleImputer(strategy='median'), 'select': SelectKBest(score_func=<function mutual_info_classif at 0x147da6670>), 'select__k': 5, 'transform': None}",,,,,,451,,,,,,451,,,,,,451
0.0002422332763671875,1.7302466278932287e-06,0.0,0.0,SMOTE(random_state=42),10.0,2000,2,l2,42,lbfgs,1e-06,SimpleImputer(strategy='median'),SelectKBest(score_func=<function mutual_info_classif at 0x147da6670>),11,,"{'balance': SMOTE(random_state=42), 'classify__C': 10.0, 'classify__max_iter': 2000, 'classify__n_jobs': 2, 'classify__penalty': 'l2', 'classify__random_state': 42, 'classify__solver': 'lbfgs', 'classify__tol': 1e-06, 'impute': SimpleImputer(strategy='median'), 'select': SelectKBest(score_func=<function mutual_info_classif at 0x147da6670>), 'select__k': 11, 'transform': None}",,,,,,451,,,,,,451,,,,,,451
0.00015211105346679688,0.0,0.0,0.0,SMOTE(random_state=42),10.0,2000,2,l2,42,lbfgs,0.0001,,SelectKBest(score_func=<function mutual_info_classif at 0x147da6670>),5,,"{'balance': SMOTE(random_state=42), 'classify__C': 10.0, 'classify__max_iter': 2000, 'classify__n_jobs': 2, 'classify__penalty': 'l2', 'classify__random_state': 42, 'classify__solver': 'lbfgs', 'classify__tol': 0.0001, 'impute': None, 'select': SelectKBest(score_func=<function mutual_info_classif at 0x147da6670>), 'select__k': 5, 'transform': None}",,,,,,451,,,,,,451,,,,,,451
0.0001571178436279297,5.3947966093944364e-06,0.0,0.0,SMOTE(random_state=42),10.0,2000,2,l2,42,lbfgs,0.0001,,SelectKBest(score_func=<function mutual_info_classif at 0x147da6670>),8,,"{'balance': SMOTE(random_state=42), 'classify__C': 10.0, 'classify__max_iter': 2000, 'classify__n_jobs': 2, 'classify__penalty': 'l2', 'classify__random_state': 42, 'classify__solver': 'lbfgs', 'classify__tol': 0.0001, 'impute': None, 'select': SelectKBest(score_func=<function mutual_info_classif at 0x147da6670>), 'select__k': 8, 'transform': None}",,,,,,451,,,,,,451,,,,,,451
0.0001522699991861979,5.619579801452537e-07,0.0,0.0,SMOTE(random_state=42),10.0,2000,2,l2,42,lbfgs,0.0001,,SelectKBest(score_func=<function mutual_info_classif at 0x147da6670>),11,,"{'balance': SMOTE(random_state=42), 'classify__C': 10.0, 'classify__max_iter': 2000, 'classify__n_jobs': 2, 'classify__penalty': 'l2', 'classify__random_state': 42, 'classify__solver': 'lbfgs', 'classify__tol': 0.0001, 'impute': None, 'select': SelectKBest(score_func=<function mutual_info_classif at 0x147da6670>), 'select__k': 11, 'transform': None}",,,,,,451,,,,,,451,,,,,,451
0.0002400080362955729,7.867411722033552e-07,0.0,0.0,SMOTE(random_state=42),10.0,2000,2,l2,42,lbfgs,0.0001,SimpleImputer(strategy='median'),SelectKBest(score_func=<function mutual_info_classif at 0x147da6670>),5,,"{'balance': SMOTE(random_state=42), 'classify__C': 10.0, 'classify__max_iter': 2000, 'classify__n_jobs': 2, 'classify__penalty': 'l2', 'classify__random_state': 42, 'classify__solver': 'lbfgs', 'classify__tol': 0.0001, 'impute': SimpleImputer(strategy='median'), 'select': SelectKBest(score_func=<function mutual_info_classif at 0x147da6670>), 'select__k': 5, 'transform': None}",,,,,,451,,,,,,451,,,,,,451
0.00023929278055826822,5.947204250930057e-07,0.0,0.0,SMOTE(random_state=42),10.0,2000,2,l2,42,lbfgs,0.0001,SimpleImputer(strategy='median'),SelectKBest(score_func=<function mutual_info_classif at 0x147da6670>),8,,"{'balance': SMOTE(random_state=42), 'classify__C': 10.0, 'classify__max_iter': 2000, 'classify__n_jobs': 2, 'classify__penalty': 'l2', 'classify__random_state': 42, 'classify__solver': 'lbfgs', 'classify__tol': 0.0001, 'impute': SimpleImputer(strategy='median'), 'select': SelectKBest(score_func=<function mutual_info_classif at 0x147da6670>), 'select__k': 8, 'transform': None}",,,,,,451,,,,,,451,,,,,,451
0.0002406438191731771,4.052336624139774e-07,0.0,0.0,SMOTE(random_state=42),10.0,2000,2,l2,42,lbfgs,0.0001,SimpleImputer(strategy='median'),SelectKBest(score_func=<function mutual_info_classif at 0x147da6670>),11,,"{'balance': SMOTE(random_state=42), 'classify__C': 10.0, 'classify__max_iter': 2000, 'classify__n_jobs': 2, 'classify__penalty': 'l2', 'classify__random_state': 42, 'classify__solver': 'lbfgs', 'classify__tol': 0.0001, 'impute': SimpleImputer(strategy='median'), 'select': SelectKBest(score_func=<function mutual_info_classif at 0x147da6670>), 'select__k': 11, 'transform': None}",,,,,,451,,,,,,451,,,,,,451
0.00015664100646972656,5.920594702462888e-06,0.0,0.0,SMOTE(random_state=42),100.0,100,2,l2,42,lbfgs,1e-08,,SelectKBest(score_func=<function mutual_info_classif at 0x147da6670>),5,,"{'balance': SMOTE(random_state=42), 'classify__C': 100.0, 'classify__max_iter': 100, 'classify__n_jobs': 2, 'classify__penalty': 'l2', 'classify__random_state': 42, 'classify__solver': 'lbfgs', 'classify__tol': 1e-08, 'impute': None, 'select': SelectKBest(score_func=<function mutual_info_classif at 0x147da6670>), 'select__k': 5, 'transform': None}",,,,,,451,,,,,,451,,,,,,451
0.0001586278279622396,7.3209991155793055e-06,0.0,0.0,SMOTE(random_state=42),100.0,100,2,l2,42,lbfgs,1e-08,,SelectKBest(score_func=<function mutual_info_classif at 0x147da6670>),8,,"{'balance': SMOTE(random_state=42), 'classify__C': 100.0, 'classify__max_iter': 100, 'classify__n_jobs': 2, 'classify__penalty': 'l2', 'classify__random_state': 42, 'classify__solver': 'lbfgs', 'classify__tol': 1e-08, 'impute': None, 'select': SelectKBest(score_func=<function mutual_info_classif at 0x147da6670>), 'select__k': 8, 'transform': None}",,,,,,451,,,,,,451,,,,,,451
0.000152587890625,5.150429962800233e-07,0.0,0.0,SMOTE(random_state=42),100.0,100,2,l2,42,lbfgs,1e-08,,SelectKBest(score_func=<function mutual_info_classif at 0x147da6670>),11,,"{'balance': SMOTE(random_state=42), 'classify__C': 100.0, 'classify__max_iter': 100, 'classify__n_jobs': 2, 'classify__penalty': 'l2', 'classify__random_state': 42, 'classify__solver': 'lbfgs', 'classify__tol': 1e-08, 'impute': None, 'select': SelectKBest(score_func=<function mutual_info_classif at 0x147da6670>), 'select__k': 11, 'transform': None}",,,,,,451,,,,,,451,,,,,,451
0.0002429485321044922,0.0,0.0,0.0,SMOTE(random_state=42),100.0,100,2,l2,42,lbfgs,1e-08,SimpleImputer(strategy='median'),SelectKBest(score_func=<function mutual_info_classif at 0x147da6670>),5,,"{'balance': SMOTE(random_state=42), 'classify__C': 100.0, 'classify__max_iter': 100, 'classify__n_jobs': 2, 'classify__penalty': 'l2', 'classify__random_state': 42, 'classify__solver': 'lbfgs', 'classify__tol': 1e-08, 'impute': SimpleImputer(strategy='median'), 'select': SelectKBest(score_func=<function mutual_info_classif at 0x147da6670>), 'select__k': 5, 'transform': None}",,,,,,451,,,,,,451,,,,,,451
0.00024008750915527344,8.920806376395086e-07,0.0,0.0,SMOTE(random_state=42),10.0,2000,2,l2,42,lbfgs,1e-06,SimpleImputer(strategy='median'),SelectKBest(score_func=<function mutual_info_classif at 0x147da6670>),8,,"{'balance': SMOTE(random_state=42), 'classify__C': 10.0, 'classify__max_iter': 2000, 'classify__n_jobs': 2, 'classify__penalty': 'l2', 'classify__random_state': 42, 'classify__solver': 'lbfgs', 'classify__tol': 1e-06, 'impute': SimpleImputer(strategy='median'), 'select': SelectKBest(score_func=<function mutual_info_classif at 0x147da6670>), 'select__k': 8, 'transform': None}",,,,,,451,,,,,,451,,,,,,451
0.0002505779266357422,1.0833407226781499e-05,0.0,0.0,SMOTE(random_state=42),100.0,200,2,l2,42,lbfgs,0.0001,SimpleImputer(strategy='median'),SelectKBest(score_func=<function mutual_info_classif at 0x147da6670>),5,,"{'balance': SMOTE(random_state=42), 'classify__C': 100.0, 'classify__max_iter': 200, 'classify__n_jobs': 2, 'classify__penalty': 'l2', 'classify__random_state': 42, 'classify__solver': 'lbfgs', 'classify__tol': 0.0001, 'impute': SimpleImputer(strategy='median'), 'select': SelectKBest(score_func=<function mutual_info_classif at 0x147da6670>), 'select__k': 5, 'transform': None}",,,,,,451,,,,,,451,,,,,,451
0.00024517377217610675,2.6429953810876036e-06,0.0,0.0,SMOTE(random_state=42),100.0,200,2,l2,42,lbfgs,0.0001,SimpleImputer(strategy='median'),SelectKBest(score_func=<function mutual_info_classif at 0x147da6670>),8,,"{'balance': SMOTE(random_state=42), 'classify__C': 100.0, 'classify__max_iter': 200, 'classify__n_jobs': 2, 'classify__penalty': 'l2', 'classify__random_state': 42, 'classify__solver': 'lbfgs', 'classify__tol': 0.0001, 'impute': SimpleImputer(strategy='median'), 'select': SelectKBest(score_func=<function mutual_info_classif at 0x147da6670>), 'select__k': 8, 'transform': None}",,,,,,451,,,,,,451,,,,,,451
0.0002490679423014323,1.0519877403590035e-05,0.0,0.0,SMOTE(random_state=42),100.0,200,2,l2,42,lbfgs,0.0001,SimpleImputer(strategy='median'),SelectKBest(score_func=<function mutual_info_classif at 0x147da6670>),11,,"{'balance': SMOTE(random_state=42), 'classify__C': 100.0, 'classify__max_iter': 200, 'classify__n_jobs': 2, 'classify__penalty': 'l2', 'classify__random_state': 42, 'classify__solver': 'lbfgs', 'classify__tol': 0.0001, 'impute': SimpleImputer(strategy='median'), 'select': SelectKBest(score_func=<function mutual_info_classif at 0x147da6670>), 'select__k': 11, 'transform': None}",,,,,,451,,,,,,451,,,,,,451
0.0002410411834716797,7.786718186642895e-07,0.0,0.0,SMOTE(random_state=42),100.0,1000,2,l2,42,lbfgs,1e-06,SimpleImputer(strategy='median'),SelectKBest(score_func=<function mutual_info_classif at 0x147da6670>),11,,"{'balance': SMOTE(random_state=42), 'classify__C': 100.0, 'classify__max_iter': 1000, 'classify__n_jobs': 2, 'classify__penalty': 'l2', 'classify__random_state': 42, 'classify__solver': 'lbfgs', 'classify__tol': 1e-06, 'impute': SimpleImputer(strategy='median'), 'select': SelectKBest(score_func=<function mutual_info_classif at 0x147da6670>), 'select__k': 11, 'transform': None}",,,,,,451,,,,,,451,,,,,,451
0.00015052159627278647,4.052336624139774e-07,0.0,0.0,SMOTE(random_state=42),100.0,1000,2,l2,42,lbfgs,0.0001,,SelectKBest(score_func=<function mutual_info_classif at 0x147da6670>),5,,"{'balance': SMOTE(random_state=42), 'classify__C': 100.0, 'classify__max_iter': 1000, 'classify__n_jobs': 2, 'classify__penalty': 'l2', 'classify__random_state': 42, 'classify__solver': 'lbfgs', 'classify__tol': 0.0001, 'impute': None, 'select': SelectKBest(score_func=<function mutual_info_classif at 0x147da6670>), 'select__k': 5, 'transform': None}",,,,,,451,,,,,,451,,,,,,451
0.00015425682067871094,3.022059335999734e-06,0.0,0.0,SMOTE(random_state=42),100.0,1000,2,l2,42,lbfgs,0.0001,,SelectKBest(score_func=<function mutual_info_classif at 0x147da6670>),8,,"{'balance': SMOTE(random_state=42), 'classify__C': 100.0, 'classify__max_iter': 1000, 'classify__n_jobs': 2, 'classify__penalty': 'l2', 'classify__random_state': 42, 'classify__solver': 'lbfgs', 'classify__tol': 0.0001, 'impute': None, 'select': SelectKBest(score_func=<function mutual_info_classif at 0x147da6670>), 'select__k': 8, 'transform': None}",,,,,,451,,,,,,451,,,,,,451
0.00015362103780110678,5.619579801452537e-07,0.0,0.0,SMOTE(random_state=42),100.0,1000,2,l2,42,lbfgs,0.0001,,SelectKBest(score_func=<function mutual_info_classif at 0x147da6670>),11,,"{'balance': SMOTE(random_state=42), 'classify__C': 100.0, 'classify__max_iter': 1000, 'classify__n_jobs': 2, 'classify__penalty': 'l2', 'classify__random_state': 42, 'classify__solver': 'lbfgs', 'classify__tol': 0.0001, 'impute': None, 'select': SelectKBest(score_func=<function mutual_info_classif at 0x147da6670>), 'select__k': 11, 'transform': None}",,,,,,451,,,,,,451,,,,,,451
0.000245968500773112,3.6175431177587646e-06,0.0,0.0,SMOTE(random_state=42),100.0,1000,2,l2,42,lbfgs,0.0001,SimpleImputer(strategy='median'),SelectKBest(score_func=<function mutual_info_classif at 0x147da6670>),5,,"{'balance': SMOTE(random_state=42), 'classify__C': 100.0, 'classify__max_iter': 1000, 'classify__n_jobs': 2, 'classify__penalty': 'l2', 'classify__random_state': 42, 'classify__solver': 'lbfgs', 'classify__tol': 0.0001, 'impute': SimpleImputer(strategy='median'), 'select': SelectKBest(score_func=<function mutual_info_classif at 0x147da6670>), 'select__k': 5, 'transform': None}",,,,,,451,,,,,,451,,,,,,451
0.0002426306406656901,4.49566384116203e-07,0.0,0.0,SMOTE(random_state=42),100.0,1000,2,l2,42,lbfgs,0.0001,SimpleImputer(strategy='median'),SelectKBest(score_func=<function mutual_info_classif at 0x147da6670>),8,,"{'balance': SMOTE(random_state=42), 'classify__C': 100.0, 'classify__max_iter': 1000, 'classify__n_jobs': 2, 'classify__penalty': 'l2', 'classify__random_state': 42, 'classify__solver': 'lbfgs', 'classify__tol': 0.0001, 'impute': SimpleImputer(strategy='median'), 'select': SelectKBest(score_func=<function mutual_info_classif at 0x147da6670>), 'select__k': 8, 'transform': None}",,,,,,451,,,,,,451,,,,,,451
0.00024334589640299478,2.063235439578242e-06,0.0,0.0,SMOTE(random_state=42),100.0,1000,2,l2,42,lbfgs,0.0001,SimpleImputer(strategy='median'),SelectKBest(score_func=<function mutual_info_classif at 0x147da6670>),11,,"{'balance': SMOTE(random_state=42), 'classify__C': 100.0, 'classify__max_iter': 1000, 'classify__n_jobs': 2, 'classify__penalty': 'l2', 'classify__random_state': 42, 'classify__solver': 'lbfgs', 'classify__tol': 0.0001, 'impute': SimpleImputer(strategy='median'), 'select': SelectKBest(score_func=<function mutual_info_classif at 0x147da6670>), 'select__k': 11, 'transform': None}",,,,,,451,,,,,,451,,,,,,451
0.00015425682067871094,2.5752149814001163e-06,0.0,0.0,SMOTE(random_state=42),100.0,2000,2,l2,42,lbfgs,1e-08,,SelectKBest(score_func=<function mutual_info_classif at 0x147da6670>),5,,"{'balance': SMOTE(random_state=42), 'classify__C': 100.0, 'classify__max_iter': 2000, 'classify__n_jobs': 2, 'classify__penalty': 'l2', 'classify__random_state': 42, 'classify__solver': 'lbfgs', 'classify__tol': 1e-08, 'impute': None, 'select': SelectKBest(score_func=<function mutual_info_classif at 0x147da6670>), 'select__k': 5, 'transform': None}",,,,,,451,,,,,,451,,,,,,451
0.00015195210774739584,7.867411722033552e-07,0.0,0.0,SMOTE(random_state=42),100.0,2000,2,l2,42,lbfgs,1e-08,,SelectKBest(score_func=<function mutual_info_classif at 0x147da6670>),8,,"{'balance': SMOTE(random_state=42), 'classify__C': 100.0, 'classify__max_iter': 2000, 'classify__n_jobs': 2, 'classify__penalty': 'l2', 'classify__random_state': 42, 'classify__solver': 'lbfgs', 'classify__tol': 1e-08, 'impute': None, 'select': SelectKBest(score_func=<function mutual_info_classif at 0x147da6670>), 'select__k': 8, 'transform': None}",,,,,,451,,,,,,451,,,,,,451
0.0001522699991861979,9.602742174144245e-07,0.0,0.0,SMOTE(random_state=42),100.0,2000,2,l2,42,lbfgs,1e-08,,SelectKBest(score_func=<function mutual_info_classif at 0x147da6670>),11,,"{'balance': SMOTE(random_state=42), 'classify__C': 100.0, 'classify__max_iter': 2000, 'classify__n_jobs': 2, 'classify__penalty': 'l2', 'classify__random_state': 42, 'classify__solver': 'lbfgs', 'classify__tol': 1e-08, 'impute': None, 'select': SelectKBest(score_func=<function mutual_info_classif at 0x147da6670>), 'select__k': 11, 'transform': None}",,,,,,451,,,,,,451,,,,,,451
0.00024302800496419272,6.836513890459241e-07,0.0,0.0,SMOTE(random_state=42),100.0,2000,2,l2,42,lbfgs,1e-08,SimpleImputer(strategy='median'),SelectKBest(score_func=<function mutual_info_classif at 0x147da6670>),5,,"{'balance': SMOTE(random_state=42), 'classify__C': 100.0, 'classify__max_iter': 2000, 'classify__n_jobs': 2, 'classify__penalty': 'l2', 'classify__random_state': 42, 'classify__solver': 'lbfgs', 'classify__tol': 1e-08, 'impute': SimpleImputer(strategy='median'), 'select': SelectKBest(score_func=<function mutual_info_classif at 0x147da6670>), 'select__k': 5, 'transform': None}",,,,,,451,,,,,,451,,,,,,451
0.00024437904357910156,6.7547255709571135e-06,0.0,0.0,SMOTE(random_state=42),100.0,1000,2,l2,42,lbfgs,1e-06,SimpleImputer(strategy='median'),SelectKBest(score_func=<function mutual_info_classif at 0x147da6670>),8,,"{'balance': SMOTE(random_state=42), 'classify__C': 100.0, 'classify__max_iter': 1000, 'classify__n_jobs': 2, 'classify__penalty': 'l2', 'classify__random_state': 42, 'classify__solver': 'lbfgs', 'classify__tol': 1e-06, 'impute': SimpleImputer(strategy='median'), 'select': SelectKBest(score_func=<function mutual_info_classif at 0x147da6670>), 'select__k': 8, 'transform': None}",,,,,,451,,,,,,451,,,,,,451
0.00024231274922688803,4.899036091938795e-07,0.0,0.0,SMOTE(random_state=42),100.0,2000,2,l2,42,lbfgs,1e-08,SimpleImputer(strategy='median'),SelectKBest(score_func=<function mutual_info_classif at 0x147da6670>),8,,"{'balance': SMOTE(random_state=42), 'classify__C': 100.0, 'classify__max_iter': 2000, 'classify__n_jobs': 2, 'classify__penalty': 'l2', 'classify__random_state': 42, 'classify__solver': 'lbfgs', 'classify__tol': 1e-08, 'impute': SimpleImputer(strategy='median'), 'select': SelectKBest(score_func=<function mutual_info_classif at 0x147da6670>), 'select__k': 8, 'transform': None}",,,,,,451,,,,,,451,,,,,,451
0.00015234947204589844,3.371747880871523e-07,0.0,0.0,SMOTE(random_state=42),100.0,2000,2,l2,42,lbfgs,1e-06,,SelectKBest(score_func=<function mutual_info_classif at 0x147da6670>),5,,"{'balance': SMOTE(random_state=42), 'classify__C': 100.0, 'classify__max_iter': 2000, 'classify__n_jobs': 2, 'classify__penalty': 'l2', 'classify__random_state': 42, 'classify__solver': 'lbfgs', 'classify__tol': 1e-06, 'impute': None, 'select': SelectKBest(score_func=<function mutual_info_classif at 0x147da6670>), 'select__k': 5, 'transform': None}",,,,,,451,,,,,,451,,,,,,451
0.0001587073008219401,7.3158209946092336e-06,0.0,0.0,SMOTE(random_state=42),100.0,2000,2,l2,42,lbfgs,1e-06,,SelectKBest(score_func=<function mutual_info_classif at 0x147da6670>),8,,"{'balance': SMOTE(random_state=42), 'classify__C': 100.0, 'classify__max_iter': 2000, 'classify__n_jobs': 2, 'classify__penalty': 'l2', 'classify__random_state': 42, 'classify__solver': 'lbfgs', 'classify__tol': 1e-06, 'impute': None, 'select': SelectKBest(score_func=<function mutual_info_classif at 0x147da6670>), 'select__k': 8, 'transform': None}",,,,,,451,,,,,,451,,,,,,451
0.00015823046366373697,7.474674896257716e-06,0.0,0.0,SMOTE(random_state=42),100.0,2000,2,l2,42,lbfgs,1e-06,,SelectKBest(score_func=<function mutual_info_classif at 0x147da6670>),11,,"{'balance': SMOTE(random_state=42), 'classify__C': 100.0, 'classify__max_iter': 2000, 'classify__n_jobs': 2, 'classify__penalty': 'l2', 'classify__random_state': 42, 'classify__solver': 'lbfgs', 'classify__tol': 1e-06, 'impute': None, 'select': SelectKBest(score_func=<function mutual_info_classif at 0x147da6670>), 'select__k': 11, 'transform': None}",,,,,,451,,,,,,451,,,,,,451
0.00023539861043294272,4.49566384116203e-07,0.0,0.0,SMOTE(random_state=42),100.0,2000,2,l2,42,lbfgs,1e-06,SimpleImputer(strategy='median'),SelectKBest(score_func=<function mutual_info_classif at 0x147da6670>),5,,"{'balance': SMOTE(random_state=42), 'classify__C': 100.0, 'classify__max_iter': 2000, 'classify__n_jobs': 2, 'classify__penalty': 'l2', 'classify__random_state': 42, 'classify__solver': 'lbfgs', 'classify__tol': 1e-06, 'impute': SimpleImputer(strategy='median'), 'select': SelectKBest(score_func=<function mutual_info_classif at 0x147da6670>), 'select__k': 5, 'transform': None}",,,,,,451,,,,,,451,,,,,,451
0.00023563702901204428,1.7007934696700334e-06,0.0,0.0,SMOTE(random_state=42),100.0,2000,2,l2,42,lbfgs,1e-06,SimpleImputer(strategy='median'),SelectKBest(score_func=<function mutual_info_classif at 0x147da6670>),8,,"{'balance': SMOTE(random_state=42), 'classify__C': 100.0, 'classify__max_iter': 2000, 'classify__n_jobs': 2, 'classify__penalty': 'l2', 'classify__random_state': 42, 'classify__solver': 'lbfgs', 'classify__tol': 1e-06, 'impute': SimpleImputer(strategy='median'), 'select': SelectKBest(score_func=<function mutual_info_classif at 0x147da6670>), 'select__k': 8, 'transform': None}",,,,,,451,,,,,,451,,,,,,451
0.00023698806762695312,8.920806376395086e-07,0.0,0.0,SMOTE(random_state=42),100.0,2000,2,l2,42,lbfgs,1e-06,SimpleImputer(strategy='median'),SelectKBest(score_func=<function mutual_info_classif at 0x147da6670>),11,,"{'balance': SMOTE(random_state=42), 'classify__C': 100.0, 'classify__max_iter': 2000, 'classify__n_jobs': 2, 'classify__penalty': 'l2', 'classify__random_state': 42, 'classify__solver': 'lbfgs', 'classify__tol': 1e-06, 'impute': SimpleImputer(strategy='median'), 'select': SelectKBest(score_func=<function mutual_info_classif at 0x147da6670>), 'select__k': 11, 'transform': None}",,,,,,451,,,,,,451,,,,,,451
0.00014829635620117188,5.150429962800233e-07,0.0,0.0,SMOTE(random_state=42),100.0,2000,2,l2,42,lbfgs,0.0001,,SelectKBest(score_func=<function mutual_info_classif at 0x147da6670>),5,,"{'balance': SMOTE(random_state=42), 'classify__C': 100.0, 'classify__max_iter': 2000, 'classify__n_jobs': 2, 'classify__penalty': 'l2', 'classify__random_state': 42, 'classify__solver': 'lbfgs', 'classify__tol': 0.0001, 'impute': None, 'select': SelectKBest(score_func=<function mutual_info_classif at 0x147da6670>), 'select__k': 5, 'transform': None}",,,,,,451,,,,,,451,,,,,,451
0.00014813741048177084,4.49566384116203e-07,0.0,0.0,SMOTE(random_state=42),100.0,2000,2,l2,42,lbfgs,0.0001,,SelectKBest(score_func=<function mutual_info_classif at 0x147da6670>),8,,"{'balance': SMOTE(random_state=42), 'classify__C': 100.0, 'classify__max_iter': 2000, 'classify__n_jobs': 2, 'classify__penalty': 'l2', 'classify__random_state': 42, 'classify__solver': 'lbfgs', 'classify__tol': 0.0001, 'impute': None, 'select': SelectKBest(score_func=<function mutual_info_classif at 0x147da6670>), 'select__k': 8, 'transform': None}",,,,,,451,,,,,,451,,,,,,451
0.00015441576639811197,8.82327717447384e-06,0.0,0.0,SMOTE(random_state=42),100.0,2000,2,l2,42,lbfgs,0.0001,,SelectKBest(score_func=<function mutual_info_classif at 0x147da6670>),11,,"{'balance': SMOTE(random_state=42), 'classify__C': 100.0, 'classify__max_iter': 2000, 'classify__n_jobs': 2, 'classify__penalty': 'l2', 'classify__random_state': 42, 'classify__solver': 'lbfgs', 'classify__tol': 0.0001, 'impute': None, 'select': SelectKBest(score_func=<function mutual_info_classif at 0x147da6670>), 'select__k': 11, 'transform': None}",,,,,,451,,,,,,451,,,,,,451
0.00023468335469563803,5.619579801452537e-07,0.0,0.0,SMOTE(random_state=42),100.0,2000,2,l2,42,lbfgs,0.0001,SimpleImputer(strategy='median'),SelectKBest(score_func=<function mutual_info_classif at 0x147da6670>),5,,"{'balance': SMOTE(random_state=42), 'classify__C': 100.0, 'classify__max_iter': 2000, 'classify__n_jobs': 2, 'classify__penalty': 'l2', 'classify__random_state': 42, 'classify__solver': 'lbfgs', 'classify__tol': 0.0001, 'impute': SimpleImputer(strategy='median'), 'select': SelectKBest(score_func=<function mutual_info_classif at 0x147da6670>), 'select__k': 5, 'transform': None}",,,,,,451,,,,,,451,,,,,,451
0.00016125043233235678,1.0257234148440146e-05,0.0,0.0,SMOTE(random_state=42),0.01,100,2,l2,42,lbfgs,1e-08,,SelectKBest(score_func=<function mutual_info_classif at 0x147da6670>),5,,"{'balance': SMOTE(random_state=42), 'classify__C': 0.01, 'classify__max_iter': 100, 'classify__n_jobs': 2, 'classify__penalty': 'l2', 'classify__random_state': 42, 'classify__solver': 'lbfgs', 'classify__tol': 1e-08, 'impute': None, 'select': SelectKBest(score_func=<function mutual_info_classif at 0x147da6670>), 'select__k': 5, 'transform': None}",,,,,,451,,,,,,451,,,,,,451
0.00024429957071940106,4.777634418865565e-06,0.0,0.0,SMOTE(random_state=42),100.0,2000,2,l2,42,lbfgs,1e-08,SimpleImputer(strategy='median'),SelectKBest(score_func=<function mutual_info_classif at 0x147da6670>),11,,"{'balance': SMOTE(random_state=42), 'classify__C': 100.0, 'classify__max_iter': 2000, 'classify__n_jobs': 2, 'classify__penalty': 'l2', 'classify__random_state': 42, 'classify__solver': 'lbfgs', 'classify__tol': 1e-08, 'impute': SimpleImputer(strategy='median'), 'select': SelectKBest(score_func=<function mutual_info_classif at 0x147da6670>), 'select__k': 11, 'transform': None}",,,,,,451,,,,,,451,,,,,,451
0.00024159749348958334,2.40265789951181e-06,0.0,0.0,SMOTE(random_state=42),100.0,1000,2,l2,42,lbfgs,1e-06,SimpleImputer(strategy='median'),SelectKBest(score_func=<function mutual_info_classif at 0x147da6670>),5,,"{'balance': SMOTE(random_state=42), 'classify__C': 100.0, 'classify__max_iter': 1000, 'classify__n_jobs': 2, 'classify__penalty': 'l2', 'classify__random_state': 42, 'classify__solver': 'lbfgs', 'classify__tol': 1e-06, 'impute': SimpleImputer(strategy='median'), 'select': SelectKBest(score_func=<function mutual_info_classif at 0x147da6670>), 'select__k': 5, 'transform': None}",,,,,,451,,,,,,451,,,,,,451
0.00015203158060709635,1.6556315943399795e-06,0.0,0.0,SMOTE(random_state=42),100.0,1000,2,l2,42,lbfgs,1e-06,,SelectKBest(score_func=<function mutual_info_classif at 0x147da6670>),11,,"{'balance': SMOTE(random_state=42), 'classify__C': 100.0, 'classify__max_iter': 1000, 'classify__n_jobs': 2, 'classify__penalty': 'l2', 'classify__random_state': 42, 'classify__solver': 'lbfgs', 'classify__tol': 1e-06, 'impute': None, 'select': SelectKBest(score_func=<function mutual_info_classif at 0x147da6670>), 'select__k': 11, 'transform': None}",,,,,,451,,,,,,451,,,,,,451
0.00015242894490559897,4.49566384116203e-07,0.0,0.0,SMOTE(random_state=42),100.0,1000,2,l2,42,lbfgs,1e-06,,SelectKBest(score_func=<function mutual_info_classif at 0x147da6670>),8,,"{'balance': SMOTE(random_state=42), 'classify__C': 100.0, 'classify__max_iter': 1000, 'classify__n_jobs': 2, 'classify__penalty': 'l2', 'classify__random_state': 42, 'classify__solver': 'lbfgs', 'classify__tol': 1e-06, 'impute': None, 'select': SelectKBest(score_func=<function mutual_info_classif at 0x147da6670>), 'select__k': 8, 'transform': None}",,,,,,451,,,,,,451,,,,,,451
0.00015362103780110678,4.052336624139774e-07,0.0,0.0,SMOTE(random_state=42),100.0,500,2,l2,42,lbfgs,1e-08,,SelectKBest(score_func=<function mutual_info_classif at 0x147da6670>),5,,"{'balance': SMOTE(random_state=42), 'classify__C': 100.0, 'classify__max_iter': 500, 'classify__n_jobs': 2, 'classify__penalty': 'l2', 'classify__random_state': 42, 'classify__solver': 'lbfgs', 'classify__tol': 1e-08, 'impute': None, 'select': SelectKBest(score_func=<function mutual_info_classif at 0x147da6670>), 'select__k': 5, 'transform': None}",,,,,,451,,,,,,451,,,,,,451
0.00015171368916829428,1.2961631163199815e-06,0.0,0.0,SMOTE(random_state=42),100.0,500,2,l2,42,lbfgs,1e-08,,SelectKBest(score_func=<function mutual_info_classif at 0x147da6670>),8,,"{'balance': SMOTE(random_state=42), 'classify__C': 100.0, 'classify__max_iter': 500, 'classify__n_jobs': 2, 'classify__penalty': 'l2', 'classify__random_state': 42, 'classify__solver': 'lbfgs', 'classify__tol': 1e-08, 'impute': None, 'select': SelectKBest(score_func=<function mutual_info_classif at 0x147da6670>), 'select__k': 8, 'transform': None}",,,,,,451,,,,,,451,,,,,,451
0.00015163421630859375,1.215700987241932e-06,0.0,0.0,SMOTE(random_state=42),100.0,500,2,l2,42,lbfgs,1e-08,,SelectKBest(score_func=<function mutual_info_classif at 0x147da6670>),11,,"{'balance': SMOTE(random_state=42), 'classify__C': 100.0, 'classify__max_iter': 500, 'classify__n_jobs': 2, 'classify__penalty': 'l2', 'classify__random_state': 42, 'classify__solver': 'lbfgs', 'classify__tol': 1e-08, 'impute': None, 'select': SelectKBest(score_func=<function mutual_info_classif at 0x147da6670>), 'select__k': 11, 'transform': None}",,,,,,451,,,,,,451,,,,,,451
0.0002456506093343099,5.458807869299062e-06,0.0,0.0,SMOTE(random_state=42),100.0,500,2,l2,42,lbfgs,1e-08,SimpleImputer(strategy='median'),SelectKBest(score_func=<function mutual_info_classif at 0x147da6670>),5,,"{'balance': SMOTE(random_state=42), 'classify__C': 100.0, 'classify__max_iter': 500, 'classify__n_jobs': 2, 'classify__penalty': 'l2', 'classify__random_state': 42, 'classify__solver': 'lbfgs', 'classify__tol': 1e-08, 'impute': SimpleImputer(strategy='median'), 'select': SelectKBest(score_func=<function mutual_info_classif at 0x147da6670>), 'select__k': 5, 'transform': None}",,,,,,451,,,,,,451,,,,,,451
0.00024310747782389322,3.4623179293937627e-06,0.0,0.0,SMOTE(random_state=42),100.0,500,2,l2,42,lbfgs,1e-08,SimpleImputer(strategy='median'),SelectKBest(score_func=<function mutual_info_classif at 0x147da6670>),8,,"{'balance': SMOTE(random_state=42), 'classify__C': 100.0, 'classify__max_iter': 500, 'classify__n_jobs': 2, 'classify__penalty': 'l2', 'classify__random_state': 42, 'classify__solver': 'lbfgs', 'classify__tol': 1e-08, 'impute': SimpleImputer(strategy='median'), 'select': SelectKBest(score_func=<function mutual_info_classif at 0x147da6670>), 'select__k': 8, 'transform': None}",,,,,,451,,,,,,451,,,,,,451
0.0002399285634358724,9.79807218387759e-07,0.0,0.0,SMOTE(random_state=42),100.0,500,2,l2,42,lbfgs,1e-08,SimpleImputer(strategy='median'),SelectKBest(score_func=<function mutual_info_classif at 0x147da6670>),11,,"{'balance': SMOTE(random_state=42), 'classify__C': 100.0, 'classify__max_iter': 500, 'classify__n_jobs': 2, 'classify__penalty': 'l2', 'classify__random_state': 42, 'classify__solver': 'lbfgs', 'classify__tol': 1e-08, 'impute': SimpleImputer(strategy='median'), 'select': SelectKBest(score_func=<function mutual_info_classif at 0x147da6670>), 'select__k': 11, 'transform': None}",,,,,,451,,,,,,451,,,,,,451
0.00015727678934733072,6.8059584509552765e-06,0.0,0.0,SMOTE(random_state=42),100.0,500,2,l2,42,lbfgs,1e-06,,SelectKBest(score_func=<function mutual_info_classif at 0x147da6670>),5,,"{'balance': SMOTE(random_state=42), 'classify__C': 100.0, 'classify__max_iter': 500, 'classify__n_jobs': 2, 'classify__penalty': 'l2', 'classify__random_state': 42, 'classify__solver': 'lbfgs', 'classify__tol': 1e-06, 'impute': None, 'select': SelectKBest(score_func=<function mutual_info_classif at 0x147da6670>), 'select__k': 5, 'transform': None}",,,,,,451,,,,,,451,,,,,,451
0.00015163421630859375,5.150429962800233e-07,0.0,0.0,SMOTE(random_state=42),100.0,500,2,l2,42,lbfgs,1e-06,,SelectKBest(score_func=<function mutual_info_classif at 0x147da6670>),8,,"{'balance': SMOTE(random_state=42), 'classify__C': 100.0, 'classify__max_iter': 500, 'classify__n_jobs': 2, 'classify__penalty': 'l2', 'classify__random_state': 42, 'classify__solver': 'lbfgs', 'classify__tol': 1e-06, 'impute': None, 'select': SelectKBest(score_func=<function mutual_info_classif at 0x147da6670>), 'select__k': 8, 'transform': None}",,,,,,451,,,,,,451,,,,,,451
0.0001513957977294922,8.485379419351666e-07,0.0,0.0,SMOTE(random_state=42),100.0,500,2,l2,42,lbfgs,1e-06,,SelectKBest(score_func=<function mutual_info_classif at 0x147da6670>),11,,"{'balance': SMOTE(random_state=42), 'classify__C': 100.0, 'classify__max_iter': 500, 'classify__n_jobs': 2, 'classify__penalty': 'l2', 'classify__random_state': 42, 'classify__solver': 'lbfgs', 'classify__tol': 1e-06, 'impute': None, 'select': SelectKBest(score_func=<function mutual_info_classif at 0x147da6670>), 'select__k': 11, 'transform': None}",,,,,,451,,,,,,451,,,,,,451
0.00024827321370442707,6.233428812385425e-06,0.0,0.0,SMOTE(random_state=42),100.0,500,2,l2,42,lbfgs,1e-06,SimpleImputer(strategy='median'),SelectKBest(score_func=<function mutual_info_classif at 0x147da6670>),5,,"{'balance': SMOTE(random_state=42), 'classify__C': 100.0, 'classify__max_iter': 500, 'classify__n_jobs': 2, 'classify__penalty': 'l2', 'classify__random_state': 42, 'classify__solver': 'lbfgs', 'classify__tol': 1e-06, 'impute': SimpleImputer(strategy='median'), 'select': SelectKBest(score_func=<function mutual_info_classif at 0x147da6670>), 'select__k': 5, 'transform': None}",,,,,,451,,,,,,451,,,,,,451
0.00024398167928059897,8.778064264605253e-07,0.0,0.0,SMOTE(random_state=42),100.0,500,2,l2,42,lbfgs,1e-06,SimpleImputer(strategy='median'),SelectKBest(score_func=<function mutual_info_classif at 0x147da6670>),8,,"{'balance': SMOTE(random_state=42), 'classify__C': 100.0, 'classify__max_iter': 500, 'classify__n_jobs': 2, 'classify__penalty': 'l2', 'classify__random_state': 42, 'classify__solver': 'lbfgs', 'classify__tol': 1e-06, 'impute': SimpleImputer(strategy='median'), 'select': SelectKBest(score_func=<function mutual_info_classif at 0x147da6670>), 'select__k': 8, 'transform': None}",,,,,,451,,,,,,451,,,,,,451
0.0002426306406656901,4.49566384116203e-07,0.0,0.0,SMOTE(random_state=42),100.0,500,2,l2,42,lbfgs,1e-06,SimpleImputer(strategy='median'),SelectKBest(score_func=<function mutual_info_classif at 0x147da6670>),11,,"{'balance': SMOTE(random_state=42), 'classify__C': 100.0, 'classify__max_iter': 500, 'classify__n_jobs': 2, 'classify__penalty': 'l2', 'classify__random_state': 42, 'classify__solver': 'lbfgs', 'classify__tol': 1e-06, 'impute': SimpleImputer(strategy='median'), 'select': SelectKBest(score_func=<function mutual_info_classif at 0x147da6670>), 'select__k': 11, 'transform': None}",,,,,,451,,,,,,451,,,,,,451
0.00015441576639811197,1.1734027115689436e-06,0.0,0.0,SMOTE(random_state=42),100.0,500,2,l2,42,lbfgs,0.0001,,SelectKBest(score_func=<function mutual_info_classif at 0x147da6670>),5,,"{'balance': SMOTE(random_state=42), 'classify__C': 100.0, 'classify__max_iter': 500, 'classify__n_jobs': 2, 'classify__penalty': 'l2', 'classify__random_state': 42, 'classify__solver': 'lbfgs', 'classify__tol': 0.0001, 'impute': None, 'select': SelectKBest(score_func=<function mutual_info_classif at 0x147da6670>), 'select__k': 5, 'transform': None}",,,,,,451,,,,,,451,,,,,,451
0.00015266736348470053,5.619579801452537e-07,0.0,0.0,SMOTE(random_state=42),100.0,500,2,l2,42,lbfgs,0.0001,,SelectKBest(score_func=<function mutual_info_classif at 0x147da6670>),8,,"{'balance': SMOTE(random_state=42), 'classify__C': 100.0, 'classify__max_iter': 500, 'classify__n_jobs': 2, 'classify__penalty': 'l2', 'classify__random_state': 42, 'classify__solver': 'lbfgs', 'classify__tol': 0.0001, 'impute': None, 'select': SelectKBest(score_func=<function mutual_info_classif at 0x147da6670>), 'select__k': 8, 'transform': None}",,,,,,451,,,,,,451,,,,,,451
0.00015322367350260416,2.063235439578242e-06,0.0,0.0,SMOTE(random_state=42),100.0,500,2,l2,42,lbfgs,0.0001,,SelectKBest(score_func=<function mutual_info_classif at 0x147da6670>),11,,"{'balance': SMOTE(random_state=42), 'classify__C': 100.0, 'classify__max_iter': 500, 'classify__n_jobs': 2, 'classify__penalty': 'l2', 'classify__random_state': 42, 'classify__solver': 'lbfgs', 'classify__tol': 0.0001, 'impute': None, 'select': SelectKBest(score_func=<function mutual_info_classif at 0x147da6670>), 'select__k': 11, 'transform': None}",,,,,,451,,,,,,451,,,,,,451
0.00024445851643880207,1.1894408501860113e-06,0.0,0.0,SMOTE(random_state=42),100.0,500,2,l2,42,lbfgs,0.0001,SimpleImputer(strategy='median'),SelectKBest(score_func=<function mutual_info_classif at 0x147da6670>),5,,"{'balance': SMOTE(random_state=42), 'classify__C': 100.0, 'classify__max_iter': 500, 'classify__n_jobs': 2, 'classify__penalty': 'l2', 'classify__random_state': 42, 'classify__solver': 'lbfgs', 'classify__tol': 0.0001, 'impute': SimpleImputer(strategy='median'), 'select': SelectKBest(score_func=<function mutual_info_classif at 0x147da6670>), 'select__k': 5, 'transform': None}",,,,,,451,,,,,,451,,,,,,451
0.00024334589640299478,1.2961631163199815e-06,0.0,0.0,SMOTE(random_state=42),100.0,500,2,l2,42,lbfgs,0.0001,SimpleImputer(strategy='median'),SelectKBest(score_func=<function mutual_info_classif at 0x147da6670>),8,,"{'balance': SMOTE(random_state=42), 'classify__C': 100.0, 'classify__max_iter': 500, 'classify__n_jobs': 2, 'classify__penalty': 'l2', 'classify__random_state': 42, 'classify__solver': 'lbfgs', 'classify__tol': 0.0001, 'impute': SimpleImputer(strategy='median'), 'select': SelectKBest(score_func=<function mutual_info_classif at 0x147da6670>), 'select__k': 8, 'transform': None}",,,,,,451,,,,,,451,,,,,,451
0.00024167696634928385,1.3810910540408108e-06,0.0,0.0,SMOTE(random_state=42),100.0,500,2,l2,42,lbfgs,0.0001,SimpleImputer(strategy='median'),SelectKBest(score_func=<function mutual_info_classif at 0x147da6670>),11,,"{'balance': SMOTE(random_state=42), 'classify__C': 100.0, 'classify__max_iter': 500, 'classify__n_jobs': 2, 'classify__penalty': 'l2', 'classify__random_state': 42, 'classify__solver': 'lbfgs', 'classify__tol': 0.0001, 'impute': SimpleImputer(strategy='median'), 'select': SelectKBest(score_func=<function mutual_info_classif at 0x147da6670>), 'select__k': 11, 'transform': None}",,,,,,451,,,,,,451,,,,,,451
0.0001579920450846354,6.305959836602965e-06,0.0,0.0,SMOTE(random_state=42),100.0,1000,2,l2,42,lbfgs,1e-08,,SelectKBest(score_func=<function mutual_info_classif at 0x147da6670>),5,,"{'balance': SMOTE(random_state=42), 'classify__C': 100.0, 'classify__max_iter': 1000, 'classify__n_jobs': 2, 'classify__penalty': 'l2', 'classify__random_state': 42, 'classify__solver': 'lbfgs', 'classify__tol': 1e-08, 'impute': None, 'select': SelectKBest(score_func=<function mutual_info_classif at 0x147da6670>), 'select__k': 5, 'transform': None}",,,,,,451,,,,,,451,,,,,,451
0.00015457471211751303,4.512491088415269e-06,0.0,0.0,SMOTE(random_state=42),100.0,1000,2,l2,42,lbfgs,1e-08,,SelectKBest(score_func=<function mutual_info_classif at 0x147da6670>),8,,"{'balance': SMOTE(random_state=42), 'classify__C': 100.0, 'classify__max_iter': 1000, 'classify__n_jobs': 2, 'classify__penalty': 'l2', 'classify__random_state': 42, 'classify__solver': 'lbfgs', 'classify__tol': 1e-08, 'impute': None, 'select': SelectKBest(score_func=<function mutual_info_classif at 0x147da6670>), 'select__k': 8, 'transform': None}",,,,,,451,,,,,,451,,,,,,451
0.00015838940938313803,6.230388362413927e-06,0.0,0.0,SMOTE(random_state=42),100.0,1000,2,l2,42,lbfgs,1e-08,,SelectKBest(score_func=<function mutual_info_classif at 0x147da6670>),11,,"{'balance': SMOTE(random_state=42), 'classify__C': 100.0, 'classify__max_iter': 1000, 'classify__n_jobs': 2, 'classify__penalty': 'l2', 'classify__random_state': 42, 'classify__solver': 'lbfgs', 'classify__tol': 1e-08, 'impute': None, 'select': SelectKBest(score_func=<function mutual_info_classif at 0x147da6670>), 'select__k': 11, 'transform': None}",,,,,,451,,,,,,451,,,,,,451
0.00025002161661783856,1.2032201457050536e-05,0.0,0.0,SMOTE(random_state=42),100.0,1000,2,l2,42,lbfgs,1e-08,SimpleImputer(strategy='median'),SelectKBest(score_func=<function mutual_info_classif at 0x147da6670>),5,,"{'balance': SMOTE(random_state=42), 'classify__C': 100.0, 'classify__max_iter': 1000, 'classify__n_jobs': 2, 'classify__penalty': 'l2', 'classify__random_state': 42, 'classify__solver': 'lbfgs', 'classify__tol': 1e-08, 'impute': SimpleImputer(strategy='median'), 'select': SelectKBest(score_func=<function mutual_info_classif at 0x147da6670>), 'select__k': 5, 'transform': None}",,,,,,451,,,,,,451,,,,,,451
0.00024239222208658853,1.7007934696700334e-06,0.0,0.0,SMOTE(random_state=42),100.0,1000,2,l2,42,lbfgs,1e-08,SimpleImputer(strategy='median'),SelectKBest(score_func=<function mutual_info_classif at 0x147da6670>),8,,"{'balance': SMOTE(random_state=42), 'classify__C': 100.0, 'classify__max_iter': 1000, 'classify__n_jobs': 2, 'classify__penalty': 'l2', 'classify__random_state': 42, 'classify__solver': 'lbfgs', 'classify__tol': 1e-08, 'impute': SimpleImputer(strategy='median'), 'select': SelectKBest(score_func=<function mutual_info_classif at 0x147da6670>), 'select__k': 8, 'transform': None}",,,,,,451,,,,,,451,,,,,,451
0.00024271011352539062,1.215700987241932e-06,0.0,0.0,SMOTE(random_state=42),100.0,1000,2,l2,42,lbfgs,1e-08,SimpleImputer(strategy='median'),SelectKBest(score_func=<function mutual_info_classif at 0x147da6670>),11,,"{'balance': SMOTE(random_state=42), 'classify__C': 100.0, 'classify__max_iter': 1000, 'classify__n_jobs': 2, 'classify__penalty': 'l2', 'classify__random_state': 42, 'classify__solver': 'lbfgs', 'classify__tol': 1e-08, 'impute': SimpleImputer(strategy='median'), 'select': SelectKBest(score_func=<function mutual_info_classif at 0x147da6670>), 'select__k': 11, 'transform': None}",,,,,,451,,,,,,451,,,,,,451
0.00015203158060709635,1.1239159602905075e-07,0.0,0.0,SMOTE(random_state=42),100.0,1000,2,l2,42,lbfgs,1e-06,,SelectKBest(score_func=<function mutual_info_classif at 0x147da6670>),5,,"{'balance': SMOTE(random_state=42), 'classify__C': 100.0, 'classify__max_iter': 1000, 'classify__n_jobs': 2, 'classify__penalty': 'l2', 'classify__random_state': 42, 'classify__solver': 'lbfgs', 'classify__tol': 1e-06, 'impute': None, 'select': SelectKBest(score_func=<function mutual_info_classif at 0x147da6670>), 'select__k': 5, 'transform': None}",,,,,,451,,,,,,451,,,,,,451
0.00024700164794921875,6.6955589516403024e-06,0.0,0.0,SMOTE(random_state=42),10.0,1000,2,l2,42,lbfgs,0.0001,SimpleImputer(strategy='median'),SelectKBest(score_func=<function mutual_info_classif at 0x147da6670>),5,,"{'balance': SMOTE(random_state=42), 'classify__C': 10.0, 'classify__max_iter': 1000, 'classify__n_jobs': 2, 'classify__penalty': 'l2', 'classify__random_state': 42, 'classify__solver': 'lbfgs', 'classify__tol': 0.0001, 'impute': SimpleImputer(strategy='median'), 'select': SelectKBest(score_func=<function mutual_info_classif at 0x147da6670>), 'select__k': 5, 'transform': None}",,,,,,451,,,,,,451,,,,,,451
0.00015775362650553385,7.3158209946092336e-06,0.0,0.0,SMOTE(random_state=42),1.0,500,2,l2,42,lbfgs,1e-06,,SelectKBest(score_func=<function mutual_info_classif at 0x147da6670>),11,,"{'balance': SMOTE(random_state=42), 'classify__C': 1.0, 'classify__max_iter': 500, 'classify__n_jobs': 2, 'classify__penalty': 'l2', 'classify__random_state': 42, 'classify__solver': 'lbfgs', 'classify__tol': 1e-06, 'impute': None, 'select': SelectKBest(score_func=<function mutual_info_classif at 0x147da6670>), 'select__k': 11, 'transform': None}",,,,,,451,,,,,,451,,,,,,451
0.00015155474344889322,2.9736021254650284e-07,0.0,0.0,SMOTE(random_state=42),10.0,1000,2,l2,42,lbfgs,0.0001,,SelectKBest(score_func=<function mutual_info_classif at 0x147da6670>),11,,"{'balance': SMOTE(random_state=42), 'classify__C': 10.0, 'classify__max_iter': 1000, 'classify__n_jobs': 2, 'classify__penalty': 'l2', 'classify__random_state': 42, 'classify__solver': 'lbfgs', 'classify__tol': 0.0001, 'impute': None, 'select': SelectKBest(score_func=<function mutual_info_classif at 0x147da6670>), 'select__k': 11, 'transform': None}",,,,,,451,,,,,,451,,,,,,451
0.00015195210774739584,6.836513890459241e-07,0.0,0.0,SMOTE(random_state=42),10.0,1000,2,l2,42,lbfgs,0.0001,,SelectKBest(score_func=<function mutual_info_classif at 0x147da6670>),5,,"{'balance': SMOTE(random_state=42), 'classify__C': 10.0, 'classify__max_iter': 1000, 'classify__n_jobs': 2, 'classify__penalty': 'l2', 'classify__random_state': 42, 'classify__solver': 'lbfgs', 'classify__tol': 0.0001, 'impute': None, 'select': SelectKBest(score_func=<function mutual_info_classif at 0x147da6670>), 'select__k': 5, 'transform': None}",,,,,,451,,,,,,451,,,,,,451
0.00024302800496419272,6.836513890459241e-07,0.0,0.0,SMOTE(random_state=42),1.0,2000,2,l2,42,lbfgs,1e-08,SimpleImputer(strategy='median'),SelectKBest(score_func=<function mutual_info_classif at 0x147da6670>),5,,"{'balance': SMOTE(random_state=42), 'classify__C': 1.0, 'classify__max_iter': 2000, 'classify__n_jobs': 2, 'classify__penalty': 'l2', 'classify__random_state': 42, 'classify__solver': 'lbfgs', 'classify__tol': 1e-08, 'impute': SimpleImputer(strategy='median'), 'select': SelectKBest(score_func=<function mutual_info_classif at 0x147da6670>), 'select__k': 5, 'transform': None}",,,,,,451,,,,,,451,,,,,,451
0.00024819374084472656,8.357129529548176e-06,0.0,0.0,SMOTE(random_state=42),1.0,2000,2,l2,42,lbfgs,1e-08,SimpleImputer(strategy='median'),SelectKBest(score_func=<function mutual_info_classif at 0x147da6670>),8,,"{'balance': SMOTE(random_state=42), 'classify__C': 1.0, 'classify__max_iter': 2000, 'classify__n_jobs': 2, 'classify__penalty': 'l2', 'classify__random_state': 42, 'classify__solver': 'lbfgs', 'classify__tol': 1e-08, 'impute': SimpleImputer(strategy='median'), 'select': SelectKBest(score_func=<function mutual_info_classif at 0x147da6670>), 'select__k': 8, 'transform': None}",,,,,,451,,,,,,451,,,,,,451
0.00024231274922688803,7.370009816086851e-07,0.0,0.0,SMOTE(random_state=42),1.0,2000,2,l2,42,lbfgs,1e-08,SimpleImputer(strategy='median'),SelectKBest(score_func=<function mutual_info_classif at 0x147da6670>),11,,"{'balance': SMOTE(random_state=42), 'classify__C': 1.0, 'classify__max_iter': 2000, 'classify__n_jobs': 2, 'classify__penalty': 'l2', 'classify__random_state': 42, 'classify__solver': 'lbfgs', 'classify__tol': 1e-08, 'impute': SimpleImputer(strategy='median'), 'select': SelectKBest(score_func=<function mutual_info_classif at 0x147da6670>), 'select__k': 11, 'transform': None}",,,,,,451,,,,,,451,,,,,,451
0.000152587890625,8.485379419351666e-07,0.0,0.0,SMOTE(random_state=42),1.0,2000,2,l2,42,lbfgs,1e-06,,SelectKBest(score_func=<function mutual_info_classif at 0x147da6670>),5,,"{'balance': SMOTE(random_state=42), 'classify__C': 1.0, 'classify__max_iter': 2000, 'classify__n_jobs': 2, 'classify__penalty': 'l2', 'classify__random_state': 42, 'classify__solver': 'lbfgs', 'classify__tol': 1e-06, 'impute': None, 'select': SelectKBest(score_func=<function mutual_info_classif at 0x147da6670>), 'select__k': 5, 'transform': None}",,,,,,451,,,,,,451,,,,,,451
0.00015234947204589844,5.150429962800233e-07,0.0,0.0,SMOTE(random_state=42),1.0,2000,2,l2,42,lbfgs,1e-06,,SelectKBest(score_func=<function mutual_info_classif at 0x147da6670>),8,,"{'balance': SMOTE(random_state=42), 'classify__C': 1.0, 'classify__max_iter': 2000, 'classify__n_jobs': 2, 'classify__penalty': 'l2', 'classify__random_state': 42, 'classify__solver': 'lbfgs', 'classify__tol': 1e-06, 'impute': None, 'select': SelectKBest(score_func=<function mutual_info_classif at 0x147da6670>), 'select__k': 8, 'transform': None}",,,,,,451,,,,,,451,,,,,,451
0.0001513957977294922,1.0115243642614567e-06,0.0,0.0,SMOTE(random_state=42),1.0,2000,2,l2,42,lbfgs,1e-06,,SelectKBest(score_func=<function mutual_info_classif at 0x147da6670>),11,,"{'balance': SMOTE(random_state=42), 'classify__C': 1.0, 'classify__max_iter': 2000, 'classify__n_jobs': 2, 'classify__penalty': 'l2', 'classify__random_state': 42, 'classify__solver': 'lbfgs', 'classify__tol': 1e-06, 'impute': None, 'select': SelectKBest(score_func=<function mutual_info_classif at 0x147da6670>), 'select__k': 11, 'transform': None}",,,,,,451,,,,,,451,,,,,,451
0.00024167696634928385,6.25769923052137e-07,0.0,0.0,SMOTE(random_state=42),1.0,2000,2,l2,42,lbfgs,1e-06,SimpleImputer(strategy='median'),SelectKBest(score_func=<function mutual_info_classif at 0x147da6670>),5,,"{'balance': SMOTE(random_state=42), 'classify__C': 1.0, 'classify__max_iter': 2000, 'classify__n_jobs': 2, 'classify__penalty': 'l2', 'classify__random_state': 42, 'classify__solver': 'lbfgs', 'classify__tol': 1e-06, 'impute': SimpleImputer(strategy='median'), 'select': SelectKBest(score_func=<function mutual_info_classif at 0x147da6670>), 'select__k': 5, 'transform': None}",,,,,,451,,,,,,451,,,,,,451
0.00024739901224772137,6.187665195408417e-06,0.0,0.0,SMOTE(random_state=42),1.0,2000,2,l2,42,lbfgs,1e-06,SimpleImputer(strategy='median'),SelectKBest(score_func=<function mutual_info_classif at 0x147da6670>),8,,"{'balance': SMOTE(random_state=42), 'classify__C': 1.0, 'classify__max_iter': 2000, 'classify__n_jobs': 2, 'classify__penalty': 'l2', 'classify__random_state': 42, 'classify__solver': 'lbfgs', 'classify__tol': 1e-06, 'impute': SimpleImputer(strategy='median'), 'select': SelectKBest(score_func=<function mutual_info_classif at 0x147da6670>), 'select__k': 8, 'transform': None}",,,,,,451,,,,,,451,,,,,,451
0.0002434253692626953,6.743495761743046e-07,0.0,0.0,SMOTE(random_state=42),1.0,2000,2,l2,42,lbfgs,1e-06,SimpleImputer(strategy='median'),SelectKBest(score_func=<function mutual_info_classif at 0x147da6670>),11,,"{'balance': SMOTE(random_state=42), 'classify__C': 1.0, 'classify__max_iter': 2000, 'classify__n_jobs': 2, 'classify__penalty': 'l2', 'classify__random_state': 42, 'classify__solver': 'lbfgs', 'classify__tol': 1e-06, 'impute': SimpleImputer(strategy='median'), 'select': SelectKBest(score_func=<function mutual_info_classif at 0x147da6670>), 'select__k': 11, 'transform': None}",,,,,,451,,,,,,451,,,,,,451
0.00016164779663085938,7.327897585063306e-06,0.0,0.0,SMOTE(random_state=42),1.0,2000,2,l2,42,lbfgs,0.0001,,SelectKBest(score_func=<function mutual_info_classif at 0x147da6670>),5,,"{'balance': SMOTE(random_state=42), 'classify__C': 1.0, 'classify__max_iter': 2000, 'classify__n_jobs': 2, 'classify__penalty': 'l2', 'classify__random_state': 42, 'classify__solver': 'lbfgs', 'classify__tol': 0.0001, 'impute': None, 'select': SelectKBest(score_func=<function mutual_info_classif at 0x147da6670>), 'select__k': 5, 'transform': None}",,,,,,451,,,,,,451,,,,,,451
0.00015346209208170572,1.1734027115689438e-06,0.0,0.0,SMOTE(random_state=42),1.0,2000,2,l2,42,lbfgs,0.0001,,SelectKBest(score_func=<function mutual_info_classif at 0x147da6670>),8,,"{'balance': SMOTE(random_state=42), 'classify__C': 1.0, 'classify__max_iter': 2000, 'classify__n_jobs': 2, 'classify__penalty': 'l2', 'classify__random_state': 42, 'classify__solver': 'lbfgs', 'classify__tol': 0.0001, 'impute': None, 'select': SelectKBest(score_func=<function mutual_info_classif at 0x147da6670>), 'select__k': 8, 'transform': None}",,,,,,451,,,,,,451,,,,,,451
0.00015195210774739584,8.778064264605253e-07,0.0,0.0,SMOTE(random_state=42),1.0,2000,2,l2,42,lbfgs,1e-08,,SelectKBest(score_func=<function mutual_info_classif at 0x147da6670>),11,,"{'balance': SMOTE(random_state=42), 'classify__C': 1.0, 'classify__max_iter': 2000, 'classify__n_jobs': 2, 'classify__penalty': 'l2', 'classify__random_state': 42, 'classify__solver': 'lbfgs', 'classify__tol': 1e-08, 'impute': None, 'select': SelectKBest(score_func=<function mutual_info_classif at 0x147da6670>), 'select__k': 11, 'transform': None}",,,,,,451,,,,,,451,,,,,,451
0.00015362103780110678,4.052336624139774e-07,0.0,0.0,SMOTE(random_state=42),1.0,2000,2,l2,42,lbfgs,0.0001,,SelectKBest(score_func=<function mutual_info_classif at 0x147da6670>),11,,"{'balance': SMOTE(random_state=42), 'classify__C': 1.0, 'classify__max_iter': 2000, 'classify__n_jobs': 2, 'classify__penalty': 'l2', 'classify__random_state': 42, 'classify__solver': 'lbfgs', 'classify__tol': 0.0001, 'impute': None, 'select': SelectKBest(score_func=<function mutual_info_classif at 0x147da6670>), 'select__k': 11, 'transform': None}",,,,,,451,,,,,,451,,,,,,451
0.00024429957071940106,2.063235439578242e-06,0.0,0.0,SMOTE(random_state=42),1.0,2000,2,l2,42,lbfgs,0.0001,SimpleImputer(strategy='median'),SelectKBest(score_func=<function mutual_info_classif at 0x147da6670>),8,,"{'balance': SMOTE(random_state=42), 'classify__C': 1.0, 'classify__max_iter': 2000, 'classify__n_jobs': 2, 'classify__penalty': 'l2', 'classify__random_state': 42, 'classify__solver': 'lbfgs', 'classify__tol': 0.0001, 'impute': SimpleImputer(strategy='median'), 'select': SelectKBest(score_func=<function mutual_info_classif at 0x147da6670>), 'select__k': 8, 'transform': None}",,,,,,451,,,,,,451,,,,,,451
0.0002485911051432292,9.537405414899314e-06,0.0,0.0,SMOTE(random_state=42),1.0,2000,2,l2,42,lbfgs,0.0001,SimpleImputer(strategy='median'),SelectKBest(score_func=<function mutual_info_classif at 0x147da6670>),11,,"{'balance': SMOTE(random_state=42), 'classify__C': 1.0, 'classify__max_iter': 2000, 'classify__n_jobs': 2, 'classify__penalty': 'l2', 'classify__random_state': 42, 'classify__solver': 'lbfgs', 'classify__tol': 0.0001, 'impute': SimpleImputer(strategy='median'), 'select': SelectKBest(score_func=<function mutual_info_classif at 0x147da6670>), 'select__k': 11, 'transform': None}",,,,,,451,,,,,,451,,,,,,451
0.00015282630920410156,1.0115243642614567e-06,0.0,0.0,SMOTE(random_state=42),10.0,100,2,l2,42,lbfgs,1e-08,,SelectKBest(score_func=<function mutual_info_classif at 0x147da6670>),5,,"{'balance': SMOTE(random_state=42), 'classify__C': 10.0, 'classify__max_iter': 100, 'classify__n_jobs': 2, 'classify__penalty': 'l2', 'classify__random_state': 42, 'classify__solver': 'lbfgs', 'classify__tol': 1e-08, 'impute': None, 'select': SelectKBest(score_func=<function mutual_info_classif at 0x147da6670>), 'select__k': 5, 'transform': None}",,,,,,451,,,,,,451,,,,,,451
0.00015401840209960938,3.7596626830148286e-06,0.0,0.0,SMOTE(random_state=42),10.0,100,2,l2,42,lbfgs,1e-08,,SelectKBest(score_func=<function mutual_info_classif at 0x147da6670>),8,,"{'balance': SMOTE(random_state=42), 'classify__C': 10.0, 'classify__max_iter': 100, 'classify__n_jobs': 2, 'classify__penalty': 'l2', 'classify__random_state': 42, 'classify__solver': 'lbfgs', 'classify__tol': 1e-08, 'impute': None, 'select': SelectKBest(score_func=<function mutual_info_classif at 0x147da6670>), 'select__k': 8, 'transform': None}",,,,,,451,,,,,,451,,,,,,451
0.00015338261922200522,3.429325264357156e-06,0.0,0.0,SMOTE(random_state=42),10.0,100,2,l2,42,lbfgs,1e-08,,SelectKBest(score_func=<function mutual_info_classif at 0x147da6670>),11,,"{'balance': SMOTE(random_state=42), 'classify__C': 10.0, 'classify__max_iter': 100, 'classify__n_jobs': 2, 'classify__penalty': 'l2', 'classify__random_state': 42, 'classify__solver': 'lbfgs', 'classify__tol': 1e-08, 'impute': None, 'select': SelectKBest(score_func=<function mutual_info_classif at 0x147da6670>), 'select__k': 11, 'transform': None}",,,,,,451,,,,,,451,,,,,,451
0.0002471605936686198,3.259356284842472e-06,0.0,0.0,SMOTE(random_state=42),10.0,100,2,l2,42,lbfgs,1e-08,SimpleImputer(strategy='median'),SelectKBest(score_func=<function mutual_info_classif at 0x147da6670>),5,,"{'balance': SMOTE(random_state=42), 'classify__C': 10.0, 'classify__max_iter': 100, 'classify__n_jobs': 2, 'classify__penalty': 'l2', 'classify__random_state': 42, 'classify__solver': 'lbfgs', 'classify__tol': 1e-08, 'impute': SimpleImputer(strategy='median'), 'select': SelectKBest(score_func=<function mutual_info_classif at 0x147da6670>), 'select__k': 5, 'transform': None}",,,,,,451,,,,,,451,,,,,,451
0.00024406115214029947,6.836513890459241e-07,0.0,0.0,SMOTE(random_state=42),10.0,100,2,l2,42,lbfgs,1e-08,SimpleImputer(strategy='median'),SelectKBest(score_func=<function mutual_info_classif at 0x147da6670>),8,,"{'balance': SMOTE(random_state=42), 'classify__C': 10.0, 'classify__max_iter': 100, 'classify__n_jobs': 2, 'classify__penalty': 'l2', 'classify__random_state': 42, 'classify__solver': 'lbfgs', 'classify__tol': 1e-08, 'impute': SimpleImputer(strategy='median'), 'select': SelectKBest(score_func=<function mutual_info_classif at 0x147da6670>), 'select__k': 8, 'transform': None}",,,,,,451,,,,,,451,,,,,,451
0.00024175643920898438,3.8933590933214475e-07,0.0,0.0,SMOTE(random_state=42),10.0,100,2,l2,42,lbfgs,1e-08,SimpleImputer(strategy='median'),SelectKBest(score_func=<function mutual_info_classif at 0x147da6670>),11,,"{'balance': SMOTE(random_state=42), 'classify__C': 10.0, 'classify__max_iter': 100, 'classify__n_jobs': 2, 'classify__penalty': 'l2', 'classify__random_state': 42, 'classify__solver': 'lbfgs', 'classify__tol': 1e-08, 'impute': SimpleImputer(strategy='median'), 'select': SelectKBest(score_func=<function mutual_info_classif at 0x147da6670>), 'select__k': 11, 'transform': None}",,,,,,451,,,,,,451,,,,,,451
0.00015354156494140625,5.150429962800233e-07,0.0,0.0,SMOTE(random_state=42),10.0,100,2,l2,42,lbfgs,1e-06,,SelectKBest(score_func=<function mutual_info_classif at 0x147da6670>),5,,"{'balance': SMOTE(random_state=42), 'classify__C': 10.0, 'classify__max_iter': 100, 'classify__n_jobs': 2, 'classify__penalty': 'l2', 'classify__random_state': 42, 'classify__solver': 'lbfgs', 'classify__tol': 1e-06, 'impute': None, 'select': SelectKBest(score_func=<function mutual_info_classif at 0x147da6670>), 'select__k': 5, 'transform': None}",,,,,,451,,,,,,451,,,,,,451
0.00015242894490559897,4.49566384116203e-07,0.0,0.0,SMOTE(random_state=42),10.0,100,2,l2,42,lbfgs,1e-06,,SelectKBest(score_func=<function mutual_info_classif at 0x147da6670>),8,,"{'balance': SMOTE(random_state=42), 'classify__C': 10.0, 'classify__max_iter': 100, 'classify__n_jobs': 2, 'classify__penalty': 'l2', 'classify__random_state': 42, 'classify__solver': 'lbfgs', 'classify__tol': 1e-06, 'impute': None, 'select': SelectKBest(score_func=<function mutual_info_classif at 0x147da6670>), 'select__k': 8, 'transform': None}",,,,,,451,,,,,,451,,,,,,451
0.0001540978749593099,2.9156901562760897e-06,0.0,0.0,SMOTE(random_state=42),10.0,100,2,l2,42,lbfgs,1e-06,,SelectKBest(score_func=<function mutual_info_classif at 0x147da6670>),11,,"{'balance': SMOTE(random_state=42), 'classify__C': 10.0, 'classify__max_iter': 100, 'classify__n_jobs': 2, 'classify__penalty': 'l2', 'classify__random_state': 42, 'classify__solver': 'lbfgs', 'classify__tol': 1e-06, 'impute': None, 'select': SelectKBest(score_func=<function mutual_info_classif at 0x147da6670>), 'select__k': 11, 'transform': None}",,,,,,451,,,,,,451,,,,,,451
0.0002446174621582031,2.3602235166100658e-06,0.0,0.0,SMOTE(random_state=42),1.0,2000,2,l2,42,lbfgs,0.0001,SimpleImputer(strategy='median'),SelectKBest(score_func=<function mutual_info_classif at 0x147da6670>),5,,"{'balance': SMOTE(random_state=42), 'classify__C': 1.0, 'classify__max_iter': 2000, 'classify__n_jobs': 2, 'classify__penalty': 'l2', 'classify__random_state': 42, 'classify__solver': 'lbfgs', 'classify__tol': 0.0001, 'impute': SimpleImputer(strategy='median'), 'select': SelectKBest(score_func=<function mutual_info_classif at 0x147da6670>), 'select__k': 5, 'transform': None}",,,,,,451,,,,,,451,,,,,,451
0.00024429957071940106,5.619579801452538e-07,0.0,0.0,SMOTE(random_state=42),10.0,100,2,l2,42,lbfgs,1e-06,SimpleImputer(strategy='median'),SelectKBest(score_func=<function mutual_info_classif at 0x147da6670>),5,,"{'balance': SMOTE(random_state=42), 'classify__C': 10.0, 'classify__max_iter': 100, 'classify__n_jobs': 2, 'classify__penalty': 'l2', 'classify__random_state': 42, 'classify__solver': 'lbfgs', 'classify__tol': 1e-06, 'impute': SimpleImputer(strategy='median'), 'select': SelectKBest(score_func=<function mutual_info_classif at 0x147da6670>), 'select__k': 5, 'transform': None}",,,,,,451,,,,,,451,,,,,,451
0.00015203158060709635,1.1239159602905075e-07,0.0,0.0,SMOTE(random_state=42),1.0,2000,2,l2,42,lbfgs,1e-08,,SelectKBest(score_func=<function mutual_info_classif at 0x147da6670>),8,,"{'balance': SMOTE(random_state=42), 'classify__C': 1.0, 'classify__max_iter': 2000, 'classify__n_jobs': 2, 'classify__penalty': 'l2', 'classify__random_state': 42, 'classify__solver': 'lbfgs', 'classify__tol': 1e-08, 'impute': None, 'select': SelectKBest(score_func=<function mutual_info_classif at 0x147da6670>), 'select__k': 8, 'transform': None}",,,,,,451,,,,,,451,,,,,,451
0.0002460479736328125,4.897746702235732e-06,0.0,0.0,SMOTE(random_state=42),1.0,1000,2,l2,42,lbfgs,0.0001,SimpleImputer(strategy='median'),SelectKBest(score_func=<function mutual_info_classif at 0x147da6670>),11,,"{'balance': SMOTE(random_state=42), 'classify__C': 1.0, 'classify__max_iter': 1000, 'classify__n_jobs': 2, 'classify__penalty': 'l2', 'classify__random_state': 42, 'classify__solver': 'lbfgs', 'classify__tol': 0.0001, 'impute': SimpleImputer(strategy='median'), 'select': SelectKBest(score_func=<function mutual_info_classif at 0x147da6670>), 'select__k': 11, 'transform': None}",,,,,,451,,,,,,451,,,,,,451
0.00024231274922688803,2.08152148782552e-06,0.0,0.0,SMOTE(random_state=42),1.0,500,2,l2,42,lbfgs,1e-06,SimpleImputer(strategy='median'),SelectKBest(score_func=<function mutual_info_classif at 0x147da6670>),8,,"{'balance': SMOTE(random_state=42), 'classify__C': 1.0, 'classify__max_iter': 500, 'classify__n_jobs': 2, 'classify__penalty': 'l2', 'classify__random_state': 42, 'classify__solver': 'lbfgs', 'classify__tol': 1e-06, 'impute': SimpleImputer(strategy='median'), 'select': SelectKBest(score_func=<function mutual_info_classif at 0x147da6670>), 'select__k': 8, 'transform': None}",,,,,,451,,,,,,451,,,,,,451
0.0002396106719970703,5.150429962800233e-07,0.0,0.0,SMOTE(random_state=42),1.0,500,2,l2,42,lbfgs,1e-06,SimpleImputer(strategy='median'),SelectKBest(score_func=<function mutual_info_classif at 0x147da6670>),11,,"{'balance': SMOTE(random_state=42), 'classify__C': 1.0, 'classify__max_iter': 500, 'classify__n_jobs': 2, 'classify__penalty': 'l2', 'classify__random_state': 42, 'classify__solver': 'lbfgs', 'classify__tol': 1e-06, 'impute': SimpleImputer(strategy='median'), 'select': SelectKBest(score_func=<function mutual_info_classif at 0x147da6670>), 'select__k': 11, 'transform': None}",,,,,,451,,,,,,451,,,,,,451
0.00015179316202799478,4.49566384116203e-07,0.0,0.0,SMOTE(random_state=42),1.0,500,2,l2,42,lbfgs,0.0001,,SelectKBest(score_func=<function mutual_info_classif at 0x147da6670>),5,,"{'balance': SMOTE(random_state=42), 'classify__C': 1.0, 'classify__max_iter': 500, 'classify__n_jobs': 2, 'classify__penalty': 'l2', 'classify__random_state': 42, 'classify__solver': 'lbfgs', 'classify__tol': 0.0001, 'impute': None, 'select': SelectKBest(score_func=<function mutual_info_classif at 0x147da6670>), 'select__k': 5, 'transform': None}",,,,,,451,,,,,,451,,,,,,451
0.00015886624654134115,1.0012318768834191e-05,0.0,0.0,SMOTE(random_state=42),1.0,500,2,l2,42,lbfgs,0.0001,,SelectKBest(score_func=<function mutual_info_classif at 0x147da6670>),8,,"{'balance': SMOTE(random_state=42), 'classify__C': 1.0, 'classify__max_iter': 500, 'classify__n_jobs': 2, 'classify__penalty': 'l2', 'classify__random_state': 42, 'classify__solver': 'lbfgs', 'classify__tol': 0.0001, 'impute': None, 'select': SelectKBest(score_func=<function mutual_info_classif at 0x147da6670>), 'select__k': 8, 'transform': None}",,,,,,451,,,,,,451,,,,,,451
0.00015719731648763022,7.5302369339464005e-06,0.0,0.0,SMOTE(random_state=42),1.0,500,2,l2,42,lbfgs,0.0001,,SelectKBest(score_func=<function mutual_info_classif at 0x147da6670>),11,,"{'balance': SMOTE(random_state=42), 'classify__C': 1.0, 'classify__max_iter': 500, 'classify__n_jobs': 2, 'classify__penalty': 'l2', 'classify__random_state': 42, 'classify__solver': 'lbfgs', 'classify__tol': 0.0001, 'impute': None, 'select': SelectKBest(score_func=<function mutual_info_classif at 0x147da6670>), 'select__k': 11, 'transform': None}",,,,,,451,,,,,,451,,,,,,451
0.00024827321370442707,6.1815377815977916e-06,0.0,0.0,SMOTE(random_state=42),1.0,500,2,l2,42,lbfgs,0.0001,SimpleImputer(strategy='median'),SelectKBest(score_func=<function mutual_info_classif at 0x147da6670>),5,,"{'balance': SMOTE(random_state=42), 'classify__C': 1.0, 'classify__max_iter': 500, 'classify__n_jobs': 2, 'classify__penalty': 'l2', 'classify__random_state': 42, 'classify__solver': 'lbfgs', 'classify__tol': 0.0001, 'impute': SimpleImputer(strategy='median'), 'select': SelectKBest(score_func=<function mutual_info_classif at 0x147da6670>), 'select__k': 5, 'transform': None}",,,,,,451,,,,,,451,,,,,,451
0.00024239222208658853,1.4868010627325145e-06,0.0,0.0,SMOTE(random_state=42),1.0,500,2,l2,42,lbfgs,0.0001,SimpleImputer(strategy='median'),SelectKBest(score_func=<function mutual_info_classif at 0x147da6670>),8,,"{'balance': SMOTE(random_state=42), 'classify__C': 1.0, 'classify__max_iter': 500, 'classify__n_jobs': 2, 'classify__penalty': 'l2', 'classify__random_state': 42, 'classify__solver': 'lbfgs', 'classify__tol': 0.0001, 'impute': SimpleImputer(strategy='median'), 'select': SelectKBest(score_func=<function mutual_info_classif at 0x147da6670>), 'select__k': 8, 'transform': None}",,,,,,451,,,,,,451,,,,,,451
0.00024231274922688803,1.798265536464812e-06,0.0,0.0,SMOTE(random_state=42),1.0,500,2,l2,42,lbfgs,0.0001,SimpleImputer(strategy='median'),SelectKBest(score_func=<function mutual_info_classif at 0x147da6670>),11,,"{'balance': SMOTE(random_state=42), 'classify__C': 1.0, 'classify__max_iter': 500, 'classify__n_jobs': 2, 'classify__penalty': 'l2', 'classify__random_state': 42, 'classify__solver': 'lbfgs', 'classify__tol': 0.0001, 'impute': SimpleImputer(strategy='median'), 'select': SelectKBest(score_func=<function mutual_info_classif at 0x147da6670>), 'select__k': 11, 'transform': None}",,,,,,451,,,,,,451,,,,,,451
0.0001521905263264974,4.49566384116203e-07,0.0,0.0,SMOTE(random_state=42),1.0,1000,2,l2,42,lbfgs,1e-08,,SelectKBest(score_func=<function mutual_info_classif at 0x147da6670>),5,,"{'balance': SMOTE(random_state=42), 'classify__C': 1.0, 'classify__max_iter': 1000, 'classify__n_jobs': 2, 'classify__penalty': 'l2', 'classify__random_state': 42, 'classify__solver': 'lbfgs', 'classify__tol': 1e-08, 'impute': None, 'select': SelectKBest(score_func=<function mutual_info_classif at 0x147da6670>), 'select__k': 5, 'transform': None}",,,,,,451,,,,,,451,,,,,,451
0.00015203158060709635,1.1239159602905075e-07,0.0,0.0,SMOTE(random_state=42),1.0,1000,2,l2,42,lbfgs,1e-08,,SelectKBest(score_func=<function mutual_info_classif at 0x147da6670>),8,,"{'balance': SMOTE(random_state=42), 'classify__C': 1.0, 'classify__max_iter': 1000, 'classify__n_jobs': 2, 'classify__penalty': 'l2', 'classify__random_state': 42, 'classify__solver': 'lbfgs', 'classify__tol': 1e-08, 'impute': None, 'select': SelectKBest(score_func=<function mutual_info_classif at 0x147da6670>), 'select__k': 8, 'transform': None}",,,,,,451,,,,,,451,,,,,,451
0.00015211105346679688,8.920806376395086e-07,0.0,0.0,SMOTE(random_state=42),1.0,1000,2,l2,42,lbfgs,1e-08,,SelectKBest(score_func=<function mutual_info_classif at 0x147da6670>),11,,"{'balance': SMOTE(random_state=42), 'classify__C': 1.0, 'classify__max_iter': 1000, 'classify__n_jobs': 2, 'classify__penalty': 'l2', 'classify__random_state': 42, 'classify__solver': 'lbfgs', 'classify__tol': 1e-08, 'impute': None, 'select': SelectKBest(score_func=<function mutual_info_classif at 0x147da6670>), 'select__k': 11, 'transform': None}",,,,,,451,,,,,,451,,,,,,451
0.00015370051066080728,1.1894408501860113e-06,0.0,0.0,SMOTE(random_state=42),1.0,2000,2,l2,42,lbfgs,1e-08,,SelectKBest(score_func=<function mutual_info_classif at 0x147da6670>),5,,"{'balance': SMOTE(random_state=42), 'classify__C': 1.0, 'classify__max_iter': 2000, 'classify__n_jobs': 2, 'classify__penalty': 'l2', 'classify__random_state': 42, 'classify__solver': 'lbfgs', 'classify__tol': 1e-08, 'impute': None, 'select': SelectKBest(score_func=<function mutual_info_classif at 0x147da6670>), 'select__k': 5, 'transform': None}",,,,,,451,,,,,,451,,,,,,451
0.0002422332763671875,1.2765231453743784e-06,0.0,0.0,SMOTE(random_state=42),1.0,1000,2,l2,42,lbfgs,1e-08,SimpleImputer(strategy='median'),SelectKBest(score_func=<function mutual_info_classif at 0x147da6670>),5,,"{'balance': SMOTE(random_state=42), 'classify__C': 1.0, 'classify__max_iter': 1000, 'classify__n_jobs': 2, 'classify__penalty': 'l2', 'classify__random_state': 42, 'classify__solver': 'lbfgs', 'classify__tol': 1e-08, 'impute': SimpleImputer(strategy='median'), 'select': SelectKBest(score_func=<function mutual_info_classif at 0x147da6670>), 'select__k': 5, 'transform': None}",,,,,,451,,,,,,451,,,,,,451
0.00016045570373535156,6.118894117647857e-06,0.0,0.0,SMOTE(random_state=42),1.0,1000,2,l2,42,lbfgs,1e-06,,SelectKBest(score_func=<function mutual_info_classif at 0x147da6670>),5,,"{'balance': SMOTE(random_state=42), 'classify__C': 1.0, 'classify__max_iter': 1000, 'classify__n_jobs': 2, 'classify__penalty': 'l2', 'classify__random_state': 42, 'classify__solver': 'lbfgs', 'classify__tol': 1e-06, 'impute': None, 'select': SelectKBest(score_func=<function mutual_info_classif at 0x147da6670>), 'select__k': 5, 'transform': None}",,,,,,451,,,,,,451,,,,,,451
0.00015195210774739584,7.867411722033552e-07,0.0,0.0,SMOTE(random_state=42),1.0,1000,2,l2,42,lbfgs,1e-06,,SelectKBest(score_func=<function mutual_info_classif at 0x147da6670>),8,,"{'balance': SMOTE(random_state=42), 'classify__C': 1.0, 'classify__max_iter': 1000, 'classify__n_jobs': 2, 'classify__penalty': 'l2', 'classify__random_state': 42, 'classify__solver': 'lbfgs', 'classify__tol': 1e-06, 'impute': None, 'select': SelectKBest(score_func=<function mutual_info_classif at 0x147da6670>), 'select__k': 8, 'transform': None}",,,,,,451,,,,,,451,,,,,,451
0.0001529852549235026,1.1239159602905075e-07,0.0,0.0,SMOTE(random_state=42),1.0,1000,2,l2,42,lbfgs,1e-06,,SelectKBest(score_func=<function mutual_info_classif at 0x147da6670>),11,,"{'balance': SMOTE(random_state=42), 'classify__C': 1.0, 'classify__max_iter': 1000, 'classify__n_jobs': 2, 'classify__penalty': 'l2', 'classify__random_state': 42, 'classify__solver': 'lbfgs', 'classify__tol': 1e-06, 'impute': None, 'select': SelectKBest(score_func=<function mutual_info_classif at 0x147da6670>), 'select__k': 11, 'transform': None}",,,,,,451,,,,,,451,,,,,,451
0.00024366378784179688,8.485379419351666e-07,0.0,0.0,SMOTE(random_state=42),1.0,1000,2,l2,42,lbfgs,1e-06,SimpleImputer(strategy='median'),SelectKBest(score_func=<function mutual_info_classif at 0x147da6670>),5,,"{'balance': SMOTE(random_state=42), 'classify__C': 1.0, 'classify__max_iter': 1000, 'classify__n_jobs': 2, 'classify__penalty': 'l2', 'classify__random_state': 42, 'classify__solver': 'lbfgs', 'classify__tol': 1e-06, 'impute': SimpleImputer(strategy='median'), 'select': SelectKBest(score_func=<function mutual_info_classif at 0x147da6670>), 'select__k': 5, 'transform': None}",,,,,,451,,,,,,451,,,,,,451
0.00024366378784179688,2.5306834106589407e-06,0.0,0.0,SMOTE(random_state=42),1.0,1000,2,l2,42,lbfgs,1e-06,SimpleImputer(strategy='median'),SelectKBest(score_func=<function mutual_info_classif at 0x147da6670>),8,,"{'balance': SMOTE(random_state=42), 'classify__C': 1.0, 'classify__max_iter': 1000, 'classify__n_jobs': 2, 'classify__penalty': 'l2', 'classify__random_state': 42, 'classify__solver': 'lbfgs', 'classify__tol': 1e-06, 'impute': SimpleImputer(strategy='median'), 'select': SelectKBest(score_func=<function mutual_info_classif at 0x147da6670>), 'select__k': 8, 'transform': None}",,,,,,451,,,,,,451,,,,,,451
0.00024398167928059897,2.1706422621008022e-06,0.0,0.0,SMOTE(random_state=42),1.0,1000,2,l2,42,lbfgs,1e-06,SimpleImputer(strategy='median'),SelectKBest(score_func=<function mutual_info_classif at 0x147da6670>),11,,"{'balance': SMOTE(random_state=42), 'classify__C': 1.0, 'classify__max_iter': 1000, 'classify__n_jobs': 2, 'classify__penalty': 'l2', 'classify__random_state': 42, 'classify__solver': 'lbfgs', 'classify__tol': 1e-06, 'impute': SimpleImputer(strategy='median'), 'select': SelectKBest(score_func=<function mutual_info_classif at 0x147da6670>), 'select__k': 11, 'transform': None}",,,,,,451,,,,,,451,,,,,,451
0.00015306472778320312,7.786718186642895e-07,0.0,0.0,SMOTE(random_state=42),1.0,1000,2,l2,42,lbfgs,0.0001,,SelectKBest(score_func=<function mutual_info_classif at 0x147da6670>),5,,"{'balance': SMOTE(random_state=42), 'classify__C': 1.0, 'classify__max_iter': 1000, 'classify__n_jobs': 2, 'classify__penalty': 'l2', 'classify__random_state': 42, 'classify__solver': 'lbfgs', 'classify__tol': 0.0001, 'impute': None, 'select': SelectKBest(score_func=<function mutual_info_classif at 0x147da6670>), 'select__k': 5, 'transform': None}",,,,,,451,,,,,,451,,,,,,451
0.00015433629353841147,2.7346055561836963e-06,0.0,0.0,SMOTE(random_state=42),1.0,1000,2,l2,42,lbfgs,0.0001,,SelectKBest(score_func=<function mutual_info_classif at 0x147da6670>),8,,"{'balance': SMOTE(random_state=42), 'classify__C': 1.0, 'classify__max_iter': 1000, 'classify__n_jobs': 2, 'classify__penalty': 'l2', 'classify__random_state': 42, 'classify__solver': 'lbfgs', 'classify__tol': 0.0001, 'impute': None, 'select': SelectKBest(score_func=<function mutual_info_classif at 0x147da6670>), 'select__k': 8, 'transform': None}",,,,,,451,,,,,,451,,,,,,451
0.00015592575073242188,4.348552710312033e-06,0.0,0.0,SMOTE(random_state=42),1.0,1000,2,l2,42,lbfgs,0.0001,,SelectKBest(score_func=<function mutual_info_classif at 0x147da6670>),11,,"{'balance': SMOTE(random_state=42), 'classify__C': 1.0, 'classify__max_iter': 1000, 'classify__n_jobs': 2, 'classify__penalty': 'l2', 'classify__random_state': 42, 'classify__solver': 'lbfgs', 'classify__tol': 0.0001, 'impute': None, 'select': SelectKBest(score_func=<function mutual_info_classif at 0x147da6670>), 'select__k': 11, 'transform': None}",,,,,,451,,,,,,451,,,,,,451
0.00024199485778808594,7.786718186642895e-07,0.0,0.0,SMOTE(random_state=42),1.0,1000,2,l2,42,lbfgs,0.0001,SimpleImputer(strategy='median'),SelectKBest(score_func=<function mutual_info_classif at 0x147da6670>),5,,"{'balance': SMOTE(random_state=42), 'classify__C': 1.0, 'classify__max_iter': 1000, 'classify__n_jobs': 2, 'classify__penalty': 'l2', 'classify__random_state': 42, 'classify__solver': 'lbfgs', 'classify__tol': 0.0001, 'impute': SimpleImputer(strategy='median'), 'select': SelectKBest(score_func=<function mutual_info_classif at 0x147da6670>), 'select__k': 5, 'transform': None}",,,,,,451,,,,,,451,,,,,,451
0.0002468427022298177,8.064831247312142e-06,0.0,0.0,SMOTE(random_state=42),1.0,1000,2,l2,42,lbfgs,0.0001,SimpleImputer(strategy='median'),SelectKBest(score_func=<function mutual_info_classif at 0x147da6670>),8,,"{'balance': SMOTE(random_state=42), 'classify__C': 1.0, 'classify__max_iter': 1000, 'classify__n_jobs': 2, 'classify__penalty': 'l2', 'classify__random_state': 42, 'classify__solver': 'lbfgs', 'classify__tol': 0.0001, 'impute': SimpleImputer(strategy='median'), 'select': SelectKBest(score_func=<function mutual_info_classif at 0x147da6670>), 'select__k': 8, 'transform': None}",,,,,,451,,,,,,451,,,,,,451
0.0002494653065999349,1.0396678264308313e-05,0.0,0.0,SMOTE(random_state=42),1.0,1000,2,l2,42,lbfgs,1e-08,SimpleImputer(strategy='median'),SelectKBest(score_func=<function mutual_info_classif at 0x147da6670>),11,,"{'balance': SMOTE(random_state=42), 'classify__C': 1.0, 'classify__max_iter': 1000, 'classify__n_jobs': 2, 'classify__penalty': 'l2', 'classify__random_state': 42, 'classify__solver': 'lbfgs', 'classify__tol': 1e-08, 'impute': SimpleImputer(strategy='median'), 'select': SelectKBest(score_func=<function mutual_info_classif at 0x147da6670>), 'select__k': 11, 'transform': None}",,,,,,451,,,,,,451,,,,,,451
0.0002593994140625,2.1765409547857673e-05,0.0,0.0,SMOTE(random_state=42),10.0,100,2,l2,42,lbfgs,1e-06,SimpleImputer(strategy='median'),SelectKBest(score_func=<function mutual_info_classif at 0x147da6670>),8,,"{'balance': SMOTE(random_state=42), 'classify__C': 10.0, 'classify__max_iter': 100, 'classify__n_jobs': 2, 'classify__penalty': 'l2', 'classify__random_state': 42, 'classify__solver': 'lbfgs', 'classify__tol': 1e-06, 'impute': SimpleImputer(strategy='median'), 'select': SelectKBest(score_func=<function mutual_info_classif at 0x147da6670>), 'select__k': 8, 'transform': None}",,,,,,451,,,,,,451,,,,,,451
0.0002447764078776042,7.370009816086851e-07,0.0,0.0,SMOTE(random_state=42),10.0,100,2,l2,42,lbfgs,1e-06,SimpleImputer(strategy='median'),SelectKBest(score_func=<function mutual_info_classif at 0x147da6670>),11,,"{'balance': SMOTE(random_state=42), 'classify__C': 10.0, 'classify__max_iter': 100, 'classify__n_jobs': 2, 'classify__penalty': 'l2', 'classify__random_state': 42, 'classify__solver': 'lbfgs', 'classify__tol': 1e-06, 'impute': SimpleImputer(strategy='median'), 'select': SelectKBest(score_func=<function mutual_info_classif at 0x147da6670>), 'select__k': 11, 'transform': None}",,,,,,451,,,,,,451,,,,,,451
0.00015242894490559897,6.25769923052137e-07,0.0,0.0,SMOTE(random_state=42),10.0,100,2,l2,42,lbfgs,0.0001,,SelectKBest(score_func=<function mutual_info_classif at 0x147da6670>),5,,"{'balance': SMOTE(random_state=42), 'classify__C': 10.0, 'classify__max_iter': 100, 'classify__n_jobs': 2, 'classify__penalty': 'l2', 'classify__random_state': 42, 'classify__solver': 'lbfgs', 'classify__tol': 0.0001, 'impute': None, 'select': SelectKBest(score_func=<function mutual_info_classif at 0x147da6670>), 'select__k': 5, 'transform': None}",,,,,,451,,,,,,451,,,,,,451
0.00015338261922200522,4.49566384116203e-07,0.0,0.0,SMOTE(random_state=42),10.0,500,2,l2,42,lbfgs,1e-06,,SelectKBest(score_func=<function mutual_info_classif at 0x147da6670>),5,,"{'balance': SMOTE(random_state=42), 'classify__C': 10.0, 'classify__max_iter': 500, 'classify__n_jobs': 2, 'classify__penalty': 'l2', 'classify__random_state': 42, 'classify__solver': 'lbfgs', 'classify__tol': 1e-06, 'impute': None, 'select': SelectKBest(score_func=<function mutual_info_classif at 0x147da6670>), 'select__k': 5, 'transform': None}",,,,,,451,,,,,,451,,,,,,451
0.00015171368916829428,5.619579801452537e-07,0.0,0.0,SMOTE(random_state=42),10.0,500,2,l2,42,lbfgs,1e-06,,SelectKBest(score_func=<function mutual_info_classif at 0x147da6670>),8,,"{'balance': SMOTE(random_state=42), 'classify__C': 10.0, 'classify__max_iter': 500, 'classify__n_jobs': 2, 'classify__penalty': 'l2', 'classify__random_state': 42, 'classify__solver': 'lbfgs', 'classify__tol': 1e-06, 'impute': None, 'select': SelectKBest(score_func=<function mutual_info_classif at 0x147da6670>), 'select__k': 8, 'transform': None}",,,,,,451,,,,,,451,,,,,,451
0.0001518726348876953,9.73339773330362e-07,0.0,0.0,SMOTE(random_state=42),10.0,500,2,l2,42,lbfgs,1e-06,,SelectKBest(score_func=<function mutual_info_classif at 0x147da6670>),11,,"{'balance': SMOTE(random_state=42), 'classify__C': 10.0, 'classify__max_iter': 500, 'classify__n_jobs': 2, 'classify__penalty': 'l2', 'classify__random_state': 42, 'classify__solver': 'lbfgs', 'classify__tol': 1e-06, 'impute': None, 'select': SelectKBest(score_func=<function mutual_info_classif at 0x147da6670>), 'select__k': 11, 'transform': None}",,,,,,451,,,,,,451,,,,,,451
0.00024040540059407553,4.49566384116203e-07,0.0,0.0,SMOTE(random_state=42),10.0,500,2,l2,42,lbfgs,1e-06,SimpleImputer(strategy='median'),SelectKBest(score_func=<function mutual_info_classif at 0x147da6670>),5,,"{'balance': SMOTE(random_state=42), 'classify__C': 10.0, 'classify__max_iter': 500, 'classify__n_jobs': 2, 'classify__penalty': 'l2', 'classify__random_state': 42, 'classify__solver': 'lbfgs', 'classify__tol': 1e-06, 'impute': SimpleImputer(strategy='median'), 'select': SelectKBest(score_func=<function mutual_info_classif at 0x147da6670>), 'select__k': 5, 'transform': None}",,,,,,451,,,,,,451,,,,,,451
0.0002456506093343099,8.06483124731214e-06,0.0,0.0,SMOTE(random_state=42),10.0,500,2,l2,42,lbfgs,1e-06,SimpleImputer(strategy='median'),SelectKBest(score_func=<function mutual_info_classif at 0x147da6670>),8,,"{'balance': SMOTE(random_state=42), 'classify__C': 10.0, 'classify__max_iter': 500, 'classify__n_jobs': 2, 'classify__penalty': 'l2', 'classify__random_state': 42, 'classify__solver': 'lbfgs', 'classify__tol': 1e-06, 'impute': SimpleImputer(strategy='median'), 'select': SelectKBest(score_func=<function mutual_info_classif at 0x147da6670>), 'select__k': 8, 'transform': None}",,,,,,451,,,,,,451,,,,,,451
0.000245968500773112,4.440534923775671e-06,0.0,0.0,SMOTE(random_state=42),10.0,500,2,l2,42,lbfgs,1e-06,SimpleImputer(strategy='median'),SelectKBest(score_func=<function mutual_info_classif at 0x147da6670>),11,,"{'balance': SMOTE(random_state=42), 'classify__C': 10.0, 'classify__max_iter': 500, 'classify__n_jobs': 2, 'classify__penalty': 'l2', 'classify__random_state': 42, 'classify__solver': 'lbfgs', 'classify__tol': 1e-06, 'impute': SimpleImputer(strategy='median'), 'select': SelectKBest(score_func=<function mutual_info_classif at 0x147da6670>), 'select__k': 11, 'transform': None}",,,,,,451,,,,,,451,,,,,,451
0.0001700719197591146,1.856231508709251e-05,0.0,0.0,SMOTE(random_state=42),10.0,500,2,l2,42,lbfgs,0.0001,,SelectKBest(score_func=<function mutual_info_classif at 0x147da6670>),5,,"{'balance': SMOTE(random_state=42), 'classify__C': 10.0, 'classify__max_iter': 500, 'classify__n_jobs': 2, 'classify__penalty': 'l2', 'classify__random_state': 42, 'classify__solver': 'lbfgs', 'classify__tol': 0.0001, 'impute': None, 'select': SelectKBest(score_func=<function mutual_info_classif at 0x147da6670>), 'select__k': 5, 'transform': None}",,,,,,451,,,,,,451,,,,,,451
0.00015513102213541666,1.1239159602905075e-07,0.0,0.0,SMOTE(random_state=42),10.0,500,2,l2,42,lbfgs,0.0001,,SelectKBest(score_func=<function mutual_info_classif at 0x147da6670>),8,,"{'balance': SMOTE(random_state=42), 'classify__C': 10.0, 'classify__max_iter': 500, 'classify__n_jobs': 2, 'classify__penalty': 'l2', 'classify__random_state': 42, 'classify__solver': 'lbfgs', 'classify__tol': 0.0001, 'impute': None, 'select': SelectKBest(score_func=<function mutual_info_classif at 0x147da6670>), 'select__k': 8, 'transform': None}",,,,,,451,,,,,,451,,,,,,451
0.0001567999521891276,4.270880649103928e-06,0.0,0.0,SMOTE(random_state=42),10.0,500,2,l2,42,lbfgs,0.0001,,SelectKBest(score_func=<function mutual_info_classif at 0x147da6670>),11,,"{'balance': SMOTE(random_state=42), 'classify__C': 10.0, 'classify__max_iter': 500, 'classify__n_jobs': 2, 'classify__penalty': 'l2', 'classify__random_state': 42, 'classify__solver': 'lbfgs', 'classify__tol': 0.0001, 'impute': None, 'select': SelectKBest(score_func=<function mutual_info_classif at 0x147da6670>), 'select__k': 11, 'transform': None}",,,,,,451,,,,,,451,,,,,,451
0.00024501482645670575,8.778064264605253e-07,0.0,0.0,SMOTE(random_state=42),10.0,500,2,l2,42,lbfgs,0.0001,SimpleImputer(strategy='median'),SelectKBest(score_func=<function mutual_info_classif at 0x147da6670>),5,,"{'balance': SMOTE(random_state=42), 'classify__C': 10.0, 'classify__max_iter': 500, 'classify__n_jobs': 2, 'classify__penalty': 'l2', 'classify__random_state': 42, 'classify__solver': 'lbfgs', 'classify__tol': 0.0001, 'impute': SimpleImputer(strategy='median'), 'select': SelectKBest(score_func=<function mutual_info_classif at 0x147da6670>), 'select__k': 5, 'transform': None}",,,,,,451,,,,,,451,,,,,,451
0.00024271011352539062,3.371747880871523e-07,0.0,0.0,SMOTE(random_state=42),10.0,500,2,l2,42,lbfgs,0.0001,SimpleImputer(strategy='median'),SelectKBest(score_func=<function mutual_info_classif at 0x147da6670>),8,,"{'balance': SMOTE(random_state=42), 'classify__C': 10.0, 'classify__max_iter': 500, 'classify__n_jobs': 2, 'classify__penalty': 'l2', 'classify__random_state': 42, 'classify__solver': 'lbfgs', 'classify__tol': 0.0001, 'impute': SimpleImputer(strategy='median'), 'select': SelectKBest(score_func=<function mutual_info_classif at 0x147da6670>), 'select__k': 8, 'transform': None}",,,,,,451,,,,,,451,,,,,,451
0.00024334589640299478,2.7276678564914884e-06,0.0,0.0,SMOTE(random_state=42),10.0,500,2,l2,42,lbfgs,1e-08,SimpleImputer(strategy='median'),SelectKBest(score_func=<function mutual_info_classif at 0x147da6670>),11,,"{'balance': SMOTE(random_state=42), 'classify__C': 10.0, 'classify__max_iter': 500, 'classify__n_jobs': 2, 'classify__penalty': 'l2', 'classify__random_state': 42, 'classify__solver': 'lbfgs', 'classify__tol': 1e-08, 'impute': SimpleImputer(strategy='median'), 'select': SelectKBest(score_func=<function mutual_info_classif at 0x147da6670>), 'select__k': 11, 'transform': None}",,,,,,451,,,,,,451,,,,,,451
0.00024366378784179688,5.150429962800233e-07,0.0,0.0,SMOTE(random_state=42),10.0,500,2,l2,42,lbfgs,0.0001,SimpleImputer(strategy='median'),SelectKBest(score_func=<function mutual_info_classif at 0x147da6670>),11,,"{'balance': SMOTE(random_state=42), 'classify__C': 10.0, 'classify__max_iter': 500, 'classify__n_jobs': 2, 'classify__penalty': 'l2', 'classify__random_state': 42, 'classify__solver': 'lbfgs', 'classify__tol': 0.0001, 'impute': SimpleImputer(strategy='median'), 'select': SelectKBest(score_func=<function mutual_info_classif at 0x147da6670>), 'select__k': 11, 'transform': None}",,,,,,451,,,,,,451,,,,,,451
0.0001529852549235026,8.778064264605253e-07,0.0,0.0,SMOTE(random_state=42),10.0,1000,2,l2,42,lbfgs,1e-08,,SelectKBest(score_func=<function mutual_info_classif at 0x147da6670>),8,,"{'balance': SMOTE(random_state=42), 'classify__C': 10.0, 'classify__max_iter': 1000, 'classify__n_jobs': 2, 'classify__penalty': 'l2', 'classify__random_state': 42, 'classify__solver': 'lbfgs', 'classify__tol': 1e-08, 'impute': None, 'select': SelectKBest(score_func=<function mutual_info_classif at 0x147da6670>), 'select__k': 8, 'transform': None}",,,,,,451,,,,,,451,,,,,,451
0.0001590251922607422,8.429369702178807e-06,0.0,0.0,SMOTE(random_state=42),10.0,1000,2,l2,42,lbfgs,1e-08,,SelectKBest(score_func=<function mutual_info_classif at 0x147da6670>),11,,"{'balance': SMOTE(random_state=42), 'classify__C': 10.0, 'classify__max_iter': 1000, 'classify__n_jobs': 2, 'classify__penalty': 'l2', 'classify__random_state': 42, 'classify__solver': 'lbfgs', 'classify__tol': 1e-08, 'impute': None, 'select': SelectKBest(score_func=<function mutual_info_classif at 0x147da6670>), 'select__k': 11, 'transform': None}",,,,,,451,,,,,,451,,,,,,451
0.0002485911051432292,1.088110865452754e-05,0.0,0.0,SMOTE(random_state=42),10.0,1000,2,l2,42,lbfgs,1e-08,SimpleImputer(strategy='median'),SelectKBest(score_func=<function mutual_info_classif at 0x147da6670>),5,,"{'balance': SMOTE(random_state=42), 'classify__C': 10.0, 'classify__max_iter': 1000, 'classify__n_jobs': 2, 'classify__penalty': 'l2', 'classify__random_state': 42, 'classify__solver': 'lbfgs', 'classify__tol': 1e-08, 'impute': SimpleImputer(strategy='median'), 'select': SelectKBest(score_func=<function mutual_info_classif at 0x147da6670>), 'select__k': 5, 'transform': None}",,,,,,451,,,,,,451,,,,,,451
0.00025463104248046875,1.3141168384094877e-05,0.0,0.0,SMOTE(random_state=42),10.0,1000,2,l2,42,lbfgs,1e-08,SimpleImputer(strategy='median'),SelectKBest(score_func=<function mutual_info_classif at 0x147da6670>),8,,"{'balance': SMOTE(random_state=42), 'classify__C': 10.0, 'classify__max_iter': 1000, 'classify__n_jobs': 2, 'classify__penalty': 'l2', 'classify__random_state': 42, 'classify__solver': 'lbfgs', 'classify__tol': 1e-08, 'impute': SimpleImputer(strategy='median'), 'select': SelectKBest(score_func=<function mutual_info_classif at 0x147da6670>), 'select__k': 8, 'transform': None}",,,,,,451,,,,,,451,,,,,,451
0.00024390220642089844,7.786718186642895e-07,0.0,0.0,SMOTE(random_state=42),10.0,1000,2,l2,42,lbfgs,1e-08,SimpleImputer(strategy='median'),SelectKBest(score_func=<function mutual_info_classif at 0x147da6670>),11,,"{'balance': SMOTE(random_state=42), 'classify__C': 10.0, 'classify__max_iter': 1000, 'classify__n_jobs': 2, 'classify__penalty': 'l2', 'classify__random_state': 42, 'classify__solver': 'lbfgs', 'classify__tol': 1e-08, 'impute': SimpleImputer(strategy='median'), 'select': SelectKBest(score_func=<function mutual_info_classif at 0x147da6670>), 'select__k': 11, 'transform': None}",,,,,,451,,,,,,451,,,,,,451
0.00015346209208170572,1.7007934696700334e-06,0.0,0.0,SMOTE(random_state=42),10.0,1000,2,l2,42,lbfgs,1e-06,,SelectKBest(score_func=<function mutual_info_classif at 0x147da6670>),5,,"{'balance': SMOTE(random_state=42), 'classify__C': 10.0, 'classify__max_iter': 1000, 'classify__n_jobs': 2, 'classify__penalty': 'l2', 'classify__random_state': 42, 'classify__solver': 'lbfgs', 'classify__tol': 1e-06, 'impute': None, 'select': SelectKBest(score_func=<function mutual_info_classif at 0x147da6670>), 'select__k': 5, 'transform': None}",,,,,,451,,,,,,451,,,,,,451
0.00015171368916829428,5.619579801452537e-07,0.0,0.0,SMOTE(random_state=42),10.0,1000,2,l2,42,lbfgs,1e-06,,SelectKBest(score_func=<function mutual_info_classif at 0x147da6670>),8,,"{'balance': SMOTE(random_state=42), 'classify__C': 10.0, 'classify__max_iter': 1000, 'classify__n_jobs': 2, 'classify__penalty': 'l2', 'classify__random_state': 42, 'classify__solver': 'lbfgs', 'classify__tol': 1e-06, 'impute': None, 'select': SelectKBest(score_func=<function mutual_info_classif at 0x147da6670>), 'select__k': 8, 'transform': None}",,,,,,451,,,,,,451,,,,,,451
0.00015234947204589844,3.371747880871523e-07,0.0,0.0,SMOTE(random_state=42),10.0,1000,2,l2,42,lbfgs,1e-06,,SelectKBest(score_func=<function mutual_info_classif at 0x147da6670>),11,,"{'balance': SMOTE(random_state=42), 'classify__C': 10.0, 'classify__max_iter': 1000, 'classify__n_jobs': 2, 'classify__penalty': 'l2', 'classify__random_state': 42, 'classify__solver': 'lbfgs', 'classify__tol': 1e-06, 'impute': None, 'select': SelectKBest(score_func=<function mutual_info_classif at 0x147da6670>), 'select__k': 11, 'transform': None}",,,,,,451,,,,,,451,,,,,,451
0.0002447764078776042,5.808590798257702e-06,0.0,0.0,SMOTE(random_state=42),10.0,1000,2,l2,42,lbfgs,1e-06,SimpleImputer(strategy='median'),SelectKBest(score_func=<function mutual_info_classif at 0x147da6670>),5,,"{'balance': SMOTE(random_state=42), 'classify__C': 10.0, 'classify__max_iter': 1000, 'classify__n_jobs': 2, 'classify__penalty': 'l2', 'classify__random_state': 42, 'classify__solver': 'lbfgs', 'classify__tol': 1e-06, 'impute': SimpleImputer(strategy='median'), 'select': SelectKBest(score_func=<function mutual_info_classif at 0x147da6670>), 'select__k': 5, 'transform': None}",,,,,,451,,,,,,451,,,,,,451
0.0002456506093343099,5.228323683229614e-06,0.0,0.0,SMOTE(random_state=42),10.0,1000,2,l2,42,lbfgs,1e-06,SimpleImputer(strategy='median'),SelectKBest(score_func=<function mutual_info_classif at 0x147da6670>),8,,"{'balance': SMOTE(random_state=42), 'classify__C': 10.0, 'classify__max_iter': 1000, 'classify__n_jobs': 2, 'classify__penalty': 'l2', 'classify__random_state': 42, 'classify__solver': 'lbfgs', 'classify__tol': 1e-06, 'impute': SimpleImputer(strategy='median'), 'select': SelectKBest(score_func=<function mutual_info_classif at 0x147da6670>), 'select__k': 8, 'transform': None}",,,,,,451,,,,,,451,,,,,,451
0.000245968500773112,7.913038850081206e-06,0.0,0.0,SMOTE(random_state=42),10.0,1000,2,l2,42,lbfgs,1e-06,SimpleImputer(strategy='median'),SelectKBest(score_func=<function mutual_info_classif at 0x147da6670>),11,,"{'balance': SMOTE(random_state=42), 'classify__C': 10.0, 'classify__max_iter': 1000, 'classify__n_jobs': 2, 'classify__penalty': 'l2', 'classify__random_state': 42, 'classify__solver': 'lbfgs', 'classify__tol': 1e-06, 'impute': SimpleImputer(strategy='median'), 'select': SelectKBest(score_func=<function mutual_info_classif at 0x147da6670>), 'select__k': 11, 'transform': None}",,,,,,451,,,,,,451,,,,,,451
0.00015393892923990885,8.778064264605253e-07,0.0,0.0,SMOTE(random_state=42),10.0,1000,2,l2,42,lbfgs,1e-08,,SelectKBest(score_func=<function mutual_info_classif at 0x147da6670>),5,,"{'balance': SMOTE(random_state=42), 'classify__C': 10.0, 'classify__max_iter': 1000, 'classify__n_jobs': 2, 'classify__penalty': 'l2', 'classify__random_state': 42, 'classify__solver': 'lbfgs', 'classify__tol': 1e-08, 'impute': None, 'select': SelectKBest(score_func=<function mutual_info_classif at 0x147da6670>), 'select__k': 5, 'transform': None}",,,,,,451,,,,,,451,,,,,,451
0.0002429485321044922,1.520405329840103e-06,0.0,0.0,SMOTE(random_state=42),10.0,500,2,l2,42,lbfgs,1e-08,SimpleImputer(strategy='median'),SelectKBest(score_func=<function mutual_info_classif at 0x147da6670>),8,,"{'balance': SMOTE(random_state=42), 'classify__C': 10.0, 'classify__max_iter': 500, 'classify__n_jobs': 2, 'classify__penalty': 'l2', 'classify__random_state': 42, 'classify__solver': 'lbfgs', 'classify__tol': 1e-08, 'impute': SimpleImputer(strategy='median'), 'select': SelectKBest(score_func=<function mutual_info_classif at 0x147da6670>), 'select__k': 8, 'transform': None}",,,,,,451,,,,,,451,,,,,,451
0.00024231274922688803,1.969259849129338e-06,0.0,0.0,SMOTE(random_state=42),10.0,500,2,l2,42,lbfgs,1e-08,SimpleImputer(strategy='median'),SelectKBest(score_func=<function mutual_info_classif at 0x147da6670>),5,,"{'balance': SMOTE(random_state=42), 'classify__C': 10.0, 'classify__max_iter': 500, 'classify__n_jobs': 2, 'classify__penalty': 'l2', 'classify__random_state': 42, 'classify__solver': 'lbfgs', 'classify__tol': 1e-08, 'impute': SimpleImputer(strategy='median'), 'select': SelectKBest(score_func=<function mutual_info_classif at 0x147da6670>), 'select__k': 5, 'transform': None}",,,,,,451,,,,,,451,,,,,,451
0.00015179316202799478,4.49566384116203e-07,0.0,0.0,SMOTE(random_state=42),10.0,500,2,l2,42,lbfgs,1e-08,,SelectKBest(score_func=<function mutual_info_classif at 0x147da6670>),11,,"{'balance': SMOTE(random_state=42), 'classify__C': 10.0, 'classify__max_iter': 500, 'classify__n_jobs': 2, 'classify__penalty': 'l2', 'classify__random_state': 42, 'classify__solver': 'lbfgs', 'classify__tol': 1e-08, 'impute': None, 'select': SelectKBest(score_func=<function mutual_info_classif at 0x147da6670>), 'select__k': 11, 'transform': None}",,,,,,451,,,,,,451,,,,,,451
0.00016840298970540365,1.3073708141878522e-05,0.0,0.0,SMOTE(random_state=42),10.0,100,2,l2,42,lbfgs,0.0001,,SelectKBest(score_func=<function mutual_info_classif at 0x147da6670>),8,,"{'balance': SMOTE(random_state=42), 'classify__C': 10.0, 'classify__max_iter': 100, 'classify__n_jobs': 2, 'classify__penalty': 'l2', 'classify__random_state': 42, 'classify__solver': 'lbfgs', 'classify__tol': 0.0001, 'impute': None, 'select': SelectKBest(score_func=<function mutual_info_classif at 0x147da6670>), 'select__k': 8, 'transform': None}",,,,,,451,,,,,,451,,,,,,451
0.00016570091247558594,8.17605409597504e-06,0.0,0.0,SMOTE(random_state=42),10.0,100,2,l2,42,lbfgs,0.0001,,SelectKBest(score_func=<function mutual_info_classif at 0x147da6670>),11,,"{'balance': SMOTE(random_state=42), 'classify__C': 10.0, 'classify__max_iter': 100, 'classify__n_jobs': 2, 'classify__penalty': 'l2', 'classify__random_state': 42, 'classify__solver': 'lbfgs', 'classify__tol': 0.0001, 'impute': None, 'select': SelectKBest(score_func=<function mutual_info_classif at 0x147da6670>), 'select__k': 11, 'transform': None}",,,,,,451,,,,,,451,,,,,,451
0.00024501482645670575,4.545958724363674e-06,0.0,0.0,SMOTE(random_state=42),10.0,100,2,l2,42,lbfgs,0.0001,SimpleImputer(strategy='median'),SelectKBest(score_func=<function mutual_info_classif at 0x147da6670>),5,,"{'balance': SMOTE(random_state=42), 'classify__C': 10.0, 'classify__max_iter': 100, 'classify__n_jobs': 2, 'classify__penalty': 'l2', 'classify__random_state': 42, 'classify__solver': 'lbfgs', 'classify__tol': 0.0001, 'impute': SimpleImputer(strategy='median'), 'select': SelectKBest(score_func=<function mutual_info_classif at 0x147da6670>), 'select__k': 5, 'transform': None}",,,,,,451,,,,,,451,,,,,,451
0.00023953119913736978,4.49566384116203e-07,0.0,0.0,SMOTE(random_state=42),10.0,100,2,l2,42,lbfgs,0.0001,SimpleImputer(strategy='median'),SelectKBest(score_func=<function mutual_info_classif at 0x147da6670>),8,,"{'balance': SMOTE(random_state=42), 'classify__C': 10.0, 'classify__max_iter': 100, 'classify__n_jobs': 2, 'classify__penalty': 'l2', 'classify__random_state': 42, 'classify__solver': 'lbfgs', 'classify__tol': 0.0001, 'impute': SimpleImputer(strategy='median'), 'select': SelectKBest(score_func=<function mutual_info_classif at 0x147da6670>), 'select__k': 8, 'transform': None}",,,,,,451,,,,,,451,,,,,,451
0.00023889541625976562,8.920806376395086e-07,0.0,0.0,SMOTE(random_state=42),10.0,100,2,l2,42,lbfgs,0.0001,SimpleImputer(strategy='median'),SelectKBest(score_func=<function mutual_info_classif at 0x147da6670>),11,,"{'balance': SMOTE(random_state=42), 'classify__C': 10.0, 'classify__max_iter': 100, 'classify__n_jobs': 2, 'classify__penalty': 'l2', 'classify__random_state': 42, 'classify__solver': 'lbfgs', 'classify__tol': 0.0001, 'impute': SimpleImputer(strategy='median'), 'select': SelectKBest(score_func=<function mutual_info_classif at 0x147da6670>), 'select__k': 11, 'transform': None}",,,,,,451,,,,,,451,,,,,,451
0.00015441576639811197,4.239711338154201e-06,0.0,0.0,SMOTE(random_state=42),10.0,200,2,l2,42,lbfgs,1e-08,,SelectKBest(score_func=<function mutual_info_classif at 0x147da6670>),5,,"{'balance': SMOTE(random_state=42), 'classify__C': 10.0, 'classify__max_iter': 200, 'classify__n_jobs': 2, 'classify__penalty': 'l2', 'classify__random_state': 42, 'classify__solver': 'lbfgs', 'classify__tol': 1e-08, 'impute': None, 'select': SelectKBest(score_func=<function mutual_info_classif at 0x147da6670>), 'select__k': 5, 'transform': None}",,,,,,451,,,,,,451,,,,,,451
0.00015934308369954428,5.808590798257702e-06,0.0,0.0,SMOTE(random_state=42),10.0,200,2,l2,42,lbfgs,1e-08,,SelectKBest(score_func=<function mutual_info_classif at 0x147da6670>),8,,"{'balance': SMOTE(random_state=42), 'classify__C': 10.0, 'classify__max_iter': 200, 'classify__n_jobs': 2, 'classify__penalty': 'l2', 'classify__random_state': 42, 'classify__solver': 'lbfgs', 'classify__tol': 1e-08, 'impute': None, 'select': SelectKBest(score_func=<function mutual_info_classif at 0x147da6670>), 'select__k': 8, 'transform': None}",,,,,,451,,,,,,451,,,,,,451
0.0001503626505533854,9.602742174144245e-07,0.0,0.0,SMOTE(random_state=42),10.0,200,2,l2,42,lbfgs,1e-08,,SelectKBest(score_func=<function mutual_info_classif at 0x147da6670>),11,,"{'balance': SMOTE(random_state=42), 'classify__C': 10.0, 'classify__max_iter': 200, 'classify__n_jobs': 2, 'classify__penalty': 'l2', 'classify__random_state': 42, 'classify__solver': 'lbfgs', 'classify__tol': 1e-08, 'impute': None, 'select': SelectKBest(score_func=<function mutual_info_classif at 0x147da6670>), 'select__k': 11, 'transform': None}",,,,,,451,,,,,,451,,,,,,451
0.00024056434631347656,5.150429962800233e-07,0.0,0.0,SMOTE(random_state=42),10.0,200,2,l2,42,lbfgs,1e-08,SimpleImputer(strategy='median'),SelectKBest(score_func=<function mutual_info_classif at 0x147da6670>),5,,"{'balance': SMOTE(random_state=42), 'classify__C': 10.0, 'classify__max_iter': 200, 'classify__n_jobs': 2, 'classify__penalty': 'l2', 'classify__random_state': 42, 'classify__solver': 'lbfgs', 'classify__tol': 1e-08, 'impute': SimpleImputer(strategy='median'), 'select': SelectKBest(score_func=<function mutual_info_classif at 0x147da6670>), 'select__k': 5, 'transform': None}",,,,,,451,,,,,,451,,,,,,451
0.00024334589640299478,3.265164468157154e-06,0.0,0.0,SMOTE(random_state=42),10.0,200,2,l2,42,lbfgs,1e-08,SimpleImputer(strategy='median'),SelectKBest(score_func=<function mutual_info_classif at 0x147da6670>),8,,"{'balance': SMOTE(random_state=42), 'classify__C': 10.0, 'classify__max_iter': 200, 'classify__n_jobs': 2, 'classify__penalty': 'l2', 'classify__random_state': 42, 'classify__solver': 'lbfgs', 'classify__tol': 1e-08, 'impute': SimpleImputer(strategy='median'), 'select': SelectKBest(score_func=<function mutual_info_classif at 0x147da6670>), 'select__k': 8, 'transform': None}",,,,,,451,,,,,,451,,,,,,451
0.00023984909057617188,0.0,0.0,0.0,SMOTE(random_state=42),10.0,200,2,l2,42,lbfgs,1e-08,SimpleImputer(strategy='median'),SelectKBest(score_func=<function mutual_info_classif at 0x147da6670>),11,,"{'balance': SMOTE(random_state=42), 'classify__C': 10.0, 'classify__max_iter': 200, 'classify__n_jobs': 2, 'classify__penalty': 'l2', 'classify__random_state': 42, 'classify__solver': 'lbfgs', 'classify__tol': 1e-08, 'impute': SimpleImputer(strategy='median'), 'select': SelectKBest(score_func=<function mutual_info_classif at 0x147da6670>), 'select__k': 11, 'transform': None}",,,,,,451,,,,,,451,,,,,,451
0.0001502831776936849,8.99132768232406e-07,0.0,0.0,SMOTE(random_state=42),10.0,200,2,l2,42,lbfgs,1e-06,,SelectKBest(score_func=<function mutual_info_classif at 0x147da6670>),5,,"{'balance': SMOTE(random_state=42), 'classify__C': 10.0, 'classify__max_iter': 200, 'classify__n_jobs': 2, 'classify__penalty': 'l2', 'classify__random_state': 42, 'classify__solver': 'lbfgs', 'classify__tol': 1e-06, 'impute': None, 'select': SelectKBest(score_func=<function mutual_info_classif at 0x147da6670>), 'select__k': 5, 'transform': None}",,,,,,451,,,,,,451,,,,,,451
0.00015767415364583334,5.959934634924785e-06,0.0,0.0,SMOTE(random_state=42),10.0,200,2,l2,42,lbfgs,1e-06,,SelectKBest(score_func=<function mutual_info_classif at 0x147da6670>),8,,"{'balance': SMOTE(random_state=42), 'classify__C': 10.0, 'classify__max_iter': 200, 'classify__n_jobs': 2, 'classify__penalty': 'l2', 'classify__random_state': 42, 'classify__solver': 'lbfgs', 'classify__tol': 1e-06, 'impute': None, 'select': SelectKBest(score_func=<function mutual_info_classif at 0x147da6670>), 'select__k': 8, 'transform': None}",,,,,,451,,,,,,451,,,,,,451
0.0001537799835205078,8.485379419351666e-07,0.0,0.0,SMOTE(random_state=42),10.0,200,2,l2,42,lbfgs,1e-06,,SelectKBest(score_func=<function mutual_info_classif at 0x147da6670>),11,,"{'balance': SMOTE(random_state=42), 'classify__C': 10.0, 'classify__max_iter': 200, 'classify__n_jobs': 2, 'classify__penalty': 'l2', 'classify__random_state': 42, 'classify__solver': 'lbfgs', 'classify__tol': 1e-06, 'impute': None, 'select': SelectKBest(score_func=<function mutual_info_classif at 0x147da6670>), 'select__k': 11, 'transform': None}",,,,,,451,,,,,,451,,,,,,451
0.00024437904357910156,1.9756639631042564e-06,0.0,0.0,SMOTE(random_state=42),10.0,200,2,l2,42,lbfgs,1e-06,SimpleImputer(strategy='median'),SelectKBest(score_func=<function mutual_info_classif at 0x147da6670>),5,,"{'balance': SMOTE(random_state=42), 'classify__C': 10.0, 'classify__max_iter': 200, 'classify__n_jobs': 2, 'classify__penalty': 'l2', 'classify__random_state': 42, 'classify__solver': 'lbfgs', 'classify__tol': 1e-06, 'impute': SimpleImputer(strategy='median'), 'select': SelectKBest(score_func=<function mutual_info_classif at 0x147da6670>), 'select__k': 5, 'transform': None}",,,,,,451,,,,,,451,,,,,,451
0.00024302800496419272,1.2363075563195582e-06,0.0,0.0,SMOTE(random_state=42),10.0,200,2,l2,42,lbfgs,1e-06,SimpleImputer(strategy='median'),SelectKBest(score_func=<function mutual_info_classif at 0x147da6670>),8,,"{'balance': SMOTE(random_state=42), 'classify__C': 10.0, 'classify__max_iter': 200, 'classify__n_jobs': 2, 'classify__penalty': 'l2', 'classify__random_state': 42, 'classify__solver': 'lbfgs', 'classify__tol': 1e-06, 'impute': SimpleImputer(strategy='median'), 'select': SelectKBest(score_func=<function mutual_info_classif at 0x147da6670>), 'select__k': 8, 'transform': None}",,,,,,451,,,,,,451,,,,,,451
0.0002505779266357422,8.602914120039328e-06,0.0,0.0,SMOTE(random_state=42),10.0,200,2,l2,42,lbfgs,1e-06,SimpleImputer(strategy='median'),SelectKBest(score_func=<function mutual_info_classif at 0x147da6670>),11,,"{'balance': SMOTE(random_state=42), 'classify__C': 10.0, 'classify__max_iter': 200, 'classify__n_jobs': 2, 'classify__penalty': 'l2', 'classify__random_state': 42, 'classify__solver': 'lbfgs', 'classify__tol': 1e-06, 'impute': SimpleImputer(strategy='median'), 'select': SelectKBest(score_func=<function mutual_info_classif at 0x147da6670>), 'select__k': 11, 'transform': None}",,,,,,451,,,,,,451,,,,,,451
0.00015632311503092447,4.777634418865565e-06,0.0,0.0,SMOTE(random_state=42),10.0,200,2,l2,42,lbfgs,0.0001,,SelectKBest(score_func=<function mutual_info_classif at 0x147da6670>),5,,"{'balance': SMOTE(random_state=42), 'classify__C': 10.0, 'classify__max_iter': 200, 'classify__n_jobs': 2, 'classify__penalty': 'l2', 'classify__random_state': 42, 'classify__solver': 'lbfgs', 'classify__tol': 0.0001, 'impute': None, 'select': SelectKBest(score_func=<function mutual_info_classif at 0x147da6670>), 'select__k': 5, 'transform': None}",,,,,,451,,,,,,451,,,,,,451
0.00015370051066080728,4.49566384116203e-07,0.0,0.0,SMOTE(random_state=42),10.0,200,2,l2,42,lbfgs,0.0001,,SelectKBest(score_func=<function mutual_info_classif at 0x147da6670>),8,,"{'balance': SMOTE(random_state=42), 'classify__C': 10.0, 'classify__max_iter': 200, 'classify__n_jobs': 2, 'classify__penalty': 'l2', 'classify__random_state': 42, 'classify__solver': 'lbfgs', 'classify__tol': 0.0001, 'impute': None, 'select': SelectKBest(score_func=<function mutual_info_classif at 0x147da6670>), 'select__k': 8, 'transform': None}",,,,,,451,,,,,,451,,,,,,451
0.00015234947204589844,3.371747880871523e-07,0.0,0.0,SMOTE(random_state=42),10.0,200,2,l2,42,lbfgs,0.0001,,SelectKBest(score_func=<function mutual_info_classif at 0x147da6670>),11,,"{'balance': SMOTE(random_state=42), 'classify__C': 10.0, 'classify__max_iter': 200, 'classify__n_jobs': 2, 'classify__penalty': 'l2', 'classify__random_state': 42, 'classify__solver': 'lbfgs', 'classify__tol': 0.0001, 'impute': None, 'select': SelectKBest(score_func=<function mutual_info_classif at 0x147da6670>), 'select__k': 11, 'transform': None}",,,,,,451,,,,,,451,,,,,,451
0.0002426306406656901,1.1894408501860113e-06,0.0,0.0,SMOTE(random_state=42),10.0,200,2,l2,42,lbfgs,0.0001,SimpleImputer(strategy='median'),SelectKBest(score_func=<function mutual_info_classif at 0x147da6670>),5,,"{'balance': SMOTE(random_state=42), 'classify__C': 10.0, 'classify__max_iter': 200, 'classify__n_jobs': 2, 'classify__penalty': 'l2', 'classify__random_state': 42, 'classify__solver': 'lbfgs', 'classify__tol': 0.0001, 'impute': SimpleImputer(strategy='median'), 'select': SelectKBest(score_func=<function mutual_info_classif at 0x147da6670>), 'select__k': 5, 'transform': None}",,,,,,451,,,,,,451,,,,,,451
0.00024207433064778647,9.79807218387759e-07,0.0,0.0,SMOTE(random_state=42),10.0,200,2,l2,42,lbfgs,0.0001,SimpleImputer(strategy='median'),SelectKBest(score_func=<function mutual_info_classif at 0x147da6670>),8,,"{'balance': SMOTE(random_state=42), 'classify__C': 10.0, 'classify__max_iter': 200, 'classify__n_jobs': 2, 'classify__penalty': 'l2', 'classify__random_state': 42, 'classify__solver': 'lbfgs', 'classify__tol': 0.0001, 'impute': SimpleImputer(strategy='median'), 'select': SelectKBest(score_func=<function mutual_info_classif at 0x147da6670>), 'select__k': 8, 'transform': None}",,,,,,451,,,,,,451,,,,,,451
0.0002487500508626302,1.0929757669029196e-05,0.0,0.0,SMOTE(random_state=42),10.0,200,2,l2,42,lbfgs,0.0001,SimpleImputer(strategy='median'),SelectKBest(score_func=<function mutual_info_classif at 0x147da6670>),11,,"{'balance': SMOTE(random_state=42), 'classify__C': 10.0, 'classify__max_iter': 200, 'classify__n_jobs': 2, 'classify__penalty': 'l2', 'classify__random_state': 42, 'classify__solver': 'lbfgs', 'classify__tol': 0.0001, 'impute': SimpleImputer(strategy='median'), 'select': SelectKBest(score_func=<function mutual_info_classif at 0x147da6670>), 'select__k': 11, 'transform': None}",,,,,,451,,,,,,451,,,,,,451
0.00015735626220703125,5.519789172549355e-06,0.0,0.0,SMOTE(random_state=42),10.0,500,2,l2,42,lbfgs,1e-08,,SelectKBest(score_func=<function mutual_info_classif at 0x147da6670>),5,,"{'balance': SMOTE(random_state=42), 'classify__C': 10.0, 'classify__max_iter': 500, 'classify__n_jobs': 2, 'classify__penalty': 'l2', 'classify__random_state': 42, 'classify__solver': 'lbfgs', 'classify__tol': 1e-08, 'impute': None, 'select': SelectKBest(score_func=<function mutual_info_classif at 0x147da6670>), 'select__k': 5, 'transform': None}",,,,,,451,,,,,,451,,,,,,451
0.00015727678934733072,8.246051226398266e-06,0.0,0.0,SMOTE(random_state=42),10.0,500,2,l2,42,lbfgs,1e-08,,SelectKBest(score_func=<function mutual_info_classif at 0x147da6670>),8,,"{'balance': SMOTE(random_state=42), 'classify__C': 10.0, 'classify__max_iter': 500, 'classify__n_jobs': 2, 'classify__penalty': 'l2', 'classify__random_state': 42, 'classify__solver': 'lbfgs', 'classify__tol': 1e-08, 'impute': None, 'select': SelectKBest(score_func=<function mutual_info_classif at 0x147da6670>), 'select__k': 8, 'transform': None}",,,,,,451,,,,,,451,,,,,,451
0.0001522699991861979,5.947204250930057e-07,0.0,0.0,SMOTE(random_state=42),10.0,1000,2,l2,42,lbfgs,0.0001,,SelectKBest(score_func=<function mutual_info_classif at 0x147da6670>),8,,"{'balance': SMOTE(random_state=42), 'classify__C': 10.0, 'classify__max_iter': 1000, 'classify__n_jobs': 2, 'classify__penalty': 'l2', 'classify__random_state': 42, 'classify__solver': 'lbfgs', 'classify__tol': 0.0001, 'impute': None, 'select': SelectKBest(score_func=<function mutual_info_classif at 0x147da6670>), 'select__k': 8, 'transform': None}",,,,,,451,,,,,,451,,,,,,451
0.00023539861043294272,4.49566384116203e-07,0.0,0.0,RandomUnderSampler(random_state=42),100.0,2000,2,l2,42,lbfgs,0.0001,SimpleImputer(strategy='median'),SelectKBest(score_func=<function mutual_info_classif at 0x147da6670>),11,,"{'balance': RandomUnderSampler(random_state=42), 'classify__C': 100.0, 'classify__max_iter': 2000, 'classify__n_jobs': 2, 'classify__penalty': 'l2', 'classify__random_state': 42, 'classify__solver': 'lbfgs', 'classify__tol': 0.0001, 'impute': SimpleImputer(strategy='median'), 'select': SelectKBest(score_func=<function mutual_info_classif at 0x147da6670>), 'select__k': 11, 'transform': None}",,,,,,451,,,,,,451,,,,,,451
0.00014702479044596353,9.79807218387759e-07,0.0,0.0,RandomUnderSampler(random_state=42),1.0,500,2,l2,42,lbfgs,1e-06,,SelectKBest(score_func=<function mutual_info_classif at 0x147da6670>),11,,"{'balance': RandomUnderSampler(random_state=42), 'classify__C': 1.0, 'classify__max_iter': 500, 'classify__n_jobs': 2, 'classify__penalty': 'l2', 'classify__random_state': 42, 'classify__solver': 'lbfgs', 'classify__tol': 1e-06, 'impute': None, 'select': SelectKBest(score_func=<function mutual_info_classif at 0x147da6670>), 'select__k': 11, 'transform': None}",,,,,,451,,,,,,451,,,,,,451
0.000247955322265625,1.552957431548339e-05,0.0,0.0,RandomUnderSampler(random_state=42),100.0,2000,2,l2,42,lbfgs,0.0001,SimpleImputer(strategy='median'),SelectKBest(score_func=<function mutual_info_classif at 0x147da6670>),5,,"{'balance': RandomUnderSampler(random_state=42), 'classify__C': 100.0, 'classify__max_iter': 2000, 'classify__n_jobs': 2, 'classify__penalty': 'l2', 'classify__random_state': 42, 'classify__solver': 'lbfgs', 'classify__tol': 0.0001, 'impute': SimpleImputer(strategy='median'), 'select': SelectKBest(score_func=<function mutual_info_classif at 0x147da6670>), 'select__k': 5, 'transform': None}",,,,,,451,,,,,,451,,,,,,451
0.00023730595906575522,4.9490602737872646e-06,0.0,0.0,RandomUnderSampler(random_state=42),0.1,500,2,l2,42,lbfgs,0.0001,SimpleImputer(strategy='median'),SelectKBest(score_func=<function mutual_info_classif at 0x147da6670>),5,,"{'balance': RandomUnderSampler(random_state=42), 'classify__C': 0.1, 'classify__max_iter': 500, 'classify__n_jobs': 2, 'classify__penalty': 'l2', 'classify__random_state': 42, 'classify__solver': 'lbfgs', 'classify__tol': 0.0001, 'impute': SimpleImputer(strategy='median'), 'select': SelectKBest(score_func=<function mutual_info_classif at 0x147da6670>), 'select__k': 5, 'transform': None}",,,,,,451,,,,,,451,,,,,,451
0.00023261706034342447,4.49566384116203e-07,0.0,0.0,RandomUnderSampler(random_state=42),0.1,500,2,l2,42,lbfgs,0.0001,SimpleImputer(strategy='median'),SelectKBest(score_func=<function mutual_info_classif at 0x147da6670>),8,,"{'balance': RandomUnderSampler(random_state=42), 'classify__C': 0.1, 'classify__max_iter': 500, 'classify__n_jobs': 2, 'classify__penalty': 'l2', 'classify__random_state': 42, 'classify__solver': 'lbfgs', 'classify__tol': 0.0001, 'impute': SimpleImputer(strategy='median'), 'select': SelectKBest(score_func=<function mutual_info_classif at 0x147da6670>), 'select__k': 8, 'transform': None}",,,,,,451,,,,,,451,,,,,,451
0.00023253758748372397,9.602742174144245e-07,0.0,0.0,RandomUnderSampler(random_state=42),0.1,500,2,l2,42,lbfgs,0.0001,SimpleImputer(strategy='median'),SelectKBest(score_func=<function mutual_info_classif at 0x147da6670>),11,,"{'balance': RandomUnderSampler(random_state=42), 'classify__C': 0.1, 'classify__max_iter': 500, 'classify__n_jobs': 2, 'classify__penalty': 'l2', 'classify__random_state': 42, 'classify__solver': 'lbfgs', 'classify__tol': 0.0001, 'impute': SimpleImputer(strategy='median'), 'select': SelectKBest(score_func=<function mutual_info_classif at 0x147da6670>), 'select__k': 11, 'transform': None}",,,,,,451,,,,,,451,,,,,,451
0.00014670689900716147,4.052336624139774e-07,0.0,0.0,RandomUnderSampler(random_state=42),0.1,1000,2,l2,42,lbfgs,1e-08,,SelectKBest(score_func=<function mutual_info_classif at 0x147da6670>),5,,"{'balance': RandomUnderSampler(random_state=42), 'classify__C': 0.1, 'classify__max_iter': 1000, 'classify__n_jobs': 2, 'classify__penalty': 'l2', 'classify__random_state': 42, 'classify__solver': 'lbfgs', 'classify__tol': 1e-08, 'impute': None, 'select': SelectKBest(score_func=<function mutual_info_classif at 0x147da6670>), 'select__k': 5, 'transform': None}",,,,,,451,,,,,,451,,,,,,451
0.00014662742614746094,5.150429962800233e-07,0.0,0.0,RandomUnderSampler(random_state=42),0.1,1000,2,l2,42,lbfgs,1e-08,,SelectKBest(score_func=<function mutual_info_classif at 0x147da6670>),8,,"{'balance': RandomUnderSampler(random_state=42), 'classify__C': 0.1, 'classify__max_iter': 1000, 'classify__n_jobs': 2, 'classify__penalty': 'l2', 'classify__random_state': 42, 'classify__solver': 'lbfgs', 'classify__tol': 1e-08, 'impute': None, 'select': SelectKBest(score_func=<function mutual_info_classif at 0x147da6670>), 'select__k': 8, 'transform': None}",,,,,,451,,,,,,451,,,,,,451
0.00015743573506673178,7.182517705087664e-06,0.0,0.0,RandomUnderSampler(random_state=42),0.1,1000,2,l2,42,lbfgs,1e-08,,SelectKBest(score_func=<function mutual_info_classif at 0x147da6670>),11,,"{'balance': RandomUnderSampler(random_state=42), 'classify__C': 0.1, 'classify__max_iter': 1000, 'classify__n_jobs': 2, 'classify__penalty': 'l2', 'classify__random_state': 42, 'classify__solver': 'lbfgs', 'classify__tol': 1e-08, 'impute': None, 'select': SelectKBest(score_func=<function mutual_info_classif at 0x147da6670>), 'select__k': 11, 'transform': None}",,,,,,451,,,,,,451,,,,,,451
0.000249942143758138,1.2700250351282735e-05,0.0,0.0,RandomUnderSampler(random_state=42),0.1,1000,2,l2,42,lbfgs,1e-08,SimpleImputer(strategy='median'),SelectKBest(score_func=<function mutual_info_classif at 0x147da6670>),5,,"{'balance': RandomUnderSampler(random_state=42), 'classify__C': 0.1, 'classify__max_iter': 1000, 'classify__n_jobs': 2, 'classify__penalty': 'l2', 'classify__random_state': 42, 'classify__solver': 'lbfgs', 'classify__tol': 1e-08, 'impute': SimpleImputer(strategy='median'), 'select': SelectKBest(score_func=<function mutual_info_classif at 0x147da6670>), 'select__k': 5, 'transform': None}",,,,,,451,,,,,,451,,,,,,451
0.00025773048400878906,1.2765231453743784e-06,0.0,0.0,RandomUnderSampler(random_state=42),0.1,1000,2,l2,42,lbfgs,1e-08,SimpleImputer(strategy='median'),SelectKBest(score_func=<function mutual_info_classif at 0x147da6670>),8,,"{'balance': RandomUnderSampler(random_state=42), 'classify__C': 0.1, 'classify__max_iter': 1000, 'classify__n_jobs': 2, 'classify__penalty': 'l2', 'classify__random_state': 42, 'classify__solver': 'lbfgs', 'classify__tol': 1e-08, 'impute': SimpleImputer(strategy='median'), 'select': SelectKBest(score_func=<function mutual_info_classif at 0x147da6670>), 'select__k': 8, 'transform': None}",,,,,,451,,,,,,451,,,,,,451
0.0002613067626953125,3.907931916918515e-06,0.0,0.0,RandomUnderSampler(random_state=42),0.1,1000,2,l2,42,lbfgs,1e-08,SimpleImputer(strategy='median'),SelectKBest(score_func=<function mutual_info_classif at 0x147da6670>),11,,"{'balance': RandomUnderSampler(random_state=42), 'classify__C': 0.1, 'classify__max_iter': 1000, 'classify__n_jobs': 2, 'classify__penalty': 'l2', 'classify__random_state': 42, 'classify__solver': 'lbfgs', 'classify__tol': 1e-08, 'impute': SimpleImputer(strategy='median'), 'select': SelectKBest(score_func=<function mutual_info_classif at 0x147da6670>), 'select__k': 11, 'transform': None}",,,,,,451,,,,,,451,,,,,,451
0.00017031033833821615,1.111029441661917e-05,0.0,0.0,RandomUnderSampler(random_state=42),0.1,1000,2,l2,42,lbfgs,1e-06,,SelectKBest(score_func=<function mutual_info_classif at 0x147da6670>),5,,"{'balance': RandomUnderSampler(random_state=42), 'classify__C': 0.1, 'classify__max_iter': 1000, 'classify__n_jobs': 2, 'classify__penalty': 'l2', 'classify__random_state': 42, 'classify__solver': 'lbfgs', 'classify__tol': 1e-06, 'impute': None, 'select': SelectKBest(score_func=<function mutual_info_classif at 0x147da6670>), 'select__k': 5, 'transform': None}",,,,,,451,,,,,,451,,,,,,451
0.00014901161193847656,0.0,0.0,0.0,RandomUnderSampler(random_state=42),0.1,1000,2,l2,42,lbfgs,1e-06,,SelectKBest(score_func=<function mutual_info_classif at 0x147da6670>),8,,"{'balance': RandomUnderSampler(random_state=42), 'classify__C': 0.1, 'classify__max_iter': 1000, 'classify__n_jobs': 2, 'classify__penalty': 'l2', 'classify__random_state': 42, 'classify__solver': 'lbfgs', 'classify__tol': 1e-06, 'impute': None, 'select': SelectKBest(score_func=<function mutual_info_classif at 0x147da6670>), 'select__k': 8, 'transform': None}",,,,,,451,,,,,,451,,,,,,451
0.00014797846476236978,2.099648287077412e-06,0.0,0.0,RandomUnderSampler(random_state=42),0.1,500,2,l2,42,lbfgs,0.0001,,SelectKBest(score_func=<function mutual_info_classif at 0x147da6670>),11,,"{'balance': RandomUnderSampler(random_state=42), 'classify__C': 0.1, 'classify__max_iter': 500, 'classify__n_jobs': 2, 'classify__penalty': 'l2', 'classify__random_state': 42, 'classify__solver': 'lbfgs', 'classify__tol': 0.0001, 'impute': None, 'select': SelectKBest(score_func=<function mutual_info_classif at 0x147da6670>), 'select__k': 11, 'transform': None}",,,,,,451,,,,,,451,,,,,,451
0.00015974044799804688,3.3717478808715227e-06,0.0,0.0,RandomUnderSampler(random_state=42),0.1,1000,2,l2,42,lbfgs,1e-06,,SelectKBest(score_func=<function mutual_info_classif at 0x147da6670>),11,,"{'balance': RandomUnderSampler(random_state=42), 'classify__C': 0.1, 'classify__max_iter': 1000, 'classify__n_jobs': 2, 'classify__penalty': 'l2', 'classify__random_state': 42, 'classify__solver': 'lbfgs', 'classify__tol': 1e-06, 'impute': None, 'select': SelectKBest(score_func=<function mutual_info_classif at 0x147da6670>), 'select__k': 11, 'transform': None}",,,,,,451,,,,,,451,,,,,,451
0.0002609093983968099,1.9966834404782134e-05,0.0,0.0,RandomUnderSampler(random_state=42),0.1,1000,2,l2,42,lbfgs,1e-06,SimpleImputer(strategy='median'),SelectKBest(score_func=<function mutual_info_classif at 0x147da6670>),8,,"{'balance': RandomUnderSampler(random_state=42), 'classify__C': 0.1, 'classify__max_iter': 1000, 'classify__n_jobs': 2, 'classify__penalty': 'l2', 'classify__random_state': 42, 'classify__solver': 'lbfgs', 'classify__tol': 1e-06, 'impute': SimpleImputer(strategy='median'), 'select': SelectKBest(score_func=<function mutual_info_classif at 0x147da6670>), 'select__k': 8, 'transform': None}",,,,,,451,,,,,,451,,,,,,451
0.00023365020751953125,5.150429962800233e-07,0.0,0.0,RandomUnderSampler(random_state=42),0.1,1000,2,l2,42,lbfgs,1e-06,SimpleImputer(strategy='median'),SelectKBest(score_func=<function mutual_info_classif at 0x147da6670>),11,,"{'balance': RandomUnderSampler(random_state=42), 'classify__C': 0.1, 'classify__max_iter': 1000, 'classify__n_jobs': 2, 'classify__penalty': 'l2', 'classify__random_state': 42, 'classify__solver': 'lbfgs', 'classify__tol': 1e-06, 'impute': SimpleImputer(strategy='median'), 'select': SelectKBest(score_func=<function mutual_info_classif at 0x147da6670>), 'select__k': 11, 'transform': None}",,,,,,451,,,,,,451,,,,,,451
0.00014662742614746094,1.215700987241932e-06,0.0,0.0,RandomUnderSampler(random_state=42),0.1,1000,2,l2,42,lbfgs,0.0001,,SelectKBest(score_func=<function mutual_info_classif at 0x147da6670>),5,,"{'balance': RandomUnderSampler(random_state=42), 'classify__C': 0.1, 'classify__max_iter': 1000, 'classify__n_jobs': 2, 'classify__penalty': 'l2', 'classify__random_state': 42, 'classify__solver': 'lbfgs', 'classify__tol': 0.0001, 'impute': None, 'select': SelectKBest(score_func=<function mutual_info_classif at 0x147da6670>), 'select__k': 5, 'transform': None}",,,,,,451,,,,,,451,,,,,,451
0.00014487902323404947,7.867411722033552e-07,0.0,0.0,RandomUnderSampler(random_state=42),0.1,1000,2,l2,42,lbfgs,0.0001,,SelectKBest(score_func=<function mutual_info_classif at 0x147da6670>),8,,"{'balance': RandomUnderSampler(random_state=42), 'classify__C': 0.1, 'classify__max_iter': 1000, 'classify__n_jobs': 2, 'classify__penalty': 'l2', 'classify__random_state': 42, 'classify__solver': 'lbfgs', 'classify__tol': 0.0001, 'impute': None, 'select': SelectKBest(score_func=<function mutual_info_classif at 0x147da6670>), 'select__k': 8, 'transform': None}",,,,,,451,,,,,,451,,,,,,451
0.0001483758290608724,1.969259849129338e-06,0.0,0.0,RandomUnderSampler(random_state=42),0.1,1000,2,l2,42,lbfgs,0.0001,,SelectKBest(score_func=<function mutual_info_classif at 0x147da6670>),11,,"{'balance': RandomUnderSampler(random_state=42), 'classify__C': 0.1, 'classify__max_iter': 1000, 'classify__n_jobs': 2, 'classify__penalty': 'l2', 'classify__random_state': 42, 'classify__solver': 'lbfgs', 'classify__tol': 0.0001, 'impute': None, 'select': SelectKBest(score_func=<function mutual_info_classif at 0x147da6670>), 'select__k': 11, 'transform': None}",,,,,,451,,,,,,451,,,,,,451
0.00023102760314941406,1.3486991523486091e-06,0.0,0.0,RandomUnderSampler(random_state=42),0.1,1000,2,l2,42,lbfgs,0.0001,SimpleImputer(strategy='median'),SelectKBest(score_func=<function mutual_info_classif at 0x147da6670>),5,,"{'balance': RandomUnderSampler(random_state=42), 'classify__C': 0.1, 'classify__max_iter': 1000, 'classify__n_jobs': 2, 'classify__penalty': 'l2', 'classify__random_state': 42, 'classify__solver': 'lbfgs', 'classify__tol': 0.0001, 'impute': SimpleImputer(strategy='median'), 'select': SelectKBest(score_func=<function mutual_info_classif at 0x147da6670>), 'select__k': 5, 'transform': None}",,,,,,451,,,,,,451,,,,,,451
0.00023063023885091147,5.619579801452537e-07,0.0,0.0,RandomUnderSampler(random_state=42),0.1,1000,2,l2,42,lbfgs,0.0001,SimpleImputer(strategy='median'),SelectKBest(score_func=<function mutual_info_classif at 0x147da6670>),8,,"{'balance': RandomUnderSampler(random_state=42), 'classify__C': 0.1, 'classify__max_iter': 1000, 'classify__n_jobs': 2, 'classify__penalty': 'l2', 'classify__random_state': 42, 'classify__solver': 'lbfgs', 'classify__tol': 0.0001, 'impute': SimpleImputer(strategy='median'), 'select': SelectKBest(score_func=<function mutual_info_classif at 0x147da6670>), 'select__k': 8, 'transform': None}",,,,,,451,,,,,,451,,,,,,451
0.0002330144246419271,5.025048243057644e-06,0.0,0.0,RandomUnderSampler(random_state=42),0.1,1000,2,l2,42,lbfgs,0.0001,SimpleImputer(strategy='median'),SelectKBest(score_func=<function mutual_info_classif at 0x147da6670>),11,,"{'balance': RandomUnderSampler(random_state=42), 'classify__C': 0.1, 'classify__max_iter': 1000, 'classify__n_jobs': 2, 'classify__penalty': 'l2', 'classify__random_state': 42, 'classify__solver': 'lbfgs', 'classify__tol': 0.0001, 'impute': SimpleImputer(strategy='median'), 'select': SelectKBest(score_func=<function mutual_info_classif at 0x147da6670>), 'select__k': 11, 'transform': None}",,,,,,451,,,,,,451,,,,,,451
0.0001446406046549479,1.3810910540408106e-06,0.0,0.0,RandomUnderSampler(random_state=42),0.1,2000,2,l2,42,lbfgs,1e-08,,SelectKBest(score_func=<function mutual_info_classif at 0x147da6670>),5,,"{'balance': RandomUnderSampler(random_state=42), 'classify__C': 0.1, 'classify__max_iter': 2000, 'classify__n_jobs': 2, 'classify__penalty': 'l2', 'classify__random_state': 42, 'classify__solver': 'lbfgs', 'classify__tol': 1e-08, 'impute': None, 'select': SelectKBest(score_func=<function mutual_info_classif at 0x147da6670>), 'select__k': 5, 'transform': None}",,,,,,451,,,,,,451,,,,,,451
0.00014559427897135416,4.49566384116203e-07,0.0,0.0,RandomUnderSampler(random_state=42),0.1,2000,2,l2,42,lbfgs,1e-08,,SelectKBest(score_func=<function mutual_info_classif at 0x147da6670>),8,,"{'balance': RandomUnderSampler(random_state=42), 'classify__C': 0.1, 'classify__max_iter': 2000, 'classify__n_jobs': 2, 'classify__penalty': 'l2', 'classify__random_state': 42, 'classify__solver': 'lbfgs', 'classify__tol': 1e-08, 'impute': None, 'select': SelectKBest(score_func=<function mutual_info_classif at 0x147da6670>), 'select__k': 8, 'transform': None}",,,,,,451,,,,,,451,,,,,,451
0.00014472007751464844,1.4037705844764465e-06,0.0,0.0,RandomUnderSampler(random_state=42),0.1,2000,2,l2,42,lbfgs,1e-08,,SelectKBest(score_func=<function mutual_info_classif at 0x147da6670>),11,,"{'balance': RandomUnderSampler(random_state=42), 'classify__C': 0.1, 'classify__max_iter': 2000, 'classify__n_jobs': 2, 'classify__penalty': 'l2', 'classify__random_state': 42, 'classify__solver': 'lbfgs', 'classify__tol': 1e-08, 'impute': None, 'select': SelectKBest(score_func=<function mutual_info_classif at 0x147da6670>), 'select__k': 11, 'transform': None}",,,,,,451,,,,,,451,,,,,,451
0.0002631346384684245,1.4082626618281482e-06,0.0,0.0,RandomUnderSampler(random_state=42),0.1,1000,2,l2,42,lbfgs,1e-06,SimpleImputer(strategy='median'),SelectKBest(score_func=<function mutual_info_classif at 0x147da6670>),5,,"{'balance': RandomUnderSampler(random_state=42), 'classify__C': 0.1, 'classify__max_iter': 1000, 'classify__n_jobs': 2, 'classify__penalty': 'l2', 'classify__random_state': 42, 'classify__solver': 'lbfgs', 'classify__tol': 1e-06, 'impute': SimpleImputer(strategy='median'), 'select': SelectKBest(score_func=<function mutual_info_classif at 0x147da6670>), 'select__k': 5, 'transform': None}",,,,,,451,,,,,,451,,,,,,451
0.0002311070760091146,1.1239159602905075e-07,0.0,0.0,RandomUnderSampler(random_state=42),0.1,2000,2,l2,42,lbfgs,1e-08,SimpleImputer(strategy='median'),SelectKBest(score_func=<function mutual_info_classif at 0x147da6670>),5,,"{'balance': RandomUnderSampler(random_state=42), 'classify__C': 0.1, 'classify__max_iter': 2000, 'classify__n_jobs': 2, 'classify__penalty': 'l2', 'classify__random_state': 42, 'classify__solver': 'lbfgs', 'classify__tol': 1e-08, 'impute': SimpleImputer(strategy='median'), 'select': SelectKBest(score_func=<function mutual_info_classif at 0x147da6670>), 'select__k': 5, 'transform': None}",,,,,,451,,,,,,451,,,,,,451
0.00014630953470865885,4.052336624139774e-07,0.0,0.0,RandomUnderSampler(random_state=42),0.1,500,2,l2,42,lbfgs,0.0001,,SelectKBest(score_func=<function mutual_info_classif at 0x147da6670>),8,,"{'balance': RandomUnderSampler(random_state=42), 'classify__C': 0.1, 'classify__max_iter': 500, 'classify__n_jobs': 2, 'classify__penalty': 'l2', 'classify__random_state': 42, 'classify__solver': 'lbfgs', 'classify__tol': 0.0001, 'impute': None, 'select': SelectKBest(score_func=<function mutual_info_classif at 0x147da6670>), 'select__k': 8, 'transform': None}",,,,,,451,,,,,,451,,,,,,451
0.00023404757181803385,1.1239159602905075e-07,0.0,0.0,RandomUnderSampler(random_state=42),0.1,500,2,l2,42,lbfgs,1e-06,SimpleImputer(strategy='median'),SelectKBest(score_func=<function mutual_info_classif at 0x147da6670>),11,,"{'balance': RandomUnderSampler(random_state=42), 'classify__C': 0.1, 'classify__max_iter': 500, 'classify__n_jobs': 2, 'classify__penalty': 'l2', 'classify__random_state': 42, 'classify__solver': 'lbfgs', 'classify__tol': 1e-06, 'impute': SimpleImputer(strategy='median'), 'select': SelectKBest(score_func=<function mutual_info_classif at 0x147da6670>), 'select__k': 11, 'transform': None}",,,,,,451,,,,,,451,,,,,,451
0.0002586046854654948,1.804996435366108e-05,0.0,0.0,RandomUnderSampler(random_state=42),0.1,200,2,l2,42,lbfgs,1e-08,SimpleImputer(strategy='median'),SelectKBest(score_func=<function mutual_info_classif at 0x147da6670>),11,,"{'balance': RandomUnderSampler(random_state=42), 'classify__C': 0.1, 'classify__max_iter': 200, 'classify__n_jobs': 2, 'classify__penalty': 'l2', 'classify__random_state': 42, 'classify__solver': 'lbfgs', 'classify__tol': 1e-08, 'impute': SimpleImputer(strategy='median'), 'select': SelectKBest(score_func=<function mutual_info_classif at 0x147da6670>), 'select__k': 11, 'transform': None}",,,,,,451,,,,,,451,,,,,,451
0.00015203158060709635,2.1354403245519644e-06,0.0,0.0,RandomUnderSampler(random_state=42),0.1,200,2,l2,42,lbfgs,1e-06,,SelectKBest(score_func=<function mutual_info_classif at 0x147da6670>),5,,"{'balance': RandomUnderSampler(random_state=42), 'classify__C': 0.1, 'classify__max_iter': 200, 'classify__n_jobs': 2, 'classify__penalty': 'l2', 'classify__random_state': 42, 'classify__solver': 'lbfgs', 'classify__tol': 1e-06, 'impute': None, 'select': SelectKBest(score_func=<function mutual_info_classif at 0x147da6670>), 'select__k': 5, 'transform': None}",,,,,,451,,,,,,451,,,,,,451
0.00015123685201009115,3.4293252643571566e-06,0.0,0.0,RandomUnderSampler(random_state=42),0.1,200,2,l2,42,lbfgs,1e-06,,SelectKBest(score_func=<function mutual_info_classif at 0x147da6670>),8,,"{'balance': RandomUnderSampler(random_state=42), 'classify__C': 0.1, 'classify__max_iter': 200, 'classify__n_jobs': 2, 'classify__penalty': 'l2', 'classify__random_state': 42, 'classify__solver': 'lbfgs', 'classify__tol': 1e-06, 'impute': None, 'select': SelectKBest(score_func=<function mutual_info_classif at 0x147da6670>), 'select__k': 8, 'transform': None}",,,,,,451,,,,,,451,,,,,,451
0.0001513957977294922,3.3717478808715227e-06,0.0,0.0,RandomUnderSampler(random_state=42),0.1,200,2,l2,42,lbfgs,1e-06,,SelectKBest(score_func=<function mutual_info_classif at 0x147da6670>),11,,"{'balance': RandomUnderSampler(random_state=42), 'classify__C': 0.1, 'classify__max_iter': 200, 'classify__n_jobs': 2, 'classify__penalty': 'l2', 'classify__random_state': 42, 'classify__solver': 'lbfgs', 'classify__tol': 1e-06, 'impute': None, 'select': SelectKBest(score_func=<function mutual_info_classif at 0x147da6670>), 'select__k': 11, 'transform': None}",,,,,,451,,,,,,451,,,,,,451
0.0002590020497639974,2.396103425073757e-05,0.0,0.0,RandomUnderSampler(random_state=42),0.1,200,2,l2,42,lbfgs,1e-06,SimpleImputer(strategy='median'),SelectKBest(score_func=<function mutual_info_classif at 0x147da6670>),5,,"{'balance': RandomUnderSampler(random_state=42), 'classify__C': 0.1, 'classify__max_iter': 200, 'classify__n_jobs': 2, 'classify__penalty': 'l2', 'classify__random_state': 42, 'classify__solver': 'lbfgs', 'classify__tol': 1e-06, 'impute': SimpleImputer(strategy='median'), 'select': SelectKBest(score_func=<function mutual_info_classif at 0x147da6670>), 'select__k': 5, 'transform': None}",,,,,,451,,,,,,451,,,,,,451
0.00024135907491048178,1.766372582983404e-06,0.0,0.0,RandomUnderSampler(random_state=42),0.1,200,2,l2,42,lbfgs,1e-06,SimpleImputer(strategy='median'),SelectKBest(score_func=<function mutual_info_classif at 0x147da6670>),8,,"{'balance': RandomUnderSampler(random_state=42), 'classify__C': 0.1, 'classify__max_iter': 200, 'classify__n_jobs': 2, 'classify__penalty': 'l2', 'classify__random_state': 42, 'classify__solver': 'lbfgs', 'classify__tol': 1e-06, 'impute': SimpleImputer(strategy='median'), 'select': SelectKBest(score_func=<function mutual_info_classif at 0x147da6670>), 'select__k': 8, 'transform': None}",,,,,,451,,,,,,451,,,,,,451
0.00023794174194335938,0.0,0.0,0.0,RandomUnderSampler(random_state=42),0.1,200,2,l2,42,lbfgs,1e-06,SimpleImputer(strategy='median'),SelectKBest(score_func=<function mutual_info_classif at 0x147da6670>),11,,"{'balance': RandomUnderSampler(random_state=42), 'classify__C': 0.1, 'classify__max_iter': 200, 'classify__n_jobs': 2, 'classify__penalty': 'l2', 'classify__random_state': 42, 'classify__solver': 'lbfgs', 'classify__tol': 1e-06, 'impute': SimpleImputer(strategy='median'), 'select': SelectKBest(score_func=<function mutual_info_classif at 0x147da6670>), 'select__k': 11, 'transform': None}",,,,,,451,,,,,,451,,,,,,451
0.00014901161193847656,7.786718186642895e-07,0.0,0.0,RandomUnderSampler(random_state=42),0.1,200,2,l2,42,lbfgs,0.0001,,SelectKBest(score_func=<function mutual_info_classif at 0x147da6670>),5,,"{'balance': RandomUnderSampler(random_state=42), 'classify__C': 0.1, 'classify__max_iter': 200, 'classify__n_jobs': 2, 'classify__penalty': 'l2', 'classify__random_state': 42, 'classify__solver': 'lbfgs', 'classify__tol': 0.0001, 'impute': None, 'select': SelectKBest(score_func=<function mutual_info_classif at 0x147da6670>), 'select__k': 5, 'transform': None}",,,,,,451,,,,,,451,,,,,,451
0.00015370051066080728,6.631104165713994e-06,0.0,0.0,RandomUnderSampler(random_state=42),0.1,200,2,l2,42,lbfgs,0.0001,,SelectKBest(score_func=<function mutual_info_classif at 0x147da6670>),8,,"{'balance': RandomUnderSampler(random_state=42), 'classify__C': 0.1, 'classify__max_iter': 200, 'classify__n_jobs': 2, 'classify__penalty': 'l2', 'classify__random_state': 42, 'classify__solver': 'lbfgs', 'classify__tol': 0.0001, 'impute': None, 'select': SelectKBest(score_func=<function mutual_info_classif at 0x147da6670>), 'select__k': 8, 'transform': None}",,,,,,451,,,,,,451,,,,,,451
0.0001633167266845703,2.1593230816830565e-05,0.0,0.0,RandomUnderSampler(random_state=42),0.1,200,2,l2,42,lbfgs,0.0001,,SelectKBest(score_func=<function mutual_info_classif at 0x147da6670>),11,,"{'balance': RandomUnderSampler(random_state=42), 'classify__C': 0.1, 'classify__max_iter': 200, 'classify__n_jobs': 2, 'classify__penalty': 'l2', 'classify__random_state': 42, 'classify__solver': 'lbfgs', 'classify__tol': 0.0001, 'impute': None, 'select': SelectKBest(score_func=<function mutual_info_classif at 0x147da6670>), 'select__k': 11, 'transform': None}",,,,,,451,,,,,,451,,,,,,451
0.0002452532450358073,1.4723299079805648e-05,0.0,0.0,RandomUnderSampler(random_state=42),0.1,200,2,l2,42,lbfgs,0.0001,SimpleImputer(strategy='median'),SelectKBest(score_func=<function mutual_info_classif at 0x147da6670>),5,,"{'balance': RandomUnderSampler(random_state=42), 'classify__C': 0.1, 'classify__max_iter': 200, 'classify__n_jobs': 2, 'classify__penalty': 'l2', 'classify__random_state': 42, 'classify__solver': 'lbfgs', 'classify__tol': 0.0001, 'impute': SimpleImputer(strategy='median'), 'select': SelectKBest(score_func=<function mutual_info_classif at 0x147da6670>), 'select__k': 5, 'transform': None}",,,,,,451,,,,,,451,,,,,,451
0.0001480579376220703,1.557343637328579e-06,0.0,0.0,RandomUnderSampler(random_state=42),0.1,500,2,l2,42,lbfgs,0.0001,,SelectKBest(score_func=<function mutual_info_classif at 0x147da6670>),5,,"{'balance': RandomUnderSampler(random_state=42), 'classify__C': 0.1, 'classify__max_iter': 500, 'classify__n_jobs': 2, 'classify__penalty': 'l2', 'classify__random_state': 42, 'classify__solver': 'lbfgs', 'classify__tol': 0.0001, 'impute': None, 'select': SelectKBest(score_func=<function mutual_info_classif at 0x147da6670>), 'select__k': 5, 'transform': None}",,,,,,451,,,,,,451,,,,,,451
0.0002506573994954427,1.1368230765944255e-05,0.0,0.0,RandomUnderSampler(random_state=42),0.1,200,2,l2,42,lbfgs,0.0001,SimpleImputer(strategy='median'),SelectKBest(score_func=<function mutual_info_classif at 0x147da6670>),8,,"{'balance': RandomUnderSampler(random_state=42), 'classify__C': 0.1, 'classify__max_iter': 200, 'classify__n_jobs': 2, 'classify__penalty': 'l2', 'classify__random_state': 42, 'classify__solver': 'lbfgs', 'classify__tol': 0.0001, 'impute': SimpleImputer(strategy='median'), 'select': SelectKBest(score_func=<function mutual_info_classif at 0x147da6670>), 'select__k': 8, 'transform': None}",,,,,,451,,,,,,451,,,,,,451
0.0001475811004638672,5.150429962800233e-07,0.0,0.0,RandomUnderSampler(random_state=42),0.1,500,2,l2,42,lbfgs,1e-08,,SelectKBest(score_func=<function mutual_info_classif at 0x147da6670>),5,,"{'balance': RandomUnderSampler(random_state=42), 'classify__C': 0.1, 'classify__max_iter': 500, 'classify__n_jobs': 2, 'classify__penalty': 'l2', 'classify__random_state': 42, 'classify__solver': 'lbfgs', 'classify__tol': 1e-08, 'impute': None, 'select': SelectKBest(score_func=<function mutual_info_classif at 0x147da6670>), 'select__k': 5, 'transform': None}",,,,,,451,,,,,,451,,,,,,451
0.0001503626505533854,2.614161841614807e-06,0.0,0.0,RandomUnderSampler(random_state=42),0.1,500,2,l2,42,lbfgs,1e-08,,SelectKBest(score_func=<function mutual_info_classif at 0x147da6670>),8,,"{'balance': RandomUnderSampler(random_state=42), 'classify__C': 0.1, 'classify__max_iter': 500, 'classify__n_jobs': 2, 'classify__penalty': 'l2', 'classify__random_state': 42, 'classify__solver': 'lbfgs', 'classify__tol': 1e-08, 'impute': None, 'select': SelectKBest(score_func=<function mutual_info_classif at 0x147da6670>), 'select__k': 8, 'transform': None}",,,,,,451,,,,,,451,,,,,,451
0.00014734268188476562,5.150429962800233e-07,0.0,0.0,RandomUnderSampler(random_state=42),0.1,500,2,l2,42,lbfgs,1e-08,,SelectKBest(score_func=<function mutual_info_classif at 0x147da6670>),11,,"{'balance': RandomUnderSampler(random_state=42), 'classify__C': 0.1, 'classify__max_iter': 500, 'classify__n_jobs': 2, 'classify__penalty': 'l2', 'classify__random_state': 42, 'classify__solver': 'lbfgs', 'classify__tol': 1e-08, 'impute': None, 'select': SelectKBest(score_func=<function mutual_info_classif at 0x147da6670>), 'select__k': 11, 'transform': None}",,,,,,451,,,,,,451,,,,,,451
0.00023523966471354166,1.6556315943399795e-06,0.0,0.0,RandomUnderSampler(random_state=42),0.1,500,2,l2,42,lbfgs,1e-08,SimpleImputer(strategy='median'),SelectKBest(score_func=<function mutual_info_classif at 0x147da6670>),5,,"{'balance': RandomUnderSampler(random_state=42), 'classify__C': 0.1, 'classify__max_iter': 500, 'classify__n_jobs': 2, 'classify__penalty': 'l2', 'classify__random_state': 42, 'classify__solver': 'lbfgs', 'classify__tol': 1e-08, 'impute': SimpleImputer(strategy='median'), 'select': SelectKBest(score_func=<function mutual_info_classif at 0x147da6670>), 'select__k': 5, 'transform': None}",,,,,,451,,,,,,451,,,,,,451
0.00023365020751953125,5.150429962800233e-07,0.0,0.0,RandomUnderSampler(random_state=42),0.1,500,2,l2,42,lbfgs,1e-08,SimpleImputer(strategy='median'),SelectKBest(score_func=<function mutual_info_classif at 0x147da6670>),8,,"{'balance': RandomUnderSampler(random_state=42), 'classify__C': 0.1, 'classify__max_iter': 500, 'classify__n_jobs': 2, 'classify__penalty': 'l2', 'classify__random_state': 42, 'classify__solver': 'lbfgs', 'classify__tol': 1e-08, 'impute': SimpleImputer(strategy='median'), 'select': SelectKBest(score_func=<function mutual_info_classif at 0x147da6670>), 'select__k': 8, 'transform': None}",,,,,,451,,,,,,451,,,,,,451
0.00023372968037923178,4.052336624139774e-07,0.0,0.0,RandomUnderSampler(random_state=42),0.1,500,2,l2,42,lbfgs,1e-08,SimpleImputer(strategy='median'),SelectKBest(score_func=<function mutual_info_classif at 0x147da6670>),11,,"{'balance': RandomUnderSampler(random_state=42), 'classify__C': 0.1, 'classify__max_iter': 500, 'classify__n_jobs': 2, 'classify__penalty': 'l2', 'classify__random_state': 42, 'classify__solver': 'lbfgs', 'classify__tol': 1e-08, 'impute': SimpleImputer(strategy='median'), 'select': SelectKBest(score_func=<function mutual_info_classif at 0x147da6670>), 'select__k': 11, 'transform': None}",,,,,,451,,,,,,451,,,,,,451
0.00015306472778320312,4.08802704798752e-06,0.0,0.0,RandomUnderSampler(random_state=42),0.1,500,2,l2,42,lbfgs,1e-06,,SelectKBest(score_func=<function mutual_info_classif at 0x147da6670>),5,,"{'balance': RandomUnderSampler(random_state=42), 'classify__C': 0.1, 'classify__max_iter': 500, 'classify__n_jobs': 2, 'classify__penalty': 'l2', 'classify__random_state': 42, 'classify__solver': 'lbfgs', 'classify__tol': 1e-06, 'impute': None, 'select': SelectKBest(score_func=<function mutual_info_classif at 0x147da6670>), 'select__k': 5, 'transform': None}",,,,,,451,,,,,,451,,,,,,451
0.00014702479044596353,8.778064264605253e-07,0.0,0.0,RandomUnderSampler(random_state=42),0.1,500,2,l2,42,lbfgs,1e-06,,SelectKBest(score_func=<function mutual_info_classif at 0x147da6670>),8,,"{'balance': RandomUnderSampler(random_state=42), 'classify__C': 0.1, 'classify__max_iter': 500, 'classify__n_jobs': 2, 'classify__penalty': 'l2', 'classify__random_state': 42, 'classify__solver': 'lbfgs', 'classify__tol': 1e-06, 'impute': None, 'select': SelectKBest(score_func=<function mutual_info_classif at 0x147da6670>), 'select__k': 8, 'transform': None}",,,,,,451,,,,,,451,,,,,,451
0.00014710426330566406,1.9466795466607238e-07,0.0,0.0,RandomUnderSampler(random_state=42),0.1,500,2,l2,42,lbfgs,1e-06,,SelectKBest(score_func=<function mutual_info_classif at 0x147da6670>),11,,"{'balance': RandomUnderSampler(random_state=42), 'classify__C': 0.1, 'classify__max_iter': 500, 'classify__n_jobs': 2, 'classify__penalty': 'l2', 'classify__random_state': 42, 'classify__solver': 'lbfgs', 'classify__tol': 1e-06, 'impute': None, 'select': SelectKBest(score_func=<function mutual_info_classif at 0x147da6670>), 'select__k': 11, 'transform': None}",,,,,,451,,,,,,451,,,,,,451
0.00023396809895833334,1.46109074837766e-06,0.0,0.0,RandomUnderSampler(random_state=42),0.1,500,2,l2,42,lbfgs,1e-06,SimpleImputer(strategy='median'),SelectKBest(score_func=<function mutual_info_classif at 0x147da6670>),5,,"{'balance': RandomUnderSampler(random_state=42), 'classify__C': 0.1, 'classify__max_iter': 500, 'classify__n_jobs': 2, 'classify__penalty': 'l2', 'classify__random_state': 42, 'classify__solver': 'lbfgs', 'classify__tol': 1e-06, 'impute': SimpleImputer(strategy='median'), 'select': SelectKBest(score_func=<function mutual_info_classif at 0x147da6670>), 'select__k': 5, 'transform': None}",,,,,,451,,,,,,451,,,,,,451
0.00023221969604492188,5.150429962800233e-07,0.0,0.0,RandomUnderSampler(random_state=42),0.1,500,2,l2,42,lbfgs,1e-06,SimpleImputer(strategy='median'),SelectKBest(score_func=<function mutual_info_classif at 0x147da6670>),8,,"{'balance': RandomUnderSampler(random_state=42), 'classify__C': 0.1, 'classify__max_iter': 500, 'classify__n_jobs': 2, 'classify__penalty': 'l2', 'classify__random_state': 42, 'classify__solver': 'lbfgs', 'classify__tol': 1e-06, 'impute': SimpleImputer(strategy='median'), 'select': SelectKBest(score_func=<function mutual_info_classif at 0x147da6670>), 'select__k': 8, 'transform': None}",,,,,,451,,,,,,451,,,,,,451
0.0002381006876627604,2.1354403245519644e-06,0.0,0.0,RandomUnderSampler(random_state=42),0.1,200,2,l2,42,lbfgs,0.0001,SimpleImputer(strategy='median'),SelectKBest(score_func=<function mutual_info_classif at 0x147da6670>),11,,"{'balance': RandomUnderSampler(random_state=42), 'classify__C': 0.1, 'classify__max_iter': 200, 'classify__n_jobs': 2, 'classify__penalty': 'l2', 'classify__random_state': 42, 'classify__solver': 'lbfgs', 'classify__tol': 0.0001, 'impute': SimpleImputer(strategy='median'), 'select': SelectKBest(score_func=<function mutual_info_classif at 0x147da6670>), 'select__k': 11, 'transform': None}",,,,,,451,,,,,,451,,,,,,451
0.00023635228474934897,4.49566384116203e-07,0.0,0.0,RandomUnderSampler(random_state=42),0.1,200,2,l2,42,lbfgs,1e-08,SimpleImputer(strategy='median'),SelectKBest(score_func=<function mutual_info_classif at 0x147da6670>),8,,"{'balance': RandomUnderSampler(random_state=42), 'classify__C': 0.1, 'classify__max_iter': 200, 'classify__n_jobs': 2, 'classify__penalty': 'l2', 'classify__random_state': 42, 'classify__solver': 'lbfgs', 'classify__tol': 1e-08, 'impute': SimpleImputer(strategy='median'), 'select': SelectKBest(score_func=<function mutual_info_classif at 0x147da6670>), 'select__k': 8, 'transform': None}",,,,,,451,,,,,,451,,,,,,451
0.00023094813028971353,8.778064264605253e-07,0.0,0.0,RandomUnderSampler(random_state=42),0.1,2000,2,l2,42,lbfgs,1e-08,SimpleImputer(strategy='median'),SelectKBest(score_func=<function mutual_info_classif at 0x147da6670>),8,,"{'balance': RandomUnderSampler(random_state=42), 'classify__C': 0.1, 'classify__max_iter': 2000, 'classify__n_jobs': 2, 'classify__penalty': 'l2', 'classify__random_state': 42, 'classify__solver': 'lbfgs', 'classify__tol': 1e-08, 'impute': SimpleImputer(strategy='median'), 'select': SelectKBest(score_func=<function mutual_info_classif at 0x147da6670>), 'select__k': 8, 'transform': None}",,,,,,451,,,,,,451,,,,,,451
0.00016832351684570312,1.0115243642614567e-06,0.0,0.0,RandomUnderSampler(random_state=42),0.1,2000,2,l2,42,lbfgs,1e-06,,SelectKBest(score_func=<function mutual_info_classif at 0x147da6670>),5,,"{'balance': RandomUnderSampler(random_state=42), 'classify__C': 0.1, 'classify__max_iter': 2000, 'classify__n_jobs': 2, 'classify__penalty': 'l2', 'classify__random_state': 42, 'classify__solver': 'lbfgs', 'classify__tol': 1e-06, 'impute': None, 'select': SelectKBest(score_func=<function mutual_info_classif at 0x147da6670>), 'select__k': 5, 'transform': None}",,,,,,451,,,,,,451,,,,,,451
0.0002387364705403646,4.052336624139774e-07,0.0,0.0,RandomUnderSampler(random_state=42),1.0,100,2,l2,42,lbfgs,0.0001,SimpleImputer(strategy='median'),SelectKBest(score_func=<function mutual_info_classif at 0x147da6670>),11,,"{'balance': RandomUnderSampler(random_state=42), 'classify__C': 1.0, 'classify__max_iter': 100, 'classify__n_jobs': 2, 'classify__penalty': 'l2', 'classify__random_state': 42, 'classify__solver': 'lbfgs', 'classify__tol': 0.0001, 'impute': SimpleImputer(strategy='median'), 'select': SelectKBest(score_func=<function mutual_info_classif at 0x147da6670>), 'select__k': 11, 'transform': None}",,,,,,451,,,,,,451,,,,,,451
0.00015091896057128906,7.786718186642895e-07,0.0,0.0,RandomUnderSampler(random_state=42),1.0,200,2,l2,42,lbfgs,1e-08,,SelectKBest(score_func=<function mutual_info_classif at 0x147da6670>),5,,"{'balance': RandomUnderSampler(random_state=42), 'classify__C': 1.0, 'classify__max_iter': 200, 'classify__n_jobs': 2, 'classify__penalty': 'l2', 'classify__random_state': 42, 'classify__solver': 'lbfgs', 'classify__tol': 1e-08, 'impute': None, 'select': SelectKBest(score_func=<function mutual_info_classif at 0x147da6670>), 'select__k': 5, 'transform': None}",,,,,,451,,,,,,451,,,,,,451
0.00015091896057128906,0.0,0.0,0.0,RandomUnderSampler(random_state=42),1.0,200,2,l2,42,lbfgs,1e-08,,SelectKBest(score_func=<function mutual_info_classif at 0x147da6670>),8,,"{'balance': RandomUnderSampler(random_state=42), 'classify__C': 1.0, 'classify__max_iter': 200, 'classify__n_jobs': 2, 'classify__penalty': 'l2', 'classify__random_state': 42, 'classify__solver': 'lbfgs', 'classify__tol': 1e-08, 'impute': None, 'select': SelectKBest(score_func=<function mutual_info_classif at 0x147da6670>), 'select__k': 8, 'transform': None}",,,,,,451,,,,,,451,,,,,,451
0.00015195210774739584,2.1706422621008022e-06,0.0,0.0,RandomUnderSampler(random_state=42),1.0,200,2,l2,42,lbfgs,1e-08,,SelectKBest(score_func=<function mutual_info_classif at 0x147da6670>),11,,"{'balance': RandomUnderSampler(random_state=42), 'classify__C': 1.0, 'classify__max_iter': 200, 'classify__n_jobs': 2, 'classify__penalty': 'l2', 'classify__random_state': 42, 'classify__solver': 'lbfgs', 'classify__tol': 1e-08, 'impute': None, 'select': SelectKBest(score_func=<function mutual_info_classif at 0x147da6670>), 'select__k': 11, 'transform': None}",,,,,,451,,,,,,451,,,,,,451
0.00023969014485677084,1.6556315943399795e-06,0.0,0.0,RandomUnderSampler(random_state=42),1.0,200,2,l2,42,lbfgs,1e-08,SimpleImputer(strategy='median'),SelectKBest(score_func=<function mutual_info_classif at 0x147da6670>),5,,"{'balance': RandomUnderSampler(random_state=42), 'classify__C': 1.0, 'classify__max_iter': 200, 'classify__n_jobs': 2, 'classify__penalty': 'l2', 'classify__random_state': 42, 'classify__solver': 'lbfgs', 'classify__tol': 1e-08, 'impute': SimpleImputer(strategy='median'), 'select': SelectKBest(score_func=<function mutual_info_classif at 0x147da6670>), 'select__k': 5, 'transform': None}",,,,,,451,,,,,,451,,,,,,451
0.00024048487345377603,1.2961631163199815e-06,0.0,0.0,RandomUnderSampler(random_state=42),1.0,200,2,l2,42,lbfgs,1e-08,SimpleImputer(strategy='median'),SelectKBest(score_func=<function mutual_info_classif at 0x147da6670>),8,,"{'balance': RandomUnderSampler(random_state=42), 'classify__C': 1.0, 'classify__max_iter': 200, 'classify__n_jobs': 2, 'classify__penalty': 'l2', 'classify__random_state': 42, 'classify__solver': 'lbfgs', 'classify__tol': 1e-08, 'impute': SimpleImputer(strategy='median'), 'select': SelectKBest(score_func=<function mutual_info_classif at 0x147da6670>), 'select__k': 8, 'transform': None}",,,,,,451,,,,,,451,,,,,,451
0.0002474784851074219,1.0122733642635763e-05,0.0,0.0,RandomUnderSampler(random_state=42),1.0,200,2,l2,42,lbfgs,1e-08,SimpleImputer(strategy='median'),SelectKBest(score_func=<function mutual_info_classif at 0x147da6670>),11,,"{'balance': RandomUnderSampler(random_state=42), 'classify__C': 1.0, 'classify__max_iter': 200, 'classify__n_jobs': 2, 'classify__penalty': 'l2', 'classify__random_state': 42, 'classify__solver': 'lbfgs', 'classify__tol': 1e-08, 'impute': SimpleImputer(strategy='median'), 'select': SelectKBest(score_func=<function mutual_info_classif at 0x147da6670>), 'select__k': 11, 'transform': None}",,,,,,451,,,,,,451,,,,,,451
0.0001502831776936849,4.49566384116203e-07,0.0,0.0,RandomUnderSampler(random_state=42),1.0,200,2,l2,42,lbfgs,1e-06,,SelectKBest(score_func=<function mutual_info_classif at 0x147da6670>),5,,"{'balance': RandomUnderSampler(random_state=42), 'classify__C': 1.0, 'classify__max_iter': 200, 'classify__n_jobs': 2, 'classify__penalty': 'l2', 'classify__random_state': 42, 'classify__solver': 'lbfgs', 'classify__tol': 1e-06, 'impute': None, 'select': SelectKBest(score_func=<function mutual_info_classif at 0x147da6670>), 'select__k': 5, 'transform': None}",,,,,,451,,,,,,451,,,,,,451
0.0001509984334309896,1.1239159602905075e-07,0.0,0.0,RandomUnderSampler(random_state=42),1.0,200,2,l2,42,lbfgs,1e-06,,SelectKBest(score_func=<function mutual_info_classif at 0x147da6670>),8,,"{'balance': RandomUnderSampler(random_state=42), 'classify__C': 1.0, 'classify__max_iter': 200, 'classify__n_jobs': 2, 'classify__penalty': 'l2', 'classify__random_state': 42, 'classify__solver': 'lbfgs', 'classify__tol': 1e-06, 'impute': None, 'select': SelectKBest(score_func=<function mutual_info_classif at 0x147da6670>), 'select__k': 8, 'transform': None}",,,,,,451,,,,,,451,,,,,,451
0.00015370051066080728,4.449060758679201e-06,0.0,0.0,RandomUnderSampler(random_state=42),1.0,200,2,l2,42,lbfgs,1e-06,,SelectKBest(score_func=<function mutual_info_classif at 0x147da6670>),11,,"{'balance': RandomUnderSampler(random_state=42), 'classify__C': 1.0, 'classify__max_iter': 200, 'classify__n_jobs': 2, 'classify__penalty': 'l2', 'classify__random_state': 42, 'classify__solver': 'lbfgs', 'classify__tol': 1e-06, 'impute': None, 'select': SelectKBest(score_func=<function mutual_info_classif at 0x147da6670>), 'select__k': 11, 'transform': None}",,,,,,451,,,,,,451,,,,,,451
0.00024008750915527344,1.7520115919946514e-06,0.0,0.0,RandomUnderSampler(random_state=42),1.0,200,2,l2,42,lbfgs,1e-06,SimpleImputer(strategy='median'),SelectKBest(score_func=<function mutual_info_classif at 0x147da6670>),5,,"{'balance': RandomUnderSampler(random_state=42), 'classify__C': 1.0, 'classify__max_iter': 200, 'classify__n_jobs': 2, 'classify__penalty': 'l2', 'classify__random_state': 42, 'classify__solver': 'lbfgs', 'classify__tol': 1e-06, 'impute': SimpleImputer(strategy='median'), 'select': SelectKBest(score_func=<function mutual_info_classif at 0x147da6670>), 'select__k': 5, 'transform': None}",,,,,,451,,,,,,451,,,,,,451
0.00024700164794921875,7.040416269413662e-06,0.0,0.0,RandomUnderSampler(random_state=42),1.0,100,2,l2,42,lbfgs,0.0001,SimpleImputer(strategy='median'),SelectKBest(score_func=<function mutual_info_classif at 0x147da6670>),8,,"{'balance': RandomUnderSampler(random_state=42), 'classify__C': 1.0, 'classify__max_iter': 100, 'classify__n_jobs': 2, 'classify__penalty': 'l2', 'classify__random_state': 42, 'classify__solver': 'lbfgs', 'classify__tol': 0.0001, 'impute': SimpleImputer(strategy='median'), 'select': SelectKBest(score_func=<function mutual_info_classif at 0x147da6670>), 'select__k': 8, 'transform': None}",,,,,,451,,,,,,451,,,,,,451
0.00023818016052246094,5.150429962800233e-07,0.0,0.0,RandomUnderSampler(random_state=42),1.0,200,2,l2,42,lbfgs,1e-06,SimpleImputer(strategy='median'),SelectKBest(score_func=<function mutual_info_classif at 0x147da6670>),8,,"{'balance': RandomUnderSampler(random_state=42), 'classify__C': 1.0, 'classify__max_iter': 200, 'classify__n_jobs': 2, 'classify__penalty': 'l2', 'classify__random_state': 42, 'classify__solver': 'lbfgs', 'classify__tol': 1e-06, 'impute': SimpleImputer(strategy='median'), 'select': SelectKBest(score_func=<function mutual_info_classif at 0x147da6670>), 'select__k': 8, 'transform': None}",,,,,,451,,,,,,451,,,,,,451
0.0001662572224934896,2.2073434774251388e-05,0.0,0.0,RandomUnderSampler(random_state=42),1.0,200,2,l2,42,lbfgs,0.0001,,SelectKBest(score_func=<function mutual_info_classif at 0x147da6670>),5,,"{'balance': RandomUnderSampler(random_state=42), 'classify__C': 1.0, 'classify__max_iter': 200, 'classify__n_jobs': 2, 'classify__penalty': 'l2', 'classify__random_state': 42, 'classify__solver': 'lbfgs', 'classify__tol': 0.0001, 'impute': None, 'select': SelectKBest(score_func=<function mutual_info_classif at 0x147da6670>), 'select__k': 5, 'transform': None}",,,,,,451,,,,,,451,,,,,,451
0.00014583269755045572,1.46109074837766e-06,0.0,0.0,RandomUnderSampler(random_state=42),1.0,200,2,l2,42,lbfgs,0.0001,,SelectKBest(score_func=<function mutual_info_classif at 0x147da6670>),8,,"{'balance': RandomUnderSampler(random_state=42), 'classify__C': 1.0, 'classify__max_iter': 200, 'classify__n_jobs': 2, 'classify__penalty': 'l2', 'classify__random_state': 42, 'classify__solver': 'lbfgs', 'classify__tol': 0.0001, 'impute': None, 'select': SelectKBest(score_func=<function mutual_info_classif at 0x147da6670>), 'select__k': 8, 'transform': None}",,,,,,451,,,,,,451,,,,,,451
0.00015274683634440103,1.007081382602913e-05,0.0,0.0,RandomUnderSampler(random_state=42),1.0,200,2,l2,42,lbfgs,0.0001,,SelectKBest(score_func=<function mutual_info_classif at 0x147da6670>),11,,"{'balance': RandomUnderSampler(random_state=42), 'classify__C': 1.0, 'classify__max_iter': 200, 'classify__n_jobs': 2, 'classify__penalty': 'l2', 'classify__random_state': 42, 'classify__solver': 'lbfgs', 'classify__tol': 0.0001, 'impute': None, 'select': SelectKBest(score_func=<function mutual_info_classif at 0x147da6670>), 'select__k': 11, 'transform': None}",,,,,,451,,,,,,451,,,,,,451
0.00023357073465983072,2.570305129495657e-06,0.0,0.0,RandomUnderSampler(random_state=42),1.0,200,2,l2,42,lbfgs,0.0001,SimpleImputer(strategy='median'),SelectKBest(score_func=<function mutual_info_classif at 0x147da6670>),5,,"{'balance': RandomUnderSampler(random_state=42), 'classify__C': 1.0, 'classify__max_iter': 200, 'classify__n_jobs': 2, 'classify__penalty': 'l2', 'classify__random_state': 42, 'classify__solver': 'lbfgs', 'classify__tol': 0.0001, 'impute': SimpleImputer(strategy='median'), 'select': SelectKBest(score_func=<function mutual_info_classif at 0x147da6670>), 'select__k': 5, 'transform': None}",,,,,,451,,,,,,451,,,,,,451
0.0002311865488688151,1.1239159602905075e-07,0.0,0.0,RandomUnderSampler(random_state=42),1.0,200,2,l2,42,lbfgs,0.0001,SimpleImputer(strategy='median'),SelectKBest(score_func=<function mutual_info_classif at 0x147da6670>),8,,"{'balance': RandomUnderSampler(random_state=42), 'classify__C': 1.0, 'classify__max_iter': 200, 'classify__n_jobs': 2, 'classify__penalty': 'l2', 'classify__random_state': 42, 'classify__solver': 'lbfgs', 'classify__tol': 0.0001, 'impute': SimpleImputer(strategy='median'), 'select': SelectKBest(score_func=<function mutual_info_classif at 0x147da6670>), 'select__k': 8, 'transform': None}",,,,,,451,,,,,,451,,,,,,451
0.00023102760314941406,9.73339773330362e-07,0.0,0.0,RandomUnderSampler(random_state=42),1.0,200,2,l2,42,lbfgs,0.0001,SimpleImputer(strategy='median'),SelectKBest(score_func=<function mutual_info_classif at 0x147da6670>),11,,"{'balance': RandomUnderSampler(random_state=42), 'classify__C': 1.0, 'classify__max_iter': 200, 'classify__n_jobs': 2, 'classify__penalty': 'l2', 'classify__random_state': 42, 'classify__solver': 'lbfgs', 'classify__tol': 0.0001, 'impute': SimpleImputer(strategy='median'), 'select': SelectKBest(score_func=<function mutual_info_classif at 0x147da6670>), 'select__k': 11, 'transform': None}",,,,,,451,,,,,,451,,,,,,451
0.0001453558603922526,9.602742174144245e-07,0.0,0.0,RandomUnderSampler(random_state=42),1.0,500,2,l2,42,lbfgs,1e-08,,SelectKBest(score_func=<function mutual_info_classif at 0x147da6670>),5,,"{'balance': RandomUnderSampler(random_state=42), 'classify__C': 1.0, 'classify__max_iter': 500, 'classify__n_jobs': 2, 'classify__penalty': 'l2', 'classify__random_state': 42, 'classify__solver': 'lbfgs', 'classify__tol': 1e-08, 'impute': None, 'select': SelectKBest(score_func=<function mutual_info_classif at 0x147da6670>), 'select__k': 5, 'transform': None}",,,,,,451,,,,,,451,,,,,,451
0.00014432271321614584,9.199648620915592e-07,0.0,0.0,RandomUnderSampler(random_state=42),1.0,500,2,l2,42,lbfgs,1e-08,,SelectKBest(score_func=<function mutual_info_classif at 0x147da6670>),8,,"{'balance': RandomUnderSampler(random_state=42), 'classify__C': 1.0, 'classify__max_iter': 500, 'classify__n_jobs': 2, 'classify__penalty': 'l2', 'classify__random_state': 42, 'classify__solver': 'lbfgs', 'classify__tol': 1e-08, 'impute': None, 'select': SelectKBest(score_func=<function mutual_info_classif at 0x147da6670>), 'select__k': 8, 'transform': None}",,,,,,451,,,,,,451,,,,,,451
0.00015370051066080728,6.070186759290158e-06,0.0,0.0,RandomUnderSampler(random_state=42),1.0,500,2,l2,42,lbfgs,1e-08,,SelectKBest(score_func=<function mutual_info_classif at 0x147da6670>),11,,"{'balance': RandomUnderSampler(random_state=42), 'classify__C': 1.0, 'classify__max_iter': 500, 'classify__n_jobs': 2, 'classify__penalty': 'l2', 'classify__random_state': 42, 'classify__solver': 'lbfgs', 'classify__tol': 1e-08, 'impute': None, 'select': SelectKBest(score_func=<function mutual_info_classif at 0x147da6670>), 'select__k': 11, 'transform': None}",,,,,,451,,,,,,451,,,,,,451
0.00024429957071940106,9.735992960048392e-06,0.0,0.0,RandomUnderSampler(random_state=42),1.0,500,2,l2,42,lbfgs,1e-08,SimpleImputer(strategy='median'),SelectKBest(score_func=<function mutual_info_classif at 0x147da6670>),5,,"{'balance': RandomUnderSampler(random_state=42), 'classify__C': 1.0, 'classify__max_iter': 500, 'classify__n_jobs': 2, 'classify__penalty': 'l2', 'classify__random_state': 42, 'classify__solver': 'lbfgs', 'classify__tol': 1e-08, 'impute': SimpleImputer(strategy='median'), 'select': SelectKBest(score_func=<function mutual_info_classif at 0x147da6670>), 'select__k': 5, 'transform': None}",,,,,,451,,,,,,451,,,,,,451
0.00023603439331054688,8.920806376395086e-07,0.0,0.0,RandomUnderSampler(random_state=42),1.0,500,2,l2,42,lbfgs,1e-08,SimpleImputer(strategy='median'),SelectKBest(score_func=<function mutual_info_classif at 0x147da6670>),8,,"{'balance': RandomUnderSampler(random_state=42), 'classify__C': 1.0, 'classify__max_iter': 500, 'classify__n_jobs': 2, 'classify__penalty': 'l2', 'classify__random_state': 42, 'classify__solver': 'lbfgs', 'classify__tol': 1e-08, 'impute': SimpleImputer(strategy='median'), 'select': SelectKBest(score_func=<function mutual_info_classif at 0x147da6670>), 'select__k': 8, 'transform': None}",,,,,,451,,,,,,451,,,,,,451
0.00023818016052246094,1.2765231453743784e-06,0.0,0.0,RandomUnderSampler(random_state=42),1.0,200,2,l2,42,lbfgs,1e-06,SimpleImputer(strategy='median'),SelectKBest(score_func=<function mutual_info_classif at 0x147da6670>),11,,"{'balance': RandomUnderSampler(random_state=42), 'classify__C': 1.0, 'classify__max_iter': 200, 'classify__n_jobs': 2, 'classify__penalty': 'l2', 'classify__random_state': 42, 'classify__solver': 'lbfgs', 'classify__tol': 1e-06, 'impute': SimpleImputer(strategy='median'), 'select': SelectKBest(score_func=<function mutual_info_classif at 0x147da6670>), 'select__k': 11, 'transform': None}",,,,,,451,,,,,,451,,,,,,451
0.0002803802490234375,4.279331235157885e-05,0.0,0.0,RandomUnderSampler(random_state=42),0.1,2000,2,l2,42,lbfgs,1e-08,SimpleImputer(strategy='median'),SelectKBest(score_func=<function mutual_info_classif at 0x147da6670>),11,,"{'balance': RandomUnderSampler(random_state=42), 'classify__C': 0.1, 'classify__max_iter': 2000, 'classify__n_jobs': 2, 'classify__penalty': 'l2', 'classify__random_state': 42, 'classify__solver': 'lbfgs', 'classify__tol': 1e-08, 'impute': SimpleImputer(strategy='median'), 'select': SelectKBest(score_func=<function mutual_info_classif at 0x147da6670>), 'select__k': 11, 'transform': None}",,,,,,451,,,,,,451,,,,,,451
0.0002426306406656901,1.1589421160379856e-05,0.0,0.0,RandomUnderSampler(random_state=42),1.0,100,2,l2,42,lbfgs,0.0001,SimpleImputer(strategy='median'),SelectKBest(score_func=<function mutual_info_classif at 0x147da6670>),5,,"{'balance': RandomUnderSampler(random_state=42), 'classify__C': 1.0, 'classify__max_iter': 100, 'classify__n_jobs': 2, 'classify__penalty': 'l2', 'classify__random_state': 42, 'classify__solver': 'lbfgs', 'classify__tol': 0.0001, 'impute': SimpleImputer(strategy='median'), 'select': SelectKBest(score_func=<function mutual_info_classif at 0x147da6670>), 'select__k': 5, 'transform': None}",,,,,,451,,,,,,451,,,,,,451
0.0001464684804280599,2.9736021254650284e-07,0.0,0.0,RandomUnderSampler(random_state=42),1.0,100,2,l2,42,lbfgs,0.0001,,SelectKBest(score_func=<function mutual_info_classif at 0x147da6670>),8,,"{'balance': RandomUnderSampler(random_state=42), 'classify__C': 1.0, 'classify__max_iter': 100, 'classify__n_jobs': 2, 'classify__penalty': 'l2', 'classify__random_state': 42, 'classify__solver': 'lbfgs', 'classify__tol': 0.0001, 'impute': None, 'select': SelectKBest(score_func=<function mutual_info_classif at 0x147da6670>), 'select__k': 8, 'transform': None}",,,,,,451,,,,,,451,,,,,,451
0.00016466776529947916,2.1531132354965316e-06,0.0,0.0,RandomUnderSampler(random_state=42),0.1,2000,2,l2,42,lbfgs,1e-06,,SelectKBest(score_func=<function mutual_info_classif at 0x147da6670>),8,,"{'balance': RandomUnderSampler(random_state=42), 'classify__C': 0.1, 'classify__max_iter': 2000, 'classify__n_jobs': 2, 'classify__penalty': 'l2', 'classify__random_state': 42, 'classify__solver': 'lbfgs', 'classify__tol': 1e-06, 'impute': None, 'select': SelectKBest(score_func=<function mutual_info_classif at 0x147da6670>), 'select__k': 8, 'transform': None}",,,,,,451,,,,,,451,,,,,,451
0.00017563501993815103,8.468242489479372e-06,0.0,0.0,RandomUnderSampler(random_state=42),0.1,2000,2,l2,42,lbfgs,1e-06,,SelectKBest(score_func=<function mutual_info_classif at 0x147da6670>),11,,"{'balance': RandomUnderSampler(random_state=42), 'classify__C': 0.1, 'classify__max_iter': 2000, 'classify__n_jobs': 2, 'classify__penalty': 'l2', 'classify__random_state': 42, 'classify__solver': 'lbfgs', 'classify__tol': 1e-06, 'impute': None, 'select': SelectKBest(score_func=<function mutual_info_classif at 0x147da6670>), 'select__k': 11, 'transform': None}",,,,,,451,,,,,,451,,,,,,451
0.00025526682535807293,8.195343638418048e-06,0.0,0.0,RandomUnderSampler(random_state=42),0.1,2000,2,l2,42,lbfgs,1e-06,SimpleImputer(strategy='median'),SelectKBest(score_func=<function mutual_info_classif at 0x147da6670>),5,,"{'balance': RandomUnderSampler(random_state=42), 'classify__C': 0.1, 'classify__max_iter': 2000, 'classify__n_jobs': 2, 'classify__penalty': 'l2', 'classify__random_state': 42, 'classify__solver': 'lbfgs', 'classify__tol': 1e-06, 'impute': SimpleImputer(strategy='median'), 'select': SelectKBest(score_func=<function mutual_info_classif at 0x147da6670>), 'select__k': 5, 'transform': None}",,,,,,451,,,,,,451,,,,,,451
0.0002632935841878255,8.99132768232406e-07,0.0,0.0,RandomUnderSampler(random_state=42),0.1,2000,2,l2,42,lbfgs,1e-06,SimpleImputer(strategy='median'),SelectKBest(score_func=<function mutual_info_classif at 0x147da6670>),8,,"{'balance': RandomUnderSampler(random_state=42), 'classify__C': 0.1, 'classify__max_iter': 2000, 'classify__n_jobs': 2, 'classify__penalty': 'l2', 'classify__random_state': 42, 'classify__solver': 'lbfgs', 'classify__tol': 1e-06, 'impute': SimpleImputer(strategy='median'), 'select': SelectKBest(score_func=<function mutual_info_classif at 0x147da6670>), 'select__k': 8, 'transform': None}",,,,,,451,,,,,,451,,,,,,451
0.00026424725850423175,8.99132768232406e-07,0.0,0.0,RandomUnderSampler(random_state=42),0.1,2000,2,l2,42,lbfgs,1e-06,SimpleImputer(strategy='median'),SelectKBest(score_func=<function mutual_info_classif at 0x147da6670>),11,,"{'balance': RandomUnderSampler(random_state=42), 'classify__C': 0.1, 'classify__max_iter': 2000, 'classify__n_jobs': 2, 'classify__penalty': 'l2', 'classify__random_state': 42, 'classify__solver': 'lbfgs', 'classify__tol': 1e-06, 'impute': SimpleImputer(strategy='median'), 'select': SelectKBest(score_func=<function mutual_info_classif at 0x147da6670>), 'select__k': 11, 'transform': None}",,,,,,451,,,,,,451,,,,,,451
0.00016132990519205728,6.9164221197874e-06,0.0,0.0,RandomUnderSampler(random_state=42),0.1,2000,2,l2,42,lbfgs,0.0001,,SelectKBest(score_func=<function mutual_info_classif at 0x147da6670>),5,,"{'balance': RandomUnderSampler(random_state=42), 'classify__C': 0.1, 'classify__max_iter': 2000, 'classify__n_jobs': 2, 'classify__penalty': 'l2', 'classify__random_state': 42, 'classify__solver': 'lbfgs', 'classify__tol': 0.0001, 'impute': None, 'select': SelectKBest(score_func=<function mutual_info_classif at 0x147da6670>), 'select__k': 5, 'transform': None}",,,,,,451,,,,,,451,,,,,,451
0.0001522699991861979,4.052336624139774e-07,0.0,0.0,RandomUnderSampler(random_state=42),0.1,2000,2,l2,42,lbfgs,0.0001,,SelectKBest(score_func=<function mutual_info_classif at 0x147da6670>),8,,"{'balance': RandomUnderSampler(random_state=42), 'classify__C': 0.1, 'classify__max_iter': 2000, 'classify__n_jobs': 2, 'classify__penalty': 'l2', 'classify__random_state': 42, 'classify__solver': 'lbfgs', 'classify__tol': 0.0001, 'impute': None, 'select': SelectKBest(score_func=<function mutual_info_classif at 0x147da6670>), 'select__k': 8, 'transform': None}",,,,,,451,,,,,,451,,,,,,451
0.0001567204793294271,8.723933855732341e-06,0.0,0.0,RandomUnderSampler(random_state=42),0.1,2000,2,l2,42,lbfgs,0.0001,,SelectKBest(score_func=<function mutual_info_classif at 0x147da6670>),11,,"{'balance': RandomUnderSampler(random_state=42), 'classify__C': 0.1, 'classify__max_iter': 2000, 'classify__n_jobs': 2, 'classify__penalty': 'l2', 'classify__random_state': 42, 'classify__solver': 'lbfgs', 'classify__tol': 0.0001, 'impute': None, 'select': SelectKBest(score_func=<function mutual_info_classif at 0x147da6670>), 'select__k': 11, 'transform': None}",,,,,,451,,,,,,451,,,,,,451
0.00024239222208658853,1.1069288474070324e-06,0.0,0.0,RandomUnderSampler(random_state=42),0.1,2000,2,l2,42,lbfgs,0.0001,SimpleImputer(strategy='median'),SelectKBest(score_func=<function mutual_info_classif at 0x147da6670>),5,,"{'balance': RandomUnderSampler(random_state=42), 'classify__C': 0.1, 'classify__max_iter': 2000, 'classify__n_jobs': 2, 'classify__penalty': 'l2', 'classify__random_state': 42, 'classify__solver': 'lbfgs', 'classify__tol': 0.0001, 'impute': SimpleImputer(strategy='median'), 'select': SelectKBest(score_func=<function mutual_info_classif at 0x147da6670>), 'select__k': 5, 'transform': None}",,,,,,451,,,,,,451,,,,,,451
0.0002509752909342448,1.4082626618281484e-05,0.0,0.0,RandomUnderSampler(random_state=42),0.1,2000,2,l2,42,lbfgs,0.0001,SimpleImputer(strategy='median'),SelectKBest(score_func=<function mutual_info_classif at 0x147da6670>),8,,"{'balance': RandomUnderSampler(random_state=42), 'classify__C': 0.1, 'classify__max_iter': 2000, 'classify__n_jobs': 2, 'classify__penalty': 'l2', 'classify__random_state': 42, 'classify__solver': 'lbfgs', 'classify__tol': 0.0001, 'impute': SimpleImputer(strategy='median'), 'select': SelectKBest(score_func=<function mutual_info_classif at 0x147da6670>), 'select__k': 8, 'transform': None}",,,,,,451,,,,,,451,,,,,,451
0.0002455711364746094,8.844011779304222e-06,0.0,0.0,RandomUnderSampler(random_state=42),0.1,2000,2,l2,42,lbfgs,0.0001,SimpleImputer(strategy='median'),SelectKBest(score_func=<function mutual_info_classif at 0x147da6670>),11,,"{'balance': RandomUnderSampler(random_state=42), 'classify__C': 0.1, 'classify__max_iter': 2000, 'classify__n_jobs': 2, 'classify__penalty': 'l2', 'classify__random_state': 42, 'classify__solver': 'lbfgs', 'classify__tol': 0.0001, 'impute': SimpleImputer(strategy='median'), 'select': SelectKBest(score_func=<function mutual_info_classif at 0x147da6670>), 'select__k': 11, 'transform': None}",,,,,,451,,,,,,451,,,,,,451
0.00014559427897135416,4.49566384116203e-07,0.0,0.0,RandomUnderSampler(random_state=42),1.0,100,2,l2,42,lbfgs,0.0001,,SelectKBest(score_func=<function mutual_info_classif at 0x147da6670>),11,,"{'balance': RandomUnderSampler(random_state=42), 'classify__C': 1.0, 'classify__max_iter': 100, 'classify__n_jobs': 2, 'classify__penalty': 'l2', 'classify__random_state': 42, 'classify__solver': 'lbfgs', 'classify__tol': 0.0001, 'impute': None, 'select': SelectKBest(score_func=<function mutual_info_classif at 0x147da6670>), 'select__k': 11, 'transform': None}",,,,,,451,,,,,,451,,,,,,451
0.00015044212341308594,5.150429962800233e-07,0.0,0.0,RandomUnderSampler(random_state=42),1.0,100,2,l2,42,lbfgs,1e-08,,SelectKBest(score_func=<function mutual_info_classif at 0x147da6670>),5,,"{'balance': RandomUnderSampler(random_state=42), 'classify__C': 1.0, 'classify__max_iter': 100, 'classify__n_jobs': 2, 'classify__penalty': 'l2', 'classify__random_state': 42, 'classify__solver': 'lbfgs', 'classify__tol': 1e-08, 'impute': None, 'select': SelectKBest(score_func=<function mutual_info_classif at 0x147da6670>), 'select__k': 5, 'transform': None}",,,,,,451,,,,,,451,,,,,,451
0.0001499652862548828,7.786718186642895e-07,0.0,0.0,RandomUnderSampler(random_state=42),1.0,100,2,l2,42,lbfgs,1e-08,,SelectKBest(score_func=<function mutual_info_classif at 0x147da6670>),11,,"{'balance': RandomUnderSampler(random_state=42), 'classify__C': 1.0, 'classify__max_iter': 100, 'classify__n_jobs': 2, 'classify__penalty': 'l2', 'classify__random_state': 42, 'classify__solver': 'lbfgs', 'classify__tol': 1e-08, 'impute': None, 'select': SelectKBest(score_func=<function mutual_info_classif at 0x147da6670>), 'select__k': 11, 'transform': None}",,,,,,451,,,,,,451,,,,,,451
0.0002381006876627604,1.4082626618281485e-06,0.0,0.0,RandomUnderSampler(random_state=42),1.0,100,2,l2,42,lbfgs,1e-08,SimpleImputer(strategy='median'),SelectKBest(score_func=<function mutual_info_classif at 0x147da6670>),5,,"{'balance': RandomUnderSampler(random_state=42), 'classify__C': 1.0, 'classify__max_iter': 100, 'classify__n_jobs': 2, 'classify__penalty': 'l2', 'classify__random_state': 42, 'classify__solver': 'lbfgs', 'classify__tol': 1e-08, 'impute': SimpleImputer(strategy='median'), 'select': SelectKBest(score_func=<function mutual_info_classif at 0x147da6670>), 'select__k': 5, 'transform': None}",,,,,,451,,,,,,451,,,,,,451
0.0002474784851074219,1.045241843070172e-05,0.0,0.0,RandomUnderSampler(random_state=42),1.0,100,2,l2,42,lbfgs,1e-08,SimpleImputer(strategy='median'),SelectKBest(score_func=<function mutual_info_classif at 0x147da6670>),8,,"{'balance': RandomUnderSampler(random_state=42), 'classify__C': 1.0, 'classify__max_iter': 100, 'classify__n_jobs': 2, 'classify__penalty': 'l2', 'classify__random_state': 42, 'classify__solver': 'lbfgs', 'classify__tol': 1e-08, 'impute': SimpleImputer(strategy='median'), 'select': SelectKBest(score_func=<function mutual_info_classif at 0x147da6670>), 'select__k': 8, 'transform': None}",,,,,,451,,,,,,451,,,,,,451
0.00023571650187174478,2.4183788386508526e-06,0.0,0.0,RandomUnderSampler(random_state=42),1.0,100,2,l2,42,lbfgs,1e-08,SimpleImputer(strategy='median'),SelectKBest(score_func=<function mutual_info_classif at 0x147da6670>),11,,"{'balance': RandomUnderSampler(random_state=42), 'classify__C': 1.0, 'classify__max_iter': 100, 'classify__n_jobs': 2, 'classify__penalty': 'l2', 'classify__random_state': 42, 'classify__solver': 'lbfgs', 'classify__tol': 1e-08, 'impute': SimpleImputer(strategy='median'), 'select': SelectKBest(score_func=<function mutual_info_classif at 0x147da6670>), 'select__k': 11, 'transform': None}",,,,,,451,,,,,,451,,,,,,451
0.0001656214396158854,1.5187011885010265e-05,0.0,0.0,RandomUnderSampler(random_state=42),1.0,100,2,l2,42,lbfgs,1e-06,,SelectKBest(score_func=<function mutual_info_classif at 0x147da6670>),5,,"{'balance': RandomUnderSampler(random_state=42), 'classify__C': 1.0, 'classify__max_iter': 100, 'classify__n_jobs': 2, 'classify__penalty': 'l2', 'classify__random_state': 42, 'classify__solver': 'lbfgs', 'classify__tol': 1e-06, 'impute': None, 'select': SelectKBest(score_func=<function mutual_info_classif at 0x147da6670>), 'select__k': 5, 'transform': None}",,,,,,451,,,,,,451,,,,,,451
0.00014630953470865885,4.052336624139774e-07,0.0,0.0,RandomUnderSampler(random_state=42),1.0,100,2,l2,42,lbfgs,1e-06,,SelectKBest(score_func=<function mutual_info_classif at 0x147da6670>),8,,"{'balance': RandomUnderSampler(random_state=42), 'classify__C': 1.0, 'classify__max_iter': 100, 'classify__n_jobs': 2, 'classify__penalty': 'l2', 'classify__random_state': 42, 'classify__solver': 'lbfgs', 'classify__tol': 1e-06, 'impute': None, 'select': SelectKBest(score_func=<function mutual_info_classif at 0x147da6670>), 'select__k': 8, 'transform': None}",,,,,,451,,,,,,451,,,,,,451
0.00014599164326985678,6.836513890459241e-07,0.0,0.0,RandomUnderSampler(random_state=42),1.0,100,2,l2,42,lbfgs,1e-06,,SelectKBest(score_func=<function mutual_info_classif at 0x147da6670>),11,,"{'balance': RandomUnderSampler(random_state=42), 'classify__C': 1.0, 'classify__max_iter': 100, 'classify__n_jobs': 2, 'classify__penalty': 'l2', 'classify__random_state': 42, 'classify__solver': 'lbfgs', 'classify__tol': 1e-06, 'impute': None, 'select': SelectKBest(score_func=<function mutual_info_classif at 0x147da6670>), 'select__k': 11, 'transform': None}",,,,,,451,,,,,,451,,,,,,451
0.00023516019185384115,3.4293252643571566e-06,0.0,0.0,RandomUnderSampler(random_state=42),1.0,100,2,l2,42,lbfgs,1e-06,SimpleImputer(strategy='median'),SelectKBest(score_func=<function mutual_info_classif at 0x147da6670>),5,,"{'balance': RandomUnderSampler(random_state=42), 'classify__C': 1.0, 'classify__max_iter': 100, 'classify__n_jobs': 2, 'classify__penalty': 'l2', 'classify__random_state': 42, 'classify__solver': 'lbfgs', 'classify__tol': 1e-06, 'impute': SimpleImputer(strategy='median'), 'select': SelectKBest(score_func=<function mutual_info_classif at 0x147da6670>), 'select__k': 5, 'transform': None}",,,,,,451,,,,,,451,,,,,,451
0.00023190180460611978,7.867411722033552e-07,0.0,0.0,RandomUnderSampler(random_state=42),1.0,100,2,l2,42,lbfgs,1e-06,SimpleImputer(strategy='median'),SelectKBest(score_func=<function mutual_info_classif at 0x147da6670>),8,,"{'balance': RandomUnderSampler(random_state=42), 'classify__C': 1.0, 'classify__max_iter': 100, 'classify__n_jobs': 2, 'classify__penalty': 'l2', 'classify__random_state': 42, 'classify__solver': 'lbfgs', 'classify__tol': 1e-06, 'impute': SimpleImputer(strategy='median'), 'select': SelectKBest(score_func=<function mutual_info_classif at 0x147da6670>), 'select__k': 8, 'transform': None}",,,,,,451,,,,,,451,,,,,,451
0.00023261706034342447,4.49566384116203e-07,0.0,0.0,RandomUnderSampler(random_state=42),1.0,100,2,l2,42,lbfgs,1e-06,SimpleImputer(strategy='median'),SelectKBest(score_func=<function mutual_info_classif at 0x147da6670>),11,,"{'balance': RandomUnderSampler(random_state=42), 'classify__C': 1.0, 'classify__max_iter': 100, 'classify__n_jobs': 2, 'classify__penalty': 'l2', 'classify__random_state': 42, 'classify__solver': 'lbfgs', 'classify__tol': 1e-06, 'impute': SimpleImputer(strategy='median'), 'select': SelectKBest(score_func=<function mutual_info_classif at 0x147da6670>), 'select__k': 11, 'transform': None}",,,,,,451,,,,,,451,,,,,,451
0.00014694531758626303,8.778064264605253e-07,0.0,0.0,RandomUnderSampler(random_state=42),1.0,100,2,l2,42,lbfgs,0.0001,,SelectKBest(score_func=<function mutual_info_classif at 0x147da6670>),5,,"{'balance': RandomUnderSampler(random_state=42), 'classify__C': 1.0, 'classify__max_iter': 100, 'classify__n_jobs': 2, 'classify__penalty': 'l2', 'classify__random_state': 42, 'classify__solver': 'lbfgs', 'classify__tol': 0.0001, 'impute': None, 'select': SelectKBest(score_func=<function mutual_info_classif at 0x147da6670>), 'select__k': 5, 'transform': None}",,,,,,451,,,,,,451,,,,,,451
0.00015354156494140625,5.057621821307284e-06,0.0,0.0,RandomUnderSampler(random_state=42),1.0,100,2,l2,42,lbfgs,1e-08,,SelectKBest(score_func=<function mutual_info_classif at 0x147da6670>),8,,"{'balance': RandomUnderSampler(random_state=42), 'classify__C': 1.0, 'classify__max_iter': 100, 'classify__n_jobs': 2, 'classify__penalty': 'l2', 'classify__random_state': 42, 'classify__solver': 'lbfgs', 'classify__tol': 1e-08, 'impute': None, 'select': SelectKBest(score_func=<function mutual_info_classif at 0x147da6670>), 'select__k': 8, 'transform': None}",,,,,,451,,,,,,451,,,,,,451
0.00024398167928059897,9.224330983827533e-06,0.0,0.0,RandomUnderSampler(random_state=42),0.1,200,2,l2,42,lbfgs,1e-08,SimpleImputer(strategy='median'),SelectKBest(score_func=<function mutual_info_classif at 0x147da6670>),5,,"{'balance': RandomUnderSampler(random_state=42), 'classify__C': 0.1, 'classify__max_iter': 200, 'classify__n_jobs': 2, 'classify__penalty': 'l2', 'classify__random_state': 42, 'classify__solver': 'lbfgs', 'classify__tol': 1e-08, 'impute': SimpleImputer(strategy='median'), 'select': SelectKBest(score_func=<function mutual_info_classif at 0x147da6670>), 'select__k': 5, 'transform': None}",,,,,,451,,,,,,451,,,,,,451
0.00015441576639811197,7.64262852997545e-06,0.0,0.0,RandomUnderSampler(random_state=42),0.1,200,2,l2,42,lbfgs,1e-08,,SelectKBest(score_func=<function mutual_info_classif at 0x147da6670>),11,,"{'balance': RandomUnderSampler(random_state=42), 'classify__C': 0.1, 'classify__max_iter': 200, 'classify__n_jobs': 2, 'classify__penalty': 'l2', 'classify__random_state': 42, 'classify__solver': 'lbfgs', 'classify__tol': 1e-08, 'impute': None, 'select': SelectKBest(score_func=<function mutual_info_classif at 0x147da6670>), 'select__k': 11, 'transform': None}",,,,,,451,,,,,,451,,,,,,451
0.00015211105346679688,3.7293015183290056e-06,0.0,0.0,RandomUnderSampler(random_state=42),0.1,200,2,l2,42,lbfgs,1e-08,,SelectKBest(score_func=<function mutual_info_classif at 0x147da6670>),8,,"{'balance': RandomUnderSampler(random_state=42), 'classify__C': 0.1, 'classify__max_iter': 200, 'classify__n_jobs': 2, 'classify__penalty': 'l2', 'classify__random_state': 42, 'classify__solver': 'lbfgs', 'classify__tol': 1e-08, 'impute': None, 'select': SelectKBest(score_func=<function mutual_info_classif at 0x147da6670>), 'select__k': 8, 'transform': None}",,,,,,451,,,,,,451,,,,,,451
0.00027497609456380207,7.052068885637607e-06,0.0,0.0,RandomUnderSampler(random_state=42),0.01,200,2,l2,42,lbfgs,1e-06,SimpleImputer(strategy='median'),SelectKBest(score_func=<function mutual_info_classif at 0x147da6670>),8,,"{'balance': RandomUnderSampler(random_state=42), 'classify__C': 0.01, 'classify__max_iter': 200, 'classify__n_jobs': 2, 'classify__penalty': 'l2', 'classify__random_state': 42, 'classify__solver': 'lbfgs', 'classify__tol': 1e-06, 'impute': SimpleImputer(strategy='median'), 'select': SelectKBest(score_func=<function mutual_info_classif at 0x147da6670>), 'select__k': 8, 'transform': None}",,,,,,451,,,,,,451,,,,,,451
0.0002632935841878255,1.959614436775518e-06,0.0,0.0,RandomUnderSampler(random_state=42),0.01,200,2,l2,42,lbfgs,1e-06,SimpleImputer(strategy='median'),SelectKBest(score_func=<function mutual_info_classif at 0x147da6670>),11,,"{'balance': RandomUnderSampler(random_state=42), 'classify__C': 0.01, 'classify__max_iter': 200, 'classify__n_jobs': 2, 'classify__penalty': 'l2', 'classify__random_state': 42, 'classify__solver': 'lbfgs', 'classify__tol': 1e-06, 'impute': SimpleImputer(strategy='median'), 'select': SelectKBest(score_func=<function mutual_info_classif at 0x147da6670>), 'select__k': 11, 'transform': None}",,,,,,451,,,,,,451,,,,,,451
0.00016585985819498697,1.1239159602905075e-07,0.0,0.0,RandomUnderSampler(random_state=42),0.01,200,2,l2,42,lbfgs,0.0001,,SelectKBest(score_func=<function mutual_info_classif at 0x147da6670>),5,,"{'balance': RandomUnderSampler(random_state=42), 'classify__C': 0.01, 'classify__max_iter': 200, 'classify__n_jobs': 2, 'classify__penalty': 'l2', 'classify__random_state': 42, 'classify__solver': 'lbfgs', 'classify__tol': 0.0001, 'impute': None, 'select': SelectKBest(score_func=<function mutual_info_classif at 0x147da6670>), 'select__k': 5, 'transform': None}",,,,,,451,,,,,,451,,,,,,451
0.0001652240753173828,1.215700987241932e-06,0.0,0.0,RandomUnderSampler(random_state=42),0.01,200,2,l2,42,lbfgs,0.0001,,SelectKBest(score_func=<function mutual_info_classif at 0x147da6670>),8,,"{'balance': RandomUnderSampler(random_state=42), 'classify__C': 0.01, 'classify__max_iter': 200, 'classify__n_jobs': 2, 'classify__penalty': 'l2', 'classify__random_state': 42, 'classify__solver': 'lbfgs', 'classify__tol': 0.0001, 'impute': None, 'select': SelectKBest(score_func=<function mutual_info_classif at 0x147da6670>), 'select__k': 8, 'transform': None}",,,,,,451,,,,,,451,,,,,,451
0.0001739660898844401,2.4702384207508092e-05,0.0,0.0,RandomUnderSampler(random_state=42),0.01,200,2,l2,42,lbfgs,0.0001,,SelectKBest(score_func=<function mutual_info_classif at 0x147da6670>),11,,"{'balance': RandomUnderSampler(random_state=42), 'classify__C': 0.01, 'classify__max_iter': 200, 'classify__n_jobs': 2, 'classify__penalty': 'l2', 'classify__random_state': 42, 'classify__solver': 'lbfgs', 'classify__tol': 0.0001, 'impute': None, 'select': SelectKBest(score_func=<function mutual_info_classif at 0x147da6670>), 'select__k': 11, 'transform': None}",,,,,,451,,,,,,451,,,,,,451
0.00025574366251627606,9.197588767483587e-06,0.0,0.0,RandomUnderSampler(random_state=42),0.01,200,2,l2,42,lbfgs,0.0001,SimpleImputer(strategy='median'),SelectKBest(score_func=<function mutual_info_classif at 0x147da6670>),5,,"{'balance': RandomUnderSampler(random_state=42), 'classify__C': 0.01, 'classify__max_iter': 200, 'classify__n_jobs': 2, 'classify__penalty': 'l2', 'classify__random_state': 42, 'classify__solver': 'lbfgs', 'classify__tol': 0.0001, 'impute': SimpleImputer(strategy='median'), 'select': SelectKBest(score_func=<function mutual_info_classif at 0x147da6670>), 'select__k': 5, 'transform': None}",,,,,,451,,,,,,451,,,,,,451
0.0002512931823730469,1.1133577535057423e-05,0.0,0.0,RandomUnderSampler(random_state=42),0.01,200,2,l2,42,lbfgs,0.0001,SimpleImputer(strategy='median'),SelectKBest(score_func=<function mutual_info_classif at 0x147da6670>),8,,"{'balance': RandomUnderSampler(random_state=42), 'classify__C': 0.01, 'classify__max_iter': 200, 'classify__n_jobs': 2, 'classify__penalty': 'l2', 'classify__random_state': 42, 'classify__solver': 'lbfgs', 'classify__tol': 0.0001, 'impute': SimpleImputer(strategy='median'), 'select': SelectKBest(score_func=<function mutual_info_classif at 0x147da6670>), 'select__k': 8, 'transform': None}",,,,,,451,,,,,,451,,,,,,451
0.0002830823262532552,3.559301841956368e-05,0.0,0.0,RandomUnderSampler(random_state=42),0.01,200,2,l2,42,lbfgs,0.0001,SimpleImputer(strategy='median'),SelectKBest(score_func=<function mutual_info_classif at 0x147da6670>),11,,"{'balance': RandomUnderSampler(random_state=42), 'classify__C': 0.01, 'classify__max_iter': 200, 'classify__n_jobs': 2, 'classify__penalty': 'l2', 'classify__random_state': 42, 'classify__solver': 'lbfgs', 'classify__tol': 0.0001, 'impute': SimpleImputer(strategy='median'), 'select': SelectKBest(score_func=<function mutual_info_classif at 0x147da6670>), 'select__k': 11, 'transform': None}",,,,,,451,,,,,,451,,,,,,451
0.00014662742614746094,1.7302466278932287e-06,0.0,0.0,RandomUnderSampler(random_state=42),0.01,500,2,l2,42,lbfgs,1e-08,,SelectKBest(score_func=<function mutual_info_classif at 0x147da6670>),5,,"{'balance': RandomUnderSampler(random_state=42), 'classify__C': 0.01, 'classify__max_iter': 500, 'classify__n_jobs': 2, 'classify__penalty': 'l2', 'classify__random_state': 42, 'classify__solver': 'lbfgs', 'classify__tol': 1e-08, 'impute': None, 'select': SelectKBest(score_func=<function mutual_info_classif at 0x147da6670>), 'select__k': 5, 'transform': None}",,,,,,451,,,,,,451,,,,,,451
0.00014678637186686197,6.25769923052137e-07,0.0,0.0,RandomUnderSampler(random_state=42),0.01,500,2,l2,42,lbfgs,1e-08,,SelectKBest(score_func=<function mutual_info_classif at 0x147da6670>),8,,"{'balance': RandomUnderSampler(random_state=42), 'classify__C': 0.01, 'classify__max_iter': 500, 'classify__n_jobs': 2, 'classify__penalty': 'l2', 'classify__random_state': 42, 'classify__solver': 'lbfgs', 'classify__tol': 1e-08, 'impute': None, 'select': SelectKBest(score_func=<function mutual_info_classif at 0x147da6670>), 'select__k': 8, 'transform': None}",,,,,,451,,,,,,451,,,,,,451
0.00014742215474446615,1.2665889621185641e-06,0.0,0.0,RandomUnderSampler(random_state=42),0.01,500,2,l2,42,lbfgs,1e-08,,SelectKBest(score_func=<function mutual_info_classif at 0x147da6670>),11,,"{'balance': RandomUnderSampler(random_state=42), 'classify__C': 0.01, 'classify__max_iter': 500, 'classify__n_jobs': 2, 'classify__penalty': 'l2', 'classify__random_state': 42, 'classify__solver': 'lbfgs', 'classify__tol': 1e-08, 'impute': None, 'select': SelectKBest(score_func=<function mutual_info_classif at 0x147da6670>), 'select__k': 11, 'transform': None}",,,,,,451,,,,,,451,,,,,,451
0.00024882952372233075,7.5928821007386445e-06,0.0,0.0,RandomUnderSampler(random_state=42),0.01,200,2,l2,42,lbfgs,1e-06,SimpleImputer(strategy='median'),SelectKBest(score_func=<function mutual_info_classif at 0x147da6670>),5,,"{'balance': RandomUnderSampler(random_state=42), 'classify__C': 0.01, 'classify__max_iter': 200, 'classify__n_jobs': 2, 'classify__penalty': 'l2', 'classify__random_state': 42, 'classify__solver': 'lbfgs', 'classify__tol': 1e-06, 'impute': SimpleImputer(strategy='median'), 'select': SelectKBest(score_func=<function mutual_info_classif at 0x147da6670>), 'select__k': 5, 'transform': None}",,,,,,451,,,,,,451,,,,,,451
0.0002513726552327474,1.088110865452754e-05,0.0,0.0,RandomUnderSampler(random_state=42),0.01,500,2,l2,42,lbfgs,1e-08,SimpleImputer(strategy='median'),SelectKBest(score_func=<function mutual_info_classif at 0x147da6670>),5,,"{'balance': RandomUnderSampler(random_state=42), 'classify__C': 0.01, 'classify__max_iter': 500, 'classify__n_jobs': 2, 'classify__penalty': 'l2', 'classify__random_state': 42, 'classify__solver': 'lbfgs', 'classify__tol': 1e-08, 'impute': SimpleImputer(strategy='median'), 'select': SelectKBest(score_func=<function mutual_info_classif at 0x147da6670>), 'select__k': 5, 'transform': None}",,,,,,451,,,,,,451,,,,,,451
0.00024207433064778647,6.836513890459241e-07,0.0,0.0,RandomUnderSampler(random_state=42),0.01,500,2,l2,42,lbfgs,1e-08,SimpleImputer(strategy='median'),SelectKBest(score_func=<function mutual_info_classif at 0x147da6670>),11,,"{'balance': RandomUnderSampler(random_state=42), 'classify__C': 0.01, 'classify__max_iter': 500, 'classify__n_jobs': 2, 'classify__penalty': 'l2', 'classify__random_state': 42, 'classify__solver': 'lbfgs', 'classify__tol': 1e-08, 'impute': SimpleImputer(strategy='median'), 'select': SelectKBest(score_func=<function mutual_info_classif at 0x147da6670>), 'select__k': 11, 'transform': None}",,,,,,451,,,,,,451,,,,,,451
0.00015974044799804688,7.885854439039815e-06,0.0,0.0,RandomUnderSampler(random_state=42),0.01,500,2,l2,42,lbfgs,1e-06,,SelectKBest(score_func=<function mutual_info_classif at 0x147da6670>),5,,"{'balance': RandomUnderSampler(random_state=42), 'classify__C': 0.01, 'classify__max_iter': 500, 'classify__n_jobs': 2, 'classify__penalty': 'l2', 'classify__random_state': 42, 'classify__solver': 'lbfgs', 'classify__tol': 1e-06, 'impute': None, 'select': SelectKBest(score_func=<function mutual_info_classif at 0x147da6670>), 'select__k': 5, 'transform': None}",,,,,,451,,,,,,451,,,,,,451
0.00018032391866048178,6.676666253283253e-06,0.0,0.0,RandomUnderSampler(random_state=42),0.01,500,2,l2,42,lbfgs,1e-06,,SelectKBest(score_func=<function mutual_info_classif at 0x147da6670>),8,,"{'balance': RandomUnderSampler(random_state=42), 'classify__C': 0.01, 'classify__max_iter': 500, 'classify__n_jobs': 2, 'classify__penalty': 'l2', 'classify__random_state': 42, 'classify__solver': 'lbfgs', 'classify__tol': 1e-06, 'impute': None, 'select': SelectKBest(score_func=<function mutual_info_classif at 0x147da6670>), 'select__k': 8, 'transform': None}",,,,,,451,,,,,,451,,,,,,451
0.00014734268188476562,5.150429962800233e-07,0.0,0.0,RandomUnderSampler(random_state=42),0.01,500,2,l2,42,lbfgs,1e-06,,SelectKBest(score_func=<function mutual_info_classif at 0x147da6670>),11,,"{'balance': RandomUnderSampler(random_state=42), 'classify__C': 0.01, 'classify__max_iter': 500, 'classify__n_jobs': 2, 'classify__penalty': 'l2', 'classify__random_state': 42, 'classify__solver': 'lbfgs', 'classify__tol': 1e-06, 'impute': None, 'select': SelectKBest(score_func=<function mutual_info_classif at 0x147da6670>), 'select__k': 11, 'transform': None}",,,,,,451,,,,,,451,,,,,,451
0.00025391578674316406,1.5739238208865173e-05,0.0,0.0,RandomUnderSampler(random_state=42),0.01,500,2,l2,42,lbfgs,1e-06,SimpleImputer(strategy='median'),SelectKBest(score_func=<function mutual_info_classif at 0x147da6670>),5,,"{'balance': RandomUnderSampler(random_state=42), 'classify__C': 0.01, 'classify__max_iter': 500, 'classify__n_jobs': 2, 'classify__penalty': 'l2', 'classify__random_state': 42, 'classify__solver': 'lbfgs', 'classify__tol': 1e-06, 'impute': SimpleImputer(strategy='median'), 'select': SelectKBest(score_func=<function mutual_info_classif at 0x147da6670>), 'select__k': 5, 'transform': None}",,,,,,451,,,,,,451,,,,,,451
0.0002419153849283854,2.9221814967553196e-06,0.0,0.0,RandomUnderSampler(random_state=42),0.01,500,2,l2,42,lbfgs,1e-06,SimpleImputer(strategy='median'),SelectKBest(score_func=<function mutual_info_classif at 0x147da6670>),8,,"{'balance': RandomUnderSampler(random_state=42), 'classify__C': 0.01, 'classify__max_iter': 500, 'classify__n_jobs': 2, 'classify__penalty': 'l2', 'classify__random_state': 42, 'classify__solver': 'lbfgs', 'classify__tol': 1e-06, 'impute': SimpleImputer(strategy='median'), 'select': SelectKBest(score_func=<function mutual_info_classif at 0x147da6670>), 'select__k': 8, 'transform': None}",,,,,,451,,,,,,451,,,,,,451
0.0002560615539550781,1.2745920567153606e-05,0.0,0.0,RandomUnderSampler(random_state=42),0.01,500,2,l2,42,lbfgs,1e-06,SimpleImputer(strategy='median'),SelectKBest(score_func=<function mutual_info_classif at 0x147da6670>),11,,"{'balance': RandomUnderSampler(random_state=42), 'classify__C': 0.01, 'classify__max_iter': 500, 'classify__n_jobs': 2, 'classify__penalty': 'l2', 'classify__random_state': 42, 'classify__solver': 'lbfgs', 'classify__tol': 1e-06, 'impute': SimpleImputer(strategy='median'), 'select': SelectKBest(score_func=<function mutual_info_classif at 0x147da6670>), 'select__k': 11, 'transform': None}",,,,,,451,,,,,,451,,,,,,451
0.0001560846964518229,6.305959836602965e-06,0.0,0.0,RandomUnderSampler(random_state=42),0.01,500,2,l2,42,lbfgs,0.0001,,SelectKBest(score_func=<function mutual_info_classif at 0x147da6670>),5,,"{'balance': RandomUnderSampler(random_state=42), 'classify__C': 0.01, 'classify__max_iter': 500, 'classify__n_jobs': 2, 'classify__penalty': 'l2', 'classify__random_state': 42, 'classify__solver': 'lbfgs', 'classify__tol': 0.0001, 'impute': None, 'select': SelectKBest(score_func=<function mutual_info_classif at 0x147da6670>), 'select__k': 5, 'transform': None}",,,,,,451,,,,,,451,,,,,,451
0.00015004475911458334,8.778064264605253e-07,0.0,0.0,RandomUnderSampler(random_state=42),0.01,500,2,l2,42,lbfgs,0.0001,,SelectKBest(score_func=<function mutual_info_classif at 0x147da6670>),8,,"{'balance': RandomUnderSampler(random_state=42), 'classify__C': 0.01, 'classify__max_iter': 500, 'classify__n_jobs': 2, 'classify__penalty': 'l2', 'classify__random_state': 42, 'classify__solver': 'lbfgs', 'classify__tol': 0.0001, 'impute': None, 'select': SelectKBest(score_func=<function mutual_info_classif at 0x147da6670>), 'select__k': 8, 'transform': None}",,,,,,451,,,,,,451,,,,,,451
0.00015719731648763022,8.541761298207856e-06,0.0,0.0,RandomUnderSampler(random_state=42),0.01,500,2,l2,42,lbfgs,0.0001,,SelectKBest(score_func=<function mutual_info_classif at 0x147da6670>),11,,"{'balance': RandomUnderSampler(random_state=42), 'classify__C': 0.01, 'classify__max_iter': 500, 'classify__n_jobs': 2, 'classify__penalty': 'l2', 'classify__random_state': 42, 'classify__solver': 'lbfgs', 'classify__tol': 0.0001, 'impute': None, 'select': SelectKBest(score_func=<function mutual_info_classif at 0x147da6670>), 'select__k': 11, 'transform': None}",,,,,,451,,,,,,451,,,,,,451
0.0002593994140625,1.4053893863802335e-05,0.0,0.0,RandomUnderSampler(random_state=42),0.01,500,2,l2,42,lbfgs,0.0001,SimpleImputer(strategy='median'),SelectKBest(score_func=<function mutual_info_classif at 0x147da6670>),5,,"{'balance': RandomUnderSampler(random_state=42), 'classify__C': 0.01, 'classify__max_iter': 500, 'classify__n_jobs': 2, 'classify__penalty': 'l2', 'classify__random_state': 42, 'classify__solver': 'lbfgs', 'classify__tol': 0.0001, 'impute': SimpleImputer(strategy='median'), 'select': SelectKBest(score_func=<function mutual_info_classif at 0x147da6670>), 'select__k': 5, 'transform': None}",,,,,,451,,,,,,451,,,,,,451
0.00025399525960286457,1.148595922161081e-05,0.0,0.0,RandomUnderSampler(random_state=42),0.01,500,2,l2,42,lbfgs,1e-08,SimpleImputer(strategy='median'),SelectKBest(score_func=<function mutual_info_classif at 0x147da6670>),8,,"{'balance': RandomUnderSampler(random_state=42), 'classify__C': 0.01, 'classify__max_iter': 500, 'classify__n_jobs': 2, 'classify__penalty': 'l2', 'classify__random_state': 42, 'classify__solver': 'lbfgs', 'classify__tol': 1e-08, 'impute': SimpleImputer(strategy='median'), 'select': SelectKBest(score_func=<function mutual_info_classif at 0x147da6670>), 'select__k': 8, 'transform': None}",,,,,,451,,,,,,451,,,,,,451
0.0002597967783610026,2.6356008998896856e-05,0.0,0.0,RandomUnderSampler(random_state=42),0.01,500,2,l2,42,lbfgs,0.0001,SimpleImputer(strategy='median'),SelectKBest(score_func=<function mutual_info_classif at 0x147da6670>),8,,"{'balance': RandomUnderSampler(random_state=42), 'classify__C': 0.01, 'classify__max_iter': 500, 'classify__n_jobs': 2, 'classify__penalty': 'l2', 'classify__random_state': 42, 'classify__solver': 'lbfgs', 'classify__tol': 0.0001, 'impute': SimpleImputer(strategy='median'), 'select': SelectKBest(score_func=<function mutual_info_classif at 0x147da6670>), 'select__k': 8, 'transform': None}",,,,,,451,,,,,,451,,,,,,451
0.00014964739481608072,4.4660636006123595e-06,0.0,0.0,RandomUnderSampler(random_state=42),0.01,200,2,l2,42,lbfgs,1e-06,,SelectKBest(score_func=<function mutual_info_classif at 0x147da6670>),11,,"{'balance': RandomUnderSampler(random_state=42), 'classify__C': 0.01, 'classify__max_iter': 200, 'classify__n_jobs': 2, 'classify__penalty': 'l2', 'classify__random_state': 42, 'classify__solver': 'lbfgs', 'classify__tol': 1e-06, 'impute': None, 'select': SelectKBest(score_func=<function mutual_info_classif at 0x147da6670>), 'select__k': 11, 'transform': None}",,,,,,451,,,,,,451,,,,,,451
0.00015823046366373697,1.4581049976263025e-05,0.0,0.0,RandomUnderSampler(random_state=42),0.01,200,2,l2,42,lbfgs,1e-06,,SelectKBest(score_func=<function mutual_info_classif at 0x147da6670>),5,,"{'balance': RandomUnderSampler(random_state=42), 'classify__C': 0.01, 'classify__max_iter': 200, 'classify__n_jobs': 2, 'classify__penalty': 'l2', 'classify__random_state': 42, 'classify__solver': 'lbfgs', 'classify__tol': 1e-06, 'impute': None, 'select': SelectKBest(score_func=<function mutual_info_classif at 0x147da6670>), 'select__k': 5, 'transform': None}",,,,,,451,,,,,,451,,,,,,451
0.00019152959187825522,6.8170853659335265e-06,0.0,0.0,RandomUnderSampler(random_state=42),0.01,100,2,l2,42,lbfgs,1e-08,,SelectKBest(score_func=<function mutual_info_classif at 0x147da6670>),5,,"{'balance': RandomUnderSampler(random_state=42), 'classify__C': 0.01, 'classify__max_iter': 100, 'classify__n_jobs': 2, 'classify__penalty': 'l2', 'classify__random_state': 42, 'classify__solver': 'lbfgs', 'classify__tol': 1e-08, 'impute': None, 'select': SelectKBest(score_func=<function mutual_info_classif at 0x147da6670>), 'select__k': 5, 'transform': None}",,,,,,451,,,,,,451,,,,,,451
0.00015505154927571615,8.541761298207856e-06,0.0,0.0,RandomUnderSampler(random_state=42),0.01,100,2,l2,42,lbfgs,1e-08,,SelectKBest(score_func=<function mutual_info_classif at 0x147da6670>),8,,"{'balance': RandomUnderSampler(random_state=42), 'classify__C': 0.01, 'classify__max_iter': 100, 'classify__n_jobs': 2, 'classify__penalty': 'l2', 'classify__random_state': 42, 'classify__solver': 'lbfgs', 'classify__tol': 1e-08, 'impute': None, 'select': SelectKBest(score_func=<function mutual_info_classif at 0x147da6670>), 'select__k': 8, 'transform': None}",,,,,,451,,,,,,451,,,,,,451
0.00015457471211751303,2.9221814967553196e-06,0.0,0.0,RandomUnderSampler(random_state=42),0.01,100,2,l2,42,lbfgs,1e-08,,SelectKBest(score_func=<function mutual_info_classif at 0x147da6670>),11,,"{'balance': RandomUnderSampler(random_state=42), 'classify__C': 0.01, 'classify__max_iter': 100, 'classify__n_jobs': 2, 'classify__penalty': 'l2', 'classify__random_state': 42, 'classify__solver': 'lbfgs', 'classify__tol': 1e-08, 'impute': None, 'select': SelectKBest(score_func=<function mutual_info_classif at 0x147da6670>), 'select__k': 11, 'transform': None}",,,,,,451,,,,,,451,,,,,,451
0.00024930636088053387,1.540871976012823e-05,0.0,0.0,RandomUnderSampler(random_state=42),0.01,100,2,l2,42,lbfgs,1e-08,SimpleImputer(strategy='median'),SelectKBest(score_func=<function mutual_info_classif at 0x147da6670>),5,,"{'balance': RandomUnderSampler(random_state=42), 'classify__C': 0.01, 'classify__max_iter': 100, 'classify__n_jobs': 2, 'classify__penalty': 'l2', 'classify__random_state': 42, 'classify__solver': 'lbfgs', 'classify__tol': 1e-08, 'impute': SimpleImputer(strategy='median'), 'select': SelectKBest(score_func=<function mutual_info_classif at 0x147da6670>), 'select__k': 5, 'transform': None}",,,,,,451,,,,,,451,,,,,,451
0.0002513726552327474,1.1014376410846973e-05,0.0,0.0,RandomUnderSampler(random_state=42),0.01,100,2,l2,42,lbfgs,1e-08,SimpleImputer(strategy='median'),SelectKBest(score_func=<function mutual_info_classif at 0x147da6670>),8,,"{'balance': RandomUnderSampler(random_state=42), 'classify__C': 0.01, 'classify__max_iter': 100, 'classify__n_jobs': 2, 'classify__penalty': 'l2', 'classify__random_state': 42, 'classify__solver': 'lbfgs', 'classify__tol': 1e-08, 'impute': SimpleImputer(strategy='median'), 'select': SelectKBest(score_func=<function mutual_info_classif at 0x147da6670>), 'select__k': 8, 'transform': None}",,,,,,451,,,,,,451,,,,,,451
0.00024302800496419272,3.2125128001225373e-06,0.0,0.0,RandomUnderSampler(random_state=42),0.01,100,2,l2,42,lbfgs,1e-08,SimpleImputer(strategy='median'),SelectKBest(score_func=<function mutual_info_classif at 0x147da6670>),11,,"{'balance': RandomUnderSampler(random_state=42), 'classify__C': 0.01, 'classify__max_iter': 100, 'classify__n_jobs': 2, 'classify__penalty': 'l2', 'classify__random_state': 42, 'classify__solver': 'lbfgs', 'classify__tol': 1e-08, 'impute': SimpleImputer(strategy='median'), 'select': SelectKBest(score_func=<function mutual_info_classif at 0x147da6670>), 'select__k': 11, 'transform': None}",,,,,,451,,,,,,451,,,,,,451
0.00014734268188476562,5.150429962800233e-07,0.0,0.0,RandomUnderSampler(random_state=42),0.01,100,2,l2,42,lbfgs,1e-06,,SelectKBest(score_func=<function mutual_info_classif at 0x147da6670>),5,,"{'balance': RandomUnderSampler(random_state=42), 'classify__C': 0.01, 'classify__max_iter': 100, 'classify__n_jobs': 2, 'classify__penalty': 'l2', 'classify__random_state': 42, 'classify__solver': 'lbfgs', 'classify__tol': 1e-06, 'impute': None, 'select': SelectKBest(score_func=<function mutual_info_classif at 0x147da6670>), 'select__k': 5, 'transform': None}",,,,,,451,,,,,,451,,,,,,451
0.00015179316202799478,3.241869299311819e-06,0.0,0.0,RandomUnderSampler(random_state=42),0.01,100,2,l2,42,lbfgs,1e-06,,SelectKBest(score_func=<function mutual_info_classif at 0x147da6670>),8,,"{'balance': RandomUnderSampler(random_state=42), 'classify__C': 0.01, 'classify__max_iter': 100, 'classify__n_jobs': 2, 'classify__penalty': 'l2', 'classify__random_state': 42, 'classify__solver': 'lbfgs', 'classify__tol': 1e-06, 'impute': None, 'select': SelectKBest(score_func=<function mutual_info_classif at 0x147da6670>), 'select__k': 8, 'transform': None}",,,,,,451,,,,,,451,,,,,,451
0.000156402587890625,5.519789172549355e-06,0.0,0.0,RandomUnderSampler(random_state=42),0.01,100,2,l2,42,lbfgs,1e-06,,SelectKBest(score_func=<function mutual_info_classif at 0x147da6670>),11,,"{'balance': RandomUnderSampler(random_state=42), 'classify__C': 0.01, 'classify__max_iter': 100, 'classify__n_jobs': 2, 'classify__penalty': 'l2', 'classify__random_state': 42, 'classify__solver': 'lbfgs', 'classify__tol': 1e-06, 'impute': None, 'select': SelectKBest(score_func=<function mutual_info_classif at 0x147da6670>), 'select__k': 11, 'transform': None}",,,,,,451,,,,,,451,,,,,,451
0.0002491474151611328,1.528980163272946e-05,0.0,0.0,RandomUnderSampler(random_state=42),0.01,100,2,l2,42,lbfgs,1e-06,SimpleImputer(strategy='median'),SelectKBest(score_func=<function mutual_info_classif at 0x147da6670>),5,,"{'balance': RandomUnderSampler(random_state=42), 'classify__C': 0.01, 'classify__max_iter': 100, 'classify__n_jobs': 2, 'classify__penalty': 'l2', 'classify__random_state': 42, 'classify__solver': 'lbfgs', 'classify__tol': 1e-06, 'impute': SimpleImputer(strategy='median'), 'select': SelectKBest(score_func=<function mutual_info_classif at 0x147da6670>), 'select__k': 5, 'transform': None}",,,,,,451,,,,,,451,,,,,,451
0.0002980232238769531,3.96525769818624e-05,0.0,0.0,RandomUnderSampler(random_state=42),0.01,100,2,l2,42,lbfgs,1e-06,SimpleImputer(strategy='median'),SelectKBest(score_func=<function mutual_info_classif at 0x147da6670>),8,,"{'balance': RandomUnderSampler(random_state=42), 'classify__C': 0.01, 'classify__max_iter': 100, 'classify__n_jobs': 2, 'classify__penalty': 'l2', 'classify__random_state': 42, 'classify__solver': 'lbfgs', 'classify__tol': 1e-06, 'impute': SimpleImputer(strategy='median'), 'select': SelectKBest(score_func=<function mutual_info_classif at 0x147da6670>), 'select__k': 8, 'transform': None}",,,,,,451,,,,,,451,,,,,,451
0.0001483758290608724,2.657294829257407e-06,0.0,0.0,RandomUnderSampler(random_state=42),0.01,200,2,l2,42,lbfgs,1e-06,,SelectKBest(score_func=<function mutual_info_classif at 0x147da6670>),8,,"{'balance': RandomUnderSampler(random_state=42), 'classify__C': 0.01, 'classify__max_iter': 200, 'classify__n_jobs': 2, 'classify__penalty': 'l2', 'classify__random_state': 42, 'classify__solver': 'lbfgs', 'classify__tol': 1e-06, 'impute': None, 'select': SelectKBest(score_func=<function mutual_info_classif at 0x147da6670>), 'select__k': 8, 'transform': None}",,,,,,451,,,,,,451,,,,,,451
0.0002701282501220703,7.249911353938093e-06,0.0,0.0,RandomUnderSampler(random_state=42),0.01,100,2,l2,42,lbfgs,1e-06,SimpleImputer(strategy='median'),SelectKBest(score_func=<function mutual_info_classif at 0x147da6670>),11,,"{'balance': RandomUnderSampler(random_state=42), 'classify__C': 0.01, 'classify__max_iter': 100, 'classify__n_jobs': 2, 'classify__penalty': 'l2', 'classify__random_state': 42, 'classify__solver': 'lbfgs', 'classify__tol': 1e-06, 'impute': SimpleImputer(strategy='median'), 'select': SelectKBest(score_func=<function mutual_info_classif at 0x147da6670>), 'select__k': 11, 'transform': None}",,,,,,451,,,,,,451,,,,,,451
0.0001509984334309896,2.099648287077412e-06,0.0,0.0,RandomUnderSampler(random_state=42),0.01,100,2,l2,42,lbfgs,0.0001,,SelectKBest(score_func=<function mutual_info_classif at 0x147da6670>),8,,"{'balance': RandomUnderSampler(random_state=42), 'classify__C': 0.01, 'classify__max_iter': 100, 'classify__n_jobs': 2, 'classify__penalty': 'l2', 'classify__random_state': 42, 'classify__solver': 'lbfgs', 'classify__tol': 0.0001, 'impute': None, 'select': SelectKBest(score_func=<function mutual_info_classif at 0x147da6670>), 'select__k': 8, 'transform': None}",,,,,,451,,,,,,451,,,,,,451
0.0001483758290608724,8.99132768232406e-07,0.0,0.0,RandomUnderSampler(random_state=42),0.01,100,2,l2,42,lbfgs,0.0001,,SelectKBest(score_func=<function mutual_info_classif at 0x147da6670>),11,,"{'balance': RandomUnderSampler(random_state=42), 'classify__C': 0.01, 'classify__max_iter': 100, 'classify__n_jobs': 2, 'classify__penalty': 'l2', 'classify__random_state': 42, 'classify__solver': 'lbfgs', 'classify__tol': 0.0001, 'impute': None, 'select': SelectKBest(score_func=<function mutual_info_classif at 0x147da6670>), 'select__k': 11, 'transform': None}",,,,,,451,,,,,,451,,,,,,451
0.000245968500773112,8.778064264605254e-07,0.0,0.0,RandomUnderSampler(random_state=42),0.01,100,2,l2,42,lbfgs,0.0001,SimpleImputer(strategy='median'),SelectKBest(score_func=<function mutual_info_classif at 0x147da6670>),5,,"{'balance': RandomUnderSampler(random_state=42), 'classify__C': 0.01, 'classify__max_iter': 100, 'classify__n_jobs': 2, 'classify__penalty': 'l2', 'classify__random_state': 42, 'classify__solver': 'lbfgs', 'classify__tol': 0.0001, 'impute': SimpleImputer(strategy='median'), 'select': SelectKBest(score_func=<function mutual_info_classif at 0x147da6670>), 'select__k': 5, 'transform': None}",,,,,,451,,,,,,451,,,,,,451
0.00023833910624186197,4.052336624139774e-07,0.0,0.0,RandomUnderSampler(random_state=42),0.01,100,2,l2,42,lbfgs,0.0001,SimpleImputer(strategy='median'),SelectKBest(score_func=<function mutual_info_classif at 0x147da6670>),8,,"{'balance': RandomUnderSampler(random_state=42), 'classify__C': 0.01, 'classify__max_iter': 100, 'classify__n_jobs': 2, 'classify__penalty': 'l2', 'classify__random_state': 42, 'classify__solver': 'lbfgs', 'classify__tol': 0.0001, 'impute': SimpleImputer(strategy='median'), 'select': SelectKBest(score_func=<function mutual_info_classif at 0x147da6670>), 'select__k': 8, 'transform': None}",,,,,,451,,,,,,451,,,,,,451
0.0002349217732747396,8.778064264605253e-07,0.0,0.0,RandomUnderSampler(random_state=42),0.01,100,2,l2,42,lbfgs,0.0001,SimpleImputer(strategy='median'),SelectKBest(score_func=<function mutual_info_classif at 0x147da6670>),11,,"{'balance': RandomUnderSampler(random_state=42), 'classify__C': 0.01, 'classify__max_iter': 100, 'classify__n_jobs': 2, 'classify__penalty': 'l2', 'classify__random_state': 42, 'classify__solver': 'lbfgs', 'classify__tol': 0.0001, 'impute': SimpleImputer(strategy='median'), 'select': SelectKBest(score_func=<function mutual_info_classif at 0x147da6670>), 'select__k': 11, 'transform': None}",,,,,,451,,,,,,451,,,,,,451
0.00018318494160970053,3.138101369005622e-05,0.0,0.0,RandomUnderSampler(random_state=42),0.01,200,2,l2,42,lbfgs,1e-08,,SelectKBest(score_func=<function mutual_info_classif at 0x147da6670>),5,,"{'balance': RandomUnderSampler(random_state=42), 'classify__C': 0.01, 'classify__max_iter': 200, 'classify__n_jobs': 2, 'classify__penalty': 'l2', 'classify__random_state': 42, 'classify__solver': 'lbfgs', 'classify__tol': 1e-08, 'impute': None, 'select': SelectKBest(score_func=<function mutual_info_classif at 0x147da6670>), 'select__k': 5, 'transform': None}",,,,,,451,,,,,,451,,,,,,451
0.00015195210774739584,6.836513890459241e-07,0.0,0.0,RandomUnderSampler(random_state=42),0.01,200,2,l2,42,lbfgs,1e-08,,SelectKBest(score_func=<function mutual_info_classif at 0x147da6670>),8,,"{'balance': RandomUnderSampler(random_state=42), 'classify__C': 0.01, 'classify__max_iter': 200, 'classify__n_jobs': 2, 'classify__penalty': 'l2', 'classify__random_state': 42, 'classify__solver': 'lbfgs', 'classify__tol': 1e-08, 'impute': None, 'select': SelectKBest(score_func=<function mutual_info_classif at 0x147da6670>), 'select__k': 8, 'transform': None}",,,,,,451,,,,,,451,,,,,,451
0.00017364819844563803,8.972341554898705e-06,0.0,0.0,RandomUnderSampler(random_state=42),0.01,200,2,l2,42,lbfgs,1e-08,,SelectKBest(score_func=<function mutual_info_classif at 0x147da6670>),11,,"{'balance': RandomUnderSampler(random_state=42), 'classify__C': 0.01, 'classify__max_iter': 200, 'classify__n_jobs': 2, 'classify__penalty': 'l2', 'classify__random_state': 42, 'classify__solver': 'lbfgs', 'classify__tol': 1e-08, 'impute': None, 'select': SelectKBest(score_func=<function mutual_info_classif at 0x147da6670>), 'select__k': 11, 'transform': None}",,,,,,451,,,,,,451,,,,,,451
0.000246127446492513,1.1074422520380365e-05,0.0,0.0,RandomUnderSampler(random_state=42),0.01,200,2,l2,42,lbfgs,1e-08,SimpleImputer(strategy='median'),SelectKBest(score_func=<function mutual_info_classif at 0x147da6670>),5,,"{'balance': RandomUnderSampler(random_state=42), 'classify__C': 0.01, 'classify__max_iter': 200, 'classify__n_jobs': 2, 'classify__penalty': 'l2', 'classify__random_state': 42, 'classify__solver': 'lbfgs', 'classify__tol': 1e-08, 'impute': SimpleImputer(strategy='median'), 'select': SelectKBest(score_func=<function mutual_info_classif at 0x147da6670>), 'select__k': 5, 'transform': None}",,,,,,451,,,,,,451,,,,,,451
0.00023659070332845053,2.306082745956883e-06,0.0,0.0,RandomUnderSampler(random_state=42),0.01,200,2,l2,42,lbfgs,1e-08,SimpleImputer(strategy='median'),SelectKBest(score_func=<function mutual_info_classif at 0x147da6670>),8,,"{'balance': RandomUnderSampler(random_state=42), 'classify__C': 0.01, 'classify__max_iter': 200, 'classify__n_jobs': 2, 'classify__penalty': 'l2', 'classify__random_state': 42, 'classify__solver': 'lbfgs', 'classify__tol': 1e-08, 'impute': SimpleImputer(strategy='median'), 'select': SelectKBest(score_func=<function mutual_info_classif at 0x147da6670>), 'select__k': 8, 'transform': None}",,,,,,451,,,,,,451,,,,,,451
0.00024620691935221356,8.801776182785628e-06,0.0,0.0,RandomUnderSampler(random_state=42),0.01,200,2,l2,42,lbfgs,1e-08,SimpleImputer(strategy='median'),SelectKBest(score_func=<function mutual_info_classif at 0x147da6670>),11,,"{'balance': RandomUnderSampler(random_state=42), 'classify__C': 0.01, 'classify__max_iter': 200, 'classify__n_jobs': 2, 'classify__penalty': 'l2', 'classify__random_state': 42, 'classify__solver': 'lbfgs', 'classify__tol': 1e-08, 'impute': SimpleImputer(strategy='median'), 'select': SelectKBest(score_func=<function mutual_info_classif at 0x147da6670>), 'select__k': 11, 'transform': None}",,,,,,451,,,,,,451,,,,,,451
0.00021473566691080728,7.7269283574455e-05,0.0,0.0,RandomUnderSampler(random_state=42),0.01,100,2,l2,42,lbfgs,0.0001,,SelectKBest(score_func=<function mutual_info_classif at 0x147da6670>),5,,"{'balance': RandomUnderSampler(random_state=42), 'classify__C': 0.01, 'classify__max_iter': 100, 'classify__n_jobs': 2, 'classify__penalty': 'l2', 'classify__random_state': 42, 'classify__solver': 'lbfgs', 'classify__tol': 0.0001, 'impute': None, 'select': SelectKBest(score_func=<function mutual_info_classif at 0x147da6670>), 'select__k': 5, 'transform': None}",,,,,,451,,,,,,451,,,,,,451
0.00026289621988932293,4.1022932550603526e-05,0.0,0.0,RandomUnderSampler(random_state=42),0.01,500,2,l2,42,lbfgs,0.0001,SimpleImputer(strategy='median'),SelectKBest(score_func=<function mutual_info_classif at 0x147da6670>),11,,"{'balance': RandomUnderSampler(random_state=42), 'classify__C': 0.01, 'classify__max_iter': 500, 'classify__n_jobs': 2, 'classify__penalty': 'l2', 'classify__random_state': 42, 'classify__solver': 'lbfgs', 'classify__tol': 0.0001, 'impute': SimpleImputer(strategy='median'), 'select': SelectKBest(score_func=<function mutual_info_classif at 0x147da6670>), 'select__k': 11, 'transform': None}",,,,,,451,,,,,,451,,,,,,451
0.00015266736348470053,4.478773372524697e-06,0.0,0.0,RandomUnderSampler(random_state=42),0.01,1000,2,l2,42,lbfgs,1e-08,,SelectKBest(score_func=<function mutual_info_classif at 0x147da6670>),5,,"{'balance': RandomUnderSampler(random_state=42), 'classify__C': 0.01, 'classify__max_iter': 1000, 'classify__n_jobs': 2, 'classify__penalty': 'l2', 'classify__random_state': 42, 'classify__solver': 'lbfgs', 'classify__tol': 1e-08, 'impute': None, 'select': SelectKBest(score_func=<function mutual_info_classif at 0x147da6670>), 'select__k': 5, 'transform': None}",,,,,,451,,,,,,451,,,,,,451
0.00015966097513834635,1.1848121405711535e-05,0.0,0.0,RandomUnderSampler(random_state=42),0.01,1000,2,l2,42,lbfgs,1e-08,,SelectKBest(score_func=<function mutual_info_classif at 0x147da6670>),8,,"{'balance': RandomUnderSampler(random_state=42), 'classify__C': 0.01, 'classify__max_iter': 1000, 'classify__n_jobs': 2, 'classify__penalty': 'l2', 'classify__random_state': 42, 'classify__solver': 'lbfgs', 'classify__tol': 1e-08, 'impute': None, 'select': SelectKBest(score_func=<function mutual_info_classif at 0x147da6670>), 'select__k': 8, 'transform': None}",,,,,,451,,,,,,451,,,,,,451
0.00015497207641601562,6.418140764099746e-06,0.0,0.0,RandomUnderSampler(random_state=42),0.01,2000,2,l2,42,lbfgs,0.0001,,SelectKBest(score_func=<function mutual_info_classif at 0x147da6670>),8,,"{'balance': RandomUnderSampler(random_state=42), 'classify__C': 0.01, 'classify__max_iter': 2000, 'classify__n_jobs': 2, 'classify__penalty': 'l2', 'classify__random_state': 42, 'classify__solver': 'lbfgs', 'classify__tol': 0.0001, 'impute': None, 'select': SelectKBest(score_func=<function mutual_info_classif at 0x147da6670>), 'select__k': 8, 'transform': None}",,,,,,451,,,,,,451,,,,,,451
0.0001506805419921875,1.7302466278932287e-06,0.0,0.0,RandomUnderSampler(random_state=42),0.01,2000,2,l2,42,lbfgs,0.0001,,SelectKBest(score_func=<function mutual_info_classif at 0x147da6670>),11,,"{'balance': RandomUnderSampler(random_state=42), 'classify__C': 0.01, 'classify__max_iter': 2000, 'classify__n_jobs': 2, 'classify__penalty': 'l2', 'classify__random_state': 42, 'classify__solver': 'lbfgs', 'classify__tol': 0.0001, 'impute': None, 'select': SelectKBest(score_func=<function mutual_info_classif at 0x147da6670>), 'select__k': 11, 'transform': None}",,,,,,451,,,,,,451,,,,,,451
0.0002632935841878255,1.0378437397113411e-05,0.0,0.0,RandomUnderSampler(random_state=42),0.01,2000,2,l2,42,lbfgs,0.0001,SimpleImputer(strategy='median'),SelectKBest(score_func=<function mutual_info_classif at 0x147da6670>),5,,"{'balance': RandomUnderSampler(random_state=42), 'classify__C': 0.01, 'classify__max_iter': 2000, 'classify__n_jobs': 2, 'classify__penalty': 'l2', 'classify__random_state': 42, 'classify__solver': 'lbfgs', 'classify__tol': 0.0001, 'impute': SimpleImputer(strategy='median'), 'select': SelectKBest(score_func=<function mutual_info_classif at 0x147da6670>), 'select__k': 5, 'transform': None}",,,,,,451,,,,,,451,,,,,,451
0.00028506914774576825,3.935246929612089e-05,0.0,0.0,RandomUnderSampler(random_state=42),0.01,2000,2,l2,42,lbfgs,0.0001,SimpleImputer(strategy='median'),SelectKBest(score_func=<function mutual_info_classif at 0x147da6670>),8,,"{'balance': RandomUnderSampler(random_state=42), 'classify__C': 0.01, 'classify__max_iter': 2000, 'classify__n_jobs': 2, 'classify__penalty': 'l2', 'classify__random_state': 42, 'classify__solver': 'lbfgs', 'classify__tol': 0.0001, 'impute': SimpleImputer(strategy='median'), 'select': SelectKBest(score_func=<function mutual_info_classif at 0x147da6670>), 'select__k': 8, 'transform': None}",,,,,,451,,,,,,451,,,,,,451
0.00023969014485677084,3.7563013388622515e-06,0.0,0.0,RandomUnderSampler(random_state=42),0.01,2000,2,l2,42,lbfgs,0.0001,SimpleImputer(strategy='median'),SelectKBest(score_func=<function mutual_info_classif at 0x147da6670>),11,,"{'balance': RandomUnderSampler(random_state=42), 'classify__C': 0.01, 'classify__max_iter': 2000, 'classify__n_jobs': 2, 'classify__penalty': 'l2', 'classify__random_state': 42, 'classify__solver': 'lbfgs', 'classify__tol': 0.0001, 'impute': SimpleImputer(strategy='median'), 'select': SelectKBest(score_func=<function mutual_info_classif at 0x147da6670>), 'select__k': 11, 'transform': None}",,,,,,451,,,,,,451,,,,,,451
0.0001777013142903646,2.7284318669741414e-05,0.0,0.0,RandomUnderSampler(random_state=42),0.1,100,2,l2,42,lbfgs,1e-08,,SelectKBest(score_func=<function mutual_info_classif at 0x147da6670>),5,,"{'balance': RandomUnderSampler(random_state=42), 'classify__C': 0.1, 'classify__max_iter': 100, 'classify__n_jobs': 2, 'classify__penalty': 'l2', 'classify__random_state': 42, 'classify__solver': 'lbfgs', 'classify__tol': 1e-08, 'impute': None, 'select': SelectKBest(score_func=<function mutual_info_classif at 0x147da6670>), 'select__k': 5, 'transform': None}",,,,,,451,,,,,,451,,,,,,451
0.0001510779062906901,4.52507045920269e-06,0.0,0.0,RandomUnderSampler(random_state=42),0.1,100,2,l2,42,lbfgs,1e-08,,SelectKBest(score_func=<function mutual_info_classif at 0x147da6670>),8,,"{'balance': RandomUnderSampler(random_state=42), 'classify__C': 0.1, 'classify__max_iter': 100, 'classify__n_jobs': 2, 'classify__penalty': 'l2', 'classify__random_state': 42, 'classify__solver': 'lbfgs', 'classify__tol': 1e-08, 'impute': None, 'select': SelectKBest(score_func=<function mutual_info_classif at 0x147da6670>), 'select__k': 8, 'transform': None}",,,,,,451,,,,,,451,,,,,,451
0.00015131632486979166,3.952926036658569e-06,0.0,0.0,RandomUnderSampler(random_state=42),0.1,100,2,l2,42,lbfgs,1e-08,,SelectKBest(score_func=<function mutual_info_classif at 0x147da6670>),11,,"{'balance': RandomUnderSampler(random_state=42), 'classify__C': 0.1, 'classify__max_iter': 100, 'classify__n_jobs': 2, 'classify__penalty': 'l2', 'classify__random_state': 42, 'classify__solver': 'lbfgs', 'classify__tol': 1e-08, 'impute': None, 'select': SelectKBest(score_func=<function mutual_info_classif at 0x147da6670>), 'select__k': 11, 'transform': None}",,,,,,451,,,,,,451,,,,,,451
0.0002509752909342448,1.5951293825011017e-05,0.0,0.0,RandomUnderSampler(random_state=42),0.1,100,2,l2,42,lbfgs,1e-08,SimpleImputer(strategy='median'),SelectKBest(score_func=<function mutual_info_classif at 0x147da6670>),5,,"{'balance': RandomUnderSampler(random_state=42), 'classify__C': 0.1, 'classify__max_iter': 100, 'classify__n_jobs': 2, 'classify__penalty': 'l2', 'classify__random_state': 42, 'classify__solver': 'lbfgs', 'classify__tol': 1e-08, 'impute': SimpleImputer(strategy='median'), 'select': SelectKBest(score_func=<function mutual_info_classif at 0x147da6670>), 'select__k': 5, 'transform': None}",,,,,,451,,,,,,451,,,,,,451
0.0002384185791015625,3.520208134706831e-06,0.0,0.0,RandomUnderSampler(random_state=42),0.1,100,2,l2,42,lbfgs,1e-08,SimpleImputer(strategy='median'),SelectKBest(score_func=<function mutual_info_classif at 0x147da6670>),8,,"{'balance': RandomUnderSampler(random_state=42), 'classify__C': 0.1, 'classify__max_iter': 100, 'classify__n_jobs': 2, 'classify__penalty': 'l2', 'classify__random_state': 42, 'classify__solver': 'lbfgs', 'classify__tol': 1e-08, 'impute': SimpleImputer(strategy='median'), 'select': SelectKBest(score_func=<function mutual_info_classif at 0x147da6670>), 'select__k': 8, 'transform': None}",,,,,,451,,,,,,451,,,,,,451
0.00024127960205078125,1.045241843070172e-05,0.0,0.0,RandomUnderSampler(random_state=42),0.1,100,2,l2,42,lbfgs,1e-08,SimpleImputer(strategy='median'),SelectKBest(score_func=<function mutual_info_classif at 0x147da6670>),11,,"{'balance': RandomUnderSampler(random_state=42), 'classify__C': 0.1, 'classify__max_iter': 100, 'classify__n_jobs': 2, 'classify__penalty': 'l2', 'classify__random_state': 42, 'classify__solver': 'lbfgs', 'classify__tol': 1e-08, 'impute': SimpleImputer(strategy='median'), 'select': SelectKBest(score_func=<function mutual_info_classif at 0x147da6670>), 'select__k': 11, 'transform': None}",,,,,,451,,,,,,451,,,,,,451
0.00015171368916829428,5.619579801452537e-07,0.0,0.0,RandomUnderSampler(random_state=42),0.01,2000,2,l2,42,lbfgs,0.0001,,SelectKBest(score_func=<function mutual_info_classif at 0x147da6670>),5,,"{'balance': RandomUnderSampler(random_state=42), 'classify__C': 0.01, 'classify__max_iter': 2000, 'classify__n_jobs': 2, 'classify__penalty': 'l2', 'classify__random_state': 42, 'classify__solver': 'lbfgs', 'classify__tol': 0.0001, 'impute': None, 'select': SelectKBest(score_func=<function mutual_info_classif at 0x147da6670>), 'select__k': 5, 'transform': None}",,,,,,451,,,,,,451,,,,,,451
0.00014821688334147135,5.619579801452537e-07,0.0,0.0,RandomUnderSampler(random_state=42),0.1,100,2,l2,42,lbfgs,1e-06,,SelectKBest(score_func=<function mutual_info_classif at 0x147da6670>),5,,"{'balance': RandomUnderSampler(random_state=42), 'classify__C': 0.1, 'classify__max_iter': 100, 'classify__n_jobs': 2, 'classify__penalty': 'l2', 'classify__random_state': 42, 'classify__solver': 'lbfgs', 'classify__tol': 1e-06, 'impute': None, 'select': SelectKBest(score_func=<function mutual_info_classif at 0x147da6670>), 'select__k': 5, 'transform': None}",,,,,,451,,,,,,451,,,,,,451
0.00014861424763997397,1.7007934696700334e-06,0.0,0.0,RandomUnderSampler(random_state=42),0.1,100,2,l2,42,lbfgs,1e-06,,SelectKBest(score_func=<function mutual_info_classif at 0x147da6670>),11,,"{'balance': RandomUnderSampler(random_state=42), 'classify__C': 0.1, 'classify__max_iter': 100, 'classify__n_jobs': 2, 'classify__penalty': 'l2', 'classify__random_state': 42, 'classify__solver': 'lbfgs', 'classify__tol': 1e-06, 'impute': None, 'select': SelectKBest(score_func=<function mutual_info_classif at 0x147da6670>), 'select__k': 11, 'transform': None}",,,,,,451,,,,,,451,,,,,,451
0.00026226043701171875,1.3141168384094877e-05,0.0,0.0,RandomUnderSampler(random_state=42),0.1,100,2,l2,42,lbfgs,1e-06,SimpleImputer(strategy='median'),SelectKBest(score_func=<function mutual_info_classif at 0x147da6670>),5,,"{'balance': RandomUnderSampler(random_state=42), 'classify__C': 0.1, 'classify__max_iter': 100, 'classify__n_jobs': 2, 'classify__penalty': 'l2', 'classify__random_state': 42, 'classify__solver': 'lbfgs', 'classify__tol': 1e-06, 'impute': SimpleImputer(strategy='median'), 'select': SelectKBest(score_func=<function mutual_info_classif at 0x147da6670>), 'select__k': 5, 'transform': None}",,,,,,451,,,,,,451,,,,,,451
0.000249942143758138,8.391822211719702e-06,0.0,0.0,RandomUnderSampler(random_state=42),0.1,100,2,l2,42,lbfgs,1e-06,SimpleImputer(strategy='median'),SelectKBest(score_func=<function mutual_info_classif at 0x147da6670>),8,,"{'balance': RandomUnderSampler(random_state=42), 'classify__C': 0.1, 'classify__max_iter': 100, 'classify__n_jobs': 2, 'classify__penalty': 'l2', 'classify__random_state': 42, 'classify__solver': 'lbfgs', 'classify__tol': 1e-06, 'impute': SimpleImputer(strategy='median'), 'select': SelectKBest(score_func=<function mutual_info_classif at 0x147da6670>), 'select__k': 8, 'transform': None}",,,,,,451,,,,,,451,,,,,,451
0.00024406115214029947,6.439754034640915e-06,0.0,0.0,RandomUnderSampler(random_state=42),0.1,100,2,l2,42,lbfgs,1e-06,SimpleImputer(strategy='median'),SelectKBest(score_func=<function mutual_info_classif at 0x147da6670>),11,,"{'balance': RandomUnderSampler(random_state=42), 'classify__C': 0.1, 'classify__max_iter': 100, 'classify__n_jobs': 2, 'classify__penalty': 'l2', 'classify__random_state': 42, 'classify__solver': 'lbfgs', 'classify__tol': 1e-06, 'impute': SimpleImputer(strategy='median'), 'select': SelectKBest(score_func=<function mutual_info_classif at 0x147da6670>), 'select__k': 11, 'transform': None}",,,,,,451,,,,,,451,,,,,,451
0.0001533031463623047,2.5752149814001163e-06,0.0,0.0,RandomUnderSampler(random_state=42),0.1,100,2,l2,42,lbfgs,0.0001,,SelectKBest(score_func=<function mutual_info_classif at 0x147da6670>),5,,"{'balance': RandomUnderSampler(random_state=42), 'classify__C': 0.1, 'classify__max_iter': 100, 'classify__n_jobs': 2, 'classify__penalty': 'l2', 'classify__random_state': 42, 'classify__solver': 'lbfgs', 'classify__tol': 0.0001, 'impute': None, 'select': SelectKBest(score_func=<function mutual_info_classif at 0x147da6670>), 'select__k': 5, 'transform': None}",,,,,,451,,,,,,451,,,,,,451
0.00016538302103678385,1.1792015705738964e-05,0.0,0.0,RandomUnderSampler(random_state=42),0.1,100,2,l2,42,lbfgs,0.0001,,SelectKBest(score_func=<function mutual_info_classif at 0x147da6670>),8,,"{'balance': RandomUnderSampler(random_state=42), 'classify__C': 0.1, 'classify__max_iter': 100, 'classify__n_jobs': 2, 'classify__penalty': 'l2', 'classify__random_state': 42, 'classify__solver': 'lbfgs', 'classify__tol': 0.0001, 'impute': None, 'select': SelectKBest(score_func=<function mutual_info_classif at 0x147da6670>), 'select__k': 8, 'transform': None}",,,,,,451,,,,,,451,,,,,,451
0.00015282630920410156,5.150429962800233e-07,0.0,0.0,RandomUnderSampler(random_state=42),0.1,100,2,l2,42,lbfgs,0.0001,,SelectKBest(score_func=<function mutual_info_classif at 0x147da6670>),11,,"{'balance': RandomUnderSampler(random_state=42), 'classify__C': 0.1, 'classify__max_iter': 100, 'classify__n_jobs': 2, 'classify__penalty': 'l2', 'classify__random_state': 42, 'classify__solver': 'lbfgs', 'classify__tol': 0.0001, 'impute': None, 'select': SelectKBest(score_func=<function mutual_info_classif at 0x147da6670>), 'select__k': 11, 'transform': None}",,,,,,451,,,,,,451,,,,,,451
0.0002658367156982422,1.2707210755207794e-05,0.0,0.0,RandomUnderSampler(random_state=42),0.1,100,2,l2,42,lbfgs,0.0001,SimpleImputer(strategy='median'),SelectKBest(score_func=<function mutual_info_classif at 0x147da6670>),5,,"{'balance': RandomUnderSampler(random_state=42), 'classify__C': 0.1, 'classify__max_iter': 100, 'classify__n_jobs': 2, 'classify__penalty': 'l2', 'classify__random_state': 42, 'classify__solver': 'lbfgs', 'classify__tol': 0.0001, 'impute': SimpleImputer(strategy='median'), 'select': SelectKBest(score_func=<function mutual_info_classif at 0x147da6670>), 'select__k': 5, 'transform': None}",,,,,,451,,,,,,451,,,,,,451
0.00024278958638509115,3.943327658988722e-06,0.0,0.0,RandomUnderSampler(random_state=42),0.1,100,2,l2,42,lbfgs,0.0001,SimpleImputer(strategy='median'),SelectKBest(score_func=<function mutual_info_classif at 0x147da6670>),8,,"{'balance': RandomUnderSampler(random_state=42), 'classify__C': 0.1, 'classify__max_iter': 100, 'classify__n_jobs': 2, 'classify__penalty': 'l2', 'classify__random_state': 42, 'classify__solver': 'lbfgs', 'classify__tol': 0.0001, 'impute': SimpleImputer(strategy='median'), 'select': SelectKBest(score_func=<function mutual_info_classif at 0x147da6670>), 'select__k': 8, 'transform': None}",,,,,,451,,,,,,451,,,,,,451
0.0002480347951253255,1.3439610165400332e-05,0.0,0.0,RandomUnderSampler(random_state=42),0.1,100,2,l2,42,lbfgs,0.0001,SimpleImputer(strategy='median'),SelectKBest(score_func=<function mutual_info_classif at 0x147da6670>),11,,"{'balance': RandomUnderSampler(random_state=42), 'classify__C': 0.1, 'classify__max_iter': 100, 'classify__n_jobs': 2, 'classify__penalty': 'l2', 'classify__random_state': 42, 'classify__solver': 'lbfgs', 'classify__tol': 0.0001, 'impute': SimpleImputer(strategy='median'), 'select': SelectKBest(score_func=<function mutual_info_classif at 0x147da6670>), 'select__k': 11, 'transform': None}",,,,,,451,,,,,,451,,,,,,451
0.00015044212341308594,5.150429962800233e-07,0.0,0.0,RandomUnderSampler(random_state=42),0.1,200,2,l2,42,lbfgs,1e-08,,SelectKBest(score_func=<function mutual_info_classif at 0x147da6670>),5,,"{'balance': RandomUnderSampler(random_state=42), 'classify__C': 0.1, 'classify__max_iter': 200, 'classify__n_jobs': 2, 'classify__penalty': 'l2', 'classify__random_state': 42, 'classify__solver': 'lbfgs', 'classify__tol': 1e-08, 'impute': None, 'select': SelectKBest(score_func=<function mutual_info_classif at 0x147da6670>), 'select__k': 5, 'transform': None}",,,,,,451,,,,,,451,,,,,,451
0.00014702479044596353,1.1239159602905075e-07,0.0,0.0,RandomUnderSampler(random_state=42),0.1,100,2,l2,42,lbfgs,1e-06,,SelectKBest(score_func=<function mutual_info_classif at 0x147da6670>),8,,"{'balance': RandomUnderSampler(random_state=42), 'classify__C': 0.1, 'classify__max_iter': 100, 'classify__n_jobs': 2, 'classify__penalty': 'l2', 'classify__random_state': 42, 'classify__solver': 'lbfgs', 'classify__tol': 1e-06, 'impute': None, 'select': SelectKBest(score_func=<function mutual_info_classif at 0x147da6670>), 'select__k': 8, 'transform': None}",,,,,,451,,,,,,451,,,,,,451
0.000240325927734375,1.0300859925600466e-06,0.0,0.0,RandomUnderSampler(random_state=42),0.01,2000,2,l2,42,lbfgs,1e-06,SimpleImputer(strategy='median'),SelectKBest(score_func=<function mutual_info_classif at 0x147da6670>),11,,"{'balance': RandomUnderSampler(random_state=42), 'classify__C': 0.01, 'classify__max_iter': 2000, 'classify__n_jobs': 2, 'classify__penalty': 'l2', 'classify__random_state': 42, 'classify__solver': 'lbfgs', 'classify__tol': 1e-06, 'impute': SimpleImputer(strategy='median'), 'select': SelectKBest(score_func=<function mutual_info_classif at 0x147da6670>), 'select__k': 11, 'transform': None}",,,,,,451,,,,,,451,,,,,,451
0.000257412592569987,1.1582879623926205e-05,0.0,0.0,RandomUnderSampler(random_state=42),0.01,2000,2,l2,42,lbfgs,1e-06,SimpleImputer(strategy='median'),SelectKBest(score_func=<function mutual_info_classif at 0x147da6670>),8,,"{'balance': RandomUnderSampler(random_state=42), 'classify__C': 0.01, 'classify__max_iter': 2000, 'classify__n_jobs': 2, 'classify__penalty': 'l2', 'classify__random_state': 42, 'classify__solver': 'lbfgs', 'classify__tol': 1e-06, 'impute': SimpleImputer(strategy='median'), 'select': SelectKBest(score_func=<function mutual_info_classif at 0x147da6670>), 'select__k': 8, 'transform': None}",,,,,,451,,,,,,451,,,,,,451
0.0002516905466715495,1.4363716327017086e-05,0.0,0.0,RandomUnderSampler(random_state=42),0.01,2000,2,l2,42,lbfgs,1e-06,SimpleImputer(strategy='median'),SelectKBest(score_func=<function mutual_info_classif at 0x147da6670>),5,,"{'balance': RandomUnderSampler(random_state=42), 'classify__C': 0.01, 'classify__max_iter': 2000, 'classify__n_jobs': 2, 'classify__penalty': 'l2', 'classify__random_state': 42, 'classify__solver': 'lbfgs', 'classify__tol': 1e-06, 'impute': SimpleImputer(strategy='median'), 'select': SelectKBest(score_func=<function mutual_info_classif at 0x147da6670>), 'select__k': 5, 'transform': None}",,,,,,451,,,,,,451,,,,,,451
0.0001475811004638672,5.150429962800233e-07,0.0,0.0,RandomUnderSampler(random_state=42),0.01,1000,2,l2,42,lbfgs,1e-08,,SelectKBest(score_func=<function mutual_info_classif at 0x147da6670>),11,,"{'balance': RandomUnderSampler(random_state=42), 'classify__C': 0.01, 'classify__max_iter': 1000, 'classify__n_jobs': 2, 'classify__penalty': 'l2', 'classify__random_state': 42, 'classify__solver': 'lbfgs', 'classify__tol': 1e-08, 'impute': None, 'select': SelectKBest(score_func=<function mutual_info_classif at 0x147da6670>), 'select__k': 11, 'transform': None}",,,,,,451,,,,,,451,,,,,,451
0.00024135907491048178,1.0433064323726677e-05,0.0,0.0,RandomUnderSampler(random_state=42),0.01,1000,2,l2,42,lbfgs,1e-08,SimpleImputer(strategy='median'),SelectKBest(score_func=<function mutual_info_classif at 0x147da6670>),5,,"{'balance': RandomUnderSampler(random_state=42), 'classify__C': 0.01, 'classify__max_iter': 1000, 'classify__n_jobs': 2, 'classify__penalty': 'l2', 'classify__random_state': 42, 'classify__solver': 'lbfgs', 'classify__tol': 1e-08, 'impute': SimpleImputer(strategy='median'), 'select': SelectKBest(score_func=<function mutual_info_classif at 0x147da6670>), 'select__k': 5, 'transform': None}",,,,,,451,,,,,,451,,,,,,451
0.00023714701334635416,4.270880649103928e-06,0.0,0.0,RandomUnderSampler(random_state=42),0.01,1000,2,l2,42,lbfgs,1e-08,SimpleImputer(strategy='median'),SelectKBest(score_func=<function mutual_info_classif at 0x147da6670>),8,,"{'balance': RandomUnderSampler(random_state=42), 'classify__C': 0.01, 'classify__max_iter': 1000, 'classify__n_jobs': 2, 'classify__penalty': 'l2', 'classify__random_state': 42, 'classify__solver': 'lbfgs', 'classify__tol': 1e-08, 'impute': SimpleImputer(strategy='median'), 'select': SelectKBest(score_func=<function mutual_info_classif at 0x147da6670>), 'select__k': 8, 'transform': None}",,,,,,451,,,,,,451,,,,,,451
0.00024501482645670575,1.2820526650794844e-05,0.0,0.0,RandomUnderSampler(random_state=42),0.01,1000,2,l2,42,lbfgs,1e-08,SimpleImputer(strategy='median'),SelectKBest(score_func=<function mutual_info_classif at 0x147da6670>),11,,"{'balance': RandomUnderSampler(random_state=42), 'classify__C': 0.01, 'classify__max_iter': 1000, 'classify__n_jobs': 2, 'classify__penalty': 'l2', 'classify__random_state': 42, 'classify__solver': 'lbfgs', 'classify__tol': 1e-08, 'impute': SimpleImputer(strategy='median'), 'select': SelectKBest(score_func=<function mutual_info_classif at 0x147da6670>), 'select__k': 11, 'transform': None}",,,,,,451,,,,,,451,,,,,,451
0.00014885266621907553,2.4649401377472598e-06,0.0,0.0,RandomUnderSampler(random_state=42),0.01,1000,2,l2,42,lbfgs,1e-06,,SelectKBest(score_func=<function mutual_info_classif at 0x147da6670>),5,,"{'balance': RandomUnderSampler(random_state=42), 'classify__C': 0.01, 'classify__max_iter': 1000, 'classify__n_jobs': 2, 'classify__penalty': 'l2', 'classify__random_state': 42, 'classify__solver': 'lbfgs', 'classify__tol': 1e-06, 'impute': None, 'select': SelectKBest(score_func=<function mutual_info_classif at 0x147da6670>), 'select__k': 5, 'transform': None}",,,,,,451,,,,,,451,,,,,,451
0.00015076001485188803,1.2961631163199815e-06,0.0,0.0,RandomUnderSampler(random_state=42),0.01,1000,2,l2,42,lbfgs,1e-06,,SelectKBest(score_func=<function mutual_info_classif at 0x147da6670>),8,,"{'balance': RandomUnderSampler(random_state=42), 'classify__C': 0.01, 'classify__max_iter': 1000, 'classify__n_jobs': 2, 'classify__penalty': 'l2', 'classify__random_state': 42, 'classify__solver': 'lbfgs', 'classify__tol': 1e-06, 'impute': None, 'select': SelectKBest(score_func=<function mutual_info_classif at 0x147da6670>), 'select__k': 8, 'transform': None}",,,,,,451,,,,,,451,,,,,,451
0.0001510779062906901,8.778064264605253e-07,0.0,0.0,RandomUnderSampler(random_state=42),0.01,1000,2,l2,42,lbfgs,1e-06,,SelectKBest(score_func=<function mutual_info_classif at 0x147da6670>),11,,"{'balance': RandomUnderSampler(random_state=42), 'classify__C': 0.01, 'classify__max_iter': 1000, 'classify__n_jobs': 2, 'classify__penalty': 'l2', 'classify__random_state': 42, 'classify__solver': 'lbfgs', 'classify__tol': 1e-06, 'impute': None, 'select': SelectKBest(score_func=<function mutual_info_classif at 0x147da6670>), 'select__k': 11, 'transform': None}",,,,,,451,,,,,,451,,,,,,451
0.0002950032552083333,1.179362242981215e-05,0.0,0.0,RandomUnderSampler(random_state=42),0.01,1000,2,l2,42,lbfgs,1e-06,SimpleImputer(strategy='median'),SelectKBest(score_func=<function mutual_info_classif at 0x147da6670>),5,,"{'balance': RandomUnderSampler(random_state=42), 'classify__C': 0.01, 'classify__max_iter': 1000, 'classify__n_jobs': 2, 'classify__penalty': 'l2', 'classify__random_state': 42, 'classify__solver': 'lbfgs', 'classify__tol': 1e-06, 'impute': SimpleImputer(strategy='median'), 'select': SelectKBest(score_func=<function mutual_info_classif at 0x147da6670>), 'select__k': 5, 'transform': None}",,,,,,451,,,,,,451,,,,,,451
0.00026909510294596356,2.5460851921322515e-05,0.0,0.0,RandomUnderSampler(random_state=42),0.01,1000,2,l2,42,lbfgs,1e-06,SimpleImputer(strategy='median'),SelectKBest(score_func=<function mutual_info_classif at 0x147da6670>),8,,"{'balance': RandomUnderSampler(random_state=42), 'classify__C': 0.01, 'classify__max_iter': 1000, 'classify__n_jobs': 2, 'classify__penalty': 'l2', 'classify__random_state': 42, 'classify__solver': 'lbfgs', 'classify__tol': 1e-06, 'impute': SimpleImputer(strategy='median'), 'select': SelectKBest(score_func=<function mutual_info_classif at 0x147da6670>), 'select__k': 8, 'transform': None}",,,,,,451,,,,,,451,,,,,,451
0.0002492268880208333,1.398541698930037e-05,0.0,0.0,RandomUnderSampler(random_state=42),0.01,1000,2,l2,42,lbfgs,1e-06,SimpleImputer(strategy='median'),SelectKBest(score_func=<function mutual_info_classif at 0x147da6670>),11,,"{'balance': RandomUnderSampler(random_state=42), 'classify__C': 0.01, 'classify__max_iter': 1000, 'classify__n_jobs': 2, 'classify__penalty': 'l2', 'classify__random_state': 42, 'classify__solver': 'lbfgs', 'classify__tol': 1e-06, 'impute': SimpleImputer(strategy='median'), 'select': SelectKBest(score_func=<function mutual_info_classif at 0x147da6670>), 'select__k': 11, 'transform': None}",,,,,,451,,,,,,451,,,,,,451
0.0001509984334309896,2.1706422621008022e-06,0.0,0.0,RandomUnderSampler(random_state=42),0.01,1000,2,l2,42,lbfgs,0.0001,,SelectKBest(score_func=<function mutual_info_classif at 0x147da6670>),5,,"{'balance': RandomUnderSampler(random_state=42), 'classify__C': 0.01, 'classify__max_iter': 1000, 'classify__n_jobs': 2, 'classify__penalty': 'l2', 'classify__random_state': 42, 'classify__solver': 'lbfgs', 'classify__tol': 0.0001, 'impute': None, 'select': SelectKBest(score_func=<function mutual_info_classif at 0x147da6670>), 'select__k': 5, 'transform': None}",,,,,,451,,,,,,451,,,,,,451
0.00014742215474446615,4.49566384116203e-07,0.0,0.0,RandomUnderSampler(random_state=42),0.01,1000,2,l2,42,lbfgs,0.0001,,SelectKBest(score_func=<function mutual_info_classif at 0x147da6670>),8,,"{'balance': RandomUnderSampler(random_state=42), 'classify__C': 0.01, 'classify__max_iter': 1000, 'classify__n_jobs': 2, 'classify__penalty': 'l2', 'classify__random_state': 42, 'classify__solver': 'lbfgs', 'classify__tol': 0.0001, 'impute': None, 'select': SelectKBest(score_func=<function mutual_info_classif at 0x147da6670>), 'select__k': 8, 'transform': None}",,,,,,451,,,,,,451,,,,,,451
0.00015147527058919272,1.949921313347069e-06,0.0,0.0,RandomUnderSampler(random_state=42),0.01,1000,2,l2,42,lbfgs,0.0001,,SelectKBest(score_func=<function mutual_info_classif at 0x147da6670>),11,,"{'balance': RandomUnderSampler(random_state=42), 'classify__C': 0.01, 'classify__max_iter': 1000, 'classify__n_jobs': 2, 'classify__penalty': 'l2', 'classify__random_state': 42, 'classify__solver': 'lbfgs', 'classify__tol': 0.0001, 'impute': None, 'select': SelectKBest(score_func=<function mutual_info_classif at 0x147da6670>), 'select__k': 11, 'transform': None}",,,,,,451,,,,,,451,,,,,,451
0.00025208791097005207,1.6883821535763853e-05,0.0,0.0,RandomUnderSampler(random_state=42),0.01,1000,2,l2,42,lbfgs,0.0001,SimpleImputer(strategy='median'),SelectKBest(score_func=<function mutual_info_classif at 0x147da6670>),5,,"{'balance': RandomUnderSampler(random_state=42), 'classify__C': 0.01, 'classify__max_iter': 1000, 'classify__n_jobs': 2, 'classify__penalty': 'l2', 'classify__random_state': 42, 'classify__solver': 'lbfgs', 'classify__tol': 0.0001, 'impute': SimpleImputer(strategy='median'), 'select': SelectKBest(score_func=<function mutual_info_classif at 0x147da6670>), 'select__k': 5, 'transform': None}",,,,,,451,,,,,,451,,,,,,451
0.0002555052439371745,1.6209346496559095e-06,0.0,0.0,RandomUnderSampler(random_state=42),0.01,1000,2,l2,42,lbfgs,0.0001,SimpleImputer(strategy='median'),SelectKBest(score_func=<function mutual_info_classif at 0x147da6670>),8,,"{'balance': RandomUnderSampler(random_state=42), 'classify__C': 0.01, 'classify__max_iter': 1000, 'classify__n_jobs': 2, 'classify__penalty': 'l2', 'classify__random_state': 42, 'classify__solver': 'lbfgs', 'classify__tol': 0.0001, 'impute': SimpleImputer(strategy='median'), 'select': SelectKBest(score_func=<function mutual_info_classif at 0x147da6670>), 'select__k': 8, 'transform': None}",,,,,,451,,,,,,451,,,,,,451
0.00028936068216959637,3.8815800862314576e-05,0.0,0.0,RandomUnderSampler(random_state=42),0.01,1000,2,l2,42,lbfgs,0.0001,SimpleImputer(strategy='median'),SelectKBest(score_func=<function mutual_info_classif at 0x147da6670>),11,,"{'balance': RandomUnderSampler(random_state=42), 'classify__C': 0.01, 'classify__max_iter': 1000, 'classify__n_jobs': 2, 'classify__penalty': 'l2', 'classify__random_state': 42, 'classify__solver': 'lbfgs', 'classify__tol': 0.0001, 'impute': SimpleImputer(strategy='median'), 'select': SelectKBest(score_func=<function mutual_info_classif at 0x147da6670>), 'select__k': 11, 'transform': None}",,,,,,451,,,,,,451,,,,,,451
0.0001503626505533854,1.949921313347069e-06,0.0,0.0,RandomUnderSampler(random_state=42),0.01,2000,2,l2,42,lbfgs,1e-08,,SelectKBest(score_func=<function mutual_info_classif at 0x147da6670>),5,,"{'balance': RandomUnderSampler(random_state=42), 'classify__C': 0.01, 'classify__max_iter': 2000, 'classify__n_jobs': 2, 'classify__penalty': 'l2', 'classify__random_state': 42, 'classify__solver': 'lbfgs', 'classify__tol': 1e-08, 'impute': None, 'select': SelectKBest(score_func=<function mutual_info_classif at 0x147da6670>), 'select__k': 5, 'transform': None}",,,,,,451,,,,,,451,,,,,,451
0.00014734268188476562,5.150429962800233e-07,0.0,0.0,RandomUnderSampler(random_state=42),0.01,2000,2,l2,42,lbfgs,1e-08,,SelectKBest(score_func=<function mutual_info_classif at 0x147da6670>),8,,"{'balance': RandomUnderSampler(random_state=42), 'classify__C': 0.01, 'classify__max_iter': 2000, 'classify__n_jobs': 2, 'classify__penalty': 'l2', 'classify__random_state': 42, 'classify__solver': 'lbfgs', 'classify__tol': 1e-08, 'impute': None, 'select': SelectKBest(score_func=<function mutual_info_classif at 0x147da6670>), 'select__k': 8, 'transform': None}",,,,,,451,,,,,,451,,,,,,451
0.00015155474344889322,5.458807869299061e-06,0.0,0.0,RandomUnderSampler(random_state=42),0.01,2000,2,l2,42,lbfgs,1e-08,,SelectKBest(score_func=<function mutual_info_classif at 0x147da6670>),11,,"{'balance': RandomUnderSampler(random_state=42), 'classify__C': 0.01, 'classify__max_iter': 2000, 'classify__n_jobs': 2, 'classify__penalty': 'l2', 'classify__random_state': 42, 'classify__solver': 'lbfgs', 'classify__tol': 1e-08, 'impute': None, 'select': SelectKBest(score_func=<function mutual_info_classif at 0x147da6670>), 'select__k': 11, 'transform': None}",,,,,,451,,,,,,451,,,,,,451
0.00024302800496419272,4.9605326761650195e-06,0.0,0.0,RandomUnderSampler(random_state=42),0.01,2000,2,l2,42,lbfgs,1e-08,SimpleImputer(strategy='median'),SelectKBest(score_func=<function mutual_info_classif at 0x147da6670>),5,,"{'balance': RandomUnderSampler(random_state=42), 'classify__C': 0.01, 'classify__max_iter': 2000, 'classify__n_jobs': 2, 'classify__penalty': 'l2', 'classify__random_state': 42, 'classify__solver': 'lbfgs', 'classify__tol': 1e-08, 'impute': SimpleImputer(strategy='median'), 'select': SelectKBest(score_func=<function mutual_info_classif at 0x147da6670>), 'select__k': 5, 'transform': None}",,,,,,451,,,,,,451,,,,,,451
0.0002422332763671875,1.0481382583020952e-05,0.0,0.0,RandomUnderSampler(random_state=42),0.01,2000,2,l2,42,lbfgs,1e-08,SimpleImputer(strategy='median'),SelectKBest(score_func=<function mutual_info_classif at 0x147da6670>),8,,"{'balance': RandomUnderSampler(random_state=42), 'classify__C': 0.01, 'classify__max_iter': 2000, 'classify__n_jobs': 2, 'classify__penalty': 'l2', 'classify__random_state': 42, 'classify__solver': 'lbfgs', 'classify__tol': 1e-08, 'impute': SimpleImputer(strategy='median'), 'select': SelectKBest(score_func=<function mutual_info_classif at 0x147da6670>), 'select__k': 8, 'transform': None}",,,,,,451,,,,,,451,,,,,,451
0.00023404757181803385,1.4610907483776596e-06,0.0,0.0,RandomUnderSampler(random_state=42),0.01,2000,2,l2,42,lbfgs,1e-08,SimpleImputer(strategy='median'),SelectKBest(score_func=<function mutual_info_classif at 0x147da6670>),11,,"{'balance': RandomUnderSampler(random_state=42), 'classify__C': 0.01, 'classify__max_iter': 2000, 'classify__n_jobs': 2, 'classify__penalty': 'l2', 'classify__random_state': 42, 'classify__solver': 'lbfgs', 'classify__tol': 1e-08, 'impute': SimpleImputer(strategy='median'), 'select': SelectKBest(score_func=<function mutual_info_classif at 0x147da6670>), 'select__k': 11, 'transform': None}",,,,,,451,,,,,,451,,,,,,451
0.0001475811004638672,3.0594470588239285e-06,0.0,0.0,RandomUnderSampler(random_state=42),0.01,2000,2,l2,42,lbfgs,1e-06,,SelectKBest(score_func=<function mutual_info_classif at 0x147da6670>),5,,"{'balance': RandomUnderSampler(random_state=42), 'classify__C': 0.01, 'classify__max_iter': 2000, 'classify__n_jobs': 2, 'classify__penalty': 'l2', 'classify__random_state': 42, 'classify__solver': 'lbfgs', 'classify__tol': 1e-06, 'impute': None, 'select': SelectKBest(score_func=<function mutual_info_classif at 0x147da6670>), 'select__k': 5, 'transform': None}",,,,,,451,,,,,,451,,,,,,451
0.0001567204793294271,1.011586802109994e-05,0.0,0.0,RandomUnderSampler(random_state=42),0.01,2000,2,l2,42,lbfgs,1e-06,,SelectKBest(score_func=<function mutual_info_classif at 0x147da6670>),8,,"{'balance': RandomUnderSampler(random_state=42), 'classify__C': 0.01, 'classify__max_iter': 2000, 'classify__n_jobs': 2, 'classify__penalty': 'l2', 'classify__random_state': 42, 'classify__solver': 'lbfgs', 'classify__tol': 1e-06, 'impute': None, 'select': SelectKBest(score_func=<function mutual_info_classif at 0x147da6670>), 'select__k': 8, 'transform': None}",,,,,,451,,,,,,451,,,,,,451
0.00016673405965169272,2.1442949872385726e-05,0.0,0.0,RandomUnderSampler(random_state=42),0.01,2000,2,l2,42,lbfgs,1e-06,,SelectKBest(score_func=<function mutual_info_classif at 0x147da6670>),11,,"{'balance': RandomUnderSampler(random_state=42), 'classify__C': 0.01, 'classify__max_iter': 2000, 'classify__n_jobs': 2, 'classify__penalty': 'l2', 'classify__random_state': 42, 'classify__solver': 'lbfgs', 'classify__tol': 1e-06, 'impute': None, 'select': SelectKBest(score_func=<function mutual_info_classif at 0x147da6670>), 'select__k': 11, 'transform': None}",,,,,,451,,,,,,451,,,,,,451
0.00023571650187174478,8.99132768232406e-07,0.0,0.0,RandomUnderSampler(random_state=42),1.0,500,2,l2,42,lbfgs,1e-08,SimpleImputer(strategy='median'),SelectKBest(score_func=<function mutual_info_classif at 0x147da6670>),11,,"{'balance': RandomUnderSampler(random_state=42), 'classify__C': 1.0, 'classify__max_iter': 500, 'classify__n_jobs': 2, 'classify__penalty': 'l2', 'classify__random_state': 42, 'classify__solver': 'lbfgs', 'classify__tol': 1e-08, 'impute': SimpleImputer(strategy='median'), 'select': SelectKBest(score_func=<function mutual_info_classif at 0x147da6670>), 'select__k': 11, 'transform': None}",,,,,,451,,,,,,451,,,,,,451
0.00014774004618326822,4.49566384116203e-07,0.0,0.0,RandomUnderSampler(random_state=42),1.0,500,2,l2,42,lbfgs,1e-06,,SelectKBest(score_func=<function mutual_info_classif at 0x147da6670>),5,,"{'balance': RandomUnderSampler(random_state=42), 'classify__C': 1.0, 'classify__max_iter': 500, 'classify__n_jobs': 2, 'classify__penalty': 'l2', 'classify__random_state': 42, 'classify__solver': 'lbfgs', 'classify__tol': 1e-06, 'impute': None, 'select': SelectKBest(score_func=<function mutual_info_classif at 0x147da6670>), 'select__k': 5, 'transform': None}",,,,,,451,,,,,,451,,,,,,451
0.00014964739481608072,4.49566384116203e-07,0.0,0.0,RandomUnderSampler(random_state=42),1.0,500,2,l2,42,lbfgs,1e-06,,SelectKBest(score_func=<function mutual_info_classif at 0x147da6670>),8,,"{'balance': RandomUnderSampler(random_state=42), 'classify__C': 1.0, 'classify__max_iter': 500, 'classify__n_jobs': 2, 'classify__penalty': 'l2', 'classify__random_state': 42, 'classify__solver': 'lbfgs', 'classify__tol': 1e-06, 'impute': None, 'select': SelectKBest(score_func=<function mutual_info_classif at 0x147da6670>), 'select__k': 8, 'transform': None}",,,,,,451,,,,,,451,,,,,,451
0.00023412704467773438,8.920806376395086e-07,0.0,0.0,SMOTE(random_state=42),100.0,2000,2,l2,42,lbfgs,0.0001,SimpleImputer(strategy='median'),SelectKBest(score_func=<function mutual_info_classif at 0x147da6670>),8,,"{'balance': SMOTE(random_state=42), 'classify__C': 100.0, 'classify__max_iter': 2000, 'classify__n_jobs': 2, 'classify__penalty': 'l2', 'classify__random_state': 42, 'classify__solver': 'lbfgs', 'classify__tol': 0.0001, 'impute': SimpleImputer(strategy='median'), 'select': SelectKBest(score_func=<function mutual_info_classif at 0x147da6670>), 'select__k': 8, 'transform': None}",,,,,,451,,,,,,451,,,,,,451
0.0001509984334309896,1.1239159602905075e-07,0.0,0.0,RandomUnderSampler(random_state=42),100.0,100,2,l2,42,lbfgs,1e-06,,SelectKBest(score_func=<function mutual_info_classif at 0x147da6670>),5,,"{'balance': RandomUnderSampler(random_state=42), 'classify__C': 100.0, 'classify__max_iter': 100, 'classify__n_jobs': 2, 'classify__penalty': 'l2', 'classify__random_state': 42, 'classify__solver': 'lbfgs', 'classify__tol': 1e-06, 'impute': None, 'select': SelectKBest(score_func=<function mutual_info_classif at 0x147da6670>), 'select__k': 5, 'transform': None}",,,,,,451,,,,,,451,,,,,,451
0.0001502831776936849,4.49566384116203e-07,0.0,0.0,RandomUnderSampler(random_state=42),100.0,100,2,l2,42,lbfgs,1e-06,,SelectKBest(score_func=<function mutual_info_classif at 0x147da6670>),8,,"{'balance': RandomUnderSampler(random_state=42), 'classify__C': 100.0, 'classify__max_iter': 100, 'classify__n_jobs': 2, 'classify__penalty': 'l2', 'classify__random_state': 42, 'classify__solver': 'lbfgs', 'classify__tol': 1e-06, 'impute': None, 'select': SelectKBest(score_func=<function mutual_info_classif at 0x147da6670>), 'select__k': 8, 'transform': None}",,,,,,451,,,,,,451,,,,,,451
0.0001503626505533854,5.619579801452537e-07,0.0,0.0,RandomUnderSampler(random_state=42),100.0,100,2,l2,42,lbfgs,1e-06,,SelectKBest(score_func=<function mutual_info_classif at 0x147da6670>),11,,"{'balance': RandomUnderSampler(random_state=42), 'classify__C': 100.0, 'classify__max_iter': 100, 'classify__n_jobs': 2, 'classify__penalty': 'l2', 'classify__random_state': 42, 'classify__solver': 'lbfgs', 'classify__tol': 1e-06, 'impute': None, 'select': SelectKBest(score_func=<function mutual_info_classif at 0x147da6670>), 'select__k': 11, 'transform': None}",,,,,,451,,,,,,451,,,,,,451
0.0002753734588623047,4.73983490833745e-05,0.0,0.0,RandomUnderSampler(random_state=42),100.0,100,2,l2,42,lbfgs,1e-06,SimpleImputer(strategy='median'),SelectKBest(score_func=<function mutual_info_classif at 0x147da6670>),5,,"{'balance': RandomUnderSampler(random_state=42), 'classify__C': 100.0, 'classify__max_iter': 100, 'classify__n_jobs': 2, 'classify__penalty': 'l2', 'classify__random_state': 42, 'classify__solver': 'lbfgs', 'classify__tol': 1e-06, 'impute': SimpleImputer(strategy='median'), 'select': SelectKBest(score_func=<function mutual_info_classif at 0x147da6670>), 'select__k': 5, 'transform': None}",,,,,,451,,,,,,451,,,,,,451
0.0002372264862060547,8.485379419351666e-07,0.0,0.0,RandomUnderSampler(random_state=42),100.0,100,2,l2,42,lbfgs,1e-06,SimpleImputer(strategy='median'),SelectKBest(score_func=<function mutual_info_classif at 0x147da6670>),8,,"{'balance': RandomUnderSampler(random_state=42), 'classify__C': 100.0, 'classify__max_iter': 100, 'classify__n_jobs': 2, 'classify__penalty': 'l2', 'classify__random_state': 42, 'classify__solver': 'lbfgs', 'classify__tol': 1e-06, 'impute': SimpleImputer(strategy='median'), 'select': SelectKBest(score_func=<function mutual_info_classif at 0x147da6670>), 'select__k': 8, 'transform': None}",,,,,,451,,,,,,451,,,,,,451
0.0002399285634358724,3.6643797185893074e-06,0.0,0.0,RandomUnderSampler(random_state=42),100.0,100,2,l2,42,lbfgs,1e-06,SimpleImputer(strategy='median'),SelectKBest(score_func=<function mutual_info_classif at 0x147da6670>),11,,"{'balance': RandomUnderSampler(random_state=42), 'classify__C': 100.0, 'classify__max_iter': 100, 'classify__n_jobs': 2, 'classify__penalty': 'l2', 'classify__random_state': 42, 'classify__solver': 'lbfgs', 'classify__tol': 1e-06, 'impute': SimpleImputer(strategy='median'), 'select': SelectKBest(score_func=<function mutual_info_classif at 0x147da6670>), 'select__k': 11, 'transform': None}",,,,,,451,,,,,,451,,,,,,451
0.0001464684804280599,6.25769923052137e-07,0.0,0.0,RandomUnderSampler(random_state=42),100.0,100,2,l2,42,lbfgs,0.0001,,SelectKBest(score_func=<function mutual_info_classif at 0x147da6670>),5,,"{'balance': RandomUnderSampler(random_state=42), 'classify__C': 100.0, 'classify__max_iter': 100, 'classify__n_jobs': 2, 'classify__penalty': 'l2', 'classify__random_state': 42, 'classify__solver': 'lbfgs', 'classify__tol': 0.0001, 'impute': None, 'select': SelectKBest(score_func=<function mutual_info_classif at 0x147da6670>), 'select__k': 5, 'transform': None}",,,,,,451,,,,,,451,,,,,,451
0.00015497207641601562,1.0632149938176201e-05,0.0,0.0,RandomUnderSampler(random_state=42),100.0,100,2,l2,42,lbfgs,0.0001,,SelectKBest(score_func=<function mutual_info_classif at 0x147da6670>),8,,"{'balance': RandomUnderSampler(random_state=42), 'classify__C': 100.0, 'classify__max_iter': 100, 'classify__n_jobs': 2, 'classify__penalty': 'l2', 'classify__random_state': 42, 'classify__solver': 'lbfgs', 'classify__tol': 0.0001, 'impute': None, 'select': SelectKBest(score_func=<function mutual_info_classif at 0x147da6670>), 'select__k': 8, 'transform': None}",,,,,,451,,,,,,451,,,,,,451
0.0001518726348876953,2.6973983046972182e-06,0.0,0.0,RandomUnderSampler(random_state=42),100.0,100,2,l2,42,lbfgs,0.0001,,SelectKBest(score_func=<function mutual_info_classif at 0x147da6670>),11,,"{'balance': RandomUnderSampler(random_state=42), 'classify__C': 100.0, 'classify__max_iter': 100, 'classify__n_jobs': 2, 'classify__penalty': 'l2', 'classify__random_state': 42, 'classify__solver': 'lbfgs', 'classify__tol': 0.0001, 'impute': None, 'select': SelectKBest(score_func=<function mutual_info_classif at 0x147da6670>), 'select__k': 11, 'transform': None}",,,,,,451,,,,,,451,,,,,,451
0.00024040540059407553,8.99132768232406e-07,0.0,0.0,RandomUnderSampler(random_state=42),100.0,100,2,l2,42,lbfgs,0.0001,SimpleImputer(strategy='median'),SelectKBest(score_func=<function mutual_info_classif at 0x147da6670>),5,,"{'balance': RandomUnderSampler(random_state=42), 'classify__C': 100.0, 'classify__max_iter': 100, 'classify__n_jobs': 2, 'classify__penalty': 'l2', 'classify__random_state': 42, 'classify__solver': 'lbfgs', 'classify__tol': 0.0001, 'impute': SimpleImputer(strategy='median'), 'select': SelectKBest(score_func=<function mutual_info_classif at 0x147da6670>), 'select__k': 5, 'transform': None}",,,,,,451,,,,,,451,,,,,,451
0.00024127960205078125,4.63538696652021e-06,0.0,0.0,RandomUnderSampler(random_state=42),100.0,100,2,l2,42,lbfgs,0.0001,SimpleImputer(strategy='median'),SelectKBest(score_func=<function mutual_info_classif at 0x147da6670>),8,,"{'balance': RandomUnderSampler(random_state=42), 'classify__C': 100.0, 'classify__max_iter': 100, 'classify__n_jobs': 2, 'classify__penalty': 'l2', 'classify__random_state': 42, 'classify__solver': 'lbfgs', 'classify__tol': 0.0001, 'impute': SimpleImputer(strategy='median'), 'select': SelectKBest(score_func=<function mutual_info_classif at 0x147da6670>), 'select__k': 8, 'transform': None}",,,,,,451,,,,,,451,,,,,,451
0.0002830823262532552,4.943582392111882e-05,0.0,0.0,RandomUnderSampler(random_state=42),100.0,100,2,l2,42,lbfgs,1e-08,SimpleImputer(strategy='median'),SelectKBest(score_func=<function mutual_info_classif at 0x147da6670>),11,,"{'balance': RandomUnderSampler(random_state=42), 'classify__C': 100.0, 'classify__max_iter': 100, 'classify__n_jobs': 2, 'classify__penalty': 'l2', 'classify__random_state': 42, 'classify__solver': 'lbfgs', 'classify__tol': 1e-08, 'impute': SimpleImputer(strategy='median'), 'select': SelectKBest(score_func=<function mutual_info_classif at 0x147da6670>), 'select__k': 11, 'transform': None}",,,,,,451,,,,,,451,,,,,,451
0.0002425511678059896,2.614161841614807e-06,0.0,0.0,RandomUnderSampler(random_state=42),100.0,100,2,l2,42,lbfgs,0.0001,SimpleImputer(strategy='median'),SelectKBest(score_func=<function mutual_info_classif at 0x147da6670>),11,,"{'balance': RandomUnderSampler(random_state=42), 'classify__C': 100.0, 'classify__max_iter': 100, 'classify__n_jobs': 2, 'classify__penalty': 'l2', 'classify__random_state': 42, 'classify__solver': 'lbfgs', 'classify__tol': 0.0001, 'impute': SimpleImputer(strategy='median'), 'select': SelectKBest(score_func=<function mutual_info_classif at 0x147da6670>), 'select__k': 11, 'transform': None}",,,,,,451,,,,,,451,,,,,,451
0.0001503626505533854,9.602742174144245e-07,0.0,0.0,RandomUnderSampler(random_state=42),100.0,200,2,l2,42,lbfgs,1e-08,,SelectKBest(score_func=<function mutual_info_classif at 0x147da6670>),8,,"{'balance': RandomUnderSampler(random_state=42), 'classify__C': 100.0, 'classify__max_iter': 200, 'classify__n_jobs': 2, 'classify__penalty': 'l2', 'classify__random_state': 42, 'classify__solver': 'lbfgs', 'classify__tol': 1e-08, 'impute': None, 'select': SelectKBest(score_func=<function mutual_info_classif at 0x147da6670>), 'select__k': 8, 'transform': None}",,,,,,451,,,,,,451,,,,,,451
0.00014925003051757812,5.150429962800233e-07,0.0,0.0,RandomUnderSampler(random_state=42),100.0,200,2,l2,42,lbfgs,1e-08,,SelectKBest(score_func=<function mutual_info_classif at 0x147da6670>),11,,"{'balance': RandomUnderSampler(random_state=42), 'classify__C': 100.0, 'classify__max_iter': 200, 'classify__n_jobs': 2, 'classify__penalty': 'l2', 'classify__random_state': 42, 'classify__solver': 'lbfgs', 'classify__tol': 1e-08, 'impute': None, 'select': SelectKBest(score_func=<function mutual_info_classif at 0x147da6670>), 'select__k': 11, 'transform': None}",,,,,,451,,,,,,451,,,,,,451
0.00025391578674316406,2.040116449859753e-05,0.0,0.0,RandomUnderSampler(random_state=42),100.0,200,2,l2,42,lbfgs,1e-08,SimpleImputer(strategy='median'),SelectKBest(score_func=<function mutual_info_classif at 0x147da6670>),5,,"{'balance': RandomUnderSampler(random_state=42), 'classify__C': 100.0, 'classify__max_iter': 200, 'classify__n_jobs': 2, 'classify__penalty': 'l2', 'classify__random_state': 42, 'classify__solver': 'lbfgs', 'classify__tol': 1e-08, 'impute': SimpleImputer(strategy='median'), 'select': SelectKBest(score_func=<function mutual_info_classif at 0x147da6670>), 'select__k': 5, 'transform': None}",,,,,,451,,,,,,451,,,,,,451
0.0002617835998535156,7.786718186642895e-07,0.0,0.0,RandomUnderSampler(random_state=42),100.0,200,2,l2,42,lbfgs,1e-08,SimpleImputer(strategy='median'),SelectKBest(score_func=<function mutual_info_classif at 0x147da6670>),8,,"{'balance': RandomUnderSampler(random_state=42), 'classify__C': 100.0, 'classify__max_iter': 200, 'classify__n_jobs': 2, 'classify__penalty': 'l2', 'classify__random_state': 42, 'classify__solver': 'lbfgs', 'classify__tol': 1e-08, 'impute': SimpleImputer(strategy='median'), 'select': SelectKBest(score_func=<function mutual_info_classif at 0x147da6670>), 'select__k': 8, 'transform': None}",,,,,,451,,,,,,451,,,,,,451
0.0002570152282714844,1.3344342752066307e-05,0.0,0.0,RandomUnderSampler(random_state=42),100.0,200,2,l2,42,lbfgs,1e-08,SimpleImputer(strategy='median'),SelectKBest(score_func=<function mutual_info_classif at 0x147da6670>),11,,"{'balance': RandomUnderSampler(random_state=42), 'classify__C': 100.0, 'classify__max_iter': 200, 'classify__n_jobs': 2, 'classify__penalty': 'l2', 'classify__random_state': 42, 'classify__solver': 'lbfgs', 'classify__tol': 1e-08, 'impute': SimpleImputer(strategy='median'), 'select': SelectKBest(score_func=<function mutual_info_classif at 0x147da6670>), 'select__k': 11, 'transform': None}",,,,,,451,,,,,,451,,,,,,451
0.00015433629353841147,8.213818980982605e-06,0.0,0.0,RandomUnderSampler(random_state=42),100.0,200,2,l2,42,lbfgs,1e-06,,SelectKBest(score_func=<function mutual_info_classif at 0x147da6670>),5,,"{'balance': RandomUnderSampler(random_state=42), 'classify__C': 100.0, 'classify__max_iter': 200, 'classify__n_jobs': 2, 'classify__penalty': 'l2', 'classify__random_state': 42, 'classify__solver': 'lbfgs', 'classify__tol': 1e-06, 'impute': None, 'select': SelectKBest(score_func=<function mutual_info_classif at 0x147da6670>), 'select__k': 5, 'transform': None}",,,,,,451,,,,,,451,,,,,,451
0.00015767415364583334,6.138474628870493e-06,0.0,0.0,RandomUnderSampler(random_state=42),100.0,200,2,l2,42,lbfgs,1e-06,,SelectKBest(score_func=<function mutual_info_classif at 0x147da6670>),8,,"{'balance': RandomUnderSampler(random_state=42), 'classify__C': 100.0, 'classify__max_iter': 200, 'classify__n_jobs': 2, 'classify__penalty': 'l2', 'classify__random_state': 42, 'classify__solver': 'lbfgs', 'classify__tol': 1e-06, 'impute': None, 'select': SelectKBest(score_func=<function mutual_info_classif at 0x147da6670>), 'select__k': 8, 'transform': None}",,,,,,451,,,,,,451,,,,,,451
0.00014964739481608072,4.49566384116203e-07,0.0,0.0,RandomUnderSampler(random_state=42),100.0,200,2,l2,42,lbfgs,1e-06,,SelectKBest(score_func=<function mutual_info_classif at 0x147da6670>),11,,"{'balance': RandomUnderSampler(random_state=42), 'classify__C': 100.0, 'classify__max_iter': 200, 'classify__n_jobs': 2, 'classify__penalty': 'l2', 'classify__random_state': 42, 'classify__solver': 'lbfgs', 'classify__tol': 1e-06, 'impute': None, 'select': SelectKBest(score_func=<function mutual_info_classif at 0x147da6670>), 'select__k': 11, 'transform': None}",,,,,,451,,,,,,451,,,,,,451
0.0002381006876627604,1.1239159602905075e-07,0.0,0.0,RandomUnderSampler(random_state=42),100.0,200,2,l2,42,lbfgs,1e-06,SimpleImputer(strategy='median'),SelectKBest(score_func=<function mutual_info_classif at 0x147da6670>),5,,"{'balance': RandomUnderSampler(random_state=42), 'classify__C': 100.0, 'classify__max_iter': 200, 'classify__n_jobs': 2, 'classify__penalty': 'l2', 'classify__random_state': 42, 'classify__solver': 'lbfgs', 'classify__tol': 1e-06, 'impute': SimpleImputer(strategy='median'), 'select': SelectKBest(score_func=<function mutual_info_classif at 0x147da6670>), 'select__k': 5, 'transform': None}",,,,,,451,,,,,,451,,,,,,451
0.000240325927734375,3.4604932557864573e-06,0.0,0.0,RandomUnderSampler(random_state=42),100.0,200,2,l2,42,lbfgs,1e-06,SimpleImputer(strategy='median'),SelectKBest(score_func=<function mutual_info_classif at 0x147da6670>),8,,"{'balance': RandomUnderSampler(random_state=42), 'classify__C': 100.0, 'classify__max_iter': 200, 'classify__n_jobs': 2, 'classify__penalty': 'l2', 'classify__random_state': 42, 'classify__solver': 'lbfgs', 'classify__tol': 1e-06, 'impute': SimpleImputer(strategy='median'), 'select': SelectKBest(score_func=<function mutual_info_classif at 0x147da6670>), 'select__k': 8, 'transform': None}",,,,,,451,,,,,,451,,,,,,451
0.00026416778564453125,3.5068339271304176e-05,0.0,0.0,RandomUnderSampler(random_state=42),100.0,200,2,l2,42,lbfgs,1e-06,SimpleImputer(strategy='median'),SelectKBest(score_func=<function mutual_info_classif at 0x147da6670>),11,,"{'balance': RandomUnderSampler(random_state=42), 'classify__C': 100.0, 'classify__max_iter': 200, 'classify__n_jobs': 2, 'classify__penalty': 'l2', 'classify__random_state': 42, 'classify__solver': 'lbfgs', 'classify__tol': 1e-06, 'impute': SimpleImputer(strategy='median'), 'select': SelectKBest(score_func=<function mutual_info_classif at 0x147da6670>), 'select__k': 11, 'transform': None}",,,,,,451,,,,,,451,,,,,,451
0.00015004475911458334,8.778064264605253e-07,0.0,0.0,RandomUnderSampler(random_state=42),100.0,200,2,l2,42,lbfgs,1e-08,,SelectKBest(score_func=<function mutual_info_classif at 0x147da6670>),5,,"{'balance': RandomUnderSampler(random_state=42), 'classify__C': 100.0, 'classify__max_iter': 200, 'classify__n_jobs': 2, 'classify__penalty': 'l2', 'classify__random_state': 42, 'classify__solver': 'lbfgs', 'classify__tol': 1e-08, 'impute': None, 'select': SelectKBest(score_func=<function mutual_info_classif at 0x147da6670>), 'select__k': 5, 'transform': None}",,,,,,451,,,,,,451,,,,,,451
0.00015966097513834635,5.808590798257702e-06,0.0,0.0,RandomUnderSampler(random_state=42),100.0,200,2,l2,42,lbfgs,0.0001,,SelectKBest(score_func=<function mutual_info_classif at 0x147da6670>),5,,"{'balance': RandomUnderSampler(random_state=42), 'classify__C': 100.0, 'classify__max_iter': 200, 'classify__n_jobs': 2, 'classify__penalty': 'l2', 'classify__random_state': 42, 'classify__solver': 'lbfgs', 'classify__tol': 0.0001, 'impute': None, 'select': SelectKBest(score_func=<function mutual_info_classif at 0x147da6670>), 'select__k': 5, 'transform': None}",,,,,,451,,,,,,451,,,,,,451
0.00024429957071940106,6.8170853659335265e-06,0.0,0.0,RandomUnderSampler(random_state=42),100.0,100,2,l2,42,lbfgs,1e-08,SimpleImputer(strategy='median'),SelectKBest(score_func=<function mutual_info_classif at 0x147da6670>),8,,"{'balance': RandomUnderSampler(random_state=42), 'classify__C': 100.0, 'classify__max_iter': 100, 'classify__n_jobs': 2, 'classify__penalty': 'l2', 'classify__random_state': 42, 'classify__solver': 'lbfgs', 'classify__tol': 1e-08, 'impute': SimpleImputer(strategy='median'), 'select': SelectKBest(score_func=<function mutual_info_classif at 0x147da6670>), 'select__k': 8, 'transform': None}",,,,,,451,,,,,,451,,,,,,451
0.00015060106913248697,8.99132768232406e-07,0.0,0.0,RandomUnderSampler(random_state=42),100.0,100,2,l2,42,lbfgs,1e-08,,SelectKBest(score_func=<function mutual_info_classif at 0x147da6670>),11,,"{'balance': RandomUnderSampler(random_state=42), 'classify__C': 100.0, 'classify__max_iter': 100, 'classify__n_jobs': 2, 'classify__penalty': 'l2', 'classify__random_state': 42, 'classify__solver': 'lbfgs', 'classify__tol': 1e-08, 'impute': None, 'select': SelectKBest(score_func=<function mutual_info_classif at 0x147da6670>), 'select__k': 11, 'transform': None}",,,,,,451,,,,,,451,,,,,,451
0.00017491976420084635,9.164568147739332e-06,0.0,0.0,RandomUnderSampler(random_state=42),10.0,1000,2,l2,42,lbfgs,0.0001,,SelectKBest(score_func=<function mutual_info_classif at 0x147da6670>),11,,"{'balance': RandomUnderSampler(random_state=42), 'classify__C': 10.0, 'classify__max_iter': 1000, 'classify__n_jobs': 2, 'classify__penalty': 'l2', 'classify__random_state': 42, 'classify__solver': 'lbfgs', 'classify__tol': 0.0001, 'impute': None, 'select': SelectKBest(score_func=<function mutual_info_classif at 0x147da6670>), 'select__k': 11, 'transform': None}",,,,,,451,,,,,,451,,,,,,451
0.0002703666687011719,7.026946931901167e-06,0.0,0.0,RandomUnderSampler(random_state=42),10.0,1000,2,l2,42,lbfgs,0.0001,SimpleImputer(strategy='median'),SelectKBest(score_func=<function mutual_info_classif at 0x147da6670>),5,,"{'balance': RandomUnderSampler(random_state=42), 'classify__C': 10.0, 'classify__max_iter': 1000, 'classify__n_jobs': 2, 'classify__penalty': 'l2', 'classify__random_state': 42, 'classify__solver': 'lbfgs', 'classify__tol': 0.0001, 'impute': SimpleImputer(strategy='median'), 'select': SelectKBest(score_func=<function mutual_info_classif at 0x147da6670>), 'select__k': 5, 'transform': None}",,,,,,451,,,,,,451,,,,,,451
0.0002627372741699219,2.4853540692507252e-06,0.0,0.0,RandomUnderSampler(random_state=42),10.0,1000,2,l2,42,lbfgs,0.0001,SimpleImputer(strategy='median'),SelectKBest(score_func=<function mutual_info_classif at 0x147da6670>),8,,"{'balance': RandomUnderSampler(random_state=42), 'classify__C': 10.0, 'classify__max_iter': 1000, 'classify__n_jobs': 2, 'classify__penalty': 'l2', 'classify__random_state': 42, 'classify__solver': 'lbfgs', 'classify__tol': 0.0001, 'impute': SimpleImputer(strategy='median'), 'select': SelectKBest(score_func=<function mutual_info_classif at 0x147da6670>), 'select__k': 8, 'transform': None}",,,,,,451,,,,,,451,,,,,,451
0.00026869773864746094,5.3560226585052e-06,0.0,0.0,RandomUnderSampler(random_state=42),10.0,1000,2,l2,42,lbfgs,0.0001,SimpleImputer(strategy='median'),SelectKBest(score_func=<function mutual_info_classif at 0x147da6670>),11,,"{'balance': RandomUnderSampler(random_state=42), 'classify__C': 10.0, 'classify__max_iter': 1000, 'classify__n_jobs': 2, 'classify__penalty': 'l2', 'classify__random_state': 42, 'classify__solver': 'lbfgs', 'classify__tol': 0.0001, 'impute': SimpleImputer(strategy='median'), 'select': SelectKBest(score_func=<function mutual_info_classif at 0x147da6670>), 'select__k': 11, 'transform': None}",,,,,,451,,,,,,451,,,,,,451
0.00014694531758626303,7.867411722033552e-07,0.0,0.0,RandomUnderSampler(random_state=42),10.0,2000,2,l2,42,lbfgs,1e-08,,SelectKBest(score_func=<function mutual_info_classif at 0x147da6670>),5,,"{'balance': RandomUnderSampler(random_state=42), 'classify__C': 10.0, 'classify__max_iter': 2000, 'classify__n_jobs': 2, 'classify__penalty': 'l2', 'classify__random_state': 42, 'classify__solver': 'lbfgs', 'classify__tol': 1e-08, 'impute': None, 'select': SelectKBest(score_func=<function mutual_info_classif at 0x147da6670>), 'select__k': 5, 'transform': None}",,,,,,451,,,,,,451,,,,,,451
0.00014599164326985678,8.778064264605253e-07,0.0,0.0,RandomUnderSampler(random_state=42),10.0,2000,2,l2,42,lbfgs,1e-08,,SelectKBest(score_func=<function mutual_info_classif at 0x147da6670>),8,,"{'balance': RandomUnderSampler(random_state=42), 'classify__C': 10.0, 'classify__max_iter': 2000, 'classify__n_jobs': 2, 'classify__penalty': 'l2', 'classify__random_state': 42, 'classify__solver': 'lbfgs', 'classify__tol': 1e-08, 'impute': None, 'select': SelectKBest(score_func=<function mutual_info_classif at 0x147da6670>), 'select__k': 8, 'transform': None}",,,,,,451,,,,,,451,,,,,,451
0.0001456737518310547,3.371747880871523e-07,0.0,0.0,RandomUnderSampler(random_state=42),10.0,2000,2,l2,42,lbfgs,1e-08,,SelectKBest(score_func=<function mutual_info_classif at 0x147da6670>),11,,"{'balance': RandomUnderSampler(random_state=42), 'classify__C': 10.0, 'classify__max_iter': 2000, 'classify__n_jobs': 2, 'classify__penalty': 'l2', 'classify__random_state': 42, 'classify__solver': 'lbfgs', 'classify__tol': 1e-08, 'impute': None, 'select': SelectKBest(score_func=<function mutual_info_classif at 0x147da6670>), 'select__k': 11, 'transform': None}",,,,,,451,,,,,,451,,,,,,451
0.0003039836883544922,2.3522623986092735e-05,0.0,0.0,RandomUnderSampler(random_state=42),10.0,2000,2,l2,42,lbfgs,1e-08,SimpleImputer(strategy='median'),SelectKBest(score_func=<function mutual_info_classif at 0x147da6670>),5,,"{'balance': RandomUnderSampler(random_state=42), 'classify__C': 10.0, 'classify__max_iter': 2000, 'classify__n_jobs': 2, 'classify__penalty': 'l2', 'classify__random_state': 42, 'classify__solver': 'lbfgs', 'classify__tol': 1e-08, 'impute': SimpleImputer(strategy='median'), 'select': SelectKBest(score_func=<function mutual_info_classif at 0x147da6670>), 'select__k': 5, 'transform': None}",,,,,,451,,,,,,451,,,,,,451
0.0002640088399251302,1.2363075563195582e-06,0.0,0.0,RandomUnderSampler(random_state=42),10.0,2000,2,l2,42,lbfgs,1e-08,SimpleImputer(strategy='median'),SelectKBest(score_func=<function mutual_info_classif at 0x147da6670>),8,,"{'balance': RandomUnderSampler(random_state=42), 'classify__C': 10.0, 'classify__max_iter': 2000, 'classify__n_jobs': 2, 'classify__penalty': 'l2', 'classify__random_state': 42, 'classify__solver': 'lbfgs', 'classify__tol': 1e-08, 'impute': SimpleImputer(strategy='median'), 'select': SelectKBest(score_func=<function mutual_info_classif at 0x147da6670>), 'select__k': 8, 'transform': None}",,,,,,451,,,,,,451,,,,,,451
0.00026345252990722656,1.083865300574768e-06,0.0,0.0,RandomUnderSampler(random_state=42),10.0,2000,2,l2,42,lbfgs,1e-08,SimpleImputer(strategy='median'),SelectKBest(score_func=<function mutual_info_classif at 0x147da6670>),11,,"{'balance': RandomUnderSampler(random_state=42), 'classify__C': 10.0, 'classify__max_iter': 2000, 'classify__n_jobs': 2, 'classify__penalty': 'l2', 'classify__random_state': 42, 'classify__solver': 'lbfgs', 'classify__tol': 1e-08, 'impute': SimpleImputer(strategy='median'), 'select': SelectKBest(score_func=<function mutual_info_classif at 0x147da6670>), 'select__k': 11, 'transform': None}",,,,,,451,,,,,,451,,,,,,451
0.00016570091247558594,8.485379419351666e-07,0.0,0.0,RandomUnderSampler(random_state=42),10.0,2000,2,l2,42,lbfgs,1e-06,,SelectKBest(score_func=<function mutual_info_classif at 0x147da6670>),5,,"{'balance': RandomUnderSampler(random_state=42), 'classify__C': 10.0, 'classify__max_iter': 2000, 'classify__n_jobs': 2, 'classify__penalty': 'l2', 'classify__random_state': 42, 'classify__solver': 'lbfgs', 'classify__tol': 1e-06, 'impute': None, 'select': SelectKBest(score_func=<function mutual_info_classif at 0x147da6670>), 'select__k': 5, 'transform': None}",,,,,,451,,,,,,451,,,,,,451
0.00024326642354329428,6.230388362413927e-06,0.0,0.0,RandomUnderSampler(random_state=42),100.0,100,2,l2,42,lbfgs,1e-08,SimpleImputer(strategy='median'),SelectKBest(score_func=<function mutual_info_classif at 0x147da6670>),5,,"{'balance': RandomUnderSampler(random_state=42), 'classify__C': 100.0, 'classify__max_iter': 100, 'classify__n_jobs': 2, 'classify__penalty': 'l2', 'classify__random_state': 42, 'classify__solver': 'lbfgs', 'classify__tol': 1e-08, 'impute': SimpleImputer(strategy='median'), 'select': SelectKBest(score_func=<function mutual_info_classif at 0x147da6670>), 'select__k': 5, 'transform': None}",,,,,,451,,,,,,451,,,,,,451
0.000164031982421875,9.4949282416057e-06,0.0,0.0,RandomUnderSampler(random_state=42),10.0,2000,2,l2,42,lbfgs,1e-06,,SelectKBest(score_func=<function mutual_info_classif at 0x147da6670>),8,,"{'balance': RandomUnderSampler(random_state=42), 'classify__C': 10.0, 'classify__max_iter': 2000, 'classify__n_jobs': 2, 'classify__penalty': 'l2', 'classify__random_state': 42, 'classify__solver': 'lbfgs', 'classify__tol': 1e-06, 'impute': None, 'select': SelectKBest(score_func=<function mutual_info_classif at 0x147da6670>), 'select__k': 8, 'transform': None}",,,,,,451,,,,,,451,,,,,,451
0.0002582867940266927,5.339488039729063e-06,0.0,0.0,RandomUnderSampler(random_state=42),10.0,2000,2,l2,42,lbfgs,1e-06,SimpleImputer(strategy='median'),SelectKBest(score_func=<function mutual_info_classif at 0x147da6670>),5,,"{'balance': RandomUnderSampler(random_state=42), 'classify__C': 10.0, 'classify__max_iter': 2000, 'classify__n_jobs': 2, 'classify__penalty': 'l2', 'classify__random_state': 42, 'classify__solver': 'lbfgs', 'classify__tol': 1e-06, 'impute': SimpleImputer(strategy='median'), 'select': SelectKBest(score_func=<function mutual_info_classif at 0x147da6670>), 'select__k': 5, 'transform': None}",,,,,,451,,,,,,451,,,,,,451
0.0002713203430175781,1.2256353790700913e-05,0.0,0.0,RandomUnderSampler(random_state=42),10.0,2000,2,l2,42,lbfgs,1e-06,SimpleImputer(strategy='median'),SelectKBest(score_func=<function mutual_info_classif at 0x147da6670>),8,,"{'balance': RandomUnderSampler(random_state=42), 'classify__C': 10.0, 'classify__max_iter': 2000, 'classify__n_jobs': 2, 'classify__penalty': 'l2', 'classify__random_state': 42, 'classify__solver': 'lbfgs', 'classify__tol': 1e-06, 'impute': SimpleImputer(strategy='median'), 'select': SelectKBest(score_func=<function mutual_info_classif at 0x147da6670>), 'select__k': 8, 'transform': None}",,,,,,451,,,,,,451,,,,,,451
0.00023937225341796875,1.8570139321562326e-06,0.0,0.0,RandomUnderSampler(random_state=42),10.0,2000,2,l2,42,lbfgs,1e-06,SimpleImputer(strategy='median'),SelectKBest(score_func=<function mutual_info_classif at 0x147da6670>),11,,"{'balance': RandomUnderSampler(random_state=42), 'classify__C': 10.0, 'classify__max_iter': 2000, 'classify__n_jobs': 2, 'classify__penalty': 'l2', 'classify__random_state': 42, 'classify__solver': 'lbfgs', 'classify__tol': 1e-06, 'impute': SimpleImputer(strategy='median'), 'select': SelectKBest(score_func=<function mutual_info_classif at 0x147da6670>), 'select__k': 11, 'transform': None}",,,,,,451,,,,,,451,,,,,,451
0.00015076001485188803,4.052336624139774e-07,0.0,0.0,RandomUnderSampler(random_state=42),10.0,2000,2,l2,42,lbfgs,0.0001,,SelectKBest(score_func=<function mutual_info_classif at 0x147da6670>),5,,"{'balance': RandomUnderSampler(random_state=42), 'classify__C': 10.0, 'classify__max_iter': 2000, 'classify__n_jobs': 2, 'classify__penalty': 'l2', 'classify__random_state': 42, 'classify__solver': 'lbfgs', 'classify__tol': 0.0001, 'impute': None, 'select': SelectKBest(score_func=<function mutual_info_classif at 0x147da6670>), 'select__k': 5, 'transform': None}",,,,,,451,,,,,,451,,,,,,451
0.00014964739481608072,4.49566384116203e-07,0.0,0.0,RandomUnderSampler(random_state=42),10.0,2000,2,l2,42,lbfgs,0.0001,,SelectKBest(score_func=<function mutual_info_classif at 0x147da6670>),8,,"{'balance': RandomUnderSampler(random_state=42), 'classify__C': 10.0, 'classify__max_iter': 2000, 'classify__n_jobs': 2, 'classify__penalty': 'l2', 'classify__random_state': 42, 'classify__solver': 'lbfgs', 'classify__tol': 0.0001, 'impute': None, 'select': SelectKBest(score_func=<function mutual_info_classif at 0x147da6670>), 'select__k': 8, 'transform': None}",,,,,,451,,,,,,451,,,,,,451
0.00015505154927571615,6.1937865474696835e-06,0.0,0.0,RandomUnderSampler(random_state=42),10.0,2000,2,l2,42,lbfgs,0.0001,,SelectKBest(score_func=<function mutual_info_classif at 0x147da6670>),11,,"{'balance': RandomUnderSampler(random_state=42), 'classify__C': 10.0, 'classify__max_iter': 2000, 'classify__n_jobs': 2, 'classify__penalty': 'l2', 'classify__random_state': 42, 'classify__solver': 'lbfgs', 'classify__tol': 0.0001, 'impute': None, 'select': SelectKBest(score_func=<function mutual_info_classif at 0x147da6670>), 'select__k': 11, 'transform': None}",,,,,,451,,,,,,451,,,,,,451
0.0002484321594238281,1.3829647741729795e-05,0.0,0.0,RandomUnderSampler(random_state=42),10.0,2000,2,l2,42,lbfgs,0.0001,SimpleImputer(strategy='median'),SelectKBest(score_func=<function mutual_info_classif at 0x147da6670>),5,,"{'balance': RandomUnderSampler(random_state=42), 'classify__C': 10.0, 'classify__max_iter': 2000, 'classify__n_jobs': 2, 'classify__penalty': 'l2', 'classify__random_state': 42, 'classify__solver': 'lbfgs', 'classify__tol': 0.0001, 'impute': SimpleImputer(strategy='median'), 'select': SelectKBest(score_func=<function mutual_info_classif at 0x147da6670>), 'select__k': 5, 'transform': None}",,,,,,451,,,,,,451,,,,,,451
0.00024811426798502606,1.3380265530617444e-05,0.0,0.0,RandomUnderSampler(random_state=42),10.0,2000,2,l2,42,lbfgs,0.0001,SimpleImputer(strategy='median'),SelectKBest(score_func=<function mutual_info_classif at 0x147da6670>),8,,"{'balance': RandomUnderSampler(random_state=42), 'classify__C': 10.0, 'classify__max_iter': 2000, 'classify__n_jobs': 2, 'classify__penalty': 'l2', 'classify__random_state': 42, 'classify__solver': 'lbfgs', 'classify__tol': 0.0001, 'impute': SimpleImputer(strategy='median'), 'select': SelectKBest(score_func=<function mutual_info_classif at 0x147da6670>), 'select__k': 8, 'transform': None}",,,,,,451,,,,,,451,,,,,,451
0.00026043256123860675,6.25769923052137e-07,0.0,0.0,RandomUnderSampler(random_state=42),10.0,2000,2,l2,42,lbfgs,0.0001,SimpleImputer(strategy='median'),SelectKBest(score_func=<function mutual_info_classif at 0x147da6670>),11,,"{'balance': RandomUnderSampler(random_state=42), 'classify__C': 10.0, 'classify__max_iter': 2000, 'classify__n_jobs': 2, 'classify__penalty': 'l2', 'classify__random_state': 42, 'classify__solver': 'lbfgs', 'classify__tol': 0.0001, 'impute': SimpleImputer(strategy='median'), 'select': SelectKBest(score_func=<function mutual_info_classif at 0x147da6670>), 'select__k': 11, 'transform': None}",,,,,,451,,,,,,451,,,,,,451
0.00016482671101888022,1.1239159602905075e-07,0.0,0.0,RandomUnderSampler(random_state=42),100.0,100,2,l2,42,lbfgs,1e-08,,SelectKBest(score_func=<function mutual_info_classif at 0x147da6670>),5,,"{'balance': RandomUnderSampler(random_state=42), 'classify__C': 100.0, 'classify__max_iter': 100, 'classify__n_jobs': 2, 'classify__penalty': 'l2', 'classify__random_state': 42, 'classify__solver': 'lbfgs', 'classify__tol': 1e-08, 'impute': None, 'select': SelectKBest(score_func=<function mutual_info_classif at 0x147da6670>), 'select__k': 5, 'transform': None}",,,,,,451,,,,,,451,,,,,,451
0.0001556873321533203,5.745178722358646e-06,0.0,0.0,RandomUnderSampler(random_state=42),100.0,100,2,l2,42,lbfgs,1e-08,,SelectKBest(score_func=<function mutual_info_classif at 0x147da6670>),8,,"{'balance': RandomUnderSampler(random_state=42), 'classify__C': 100.0, 'classify__max_iter': 100, 'classify__n_jobs': 2, 'classify__penalty': 'l2', 'classify__random_state': 42, 'classify__solver': 'lbfgs', 'classify__tol': 1e-08, 'impute': None, 'select': SelectKBest(score_func=<function mutual_info_classif at 0x147da6670>), 'select__k': 8, 'transform': None}",,,,,,451,,,,,,451,,,,,,451
0.0001506805419921875,3.371747880871523e-07,0.0,0.0,RandomUnderSampler(random_state=42),10.0,2000,2,l2,42,lbfgs,1e-06,,SelectKBest(score_func=<function mutual_info_classif at 0x147da6670>),11,,"{'balance': RandomUnderSampler(random_state=42), 'classify__C': 10.0, 'classify__max_iter': 2000, 'classify__n_jobs': 2, 'classify__penalty': 'l2', 'classify__random_state': 42, 'classify__solver': 'lbfgs', 'classify__tol': 1e-06, 'impute': None, 'select': SelectKBest(score_func=<function mutual_info_classif at 0x147da6670>), 'select__k': 11, 'transform': None}",,,,,,451,,,,,,451,,,,,,451
0.00015155474344889322,4.899036091938795e-07,0.0,0.0,RandomUnderSampler(random_state=42),100.0,200,2,l2,42,lbfgs,0.0001,,SelectKBest(score_func=<function mutual_info_classif at 0x147da6670>),8,,"{'balance': RandomUnderSampler(random_state=42), 'classify__C': 100.0, 'classify__max_iter': 200, 'classify__n_jobs': 2, 'classify__penalty': 'l2', 'classify__random_state': 42, 'classify__solver': 'lbfgs', 'classify__tol': 0.0001, 'impute': None, 'select': SelectKBest(score_func=<function mutual_info_classif at 0x147da6670>), 'select__k': 8, 'transform': None}",,,,,,451,,,,,,451,,,,,,451
0.00015091896057128906,1.9466795466607238e-07,0.0,0.0,RandomUnderSampler(random_state=42),100.0,200,2,l2,42,lbfgs,0.0001,,SelectKBest(score_func=<function mutual_info_classif at 0x147da6670>),11,,"{'balance': RandomUnderSampler(random_state=42), 'classify__C': 100.0, 'classify__max_iter': 200, 'classify__n_jobs': 2, 'classify__penalty': 'l2', 'classify__random_state': 42, 'classify__solver': 'lbfgs', 'classify__tol': 0.0001, 'impute': None, 'select': SelectKBest(score_func=<function mutual_info_classif at 0x147da6670>), 'select__k': 11, 'transform': None}",,,,,,451,,,,,,451,,,,,,451
0.0002490679423014323,6.305959836602965e-06,0.0,0.0,RandomUnderSampler(random_state=42),100.0,200,2,l2,42,lbfgs,0.0001,SimpleImputer(strategy='median'),SelectKBest(score_func=<function mutual_info_classif at 0x147da6670>),5,,"{'balance': RandomUnderSampler(random_state=42), 'classify__C': 100.0, 'classify__max_iter': 200, 'classify__n_jobs': 2, 'classify__penalty': 'l2', 'classify__random_state': 42, 'classify__solver': 'lbfgs', 'classify__tol': 0.0001, 'impute': SimpleImputer(strategy='median'), 'select': SelectKBest(score_func=<function mutual_info_classif at 0x147da6670>), 'select__k': 5, 'transform': None}",,,,,,451,,,,,,451,,,,,,451
0.0002456506093343099,1.2453171424305626e-05,0.0,0.0,RandomUnderSampler(random_state=42),100.0,1000,2,l2,42,lbfgs,1e-06,SimpleImputer(strategy='median'),SelectKBest(score_func=<function mutual_info_classif at 0x147da6670>),5,,"{'balance': RandomUnderSampler(random_state=42), 'classify__C': 100.0, 'classify__max_iter': 1000, 'classify__n_jobs': 2, 'classify__penalty': 'l2', 'classify__random_state': 42, 'classify__solver': 'lbfgs', 'classify__tol': 1e-06, 'impute': SimpleImputer(strategy='median'), 'select': SelectKBest(score_func=<function mutual_info_classif at 0x147da6670>), 'select__k': 5, 'transform': None}",,,,,,451,,,,,,451,,,,,,451
0.00023714701334635416,8.778064264605253e-07,0.0,0.0,RandomUnderSampler(random_state=42),100.0,1000,2,l2,42,lbfgs,1e-06,SimpleImputer(strategy='median'),SelectKBest(score_func=<function mutual_info_classif at 0x147da6670>),8,,"{'balance': RandomUnderSampler(random_state=42), 'classify__C': 100.0, 'classify__max_iter': 1000, 'classify__n_jobs': 2, 'classify__penalty': 'l2', 'classify__random_state': 42, 'classify__solver': 'lbfgs', 'classify__tol': 1e-06, 'impute': SimpleImputer(strategy='median'), 'select': SelectKBest(score_func=<function mutual_info_classif at 0x147da6670>), 'select__k': 8, 'transform': None}",,,,,,451,,,,,,451,,,,,,451
0.00023889541625976562,1.6632437337602258e-06,0.0,0.0,RandomUnderSampler(random_state=42),100.0,1000,2,l2,42,lbfgs,1e-06,SimpleImputer(strategy='median'),SelectKBest(score_func=<function mutual_info_classif at 0x147da6670>),11,,"{'balance': RandomUnderSampler(random_state=42), 'classify__C': 100.0, 'classify__max_iter': 1000, 'classify__n_jobs': 2, 'classify__penalty': 'l2', 'classify__random_state': 42, 'classify__solver': 'lbfgs', 'classify__tol': 1e-06, 'impute': SimpleImputer(strategy='median'), 'select': SelectKBest(score_func=<function mutual_info_classif at 0x147da6670>), 'select__k': 11, 'transform': None}",,,,,,451,,,,,,451,,,,,,451
0.00014543533325195312,2.3602235166100658e-06,0.0,0.0,RandomUnderSampler(random_state=42),100.0,1000,2,l2,42,lbfgs,0.0001,,SelectKBest(score_func=<function mutual_info_classif at 0x147da6670>),5,,"{'balance': RandomUnderSampler(random_state=42), 'classify__C': 100.0, 'classify__max_iter': 1000, 'classify__n_jobs': 2, 'classify__penalty': 'l2', 'classify__random_state': 42, 'classify__solver': 'lbfgs', 'classify__tol': 0.0001, 'impute': None, 'select': SelectKBest(score_func=<function mutual_info_classif at 0x147da6670>), 'select__k': 5, 'transform': None}",,,,,,451,,,,,,451,,,,,,451
0.00014662742614746094,1.7302466278932287e-06,0.0,0.0,RandomUnderSampler(random_state=42),100.0,1000,2,l2,42,lbfgs,0.0001,,SelectKBest(score_func=<function mutual_info_classif at 0x147da6670>),8,,"{'balance': RandomUnderSampler(random_state=42), 'classify__C': 100.0, 'classify__max_iter': 1000, 'classify__n_jobs': 2, 'classify__penalty': 'l2', 'classify__random_state': 42, 'classify__solver': 'lbfgs', 'classify__tol': 0.0001, 'impute': None, 'select': SelectKBest(score_func=<function mutual_info_classif at 0x147da6670>), 'select__k': 8, 'transform': None}",,,,,,451,,,,,,451,,,,,,451
0.00014495849609375,7.786718186642895e-07,0.0,0.0,RandomUnderSampler(random_state=42),100.0,1000,2,l2,42,lbfgs,0.0001,,SelectKBest(score_func=<function mutual_info_classif at 0x147da6670>),11,,"{'balance': RandomUnderSampler(random_state=42), 'classify__C': 100.0, 'classify__max_iter': 1000, 'classify__n_jobs': 2, 'classify__penalty': 'l2', 'classify__random_state': 42, 'classify__solver': 'lbfgs', 'classify__tol': 0.0001, 'impute': None, 'select': SelectKBest(score_func=<function mutual_info_classif at 0x147da6670>), 'select__k': 11, 'transform': None}",,,,,,451,,,,,,451,,,,,,451
0.00023214022318522135,7.867411722033552e-07,0.0,0.0,RandomUnderSampler(random_state=42),100.0,1000,2,l2,42,lbfgs,0.0001,SimpleImputer(strategy='median'),SelectKBest(score_func=<function mutual_info_classif at 0x147da6670>),5,,"{'balance': RandomUnderSampler(random_state=42), 'classify__C': 100.0, 'classify__max_iter': 1000, 'classify__n_jobs': 2, 'classify__penalty': 'l2', 'classify__random_state': 42, 'classify__solver': 'lbfgs', 'classify__tol': 0.0001, 'impute': SimpleImputer(strategy='median'), 'select': SelectKBest(score_func=<function mutual_info_classif at 0x147da6670>), 'select__k': 5, 'transform': None}",,,,,,451,,,,,,451,,,,,,451
0.00026861826578776043,5.051786580058281e-05,0.0,0.0,RandomUnderSampler(random_state=42),100.0,1000,2,l2,42,lbfgs,0.0001,SimpleImputer(strategy='median'),SelectKBest(score_func=<function mutual_info_classif at 0x147da6670>),8,,"{'balance': RandomUnderSampler(random_state=42), 'classify__C': 100.0, 'classify__max_iter': 1000, 'classify__n_jobs': 2, 'classify__penalty': 'l2', 'classify__random_state': 42, 'classify__solver': 'lbfgs', 'classify__tol': 0.0001, 'impute': SimpleImputer(strategy='median'), 'select': SelectKBest(score_func=<function mutual_info_classif at 0x147da6670>), 'select__k': 8, 'transform': None}",,,,,,451,,,,,,451,,,,,,451
0.00023857752482096353,1.2665889621185641e-06,0.0,0.0,RandomUnderSampler(random_state=42),100.0,1000,2,l2,42,lbfgs,0.0001,SimpleImputer(strategy='median'),SelectKBest(score_func=<function mutual_info_classif at 0x147da6670>),11,,"{'balance': RandomUnderSampler(random_state=42), 'classify__C': 100.0, 'classify__max_iter': 1000, 'classify__n_jobs': 2, 'classify__penalty': 'l2', 'classify__random_state': 42, 'classify__solver': 'lbfgs', 'classify__tol': 0.0001, 'impute': SimpleImputer(strategy='median'), 'select': SelectKBest(score_func=<function mutual_info_classif at 0x147da6670>), 'select__k': 11, 'transform': None}",,,,,,451,,,,,,451,,,,,,451
0.00016458829243977865,1.81337492586157e-05,0.0,0.0,RandomUnderSampler(random_state=42),100.0,2000,2,l2,42,lbfgs,1e-08,,SelectKBest(score_func=<function mutual_info_classif at 0x147da6670>),5,,"{'balance': RandomUnderSampler(random_state=42), 'classify__C': 100.0, 'classify__max_iter': 2000, 'classify__n_jobs': 2, 'classify__penalty': 'l2', 'classify__random_state': 42, 'classify__solver': 'lbfgs', 'classify__tol': 1e-08, 'impute': None, 'select': SelectKBest(score_func=<function mutual_info_classif at 0x147da6670>), 'select__k': 5, 'transform': None}",,,,,,451,,,,,,451,,,,,,451
0.00014861424763997397,1.2961631163199815e-06,0.0,0.0,RandomUnderSampler(random_state=42),100.0,2000,2,l2,42,lbfgs,1e-08,,SelectKBest(score_func=<function mutual_info_classif at 0x147da6670>),8,,"{'balance': RandomUnderSampler(random_state=42), 'classify__C': 100.0, 'classify__max_iter': 2000, 'classify__n_jobs': 2, 'classify__penalty': 'l2', 'classify__random_state': 42, 'classify__solver': 'lbfgs', 'classify__tol': 1e-08, 'impute': None, 'select': SelectKBest(score_func=<function mutual_info_classif at 0x147da6670>), 'select__k': 8, 'transform': None}",,,,,,451,,,,,,451,,,,,,451
0.00014829635620117188,4.0647862283529985e-06,0.0,0.0,RandomUnderSampler(random_state=42),100.0,1000,2,l2,42,lbfgs,1e-06,,SelectKBest(score_func=<function mutual_info_classif at 0x147da6670>),11,,"{'balance': RandomUnderSampler(random_state=42), 'classify__C': 100.0, 'classify__max_iter': 1000, 'classify__n_jobs': 2, 'classify__penalty': 'l2', 'classify__random_state': 42, 'classify__solver': 'lbfgs', 'classify__tol': 1e-06, 'impute': None, 'select': SelectKBest(score_func=<function mutual_info_classif at 0x147da6670>), 'select__k': 11, 'transform': None}",,,,,,451,,,,,,451,,,,,,451
0.00016220410664876303,1.959614436775518e-06,0.0,0.0,RandomUnderSampler(random_state=42),100.0,2000,2,l2,42,lbfgs,1e-08,,SelectKBest(score_func=<function mutual_info_classif at 0x147da6670>),11,,"{'balance': RandomUnderSampler(random_state=42), 'classify__C': 100.0, 'classify__max_iter': 2000, 'classify__n_jobs': 2, 'classify__penalty': 'l2', 'classify__random_state': 42, 'classify__solver': 'lbfgs', 'classify__tol': 1e-08, 'impute': None, 'select': SelectKBest(score_func=<function mutual_info_classif at 0x147da6670>), 'select__k': 11, 'transform': None}",,,,,,451,,,,,,451,,,,,,451
0.0002399285634358724,5.742979610805405e-06,0.0,0.0,RandomUnderSampler(random_state=42),100.0,2000,2,l2,42,lbfgs,1e-08,SimpleImputer(strategy='median'),SelectKBest(score_func=<function mutual_info_classif at 0x147da6670>),8,,"{'balance': RandomUnderSampler(random_state=42), 'classify__C': 100.0, 'classify__max_iter': 2000, 'classify__n_jobs': 2, 'classify__penalty': 'l2', 'classify__random_state': 42, 'classify__solver': 'lbfgs', 'classify__tol': 1e-08, 'impute': SimpleImputer(strategy='median'), 'select': SelectKBest(score_func=<function mutual_info_classif at 0x147da6670>), 'select__k': 8, 'transform': None}",,,,,,451,,,,,,451,,,,,,451
0.0002547899881998698,2.5022468759424427e-05,0.0,0.0,RandomUnderSampler(random_state=42),100.0,2000,2,l2,42,lbfgs,1e-08,SimpleImputer(strategy='median'),SelectKBest(score_func=<function mutual_info_classif at 0x147da6670>),11,,"{'balance': RandomUnderSampler(random_state=42), 'classify__C': 100.0, 'classify__max_iter': 2000, 'classify__n_jobs': 2, 'classify__penalty': 'l2', 'classify__random_state': 42, 'classify__solver': 'lbfgs', 'classify__tol': 1e-08, 'impute': SimpleImputer(strategy='median'), 'select': SelectKBest(score_func=<function mutual_info_classif at 0x147da6670>), 'select__k': 11, 'transform': None}",,,,,,451,,,,,,451,,,,,,451
0.00015044212341308594,3.714027864312465e-06,0.0,0.0,RandomUnderSampler(random_state=42),100.0,2000,2,l2,42,lbfgs,1e-06,,SelectKBest(score_func=<function mutual_info_classif at 0x147da6670>),5,,"{'balance': RandomUnderSampler(random_state=42), 'classify__C': 100.0, 'classify__max_iter': 2000, 'classify__n_jobs': 2, 'classify__penalty': 'l2', 'classify__random_state': 42, 'classify__solver': 'lbfgs', 'classify__tol': 1e-06, 'impute': None, 'select': SelectKBest(score_func=<function mutual_info_classif at 0x147da6670>), 'select__k': 5, 'transform': None}",,,,,,451,,,,,,451,,,,,,451
0.00016387303670247397,1.2961631163199813e-06,0.0,0.0,RandomUnderSampler(random_state=42),100.0,2000,2,l2,42,lbfgs,1e-06,,SelectKBest(score_func=<function mutual_info_classif at 0x147da6670>),8,,"{'balance': RandomUnderSampler(random_state=42), 'classify__C': 100.0, 'classify__max_iter': 2000, 'classify__n_jobs': 2, 'classify__penalty': 'l2', 'classify__random_state': 42, 'classify__solver': 'lbfgs', 'classify__tol': 1e-06, 'impute': None, 'select': SelectKBest(score_func=<function mutual_info_classif at 0x147da6670>), 'select__k': 8, 'transform': None}",,,,,,451,,,,,,451,,,,,,451
0.0001666545867919922,3.3207865422210978e-06,0.0,0.0,RandomUnderSampler(random_state=42),100.0,2000,2,l2,42,lbfgs,1e-06,,SelectKBest(score_func=<function mutual_info_classif at 0x147da6670>),11,,"{'balance': RandomUnderSampler(random_state=42), 'classify__C': 100.0, 'classify__max_iter': 2000, 'classify__n_jobs': 2, 'classify__penalty': 'l2', 'classify__random_state': 42, 'classify__solver': 'lbfgs', 'classify__tol': 1e-06, 'impute': None, 'select': SelectKBest(score_func=<function mutual_info_classif at 0x147da6670>), 'select__k': 11, 'transform': None}",,,,,,451,,,,,,451,,,,,,451
0.00024628639221191406,1.2256353790700913e-05,0.0,0.0,RandomUnderSampler(random_state=42),100.0,2000,2,l2,42,lbfgs,1e-06,SimpleImputer(strategy='median'),SelectKBest(score_func=<function mutual_info_classif at 0x147da6670>),5,,"{'balance': RandomUnderSampler(random_state=42), 'classify__C': 100.0, 'classify__max_iter': 2000, 'classify__n_jobs': 2, 'classify__penalty': 'l2', 'classify__random_state': 42, 'classify__solver': 'lbfgs', 'classify__tol': 1e-06, 'impute': SimpleImputer(strategy='median'), 'select': SelectKBest(score_func=<function mutual_info_classif at 0x147da6670>), 'select__k': 5, 'transform': None}",,,,,,451,,,,,,451,,,,,,451
0.00023897488911946615,4.380389461364959e-06,0.0,0.0,RandomUnderSampler(random_state=42),100.0,2000,2,l2,42,lbfgs,1e-06,SimpleImputer(strategy='median'),SelectKBest(score_func=<function mutual_info_classif at 0x147da6670>),8,,"{'balance': RandomUnderSampler(random_state=42), 'classify__C': 100.0, 'classify__max_iter': 2000, 'classify__n_jobs': 2, 'classify__penalty': 'l2', 'classify__random_state': 42, 'classify__solver': 'lbfgs', 'classify__tol': 1e-06, 'impute': SimpleImputer(strategy='median'), 'select': SelectKBest(score_func=<function mutual_info_classif at 0x147da6670>), 'select__k': 8, 'transform': None}",,,,,,451,,,,,,451,,,,,,451
0.00024167696634928385,8.017704833438613e-06,0.0,0.0,RandomUnderSampler(random_state=42),100.0,2000,2,l2,42,lbfgs,1e-06,SimpleImputer(strategy='median'),SelectKBest(score_func=<function mutual_info_classif at 0x147da6670>),11,,"{'balance': RandomUnderSampler(random_state=42), 'classify__C': 100.0, 'classify__max_iter': 2000, 'classify__n_jobs': 2, 'classify__penalty': 'l2', 'classify__random_state': 42, 'classify__solver': 'lbfgs', 'classify__tol': 1e-06, 'impute': SimpleImputer(strategy='median'), 'select': SelectKBest(score_func=<function mutual_info_classif at 0x147da6670>), 'select__k': 11, 'transform': None}",,,,,,451,,,,,,451,,,,,,451
0.00015195210774739584,4.158489053074878e-06,0.0,0.0,RandomUnderSampler(random_state=42),100.0,2000,2,l2,42,lbfgs,0.0001,,SelectKBest(score_func=<function mutual_info_classif at 0x147da6670>),5,,"{'balance': RandomUnderSampler(random_state=42), 'classify__C': 100.0, 'classify__max_iter': 2000, 'classify__n_jobs': 2, 'classify__penalty': 'l2', 'classify__random_state': 42, 'classify__solver': 'lbfgs', 'classify__tol': 0.0001, 'impute': None, 'select': SelectKBest(score_func=<function mutual_info_classif at 0x147da6670>), 'select__k': 5, 'transform': None}",,,,,,451,,,,,,451,,,,,,451
0.0001533031463623047,8.357129529548176e-06,0.0,0.0,RandomUnderSampler(random_state=42),100.0,2000,2,l2,42,lbfgs,0.0001,,SelectKBest(score_func=<function mutual_info_classif at 0x147da6670>),8,,"{'balance': RandomUnderSampler(random_state=42), 'classify__C': 100.0, 'classify__max_iter': 2000, 'classify__n_jobs': 2, 'classify__penalty': 'l2', 'classify__random_state': 42, 'classify__solver': 'lbfgs', 'classify__tol': 0.0001, 'impute': None, 'select': SelectKBest(score_func=<function mutual_info_classif at 0x147da6670>), 'select__k': 8, 'transform': None}",,,,,,451,,,,,,451,,,,,,451
0.00015163421630859375,3.0594470588239285e-06,0.0,0.0,RandomUnderSampler(random_state=42),100.0,2000,2,l2,42,lbfgs,0.0001,,SelectKBest(score_func=<function mutual_info_classif at 0x147da6670>),11,,"{'balance': RandomUnderSampler(random_state=42), 'classify__C': 100.0, 'classify__max_iter': 2000, 'classify__n_jobs': 2, 'classify__penalty': 'l2', 'classify__random_state': 42, 'classify__solver': 'lbfgs', 'classify__tol': 0.0001, 'impute': None, 'select': SelectKBest(score_func=<function mutual_info_classif at 0x147da6670>), 'select__k': 11, 'transform': None}",,,,,,451,,,,,,451,,,,,,451
0.0002419153849283854,8.486123718236424e-06,0.0,0.0,RandomUnderSampler(random_state=42),100.0,2000,2,l2,42,lbfgs,1e-08,SimpleImputer(strategy='median'),SelectKBest(score_func=<function mutual_info_classif at 0x147da6670>),5,,"{'balance': RandomUnderSampler(random_state=42), 'classify__C': 100.0, 'classify__max_iter': 2000, 'classify__n_jobs': 2, 'classify__penalty': 'l2', 'classify__random_state': 42, 'classify__solver': 'lbfgs', 'classify__tol': 1e-08, 'impute': SimpleImputer(strategy='median'), 'select': SelectKBest(score_func=<function mutual_info_classif at 0x147da6670>), 'select__k': 5, 'transform': None}",,,,,,451,,,,,,451,,,,,,451
0.00014638900756835938,6.743495761743046e-07,0.0,0.0,RandomUnderSampler(random_state=42),100.0,1000,2,l2,42,lbfgs,1e-06,,SelectKBest(score_func=<function mutual_info_classif at 0x147da6670>),8,,"{'balance': RandomUnderSampler(random_state=42), 'classify__C': 100.0, 'classify__max_iter': 1000, 'classify__n_jobs': 2, 'classify__penalty': 'l2', 'classify__random_state': 42, 'classify__solver': 'lbfgs', 'classify__tol': 1e-06, 'impute': None, 'select': SelectKBest(score_func=<function mutual_info_classif at 0x147da6670>), 'select__k': 8, 'transform': None}",,,,,,451,,,,,,451,,,,,,451
0.00014670689900716147,1.1239159602905073e-06,0.0,0.0,RandomUnderSampler(random_state=42),100.0,1000,2,l2,42,lbfgs,1e-06,,SelectKBest(score_func=<function mutual_info_classif at 0x147da6670>),5,,"{'balance': RandomUnderSampler(random_state=42), 'classify__C': 100.0, 'classify__max_iter': 1000, 'classify__n_jobs': 2, 'classify__penalty': 'l2', 'classify__random_state': 42, 'classify__solver': 'lbfgs', 'classify__tol': 1e-06, 'impute': None, 'select': SelectKBest(score_func=<function mutual_info_classif at 0x147da6670>), 'select__k': 5, 'transform': None}",,,,,,451,,,,,,451,,,,,,451
0.00023404757181803385,8.778064264605253e-07,0.0,0.0,RandomUnderSampler(random_state=42),100.0,1000,2,l2,42,lbfgs,1e-08,SimpleImputer(strategy='median'),SelectKBest(score_func=<function mutual_info_classif at 0x147da6670>),11,,"{'balance': RandomUnderSampler(random_state=42), 'classify__C': 100.0, 'classify__max_iter': 1000, 'classify__n_jobs': 2, 'classify__penalty': 'l2', 'classify__random_state': 42, 'classify__solver': 'lbfgs', 'classify__tol': 1e-08, 'impute': SimpleImputer(strategy='median'), 'select': SelectKBest(score_func=<function mutual_info_classif at 0x147da6670>), 'select__k': 11, 'transform': None}",,,,,,451,,,,,,451,,,,,,451
0.00024437904357910156,6.453470246207488e-06,0.0,0.0,RandomUnderSampler(random_state=42),100.0,200,2,l2,42,lbfgs,0.0001,SimpleImputer(strategy='median'),SelectKBest(score_func=<function mutual_info_classif at 0x147da6670>),8,,"{'balance': RandomUnderSampler(random_state=42), 'classify__C': 100.0, 'classify__max_iter': 200, 'classify__n_jobs': 2, 'classify__penalty': 'l2', 'classify__random_state': 42, 'classify__solver': 'lbfgs', 'classify__tol': 0.0001, 'impute': SimpleImputer(strategy='median'), 'select': SelectKBest(score_func=<function mutual_info_classif at 0x147da6670>), 'select__k': 8, 'transform': None}",,,,,,451,,,,,,451,,,,,,451
0.00023929278055826822,9.602742174144245e-07,0.0,0.0,RandomUnderSampler(random_state=42),100.0,200,2,l2,42,lbfgs,0.0001,SimpleImputer(strategy='median'),SelectKBest(score_func=<function mutual_info_classif at 0x147da6670>),11,,"{'balance': RandomUnderSampler(random_state=42), 'classify__C': 100.0, 'classify__max_iter': 200, 'classify__n_jobs': 2, 'classify__penalty': 'l2', 'classify__random_state': 42, 'classify__solver': 'lbfgs', 'classify__tol': 0.0001, 'impute': SimpleImputer(strategy='median'), 'select': SelectKBest(score_func=<function mutual_info_classif at 0x147da6670>), 'select__k': 11, 'transform': None}",,,,,,451,,,,,,451,,,,,,451
0.00015195210774739584,6.836513890459241e-07,0.0,0.0,RandomUnderSampler(random_state=42),100.0,500,2,l2,42,lbfgs,1e-08,,SelectKBest(score_func=<function mutual_info_classif at 0x147da6670>),5,,"{'balance': RandomUnderSampler(random_state=42), 'classify__C': 100.0, 'classify__max_iter': 500, 'classify__n_jobs': 2, 'classify__penalty': 'l2', 'classify__random_state': 42, 'classify__solver': 'lbfgs', 'classify__tol': 1e-08, 'impute': None, 'select': SelectKBest(score_func=<function mutual_info_classif at 0x147da6670>), 'select__k': 5, 'transform': None}",,,,,,451,,,,,,451,,,,,,451
0.0001510779062906901,7.867411722033552e-07,0.0,0.0,RandomUnderSampler(random_state=42),100.0,500,2,l2,42,lbfgs,1e-08,,SelectKBest(score_func=<function mutual_info_classif at 0x147da6670>),8,,"{'balance': RandomUnderSampler(random_state=42), 'classify__C': 100.0, 'classify__max_iter': 500, 'classify__n_jobs': 2, 'classify__penalty': 'l2', 'classify__random_state': 42, 'classify__solver': 'lbfgs', 'classify__tol': 1e-08, 'impute': None, 'select': SelectKBest(score_func=<function mutual_info_classif at 0x147da6670>), 'select__k': 8, 'transform': None}",,,,,,451,,,,,,451,,,,,,451
0.00016641616821289062,1.2195912403442705e-05,0.0,0.0,RandomUnderSampler(random_state=42),100.0,500,2,l2,42,lbfgs,1e-08,,SelectKBest(score_func=<function mutual_info_classif at 0x147da6670>),11,,"{'balance': RandomUnderSampler(random_state=42), 'classify__C': 100.0, 'classify__max_iter': 500, 'classify__n_jobs': 2, 'classify__penalty': 'l2', 'classify__random_state': 42, 'classify__solver': 'lbfgs', 'classify__tol': 1e-08, 'impute': None, 'select': SelectKBest(score_func=<function mutual_info_classif at 0x147da6670>), 'select__k': 11, 'transform': None}",,,,,,451,,,,,,451,,,,,,451
0.0002475579579671224,8.775905458752725e-06,0.0,0.0,RandomUnderSampler(random_state=42),100.0,500,2,l2,42,lbfgs,1e-08,SimpleImputer(strategy='median'),SelectKBest(score_func=<function mutual_info_classif at 0x147da6670>),5,,"{'balance': RandomUnderSampler(random_state=42), 'classify__C': 100.0, 'classify__max_iter': 500, 'classify__n_jobs': 2, 'classify__penalty': 'l2', 'classify__random_state': 42, 'classify__solver': 'lbfgs', 'classify__tol': 1e-08, 'impute': SimpleImputer(strategy='median'), 'select': SelectKBest(score_func=<function mutual_info_classif at 0x147da6670>), 'select__k': 5, 'transform': None}",,,,,,451,,,,,,451,,,,,,451
0.0002493858337402344,1.3185790476453234e-05,0.0,0.0,RandomUnderSampler(random_state=42),100.0,500,2,l2,42,lbfgs,1e-08,SimpleImputer(strategy='median'),SelectKBest(score_func=<function mutual_info_classif at 0x147da6670>),8,,"{'balance': RandomUnderSampler(random_state=42), 'classify__C': 100.0, 'classify__max_iter': 500, 'classify__n_jobs': 2, 'classify__penalty': 'l2', 'classify__random_state': 42, 'classify__solver': 'lbfgs', 'classify__tol': 1e-08, 'impute': SimpleImputer(strategy='median'), 'select': SelectKBest(score_func=<function mutual_info_classif at 0x147da6670>), 'select__k': 8, 'transform': None}",,,,,,451,,,,,,451,,,,,,451
0.00025089581807454425,1.2786489139499623e-05,0.0,0.0,RandomUnderSampler(random_state=42),100.0,500,2,l2,42,lbfgs,1e-08,SimpleImputer(strategy='median'),SelectKBest(score_func=<function mutual_info_classif at 0x147da6670>),11,,"{'balance': RandomUnderSampler(random_state=42), 'classify__C': 100.0, 'classify__max_iter': 500, 'classify__n_jobs': 2, 'classify__penalty': 'l2', 'classify__random_state': 42, 'classify__solver': 'lbfgs', 'classify__tol': 1e-08, 'impute': SimpleImputer(strategy='median'), 'select': SelectKBest(score_func=<function mutual_info_classif at 0x147da6670>), 'select__k': 11, 'transform': None}",,,,,,451,,,,,,451,,,,,,451
0.0001506805419921875,1.0115243642614567e-06,0.0,0.0,RandomUnderSampler(random_state=42),100.0,500,2,l2,42,lbfgs,1e-06,,SelectKBest(score_func=<function mutual_info_classif at 0x147da6670>),5,,"{'balance': RandomUnderSampler(random_state=42), 'classify__C': 100.0, 'classify__max_iter': 500, 'classify__n_jobs': 2, 'classify__penalty': 'l2', 'classify__random_state': 42, 'classify__solver': 'lbfgs', 'classify__tol': 1e-06, 'impute': None, 'select': SelectKBest(score_func=<function mutual_info_classif at 0x147da6670>), 'select__k': 5, 'transform': None}",,,,,,451,,,,,,451,,,,,,451
0.00015163421630859375,8.485379419351666e-07,0.0,0.0,RandomUnderSampler(random_state=42),100.0,500,2,l2,42,lbfgs,1e-06,,SelectKBest(score_func=<function mutual_info_classif at 0x147da6670>),8,,"{'balance': RandomUnderSampler(random_state=42), 'classify__C': 100.0, 'classify__max_iter': 500, 'classify__n_jobs': 2, 'classify__penalty': 'l2', 'classify__random_state': 42, 'classify__solver': 'lbfgs', 'classify__tol': 1e-06, 'impute': None, 'select': SelectKBest(score_func=<function mutual_info_classif at 0x147da6670>), 'select__k': 8, 'transform': None}",,,,,,451,,,,,,451,,,,,,451
0.0001499652862548828,1.9466795466607238e-07,0.0,0.0,RandomUnderSampler(random_state=42),100.0,500,2,l2,42,lbfgs,1e-06,,SelectKBest(score_func=<function mutual_info_classif at 0x147da6670>),11,,"{'balance': RandomUnderSampler(random_state=42), 'classify__C': 100.0, 'classify__max_iter': 500, 'classify__n_jobs': 2, 'classify__penalty': 'l2', 'classify__random_state': 42, 'classify__solver': 'lbfgs', 'classify__tol': 1e-06, 'impute': None, 'select': SelectKBest(score_func=<function mutual_info_classif at 0x147da6670>), 'select__k': 11, 'transform': None}",,,,,,451,,,,,,451,,,,,,451
0.00024326642354329428,1.6209346496559095e-06,0.0,0.0,RandomUnderSampler(random_state=42),100.0,500,2,l2,42,lbfgs,1e-06,SimpleImputer(strategy='median'),SelectKBest(score_func=<function mutual_info_classif at 0x147da6670>),5,,"{'balance': RandomUnderSampler(random_state=42), 'classify__C': 100.0, 'classify__max_iter': 500, 'classify__n_jobs': 2, 'classify__penalty': 'l2', 'classify__random_state': 42, 'classify__solver': 'lbfgs', 'classify__tol': 1e-06, 'impute': SimpleImputer(strategy='median'), 'select': SelectKBest(score_func=<function mutual_info_classif at 0x147da6670>), 'select__k': 5, 'transform': None}",,,,,,451,,,,,,451,,,,,,451
0.00025733311971028644,2.246820168521297e-05,0.0,0.0,RandomUnderSampler(random_state=42),100.0,500,2,l2,42,lbfgs,1e-06,SimpleImputer(strategy='median'),SelectKBest(score_func=<function mutual_info_classif at 0x147da6670>),8,,"{'balance': RandomUnderSampler(random_state=42), 'classify__C': 100.0, 'classify__max_iter': 500, 'classify__n_jobs': 2, 'classify__penalty': 'l2', 'classify__random_state': 42, 'classify__solver': 'lbfgs', 'classify__tol': 1e-06, 'impute': SimpleImputer(strategy='median'), 'select': SelectKBest(score_func=<function mutual_info_classif at 0x147da6670>), 'select__k': 8, 'transform': None}",,,,,,451,,,,,,451,,,,,,451
0.0002437432607014974,6.565054711679898e-06,0.0,0.0,RandomUnderSampler(random_state=42),100.0,500,2,l2,42,lbfgs,1e-06,SimpleImputer(strategy='median'),SelectKBest(score_func=<function mutual_info_classif at 0x147da6670>),11,,"{'balance': RandomUnderSampler(random_state=42), 'classify__C': 100.0, 'classify__max_iter': 500, 'classify__n_jobs': 2, 'classify__penalty': 'l2', 'classify__random_state': 42, 'classify__solver': 'lbfgs', 'classify__tol': 1e-06, 'impute': SimpleImputer(strategy='median'), 'select': SelectKBest(score_func=<function mutual_info_classif at 0x147da6670>), 'select__k': 11, 'transform': None}",,,,,,451,,,,,,451,,,,,,451
0.00015076001485188803,1.2961631163199813e-06,0.0,0.0,RandomUnderSampler(random_state=42),100.0,500,2,l2,42,lbfgs,0.0001,,SelectKBest(score_func=<function mutual_info_classif at 0x147da6670>),5,,"{'balance': RandomUnderSampler(random_state=42), 'classify__C': 100.0, 'classify__max_iter': 500, 'classify__n_jobs': 2, 'classify__penalty': 'l2', 'classify__random_state': 42, 'classify__solver': 'lbfgs', 'classify__tol': 0.0001, 'impute': None, 'select': SelectKBest(score_func=<function mutual_info_classif at 0x147da6670>), 'select__k': 5, 'transform': None}",,,,,,451,,,,,,451,,,,,,451
0.0001510779062906901,6.836513890459241e-07,0.0,0.0,RandomUnderSampler(random_state=42),100.0,500,2,l2,42,lbfgs,0.0001,,SelectKBest(score_func=<function mutual_info_classif at 0x147da6670>),8,,"{'balance': RandomUnderSampler(random_state=42), 'classify__C': 100.0, 'classify__max_iter': 500, 'classify__n_jobs': 2, 'classify__penalty': 'l2', 'classify__random_state': 42, 'classify__solver': 'lbfgs', 'classify__tol': 0.0001, 'impute': None, 'select': SelectKBest(score_func=<function mutual_info_classif at 0x147da6670>), 'select__k': 8, 'transform': None}",,,,,,451,,,,,,451,,,,,,451
0.00015823046366373697,1.0340026834672668e-05,0.0,0.0,RandomUnderSampler(random_state=42),100.0,500,2,l2,42,lbfgs,0.0001,,SelectKBest(score_func=<function mutual_info_classif at 0x147da6670>),11,,"{'balance': RandomUnderSampler(random_state=42), 'classify__C': 100.0, 'classify__max_iter': 500, 'classify__n_jobs': 2, 'classify__penalty': 'l2', 'classify__random_state': 42, 'classify__solver': 'lbfgs', 'classify__tol': 0.0001, 'impute': None, 'select': SelectKBest(score_func=<function mutual_info_classif at 0x147da6670>), 'select__k': 11, 'transform': None}",,,,,,451,,,,,,451,,,,,,451
0.00023825963338216147,8.99132768232406e-07,0.0,0.0,RandomUnderSampler(random_state=42),100.0,500,2,l2,42,lbfgs,0.0001,SimpleImputer(strategy='median'),SelectKBest(score_func=<function mutual_info_classif at 0x147da6670>),5,,"{'balance': RandomUnderSampler(random_state=42), 'classify__C': 100.0, 'classify__max_iter': 500, 'classify__n_jobs': 2, 'classify__penalty': 'l2', 'classify__random_state': 42, 'classify__solver': 'lbfgs', 'classify__tol': 0.0001, 'impute': SimpleImputer(strategy='median'), 'select': SelectKBest(score_func=<function mutual_info_classif at 0x147da6670>), 'select__k': 5, 'transform': None}",,,,,,451,,,,,,451,,,,,,451
0.00025041898091634113,1.3941995149986514e-05,0.0,0.0,RandomUnderSampler(random_state=42),100.0,500,2,l2,42,lbfgs,0.0001,SimpleImputer(strategy='median'),SelectKBest(score_func=<function mutual_info_classif at 0x147da6670>),8,,"{'balance': RandomUnderSampler(random_state=42), 'classify__C': 100.0, 'classify__max_iter': 500, 'classify__n_jobs': 2, 'classify__penalty': 'l2', 'classify__random_state': 42, 'classify__solver': 'lbfgs', 'classify__tol': 0.0001, 'impute': SimpleImputer(strategy='median'), 'select': SelectKBest(score_func=<function mutual_info_classif at 0x147da6670>), 'select__k': 8, 'transform': None}",,,,,,451,,,,,,451,,,,,,451
0.000244140625,7.249911353938093e-06,0.0,0.0,RandomUnderSampler(random_state=42),100.0,500,2,l2,42,lbfgs,0.0001,SimpleImputer(strategy='median'),SelectKBest(score_func=<function mutual_info_classif at 0x147da6670>),11,,"{'balance': RandomUnderSampler(random_state=42), 'classify__C': 100.0, 'classify__max_iter': 500, 'classify__n_jobs': 2, 'classify__penalty': 'l2', 'classify__random_state': 42, 'classify__solver': 'lbfgs', 'classify__tol': 0.0001, 'impute': SimpleImputer(strategy='median'), 'select': SelectKBest(score_func=<function mutual_info_classif at 0x147da6670>), 'select__k': 11, 'transform': None}",,,,,,451,,,,,,451,,,,,,451
0.00015695889790852865,9.224330983827533e-06,0.0,0.0,RandomUnderSampler(random_state=42),100.0,1000,2,l2,42,lbfgs,1e-08,,SelectKBest(score_func=<function mutual_info_classif at 0x147da6670>),5,,"{'balance': RandomUnderSampler(random_state=42), 'classify__C': 100.0, 'classify__max_iter': 1000, 'classify__n_jobs': 2, 'classify__penalty': 'l2', 'classify__random_state': 42, 'classify__solver': 'lbfgs', 'classify__tol': 1e-08, 'impute': None, 'select': SelectKBest(score_func=<function mutual_info_classif at 0x147da6670>), 'select__k': 5, 'transform': None}",,,,,,451,,,,,,451,,,,,,451
0.00016069412231445312,1.2818555929601002e-05,0.0,0.0,RandomUnderSampler(random_state=42),100.0,1000,2,l2,42,lbfgs,1e-08,,SelectKBest(score_func=<function mutual_info_classif at 0x147da6670>),8,,"{'balance': RandomUnderSampler(random_state=42), 'classify__C': 100.0, 'classify__max_iter': 1000, 'classify__n_jobs': 2, 'classify__penalty': 'l2', 'classify__random_state': 42, 'classify__solver': 'lbfgs', 'classify__tol': 1e-08, 'impute': None, 'select': SelectKBest(score_func=<function mutual_info_classif at 0x147da6670>), 'select__k': 8, 'transform': None}",,,,,,451,,,,,,451,,,,,,451
0.0001506805419921875,5.150429962800233e-07,0.0,0.0,RandomUnderSampler(random_state=42),100.0,1000,2,l2,42,lbfgs,1e-08,,SelectKBest(score_func=<function mutual_info_classif at 0x147da6670>),11,,"{'balance': RandomUnderSampler(random_state=42), 'classify__C': 100.0, 'classify__max_iter': 1000, 'classify__n_jobs': 2, 'classify__penalty': 'l2', 'classify__random_state': 42, 'classify__solver': 'lbfgs', 'classify__tol': 1e-08, 'impute': None, 'select': SelectKBest(score_func=<function mutual_info_classif at 0x147da6670>), 'select__k': 11, 'transform': None}",,,,,,451,,,,,,451,,,,,,451
0.0002381006876627604,4.270880649103928e-06,0.0,0.0,RandomUnderSampler(random_state=42),100.0,1000,2,l2,42,lbfgs,1e-08,SimpleImputer(strategy='median'),SelectKBest(score_func=<function mutual_info_classif at 0x147da6670>),5,,"{'balance': RandomUnderSampler(random_state=42), 'classify__C': 100.0, 'classify__max_iter': 1000, 'classify__n_jobs': 2, 'classify__penalty': 'l2', 'classify__random_state': 42, 'classify__solver': 'lbfgs', 'classify__tol': 1e-08, 'impute': SimpleImputer(strategy='median'), 'select': SelectKBest(score_func=<function mutual_info_classif at 0x147da6670>), 'select__k': 5, 'transform': None}",,,,,,451,,,,,,451,,,,,,451
0.00023706754048665365,3.5058252016882547e-06,0.0,0.0,RandomUnderSampler(random_state=42),100.0,1000,2,l2,42,lbfgs,1e-08,SimpleImputer(strategy='median'),SelectKBest(score_func=<function mutual_info_classif at 0x147da6670>),8,,"{'balance': RandomUnderSampler(random_state=42), 'classify__C': 100.0, 'classify__max_iter': 1000, 'classify__n_jobs': 2, 'classify__penalty': 'l2', 'classify__random_state': 42, 'classify__solver': 'lbfgs', 'classify__tol': 1e-08, 'impute': SimpleImputer(strategy='median'), 'select': SelectKBest(score_func=<function mutual_info_classif at 0x147da6670>), 'select__k': 8, 'transform': None}",,,,,,451,,,,,,451,,,,,,451
0.00015473365783691406,7.440799014247529e-06,0.0,0.0,RandomUnderSampler(random_state=42),10.0,1000,2,l2,42,lbfgs,0.0001,,SelectKBest(score_func=<function mutual_info_classif at 0x147da6670>),8,,"{'balance': RandomUnderSampler(random_state=42), 'classify__C': 10.0, 'classify__max_iter': 1000, 'classify__n_jobs': 2, 'classify__penalty': 'l2', 'classify__random_state': 42, 'classify__solver': 'lbfgs', 'classify__tol': 0.0001, 'impute': None, 'select': SelectKBest(score_func=<function mutual_info_classif at 0x147da6670>), 'select__k': 8, 'transform': None}",,,,,,451,,,,,,451,,,,,,451
0.00024112065633138022,5.912054352250827e-06,0.0,0.0,RandomUnderSampler(random_state=42),100.0,2000,2,l2,42,lbfgs,0.0001,SimpleImputer(strategy='median'),SelectKBest(score_func=<function mutual_info_classif at 0x147da6670>),8,,"{'balance': RandomUnderSampler(random_state=42), 'classify__C': 100.0, 'classify__max_iter': 2000, 'classify__n_jobs': 2, 'classify__penalty': 'l2', 'classify__random_state': 42, 'classify__solver': 'lbfgs', 'classify__tol': 0.0001, 'impute': SimpleImputer(strategy='median'), 'select': SelectKBest(score_func=<function mutual_info_classif at 0x147da6670>), 'select__k': 8, 'transform': None}",,,,,,451,,,,,,451,,,,,,451
0.0001484553019205729,7.867411722033552e-07,0.0,0.0,RandomUnderSampler(random_state=42),10.0,1000,2,l2,42,lbfgs,0.0001,,SelectKBest(score_func=<function mutual_info_classif at 0x147da6670>),5,,"{'balance': RandomUnderSampler(random_state=42), 'classify__C': 10.0, 'classify__max_iter': 1000, 'classify__n_jobs': 2, 'classify__penalty': 'l2', 'classify__random_state': 42, 'classify__solver': 'lbfgs', 'classify__tol': 0.0001, 'impute': None, 'select': SelectKBest(score_func=<function mutual_info_classif at 0x147da6670>), 'select__k': 5, 'transform': None}",,,,,,451,,,,,,451,,,,,,451
0.00023667017618815103,4.49566384116203e-07,0.0,0.0,RandomUnderSampler(random_state=42),10.0,1000,2,l2,42,lbfgs,1e-06,SimpleImputer(strategy='median'),SelectKBest(score_func=<function mutual_info_classif at 0x147da6670>),8,,"{'balance': RandomUnderSampler(random_state=42), 'classify__C': 10.0, 'classify__max_iter': 1000, 'classify__n_jobs': 2, 'classify__penalty': 'l2', 'classify__random_state': 42, 'classify__solver': 'lbfgs', 'classify__tol': 1e-06, 'impute': SimpleImputer(strategy='median'), 'select': SelectKBest(score_func=<function mutual_info_classif at 0x147da6670>), 'select__k': 8, 'transform': None}",,,,,,451,,,,,,451,,,,,,451
0.00016721089680989584,2.1531132354965316e-06,0.0,0.0,RandomUnderSampler(random_state=42),1.0,2000,2,l2,42,lbfgs,1e-08,,SelectKBest(score_func=<function mutual_info_classif at 0x147da6670>),8,,"{'balance': RandomUnderSampler(random_state=42), 'classify__C': 1.0, 'classify__max_iter': 2000, 'classify__n_jobs': 2, 'classify__penalty': 'l2', 'classify__random_state': 42, 'classify__solver': 'lbfgs', 'classify__tol': 1e-08, 'impute': None, 'select': SelectKBest(score_func=<function mutual_info_classif at 0x147da6670>), 'select__k': 8, 'transform': None}",,,,,,451,,,,,,451,,,,,,451
0.00016427040100097656,5.150429962800233e-07,0.0,0.0,RandomUnderSampler(random_state=42),1.0,2000,2,l2,42,lbfgs,1e-08,,SelectKBest(score_func=<function mutual_info_classif at 0x147da6670>),11,,"{'balance': RandomUnderSampler(random_state=42), 'classify__C': 1.0, 'classify__max_iter': 2000, 'classify__n_jobs': 2, 'classify__penalty': 'l2', 'classify__random_state': 42, 'classify__solver': 'lbfgs', 'classify__tol': 1e-08, 'impute': None, 'select': SelectKBest(score_func=<function mutual_info_classif at 0x147da6670>), 'select__k': 11, 'transform': None}",,,,,,451,,,,,,451,,,,,,451
0.00026496251424153644,2.2813002418529706e-06,0.0,0.0,RandomUnderSampler(random_state=42),1.0,2000,2,l2,42,lbfgs,1e-08,SimpleImputer(strategy='median'),SelectKBest(score_func=<function mutual_info_classif at 0x147da6670>),5,,"{'balance': RandomUnderSampler(random_state=42), 'classify__C': 1.0, 'classify__max_iter': 2000, 'classify__n_jobs': 2, 'classify__penalty': 'l2', 'classify__random_state': 42, 'classify__solver': 'lbfgs', 'classify__tol': 1e-08, 'impute': SimpleImputer(strategy='median'), 'select': SelectKBest(score_func=<function mutual_info_classif at 0x147da6670>), 'select__k': 5, 'transform': None}",,,,,,451,,,,,,451,,,,,,451
0.00026265780131022137,4.49566384116203e-07,0.0,0.0,RandomUnderSampler(random_state=42),1.0,2000,2,l2,42,lbfgs,1e-08,SimpleImputer(strategy='median'),SelectKBest(score_func=<function mutual_info_classif at 0x147da6670>),8,,"{'balance': RandomUnderSampler(random_state=42), 'classify__C': 1.0, 'classify__max_iter': 2000, 'classify__n_jobs': 2, 'classify__penalty': 'l2', 'classify__random_state': 42, 'classify__solver': 'lbfgs', 'classify__tol': 1e-08, 'impute': SimpleImputer(strategy='median'), 'select': SelectKBest(score_func=<function mutual_info_classif at 0x147da6670>), 'select__k': 8, 'transform': None}",,,,,,451,,,,,,451,,,,,,451
0.00026146570841471356,1.1894408501860113e-06,0.0,0.0,RandomUnderSampler(random_state=42),1.0,2000,2,l2,42,lbfgs,1e-08,SimpleImputer(strategy='median'),SelectKBest(score_func=<function mutual_info_classif at 0x147da6670>),11,,"{'balance': RandomUnderSampler(random_state=42), 'classify__C': 1.0, 'classify__max_iter': 2000, 'classify__n_jobs': 2, 'classify__penalty': 'l2', 'classify__random_state': 42, 'classify__solver': 'lbfgs', 'classify__tol': 1e-08, 'impute': SimpleImputer(strategy='median'), 'select': SelectKBest(score_func=<function mutual_info_classif at 0x147da6670>), 'select__k': 11, 'transform': None}",,,,,,451,,,,,,451,,,,,,451
0.000164031982421875,0.0,0.0,0.0,RandomUnderSampler(random_state=42),1.0,2000,2,l2,42,lbfgs,1e-06,,SelectKBest(score_func=<function mutual_info_classif at 0x147da6670>),5,,"{'balance': RandomUnderSampler(random_state=42), 'classify__C': 1.0, 'classify__max_iter': 2000, 'classify__n_jobs': 2, 'classify__penalty': 'l2', 'classify__random_state': 42, 'classify__solver': 'lbfgs', 'classify__tol': 1e-06, 'impute': None, 'select': SelectKBest(score_func=<function mutual_info_classif at 0x147da6670>), 'select__k': 5, 'transform': None}",,,,,,451,,,,,,451,,,,,,451
0.0001643498738606771,4.899036091938795e-07,0.0,0.0,RandomUnderSampler(random_state=42),1.0,2000,2,l2,42,lbfgs,1e-06,,SelectKBest(score_func=<function mutual_info_classif at 0x147da6670>),8,,"{'balance': RandomUnderSampler(random_state=42), 'classify__C': 1.0, 'classify__max_iter': 2000, 'classify__n_jobs': 2, 'classify__penalty': 'l2', 'classify__random_state': 42, 'classify__solver': 'lbfgs', 'classify__tol': 1e-06, 'impute': None, 'select': SelectKBest(score_func=<function mutual_info_classif at 0x147da6670>), 'select__k': 8, 'transform': None}",,,,,,451,,,,,,451,,,,,,451
0.000164031982421875,1.520405329840103e-06,0.0,0.0,RandomUnderSampler(random_state=42),1.0,2000,2,l2,42,lbfgs,1e-06,,SelectKBest(score_func=<function mutual_info_classif at 0x147da6670>),11,,"{'balance': RandomUnderSampler(random_state=42), 'classify__C': 1.0, 'classify__max_iter': 2000, 'classify__n_jobs': 2, 'classify__penalty': 'l2', 'classify__random_state': 42, 'classify__solver': 'lbfgs', 'classify__tol': 1e-06, 'impute': None, 'select': SelectKBest(score_func=<function mutual_info_classif at 0x147da6670>), 'select__k': 11, 'transform': None}",,,,,,451,,,,,,451,,,,,,451
0.00026027361551920575,5.619579801452538e-07,0.0,0.0,RandomUnderSampler(random_state=42),1.0,2000,2,l2,42,lbfgs,1e-06,SimpleImputer(strategy='median'),SelectKBest(score_func=<function mutual_info_classif at 0x147da6670>),5,,"{'balance': RandomUnderSampler(random_state=42), 'classify__C': 1.0, 'classify__max_iter': 2000, 'classify__n_jobs': 2, 'classify__penalty': 'l2', 'classify__random_state': 42, 'classify__solver': 'lbfgs', 'classify__tol': 1e-06, 'impute': SimpleImputer(strategy='median'), 'select': SelectKBest(score_func=<function mutual_info_classif at 0x147da6670>), 'select__k': 5, 'transform': None}",,,,,,451,,,,,,451,,,,,,451
0.00026043256123860675,8.99132768232406e-07,0.0,0.0,RandomUnderSampler(random_state=42),1.0,2000,2,l2,42,lbfgs,1e-06,SimpleImputer(strategy='median'),SelectKBest(score_func=<function mutual_info_classif at 0x147da6670>),8,,"{'balance': RandomUnderSampler(random_state=42), 'classify__C': 1.0, 'classify__max_iter': 2000, 'classify__n_jobs': 2, 'classify__penalty': 'l2', 'classify__random_state': 42, 'classify__solver': 'lbfgs', 'classify__tol': 1e-06, 'impute': SimpleImputer(strategy='median'), 'select': SelectKBest(score_func=<function mutual_info_classif at 0x147da6670>), 'select__k': 8, 'transform': None}",,,,,,451,,,,,,451,,,,,,451
0.0002601941426595052,1.2665889621185641e-06,0.0,0.0,RandomUnderSampler(random_state=42),1.0,2000,2,l2,42,lbfgs,1e-06,SimpleImputer(strategy='median'),SelectKBest(score_func=<function mutual_info_classif at 0x147da6670>),11,,"{'balance': RandomUnderSampler(random_state=42), 'classify__C': 1.0, 'classify__max_iter': 2000, 'classify__n_jobs': 2, 'classify__penalty': 'l2', 'classify__random_state': 42, 'classify__solver': 'lbfgs', 'classify__tol': 1e-06, 'impute': SimpleImputer(strategy='median'), 'select': SelectKBest(score_func=<function mutual_info_classif at 0x147da6670>), 'select__k': 11, 'transform': None}",,,,,,451,,,,,,451,,,,,,451
0.00015505154927571615,1.0580939061069951e-05,0.0,0.0,RandomUnderSampler(random_state=42),1.0,2000,2,l2,42,lbfgs,1e-08,,SelectKBest(score_func=<function mutual_info_classif at 0x147da6670>),5,,"{'balance': RandomUnderSampler(random_state=42), 'classify__C': 1.0, 'classify__max_iter': 2000, 'classify__n_jobs': 2, 'classify__penalty': 'l2', 'classify__random_state': 42, 'classify__solver': 'lbfgs', 'classify__tol': 1e-08, 'impute': None, 'select': SelectKBest(score_func=<function mutual_info_classif at 0x147da6670>), 'select__k': 5, 'transform': None}",,,,,,451,,,,,,451,,,,,,451
0.0001644293467203776,4.052336624139774e-07,0.0,0.0,RandomUnderSampler(random_state=42),1.0,2000,2,l2,42,lbfgs,0.0001,,SelectKBest(score_func=<function mutual_info_classif at 0x147da6670>),5,,"{'balance': RandomUnderSampler(random_state=42), 'classify__C': 1.0, 'classify__max_iter': 2000, 'classify__n_jobs': 2, 'classify__penalty': 'l2', 'classify__random_state': 42, 'classify__solver': 'lbfgs', 'classify__tol': 0.0001, 'impute': None, 'select': SelectKBest(score_func=<function mutual_info_classif at 0x147da6670>), 'select__k': 5, 'transform': None}",,,,,,451,,,,,,451,,,,,,451
0.00016387303670247397,1.1239159602905075e-07,0.0,0.0,RandomUnderSampler(random_state=42),1.0,2000,2,l2,42,lbfgs,0.0001,,SelectKBest(score_func=<function mutual_info_classif at 0x147da6670>),11,,"{'balance': RandomUnderSampler(random_state=42), 'classify__C': 1.0, 'classify__max_iter': 2000, 'classify__n_jobs': 2, 'classify__penalty': 'l2', 'classify__random_state': 42, 'classify__solver': 'lbfgs', 'classify__tol': 0.0001, 'impute': None, 'select': SelectKBest(score_func=<function mutual_info_classif at 0x147da6670>), 'select__k': 11, 'transform': None}",,,,,,451,,,,,,451,,,,,,451
0.00026305516560872394,2.170642262100802e-06,0.0,0.0,RandomUnderSampler(random_state=42),1.0,2000,2,l2,42,lbfgs,0.0001,SimpleImputer(strategy='median'),SelectKBest(score_func=<function mutual_info_classif at 0x147da6670>),5,,"{'balance': RandomUnderSampler(random_state=42), 'classify__C': 1.0, 'classify__max_iter': 2000, 'classify__n_jobs': 2, 'classify__penalty': 'l2', 'classify__random_state': 42, 'classify__solver': 'lbfgs', 'classify__tol': 0.0001, 'impute': SimpleImputer(strategy='median'), 'select': SelectKBest(score_func=<function mutual_info_classif at 0x147da6670>), 'select__k': 5, 'transform': None}",,,,,,451,,,,,,451,,,,,,451
0.000261386235555013,1.808771558879382e-06,0.0,0.0,RandomUnderSampler(random_state=42),1.0,2000,2,l2,42,lbfgs,0.0001,SimpleImputer(strategy='median'),SelectKBest(score_func=<function mutual_info_classif at 0x147da6670>),8,,"{'balance': RandomUnderSampler(random_state=42), 'classify__C': 1.0, 'classify__max_iter': 2000, 'classify__n_jobs': 2, 'classify__penalty': 'l2', 'classify__random_state': 42, 'classify__solver': 'lbfgs', 'classify__tol': 0.0001, 'impute': SimpleImputer(strategy='median'), 'select': SelectKBest(score_func=<function mutual_info_classif at 0x147da6670>), 'select__k': 8, 'transform': None}",,,,,,451,,,,,,451,,,,,,451
0.00026599566141764325,3.0178765529072324e-06,0.0,0.0,RandomUnderSampler(random_state=42),1.0,2000,2,l2,42,lbfgs,0.0001,SimpleImputer(strategy='median'),SelectKBest(score_func=<function mutual_info_classif at 0x147da6670>),11,,"{'balance': RandomUnderSampler(random_state=42), 'classify__C': 1.0, 'classify__max_iter': 2000, 'classify__n_jobs': 2, 'classify__penalty': 'l2', 'classify__random_state': 42, 'classify__solver': 'lbfgs', 'classify__tol': 0.0001, 'impute': SimpleImputer(strategy='median'), 'select': SelectKBest(score_func=<function mutual_info_classif at 0x147da6670>), 'select__k': 11, 'transform': None}",,,,,,451,,,,,,451,,,,,,451
0.0001499652862548828,0.0,0.0,0.0,RandomUnderSampler(random_state=42),10.0,100,2,l2,42,lbfgs,1e-08,,SelectKBest(score_func=<function mutual_info_classif at 0x147da6670>),5,,"{'balance': RandomUnderSampler(random_state=42), 'classify__C': 10.0, 'classify__max_iter': 100, 'classify__n_jobs': 2, 'classify__penalty': 'l2', 'classify__random_state': 42, 'classify__solver': 'lbfgs', 'classify__tol': 1e-08, 'impute': None, 'select': SelectKBest(score_func=<function mutual_info_classif at 0x147da6670>), 'select__k': 5, 'transform': None}",,,,,,451,,,,,,451,,,,,,451
0.00014678637186686197,8.99132768232406e-07,0.0,0.0,RandomUnderSampler(random_state=42),10.0,100,2,l2,42,lbfgs,1e-08,,SelectKBest(score_func=<function mutual_info_classif at 0x147da6670>),8,,"{'balance': RandomUnderSampler(random_state=42), 'classify__C': 10.0, 'classify__max_iter': 100, 'classify__n_jobs': 2, 'classify__penalty': 'l2', 'classify__random_state': 42, 'classify__solver': 'lbfgs', 'classify__tol': 1e-08, 'impute': None, 'select': SelectKBest(score_func=<function mutual_info_classif at 0x147da6670>), 'select__k': 8, 'transform': None}",,,,,,451,,,,,,451,,,,,,451
0.00014678637186686197,6.25769923052137e-07,0.0,0.0,RandomUnderSampler(random_state=42),10.0,100,2,l2,42,lbfgs,1e-08,,SelectKBest(score_func=<function mutual_info_classif at 0x147da6670>),11,,"{'balance': RandomUnderSampler(random_state=42), 'classify__C': 10.0, 'classify__max_iter': 100, 'classify__n_jobs': 2, 'classify__penalty': 'l2', 'classify__random_state': 42, 'classify__solver': 'lbfgs', 'classify__tol': 1e-08, 'impute': None, 'select': SelectKBest(score_func=<function mutual_info_classif at 0x147da6670>), 'select__k': 11, 'transform': None}",,,,,,451,,,,,,451,,,,,,451
0.0002342065175374349,1.2961631163199813e-06,0.0,0.0,RandomUnderSampler(random_state=42),10.0,100,2,l2,42,lbfgs,1e-08,SimpleImputer(strategy='median'),SelectKBest(score_func=<function mutual_info_classif at 0x147da6670>),5,,"{'balance': RandomUnderSampler(random_state=42), 'classify__C': 10.0, 'classify__max_iter': 100, 'classify__n_jobs': 2, 'classify__penalty': 'l2', 'classify__random_state': 42, 'classify__solver': 'lbfgs', 'classify__tol': 1e-08, 'impute': SimpleImputer(strategy='median'), 'select': SelectKBest(score_func=<function mutual_info_classif at 0x147da6670>), 'select__k': 5, 'transform': None}",,,,,,451,,,,,,451,,,,,,451
0.00023166338602701822,1.0721474936192862e-06,0.0,0.0,RandomUnderSampler(random_state=42),10.0,100,2,l2,42,lbfgs,1e-08,SimpleImputer(strategy='median'),SelectKBest(score_func=<function mutual_info_classif at 0x147da6670>),8,,"{'balance': RandomUnderSampler(random_state=42), 'classify__C': 10.0, 'classify__max_iter': 100, 'classify__n_jobs': 2, 'classify__penalty': 'l2', 'classify__random_state': 42, 'classify__solver': 'lbfgs', 'classify__tol': 1e-08, 'impute': SimpleImputer(strategy='median'), 'select': SelectKBest(score_func=<function mutual_info_classif at 0x147da6670>), 'select__k': 8, 'transform': None}",,,,,,451,,,,,,451,,,,,,451
0.0002319812774658203,8.920806376395086e-07,0.0,0.0,RandomUnderSampler(random_state=42),10.0,100,2,l2,42,lbfgs,1e-08,SimpleImputer(strategy='median'),SelectKBest(score_func=<function mutual_info_classif at 0x147da6670>),11,,"{'balance': RandomUnderSampler(random_state=42), 'classify__C': 10.0, 'classify__max_iter': 100, 'classify__n_jobs': 2, 'classify__penalty': 'l2', 'classify__random_state': 42, 'classify__solver': 'lbfgs', 'classify__tol': 1e-08, 'impute': SimpleImputer(strategy='median'), 'select': SelectKBest(score_func=<function mutual_info_classif at 0x147da6670>), 'select__k': 11, 'transform': None}",,,,,,451,,,,,,451,,,,,,451
0.00014694531758626303,1.1239159602905075e-07,0.0,0.0,RandomUnderSampler(random_state=42),10.0,100,2,l2,42,lbfgs,1e-06,,SelectKBest(score_func=<function mutual_info_classif at 0x147da6670>),5,,"{'balance': RandomUnderSampler(random_state=42), 'classify__C': 10.0, 'classify__max_iter': 100, 'classify__n_jobs': 2, 'classify__penalty': 'l2', 'classify__random_state': 42, 'classify__solver': 'lbfgs', 'classify__tol': 1e-06, 'impute': None, 'select': SelectKBest(score_func=<function mutual_info_classif at 0x147da6670>), 'select__k': 5, 'transform': None}",,,,,,451,,,,,,451,,,,,,451
0.00016268094380696615,4.052336624139774e-07,0.0,0.0,RandomUnderSampler(random_state=42),1.0,2000,2,l2,42,lbfgs,0.0001,,SelectKBest(score_func=<function mutual_info_classif at 0x147da6670>),8,,"{'balance': RandomUnderSampler(random_state=42), 'classify__C': 1.0, 'classify__max_iter': 2000, 'classify__n_jobs': 2, 'classify__penalty': 'l2', 'classify__random_state': 42, 'classify__solver': 'lbfgs', 'classify__tol': 0.0001, 'impute': None, 'select': SelectKBest(score_func=<function mutual_info_classif at 0x147da6670>), 'select__k': 8, 'transform': None}",,,,,,451,,,,,,451,,,,,,451
0.0001456737518310547,5.150429962800233e-07,0.0,0.0,RandomUnderSampler(random_state=42),10.0,100,2,l2,42,lbfgs,1e-06,,SelectKBest(score_func=<function mutual_info_classif at 0x147da6670>),8,,"{'balance': RandomUnderSampler(random_state=42), 'classify__C': 10.0, 'classify__max_iter': 100, 'classify__n_jobs': 2, 'classify__penalty': 'l2', 'classify__random_state': 42, 'classify__solver': 'lbfgs', 'classify__tol': 1e-06, 'impute': None, 'select': SelectKBest(score_func=<function mutual_info_classif at 0x147da6670>), 'select__k': 8, 'transform': None}",,,,,,451,,,,,,451,,,,,,451
0.0002540747324625651,1.1346542547591366e-05,0.0,0.0,RandomUnderSampler(random_state=42),1.0,1000,2,l2,42,lbfgs,0.0001,SimpleImputer(strategy='median'),SelectKBest(score_func=<function mutual_info_classif at 0x147da6670>),11,,"{'balance': RandomUnderSampler(random_state=42), 'classify__C': 1.0, 'classify__max_iter': 1000, 'classify__n_jobs': 2, 'classify__penalty': 'l2', 'classify__random_state': 42, 'classify__solver': 'lbfgs', 'classify__tol': 0.0001, 'impute': SimpleImputer(strategy='median'), 'select': SelectKBest(score_func=<function mutual_info_classif at 0x147da6670>), 'select__k': 11, 'transform': None}",,,,,,451,,,,,,451,,,,,,451
0.0002593199412027995,5.619579801452538e-07,0.0,0.0,RandomUnderSampler(random_state=42),1.0,1000,2,l2,42,lbfgs,0.0001,SimpleImputer(strategy='median'),SelectKBest(score_func=<function mutual_info_classif at 0x147da6670>),5,,"{'balance': RandomUnderSampler(random_state=42), 'classify__C': 1.0, 'classify__max_iter': 1000, 'classify__n_jobs': 2, 'classify__penalty': 'l2', 'classify__random_state': 42, 'classify__solver': 'lbfgs', 'classify__tol': 0.0001, 'impute': SimpleImputer(strategy='median'), 'select': SelectKBest(score_func=<function mutual_info_classif at 0x147da6670>), 'select__k': 5, 'transform': None}",,,,,,451,,,,,,451,,,,,,451
0.00023698806762695312,1.557343637328579e-06,0.0,0.0,RandomUnderSampler(random_state=42),1.0,500,2,l2,42,lbfgs,1e-06,SimpleImputer(strategy='median'),SelectKBest(score_func=<function mutual_info_classif at 0x147da6670>),5,,"{'balance': RandomUnderSampler(random_state=42), 'classify__C': 1.0, 'classify__max_iter': 500, 'classify__n_jobs': 2, 'classify__penalty': 'l2', 'classify__random_state': 42, 'classify__solver': 'lbfgs', 'classify__tol': 1e-06, 'impute': SimpleImputer(strategy='median'), 'select': SelectKBest(score_func=<function mutual_info_classif at 0x147da6670>), 'select__k': 5, 'transform': None}",,,,,,451,,,,,,451,,,,,,451
0.0002387364705403646,3.1709571430301674e-06,0.0,0.0,RandomUnderSampler(random_state=42),1.0,500,2,l2,42,lbfgs,1e-06,SimpleImputer(strategy='median'),SelectKBest(score_func=<function mutual_info_classif at 0x147da6670>),8,,"{'balance': RandomUnderSampler(random_state=42), 'classify__C': 1.0, 'classify__max_iter': 500, 'classify__n_jobs': 2, 'classify__penalty': 'l2', 'classify__random_state': 42, 'classify__solver': 'lbfgs', 'classify__tol': 1e-06, 'impute': SimpleImputer(strategy='median'), 'select': SelectKBest(score_func=<function mutual_info_classif at 0x147da6670>), 'select__k': 8, 'transform': None}",,,,,,451,,,,,,451,,,,,,451
0.00023603439331054688,7.786718186642895e-07,0.0,0.0,RandomUnderSampler(random_state=42),1.0,500,2,l2,42,lbfgs,1e-06,SimpleImputer(strategy='median'),SelectKBest(score_func=<function mutual_info_classif at 0x147da6670>),11,,"{'balance': RandomUnderSampler(random_state=42), 'classify__C': 1.0, 'classify__max_iter': 500, 'classify__n_jobs': 2, 'classify__penalty': 'l2', 'classify__random_state': 42, 'classify__solver': 'lbfgs', 'classify__tol': 1e-06, 'impute': SimpleImputer(strategy='median'), 'select': SelectKBest(score_func=<function mutual_info_classif at 0x147da6670>), 'select__k': 11, 'transform': None}",,,,,,451,,,,,,451,,,,,,451
0.00014829635620117188,1.0115243642614567e-06,0.0,0.0,RandomUnderSampler(random_state=42),1.0,500,2,l2,42,lbfgs,0.0001,,SelectKBest(score_func=<function mutual_info_classif at 0x147da6670>),5,,"{'balance': RandomUnderSampler(random_state=42), 'classify__C': 1.0, 'classify__max_iter': 500, 'classify__n_jobs': 2, 'classify__penalty': 'l2', 'classify__random_state': 42, 'classify__solver': 'lbfgs', 'classify__tol': 0.0001, 'impute': None, 'select': SelectKBest(score_func=<function mutual_info_classif at 0x147da6670>), 'select__k': 5, 'transform': None}",,,,,,451,,,,,,451,,,,,,451
0.00014797846476236978,1.46109074837766e-06,0.0,0.0,RandomUnderSampler(random_state=42),1.0,500,2,l2,42,lbfgs,0.0001,,SelectKBest(score_func=<function mutual_info_classif at 0x147da6670>),8,,"{'balance': RandomUnderSampler(random_state=42), 'classify__C': 1.0, 'classify__max_iter': 500, 'classify__n_jobs': 2, 'classify__penalty': 'l2', 'classify__random_state': 42, 'classify__solver': 'lbfgs', 'classify__tol': 0.0001, 'impute': None, 'select': SelectKBest(score_func=<function mutual_info_classif at 0x147da6670>), 'select__k': 8, 'transform': None}",,,,,,451,,,,,,451,,,,,,451
0.00015346209208170572,6.8059584509552765e-06,0.0,0.0,RandomUnderSampler(random_state=42),1.0,500,2,l2,42,lbfgs,0.0001,,SelectKBest(score_func=<function mutual_info_classif at 0x147da6670>),11,,"{'balance': RandomUnderSampler(random_state=42), 'classify__C': 1.0, 'classify__max_iter': 500, 'classify__n_jobs': 2, 'classify__penalty': 'l2', 'classify__random_state': 42, 'classify__solver': 'lbfgs', 'classify__tol': 0.0001, 'impute': None, 'select': SelectKBest(score_func=<function mutual_info_classif at 0x147da6670>), 'select__k': 11, 'transform': None}",,,,,,451,,,,,,451,,,,,,451
0.0002353191375732422,5.150429962800233e-07,0.0,0.0,RandomUnderSampler(random_state=42),1.0,500,2,l2,42,lbfgs,0.0001,SimpleImputer(strategy='median'),SelectKBest(score_func=<function mutual_info_classif at 0x147da6670>),5,,"{'balance': RandomUnderSampler(random_state=42), 'classify__C': 1.0, 'classify__max_iter': 500, 'classify__n_jobs': 2, 'classify__penalty': 'l2', 'classify__random_state': 42, 'classify__solver': 'lbfgs', 'classify__tol': 0.0001, 'impute': SimpleImputer(strategy='median'), 'select': SelectKBest(score_func=<function mutual_info_classif at 0x147da6670>), 'select__k': 5, 'transform': None}",,,,,,451,,,,,,451,,,,,,451
0.00023762385050455728,2.9480039264347405e-06,0.0,0.0,RandomUnderSampler(random_state=42),1.0,500,2,l2,42,lbfgs,0.0001,SimpleImputer(strategy='median'),SelectKBest(score_func=<function mutual_info_classif at 0x147da6670>),8,,"{'balance': RandomUnderSampler(random_state=42), 'classify__C': 1.0, 'classify__max_iter': 500, 'classify__n_jobs': 2, 'classify__penalty': 'l2', 'classify__random_state': 42, 'classify__solver': 'lbfgs', 'classify__tol': 0.0001, 'impute': SimpleImputer(strategy='median'), 'select': SelectKBest(score_func=<function mutual_info_classif at 0x147da6670>), 'select__k': 8, 'transform': None}",,,,,,451,,,,,,451,,,,,,451
0.0002543926239013672,1.3846079012168698e-05,0.0,0.0,RandomUnderSampler(random_state=42),1.0,500,2,l2,42,lbfgs,0.0001,SimpleImputer(strategy='median'),SelectKBest(score_func=<function mutual_info_classif at 0x147da6670>),11,,"{'balance': RandomUnderSampler(random_state=42), 'classify__C': 1.0, 'classify__max_iter': 500, 'classify__n_jobs': 2, 'classify__penalty': 'l2', 'classify__random_state': 42, 'classify__solver': 'lbfgs', 'classify__tol': 0.0001, 'impute': SimpleImputer(strategy='median'), 'select': SelectKBest(score_func=<function mutual_info_classif at 0x147da6670>), 'select__k': 11, 'transform': None}",,,,,,451,,,,,,451,,,,,,451
0.00016458829243977865,2.306082745956883e-06,0.0,0.0,RandomUnderSampler(random_state=42),1.0,1000,2,l2,42,lbfgs,1e-08,,SelectKBest(score_func=<function mutual_info_classif at 0x147da6670>),5,,"{'balance': RandomUnderSampler(random_state=42), 'classify__C': 1.0, 'classify__max_iter': 1000, 'classify__n_jobs': 2, 'classify__penalty': 'l2', 'classify__random_state': 42, 'classify__solver': 'lbfgs', 'classify__tol': 1e-08, 'impute': None, 'select': SelectKBest(score_func=<function mutual_info_classif at 0x147da6670>), 'select__k': 5, 'transform': None}",,,,,,451,,,,,,451,,,,,,451
0.00016125043233235678,8.99132768232406e-07,0.0,0.0,RandomUnderSampler(random_state=42),1.0,1000,2,l2,42,lbfgs,1e-08,,SelectKBest(score_func=<function mutual_info_classif at 0x147da6670>),8,,"{'balance': RandomUnderSampler(random_state=42), 'classify__C': 1.0, 'classify__max_iter': 1000, 'classify__n_jobs': 2, 'classify__penalty': 'l2', 'classify__random_state': 42, 'classify__solver': 'lbfgs', 'classify__tol': 1e-08, 'impute': None, 'select': SelectKBest(score_func=<function mutual_info_classif at 0x147da6670>), 'select__k': 8, 'transform': None}",,,,,,451,,,,,,451,,,,,,451
0.00026027361551920575,4.112672498364643e-06,0.0,0.0,RandomUnderSampler(random_state=42),1.0,1000,2,l2,42,lbfgs,0.0001,SimpleImputer(strategy='median'),SelectKBest(score_func=<function mutual_info_classif at 0x147da6670>),8,,"{'balance': RandomUnderSampler(random_state=42), 'classify__C': 1.0, 'classify__max_iter': 1000, 'classify__n_jobs': 2, 'classify__penalty': 'l2', 'classify__random_state': 42, 'classify__solver': 'lbfgs', 'classify__tol': 0.0001, 'impute': SimpleImputer(strategy='median'), 'select': SelectKBest(score_func=<function mutual_info_classif at 0x147da6670>), 'select__k': 8, 'transform': None}",,,,,,451,,,,,,451,,,,,,451
0.0001614093780517578,1.0115243642614567e-06,0.0,0.0,RandomUnderSampler(random_state=42),1.0,1000,2,l2,42,lbfgs,1e-08,,SelectKBest(score_func=<function mutual_info_classif at 0x147da6670>),11,,"{'balance': RandomUnderSampler(random_state=42), 'classify__C': 1.0, 'classify__max_iter': 1000, 'classify__n_jobs': 2, 'classify__penalty': 'l2', 'classify__random_state': 42, 'classify__solver': 'lbfgs', 'classify__tol': 1e-08, 'impute': None, 'select': SelectKBest(score_func=<function mutual_info_classif at 0x147da6670>), 'select__k': 11, 'transform': None}",,,,,,451,,,,,,451,,,,,,451
0.0002568562825520833,2.247831920581015e-07,0.0,0.0,RandomUnderSampler(random_state=42),1.0,1000,2,l2,42,lbfgs,1e-08,SimpleImputer(strategy='median'),SelectKBest(score_func=<function mutual_info_classif at 0x147da6670>),8,,"{'balance': RandomUnderSampler(random_state=42), 'classify__C': 1.0, 'classify__max_iter': 1000, 'classify__n_jobs': 2, 'classify__penalty': 'l2', 'classify__random_state': 42, 'classify__solver': 'lbfgs', 'classify__tol': 1e-08, 'impute': SimpleImputer(strategy='median'), 'select': SelectKBest(score_func=<function mutual_info_classif at 0x147da6670>), 'select__k': 8, 'transform': None}",,,,,,451,,,,,,451,,,,,,451
0.000257571538289388,9.602742174144245e-07,0.0,0.0,RandomUnderSampler(random_state=42),1.0,1000,2,l2,42,lbfgs,1e-08,SimpleImputer(strategy='median'),SelectKBest(score_func=<function mutual_info_classif at 0x147da6670>),11,,"{'balance': RandomUnderSampler(random_state=42), 'classify__C': 1.0, 'classify__max_iter': 1000, 'classify__n_jobs': 2, 'classify__penalty': 'l2', 'classify__random_state': 42, 'classify__solver': 'lbfgs', 'classify__tol': 1e-08, 'impute': SimpleImputer(strategy='median'), 'select': SelectKBest(score_func=<function mutual_info_classif at 0x147da6670>), 'select__k': 11, 'transform': None}",,,,,,451,,,,,,451,,,,,,451
0.0001617272694905599,4.052336624139774e-07,0.0,0.0,RandomUnderSampler(random_state=42),1.0,1000,2,l2,42,lbfgs,1e-06,,SelectKBest(score_func=<function mutual_info_classif at 0x147da6670>),5,,"{'balance': RandomUnderSampler(random_state=42), 'classify__C': 1.0, 'classify__max_iter': 1000, 'classify__n_jobs': 2, 'classify__penalty': 'l2', 'classify__random_state': 42, 'classify__solver': 'lbfgs', 'classify__tol': 1e-06, 'impute': None, 'select': SelectKBest(score_func=<function mutual_info_classif at 0x147da6670>), 'select__k': 5, 'transform': None}",,,,,,451,,,,,,451,,,,,,451
0.0001636346181233724,1.2961631163199813e-06,0.0,0.0,RandomUnderSampler(random_state=42),1.0,1000,2,l2,42,lbfgs,1e-06,,SelectKBest(score_func=<function mutual_info_classif at 0x147da6670>),8,,"{'balance': RandomUnderSampler(random_state=42), 'classify__C': 1.0, 'classify__max_iter': 1000, 'classify__n_jobs': 2, 'classify__penalty': 'l2', 'classify__random_state': 42, 'classify__solver': 'lbfgs', 'classify__tol': 1e-06, 'impute': None, 'select': SelectKBest(score_func=<function mutual_info_classif at 0x147da6670>), 'select__k': 8, 'transform': None}",,,,,,451,,,,,,451,,,,,,451
0.00016291936238606772,1.1239159602905075e-07,0.0,0.0,RandomUnderSampler(random_state=42),1.0,1000,2,l2,42,lbfgs,1e-06,,SelectKBest(score_func=<function mutual_info_classif at 0x147da6670>),11,,"{'balance': RandomUnderSampler(random_state=42), 'classify__C': 1.0, 'classify__max_iter': 1000, 'classify__n_jobs': 2, 'classify__penalty': 'l2', 'classify__random_state': 42, 'classify__solver': 'lbfgs', 'classify__tol': 1e-06, 'impute': None, 'select': SelectKBest(score_func=<function mutual_info_classif at 0x147da6670>), 'select__k': 11, 'transform': None}",,,,,,451,,,,,,451,,,,,,451
0.0002929369608561198,3.356785331447884e-05,0.0,0.0,RandomUnderSampler(random_state=42),1.0,1000,2,l2,42,lbfgs,1e-06,SimpleImputer(strategy='median'),SelectKBest(score_func=<function mutual_info_classif at 0x147da6670>),5,,"{'balance': RandomUnderSampler(random_state=42), 'classify__C': 1.0, 'classify__max_iter': 1000, 'classify__n_jobs': 2, 'classify__penalty': 'l2', 'classify__random_state': 42, 'classify__solver': 'lbfgs', 'classify__tol': 1e-06, 'impute': SimpleImputer(strategy='median'), 'select': SelectKBest(score_func=<function mutual_info_classif at 0x147da6670>), 'select__k': 5, 'transform': None}",,,,,,451,,,,,,451,,,,,,451
0.0002640088399251302,3.5058252016882547e-06,0.0,0.0,RandomUnderSampler(random_state=42),1.0,1000,2,l2,42,lbfgs,1e-06,SimpleImputer(strategy='median'),SelectKBest(score_func=<function mutual_info_classif at 0x147da6670>),8,,"{'balance': RandomUnderSampler(random_state=42), 'classify__C': 1.0, 'classify__max_iter': 1000, 'classify__n_jobs': 2, 'classify__penalty': 'l2', 'classify__random_state': 42, 'classify__solver': 'lbfgs', 'classify__tol': 1e-06, 'impute': SimpleImputer(strategy='median'), 'select': SelectKBest(score_func=<function mutual_info_classif at 0x147da6670>), 'select__k': 8, 'transform': None}",,,,,,451,,,,,,451,,,,,,451
0.00026154518127441406,3.0902579776801397e-06,0.0,0.0,RandomUnderSampler(random_state=42),1.0,1000,2,l2,42,lbfgs,1e-06,SimpleImputer(strategy='median'),SelectKBest(score_func=<function mutual_info_classif at 0x147da6670>),11,,"{'balance': RandomUnderSampler(random_state=42), 'classify__C': 1.0, 'classify__max_iter': 1000, 'classify__n_jobs': 2, 'classify__penalty': 'l2', 'classify__random_state': 42, 'classify__solver': 'lbfgs', 'classify__tol': 1e-06, 'impute': SimpleImputer(strategy='median'), 'select': SelectKBest(score_func=<function mutual_info_classif at 0x147da6670>), 'select__k': 11, 'transform': None}",,,,,,451,,,,,,451,,,,,,451
0.00016236305236816406,1.5451289888400699e-06,0.0,0.0,RandomUnderSampler(random_state=42),1.0,1000,2,l2,42,lbfgs,0.0001,,SelectKBest(score_func=<function mutual_info_classif at 0x147da6670>),5,,"{'balance': RandomUnderSampler(random_state=42), 'classify__C': 1.0, 'classify__max_iter': 1000, 'classify__n_jobs': 2, 'classify__penalty': 'l2', 'classify__random_state': 42, 'classify__solver': 'lbfgs', 'classify__tol': 0.0001, 'impute': None, 'select': SelectKBest(score_func=<function mutual_info_classif at 0x147da6670>), 'select__k': 5, 'transform': None}",,,,,,451,,,,,,451,,,,,,451
0.00016204516092936197,2.2138576948140653e-06,0.0,0.0,RandomUnderSampler(random_state=42),1.0,1000,2,l2,42,lbfgs,0.0001,,SelectKBest(score_func=<function mutual_info_classif at 0x147da6670>),8,,"{'balance': RandomUnderSampler(random_state=42), 'classify__C': 1.0, 'classify__max_iter': 1000, 'classify__n_jobs': 2, 'classify__penalty': 'l2', 'classify__random_state': 42, 'classify__solver': 'lbfgs', 'classify__tol': 0.0001, 'impute': None, 'select': SelectKBest(score_func=<function mutual_info_classif at 0x147da6670>), 'select__k': 8, 'transform': None}",,,,,,451,,,,,,451,,,,,,451
0.00016299883524576822,8.778064264605253e-07,0.0,0.0,RandomUnderSampler(random_state=42),1.0,1000,2,l2,42,lbfgs,0.0001,,SelectKBest(score_func=<function mutual_info_classif at 0x147da6670>),11,,"{'balance': RandomUnderSampler(random_state=42), 'classify__C': 1.0, 'classify__max_iter': 1000, 'classify__n_jobs': 2, 'classify__penalty': 'l2', 'classify__random_state': 42, 'classify__solver': 'lbfgs', 'classify__tol': 0.0001, 'impute': None, 'select': SelectKBest(score_func=<function mutual_info_classif at 0x147da6670>), 'select__k': 11, 'transform': None}",,,,,,451,,,,,,451,,,,,,451
0.0002587636311848958,9.602742174144245e-07,0.0,0.0,RandomUnderSampler(random_state=42),1.0,1000,2,l2,42,lbfgs,1e-08,SimpleImputer(strategy='median'),SelectKBest(score_func=<function mutual_info_classif at 0x147da6670>),5,,"{'balance': RandomUnderSampler(random_state=42), 'classify__C': 1.0, 'classify__max_iter': 1000, 'classify__n_jobs': 2, 'classify__penalty': 'l2', 'classify__random_state': 42, 'classify__solver': 'lbfgs', 'classify__tol': 1e-08, 'impute': SimpleImputer(strategy='median'), 'select': SelectKBest(score_func=<function mutual_info_classif at 0x147da6670>), 'select__k': 5, 'transform': None}",,,,,,451,,,,,,451,,,,,,451
0.00016220410664876303,2.2369316044444988e-05,0.0,0.0,RandomUnderSampler(random_state=42),10.0,100,2,l2,42,lbfgs,1e-06,,SelectKBest(score_func=<function mutual_info_classif at 0x147da6670>),11,,"{'balance': RandomUnderSampler(random_state=42), 'classify__C': 10.0, 'classify__max_iter': 100, 'classify__n_jobs': 2, 'classify__penalty': 'l2', 'classify__random_state': 42, 'classify__solver': 'lbfgs', 'classify__tol': 1e-06, 'impute': None, 'select': SelectKBest(score_func=<function mutual_info_classif at 0x147da6670>), 'select__k': 11, 'transform': None}",,,,,,451,,,,,,451,,,,,,451
0.00024271011352539062,6.034706594648244e-06,0.0,0.0,RandomUnderSampler(random_state=42),10.0,100,2,l2,42,lbfgs,1e-06,SimpleImputer(strategy='median'),SelectKBest(score_func=<function mutual_info_classif at 0x147da6670>),5,,"{'balance': RandomUnderSampler(random_state=42), 'classify__C': 10.0, 'classify__max_iter': 100, 'classify__n_jobs': 2, 'classify__penalty': 'l2', 'classify__random_state': 42, 'classify__solver': 'lbfgs', 'classify__tol': 1e-06, 'impute': SimpleImputer(strategy='median'), 'select': SelectKBest(score_func=<function mutual_info_classif at 0x147da6670>), 'select__k': 5, 'transform': None}",,,,,,451,,,,,,451,,,,,,451
0.00023698806762695312,1.9466795466607238e-07,0.0,0.0,RandomUnderSampler(random_state=42),10.0,100,2,l2,42,lbfgs,1e-06,SimpleImputer(strategy='median'),SelectKBest(score_func=<function mutual_info_classif at 0x147da6670>),8,,"{'balance': RandomUnderSampler(random_state=42), 'classify__C': 10.0, 'classify__max_iter': 100, 'classify__n_jobs': 2, 'classify__penalty': 'l2', 'classify__random_state': 42, 'classify__solver': 'lbfgs', 'classify__tol': 1e-06, 'impute': SimpleImputer(strategy='median'), 'select': SelectKBest(score_func=<function mutual_info_classif at 0x147da6670>), 'select__k': 8, 'transform': None}",,,,,,451,,,,,,451,,,,,,451
0.000257571538289388,4.052336624139774e-07,0.0,0.0,RandomUnderSampler(random_state=42),10.0,500,2,l2,42,lbfgs,1e-08,SimpleImputer(strategy='median'),SelectKBest(score_func=<function mutual_info_classif at 0x147da6670>),8,,"{'balance': RandomUnderSampler(random_state=42), 'classify__C': 10.0, 'classify__max_iter': 500, 'classify__n_jobs': 2, 'classify__penalty': 'l2', 'classify__random_state': 42, 'classify__solver': 'lbfgs', 'classify__tol': 1e-08, 'impute': SimpleImputer(strategy='median'), 'select': SelectKBest(score_func=<function mutual_info_classif at 0x147da6670>), 'select__k': 8, 'transform': None}",,,,,,451,,,,,,451,,,,,,451
0.00026162465413411457,5.589151691601194e-06,0.0,0.0,RandomUnderSampler(random_state=42),10.0,500,2,l2,42,lbfgs,1e-08,SimpleImputer(strategy='median'),SelectKBest(score_func=<function mutual_info_classif at 0x147da6670>),11,,"{'balance': RandomUnderSampler(random_state=42), 'classify__C': 10.0, 'classify__max_iter': 500, 'classify__n_jobs': 2, 'classify__penalty': 'l2', 'classify__random_state': 42, 'classify__solver': 'lbfgs', 'classify__tol': 1e-08, 'impute': SimpleImputer(strategy='median'), 'select': SelectKBest(score_func=<function mutual_info_classif at 0x147da6670>), 'select__k': 11, 'transform': None}",,,,,,451,,,,,,451,,,,,,451
0.00016458829243977865,1.7007934696700334e-06,0.0,0.0,RandomUnderSampler(random_state=42),10.0,500,2,l2,42,lbfgs,1e-06,,SelectKBest(score_func=<function mutual_info_classif at 0x147da6670>),5,,"{'balance': RandomUnderSampler(random_state=42), 'classify__C': 10.0, 'classify__max_iter': 500, 'classify__n_jobs': 2, 'classify__penalty': 'l2', 'classify__random_state': 42, 'classify__solver': 'lbfgs', 'classify__tol': 1e-06, 'impute': None, 'select': SelectKBest(score_func=<function mutual_info_classif at 0x147da6670>), 'select__k': 5, 'transform': None}",,,,,,451,,,,,,451,,,,,,451
0.0001655419667561849,4.533437314653924e-06,0.0,0.0,RandomUnderSampler(random_state=42),10.0,500,2,l2,42,lbfgs,1e-06,,SelectKBest(score_func=<function mutual_info_classif at 0x147da6670>),8,,"{'balance': RandomUnderSampler(random_state=42), 'classify__C': 10.0, 'classify__max_iter': 500, 'classify__n_jobs': 2, 'classify__penalty': 'l2', 'classify__random_state': 42, 'classify__solver': 'lbfgs', 'classify__tol': 1e-06, 'impute': None, 'select': SelectKBest(score_func=<function mutual_info_classif at 0x147da6670>), 'select__k': 8, 'transform': None}",,,,,,451,,,,,,451,,,,,,451
0.00017261505126953125,2.4283608201048343e-05,0.0,0.0,RandomUnderSampler(random_state=42),10.0,500,2,l2,42,lbfgs,1e-06,,SelectKBest(score_func=<function mutual_info_classif at 0x147da6670>),11,,"{'balance': RandomUnderSampler(random_state=42), 'classify__C': 10.0, 'classify__max_iter': 500, 'classify__n_jobs': 2, 'classify__penalty': 'l2', 'classify__random_state': 42, 'classify__solver': 'lbfgs', 'classify__tol': 1e-06, 'impute': None, 'select': SelectKBest(score_func=<function mutual_info_classif at 0x147da6670>), 'select__k': 11, 'transform': None}",,,,,,451,,,,,,451,,,,,,451
0.0002426306406656901,7.3158209946092336e-06,0.0,0.0,RandomUnderSampler(random_state=42),10.0,500,2,l2,42,lbfgs,1e-06,SimpleImputer(strategy='median'),SelectKBest(score_func=<function mutual_info_classif at 0x147da6670>),5,,"{'balance': RandomUnderSampler(random_state=42), 'classify__C': 10.0, 'classify__max_iter': 500, 'classify__n_jobs': 2, 'classify__penalty': 'l2', 'classify__random_state': 42, 'classify__solver': 'lbfgs', 'classify__tol': 1e-06, 'impute': SimpleImputer(strategy='median'), 'select': SelectKBest(score_func=<function mutual_info_classif at 0x147da6670>), 'select__k': 5, 'transform': None}",,,,,,451,,,,,,451,,,,,,451
0.00023595492045084635,6.836513890459241e-07,0.0,0.0,RandomUnderSampler(random_state=42),10.0,500,2,l2,42,lbfgs,1e-06,SimpleImputer(strategy='median'),SelectKBest(score_func=<function mutual_info_classif at 0x147da6670>),8,,"{'balance': RandomUnderSampler(random_state=42), 'classify__C': 10.0, 'classify__max_iter': 500, 'classify__n_jobs': 2, 'classify__penalty': 'l2', 'classify__random_state': 42, 'classify__solver': 'lbfgs', 'classify__tol': 1e-06, 'impute': SimpleImputer(strategy='median'), 'select': SelectKBest(score_func=<function mutual_info_classif at 0x147da6670>), 'select__k': 8, 'transform': None}",,,,,,451,,,,,,451,,,,,,451
0.00026734670003255207,2.297521750522334e-05,0.0,0.0,RandomUnderSampler(random_state=42),10.0,500,2,l2,42,lbfgs,1e-06,SimpleImputer(strategy='median'),SelectKBest(score_func=<function mutual_info_classif at 0x147da6670>),11,,"{'balance': RandomUnderSampler(random_state=42), 'classify__C': 10.0, 'classify__max_iter': 500, 'classify__n_jobs': 2, 'classify__penalty': 'l2', 'classify__random_state': 42, 'classify__solver': 'lbfgs', 'classify__tol': 1e-06, 'impute': SimpleImputer(strategy='median'), 'select': SelectKBest(score_func=<function mutual_info_classif at 0x147da6670>), 'select__k': 11, 'transform': None}",,,,,,451,,,,,,451,,,,,,451
0.00016657511393229166,4.483001955722317e-06,0.0,0.0,RandomUnderSampler(random_state=42),10.0,500,2,l2,42,lbfgs,0.0001,,SelectKBest(score_func=<function mutual_info_classif at 0x147da6670>),5,,"{'balance': RandomUnderSampler(random_state=42), 'classify__C': 10.0, 'classify__max_iter': 500, 'classify__n_jobs': 2, 'classify__penalty': 'l2', 'classify__random_state': 42, 'classify__solver': 'lbfgs', 'classify__tol': 0.0001, 'impute': None, 'select': SelectKBest(score_func=<function mutual_info_classif at 0x147da6670>), 'select__k': 5, 'transform': None}",,,,,,451,,,,,,451,,,,,,451
0.00016466776529947916,4.49566384116203e-07,0.0,0.0,RandomUnderSampler(random_state=42),10.0,500,2,l2,42,lbfgs,0.0001,,SelectKBest(score_func=<function mutual_info_classif at 0x147da6670>),8,,"{'balance': RandomUnderSampler(random_state=42), 'classify__C': 10.0, 'classify__max_iter': 500, 'classify__n_jobs': 2, 'classify__penalty': 'l2', 'classify__random_state': 42, 'classify__solver': 'lbfgs', 'classify__tol': 0.0001, 'impute': None, 'select': SelectKBest(score_func=<function mutual_info_classif at 0x147da6670>), 'select__k': 8, 'transform': None}",,,,,,451,,,,,,451,,,,,,451
0.00016299883524576822,6.836513890459241e-07,0.0,0.0,RandomUnderSampler(random_state=42),10.0,500,2,l2,42,lbfgs,0.0001,,SelectKBest(score_func=<function mutual_info_classif at 0x147da6670>),11,,"{'balance': RandomUnderSampler(random_state=42), 'classify__C': 10.0, 'classify__max_iter': 500, 'classify__n_jobs': 2, 'classify__penalty': 'l2', 'classify__random_state': 42, 'classify__solver': 'lbfgs', 'classify__tol': 0.0001, 'impute': None, 'select': SelectKBest(score_func=<function mutual_info_classif at 0x147da6670>), 'select__k': 11, 'transform': None}",,,,,,451,,,,,,451,,,,,,451
0.00026218096415201825,2.614161841614807e-06,0.0,0.0,RandomUnderSampler(random_state=42),10.0,500,2,l2,42,lbfgs,1e-08,SimpleImputer(strategy='median'),SelectKBest(score_func=<function mutual_info_classif at 0x147da6670>),5,,"{'balance': RandomUnderSampler(random_state=42), 'classify__C': 10.0, 'classify__max_iter': 500, 'classify__n_jobs': 2, 'classify__penalty': 'l2', 'classify__random_state': 42, 'classify__solver': 'lbfgs', 'classify__tol': 1e-08, 'impute': SimpleImputer(strategy='median'), 'select': SelectKBest(score_func=<function mutual_info_classif at 0x147da6670>), 'select__k': 5, 'transform': None}",,,,,,451,,,,,,451,,,,,,451
0.0002594788869222005,1.1894408501860113e-06,0.0,0.0,RandomUnderSampler(random_state=42),10.0,500,2,l2,42,lbfgs,0.0001,SimpleImputer(strategy='median'),SelectKBest(score_func=<function mutual_info_classif at 0x147da6670>),5,,"{'balance': RandomUnderSampler(random_state=42), 'classify__C': 10.0, 'classify__max_iter': 500, 'classify__n_jobs': 2, 'classify__penalty': 'l2', 'classify__random_state': 42, 'classify__solver': 'lbfgs', 'classify__tol': 0.0001, 'impute': SimpleImputer(strategy='median'), 'select': SelectKBest(score_func=<function mutual_info_classif at 0x147da6670>), 'select__k': 5, 'transform': None}",,,,,,451,,,,,,451,,,,,,451
0.000247955322265625,9.73339773330362e-06,0.0,0.0,RandomUnderSampler(random_state=42),10.0,500,2,l2,42,lbfgs,0.0001,SimpleImputer(strategy='median'),SelectKBest(score_func=<function mutual_info_classif at 0x147da6670>),11,,"{'balance': RandomUnderSampler(random_state=42), 'classify__C': 10.0, 'classify__max_iter': 500, 'classify__n_jobs': 2, 'classify__penalty': 'l2', 'classify__random_state': 42, 'classify__solver': 'lbfgs', 'classify__tol': 0.0001, 'impute': SimpleImputer(strategy='median'), 'select': SelectKBest(score_func=<function mutual_info_classif at 0x147da6670>), 'select__k': 11, 'transform': None}",,,,,,451,,,,,,451,,,,,,451
0.00016276041666666666,1.969259849129338e-06,0.0,0.0,RandomUnderSampler(random_state=42),10.0,1000,2,l2,42,lbfgs,1e-08,,SelectKBest(score_func=<function mutual_info_classif at 0x147da6670>),5,,"{'balance': RandomUnderSampler(random_state=42), 'classify__C': 10.0, 'classify__max_iter': 1000, 'classify__n_jobs': 2, 'classify__penalty': 'l2', 'classify__random_state': 42, 'classify__solver': 'lbfgs', 'classify__tol': 1e-08, 'impute': None, 'select': SelectKBest(score_func=<function mutual_info_classif at 0x147da6670>), 'select__k': 5, 'transform': None}",,,,,,451,,,,,,451,,,,,,451
0.0001628398895263672,1.0115243642614567e-06,0.0,0.0,RandomUnderSampler(random_state=42),10.0,1000,2,l2,42,lbfgs,1e-08,,SelectKBest(score_func=<function mutual_info_classif at 0x147da6670>),8,,"{'balance': RandomUnderSampler(random_state=42), 'classify__C': 10.0, 'classify__max_iter': 1000, 'classify__n_jobs': 2, 'classify__penalty': 'l2', 'classify__random_state': 42, 'classify__solver': 'lbfgs', 'classify__tol': 1e-08, 'impute': None, 'select': SelectKBest(score_func=<function mutual_info_classif at 0x147da6670>), 'select__k': 8, 'transform': None}",,,,,,451,,,,,,451,,,,,,451
0.00014932950337727865,4.49566384116203e-07,0.0,0.0,RandomUnderSampler(random_state=42),10.0,1000,2,l2,42,lbfgs,1e-08,,SelectKBest(score_func=<function mutual_info_classif at 0x147da6670>),11,,"{'balance': RandomUnderSampler(random_state=42), 'classify__C': 10.0, 'classify__max_iter': 1000, 'classify__n_jobs': 2, 'classify__penalty': 'l2', 'classify__random_state': 42, 'classify__solver': 'lbfgs', 'classify__tol': 1e-08, 'impute': None, 'select': SelectKBest(score_func=<function mutual_info_classif at 0x147da6670>), 'select__k': 11, 'transform': None}",,,,,,451,,,,,,451,,,,,,451
0.00023794174194335938,8.920806376395086e-07,0.0,0.0,RandomUnderSampler(random_state=42),10.0,1000,2,l2,42,lbfgs,1e-08,SimpleImputer(strategy='median'),SelectKBest(score_func=<function mutual_info_classif at 0x147da6670>),5,,"{'balance': RandomUnderSampler(random_state=42), 'classify__C': 10.0, 'classify__max_iter': 1000, 'classify__n_jobs': 2, 'classify__penalty': 'l2', 'classify__random_state': 42, 'classify__solver': 'lbfgs', 'classify__tol': 1e-08, 'impute': SimpleImputer(strategy='median'), 'select': SelectKBest(score_func=<function mutual_info_classif at 0x147da6670>), 'select__k': 5, 'transform': None}",,,,,,451,,,,,,451,,,,,,451
0.0002422332763671875,6.9182482378706496e-06,0.0,0.0,RandomUnderSampler(random_state=42),10.0,1000,2,l2,42,lbfgs,1e-08,SimpleImputer(strategy='median'),SelectKBest(score_func=<function mutual_info_classif at 0x147da6670>),8,,"{'balance': RandomUnderSampler(random_state=42), 'classify__C': 10.0, 'classify__max_iter': 1000, 'classify__n_jobs': 2, 'classify__penalty': 'l2', 'classify__random_state': 42, 'classify__solver': 'lbfgs', 'classify__tol': 1e-08, 'impute': SimpleImputer(strategy='median'), 'select': SelectKBest(score_func=<function mutual_info_classif at 0x147da6670>), 'select__k': 8, 'transform': None}",,,,,,451,,,,,,451,,,,,,451
0.00025200843811035156,1.249974442307019e-05,0.0,0.0,RandomUnderSampler(random_state=42),10.0,1000,2,l2,42,lbfgs,1e-08,SimpleImputer(strategy='median'),SelectKBest(score_func=<function mutual_info_classif at 0x147da6670>),11,,"{'balance': RandomUnderSampler(random_state=42), 'classify__C': 10.0, 'classify__max_iter': 1000, 'classify__n_jobs': 2, 'classify__penalty': 'l2', 'classify__random_state': 42, 'classify__solver': 'lbfgs', 'classify__tol': 1e-08, 'impute': SimpleImputer(strategy='median'), 'select': SelectKBest(score_func=<function mutual_info_classif at 0x147da6670>), 'select__k': 11, 'transform': None}",,,,,,451,,,,,,451,,,,,,451
0.0001742839813232422,2.319981433948781e-05,0.0,0.0,RandomUnderSampler(random_state=42),10.0,1000,2,l2,42,lbfgs,1e-06,,SelectKBest(score_func=<function mutual_info_classif at 0x147da6670>),5,,"{'balance': RandomUnderSampler(random_state=42), 'classify__C': 10.0, 'classify__max_iter': 1000, 'classify__n_jobs': 2, 'classify__penalty': 'l2', 'classify__random_state': 42, 'classify__solver': 'lbfgs', 'classify__tol': 1e-06, 'impute': None, 'select': SelectKBest(score_func=<function mutual_info_classif at 0x147da6670>), 'select__k': 5, 'transform': None}",,,,,,451,,,,,,451,,,,,,451
0.00014940897623697916,2.063235439578242e-06,0.0,0.0,RandomUnderSampler(random_state=42),10.0,1000,2,l2,42,lbfgs,1e-06,,SelectKBest(score_func=<function mutual_info_classif at 0x147da6670>),8,,"{'balance': RandomUnderSampler(random_state=42), 'classify__C': 10.0, 'classify__max_iter': 1000, 'classify__n_jobs': 2, 'classify__penalty': 'l2', 'classify__random_state': 42, 'classify__solver': 'lbfgs', 'classify__tol': 1e-06, 'impute': None, 'select': SelectKBest(score_func=<function mutual_info_classif at 0x147da6670>), 'select__k': 8, 'transform': None}",,,,,,451,,,,,,451,,,,,,451
0.0001617272694905599,5.619579801452537e-07,0.0,0.0,RandomUnderSampler(random_state=42),10.0,1000,2,l2,42,lbfgs,1e-06,,SelectKBest(score_func=<function mutual_info_classif at 0x147da6670>),11,,"{'balance': RandomUnderSampler(random_state=42), 'classify__C': 10.0, 'classify__max_iter': 1000, 'classify__n_jobs': 2, 'classify__penalty': 'l2', 'classify__random_state': 42, 'classify__solver': 'lbfgs', 'classify__tol': 1e-06, 'impute': None, 'select': SelectKBest(score_func=<function mutual_info_classif at 0x147da6670>), 'select__k': 11, 'transform': None}",,,,,,451,,,,,,451,,,,,,451
0.000261386235555013,1.959614436775518e-06,0.0,0.0,RandomUnderSampler(random_state=42),10.0,1000,2,l2,42,lbfgs,1e-06,SimpleImputer(strategy='median'),SelectKBest(score_func=<function mutual_info_classif at 0x147da6670>),5,,"{'balance': RandomUnderSampler(random_state=42), 'classify__C': 10.0, 'classify__max_iter': 1000, 'classify__n_jobs': 2, 'classify__penalty': 'l2', 'classify__random_state': 42, 'classify__solver': 'lbfgs', 'classify__tol': 1e-06, 'impute': SimpleImputer(strategy='median'), 'select': SelectKBest(score_func=<function mutual_info_classif at 0x147da6670>), 'select__k': 5, 'transform': None}",,,,,,451,,,,,,451,,,,,,451
0.0002609093983968099,3.4674036920865176e-05,0.0,0.0,RandomUnderSampler(random_state=42),10.0,500,2,l2,42,lbfgs,0.0001,SimpleImputer(strategy='median'),SelectKBest(score_func=<function mutual_info_classif at 0x147da6670>),8,,"{'balance': RandomUnderSampler(random_state=42), 'classify__C': 10.0, 'classify__max_iter': 500, 'classify__n_jobs': 2, 'classify__penalty': 'l2', 'classify__random_state': 42, 'classify__solver': 'lbfgs', 'classify__tol': 0.0001, 'impute': SimpleImputer(strategy='median'), 'select': SelectKBest(score_func=<function mutual_info_classif at 0x147da6670>), 'select__k': 8, 'transform': None}",,,,,,451,,,,,,451,,,,,,451
0.0001655419667561849,2.306082745956883e-06,0.0,0.0,RandomUnderSampler(random_state=42),10.0,500,2,l2,42,lbfgs,1e-08,,SelectKBest(score_func=<function mutual_info_classif at 0x147da6670>),11,,"{'balance': RandomUnderSampler(random_state=42), 'classify__C': 10.0, 'classify__max_iter': 500, 'classify__n_jobs': 2, 'classify__penalty': 'l2', 'classify__random_state': 42, 'classify__solver': 'lbfgs', 'classify__tol': 1e-08, 'impute': None, 'select': SelectKBest(score_func=<function mutual_info_classif at 0x147da6670>), 'select__k': 11, 'transform': None}",,,,,,451,,,,,,451,,,,,,451
0.0001560846964518229,9.873203502959755e-06,0.0,0.0,RandomUnderSampler(random_state=42),10.0,500,2,l2,42,lbfgs,1e-08,,SelectKBest(score_func=<function mutual_info_classif at 0x147da6670>),8,,"{'balance': RandomUnderSampler(random_state=42), 'classify__C': 10.0, 'classify__max_iter': 500, 'classify__n_jobs': 2, 'classify__penalty': 'l2', 'classify__random_state': 42, 'classify__solver': 'lbfgs', 'classify__tol': 1e-08, 'impute': None, 'select': SelectKBest(score_func=<function mutual_info_classif at 0x147da6670>), 'select__k': 8, 'transform': None}",,,,,,451,,,,,,451,,,,,,451
0.00018095970153808594,2.327808764039254e-05,0.0,0.0,RandomUnderSampler(random_state=42),10.0,500,2,l2,42,lbfgs,1e-08,,SelectKBest(score_func=<function mutual_info_classif at 0x147da6670>),5,,"{'balance': RandomUnderSampler(random_state=42), 'classify__C': 10.0, 'classify__max_iter': 500, 'classify__n_jobs': 2, 'classify__penalty': 'l2', 'classify__random_state': 42, 'classify__solver': 'lbfgs', 'classify__tol': 1e-08, 'impute': None, 'select': SelectKBest(score_func=<function mutual_info_classif at 0x147da6670>), 'select__k': 5, 'transform': None}",,,,,,451,,,,,,451,,,,,,451
0.0002387364705403646,1.2961631163199813e-06,0.0,0.0,RandomUnderSampler(random_state=42),10.0,100,2,l2,42,lbfgs,1e-06,SimpleImputer(strategy='median'),SelectKBest(score_func=<function mutual_info_classif at 0x147da6670>),11,,"{'balance': RandomUnderSampler(random_state=42), 'classify__C': 10.0, 'classify__max_iter': 100, 'classify__n_jobs': 2, 'classify__penalty': 'l2', 'classify__random_state': 42, 'classify__solver': 'lbfgs', 'classify__tol': 1e-06, 'impute': SimpleImputer(strategy='median'), 'select': SelectKBest(score_func=<function mutual_info_classif at 0x147da6670>), 'select__k': 11, 'transform': None}",,,,,,451,,,,,,451,,,,,,451
0.00014940897623697916,9.602742174144245e-07,0.0,0.0,RandomUnderSampler(random_state=42),10.0,100,2,l2,42,lbfgs,0.0001,,SelectKBest(score_func=<function mutual_info_classif at 0x147da6670>),5,,"{'balance': RandomUnderSampler(random_state=42), 'classify__C': 10.0, 'classify__max_iter': 100, 'classify__n_jobs': 2, 'classify__penalty': 'l2', 'classify__random_state': 42, 'classify__solver': 'lbfgs', 'classify__tol': 0.0001, 'impute': None, 'select': SelectKBest(score_func=<function mutual_info_classif at 0x147da6670>), 'select__k': 5, 'transform': None}",,,,,,451,,,,,,451,,,,,,451
0.0001503626505533854,1.2961631163199815e-06,0.0,0.0,RandomUnderSampler(random_state=42),10.0,100,2,l2,42,lbfgs,0.0001,,SelectKBest(score_func=<function mutual_info_classif at 0x147da6670>),8,,"{'balance': RandomUnderSampler(random_state=42), 'classify__C': 10.0, 'classify__max_iter': 100, 'classify__n_jobs': 2, 'classify__penalty': 'l2', 'classify__random_state': 42, 'classify__solver': 'lbfgs', 'classify__tol': 0.0001, 'impute': None, 'select': SelectKBest(score_func=<function mutual_info_classif at 0x147da6670>), 'select__k': 8, 'transform': None}",,,,,,451,,,,,,451,,,,,,451
0.00014901161193847656,0.0,0.0,0.0,RandomUnderSampler(random_state=42),10.0,100,2,l2,42,lbfgs,0.0001,,SelectKBest(score_func=<function mutual_info_classif at 0x147da6670>),11,,"{'balance': RandomUnderSampler(random_state=42), 'classify__C': 10.0, 'classify__max_iter': 100, 'classify__n_jobs': 2, 'classify__penalty': 'l2', 'classify__random_state': 42, 'classify__solver': 'lbfgs', 'classify__tol': 0.0001, 'impute': None, 'select': SelectKBest(score_func=<function mutual_info_classif at 0x147da6670>), 'select__k': 11, 'transform': None}",,,,,,451,,,,,,451,,,,,,451
0.00024509429931640625,9.333917361286834e-06,0.0,0.0,RandomUnderSampler(random_state=42),10.0,100,2,l2,42,lbfgs,0.0001,SimpleImputer(strategy='median'),SelectKBest(score_func=<function mutual_info_classif at 0x147da6670>),5,,"{'balance': RandomUnderSampler(random_state=42), 'classify__C': 10.0, 'classify__max_iter': 100, 'classify__n_jobs': 2, 'classify__penalty': 'l2', 'classify__random_state': 42, 'classify__solver': 'lbfgs', 'classify__tol': 0.0001, 'impute': SimpleImputer(strategy='median'), 'select': SelectKBest(score_func=<function mutual_info_classif at 0x147da6670>), 'select__k': 5, 'transform': None}",,,,,,451,,,,,,451,,,,,,451
0.0002422332763671875,2.867638040013109e-06,0.0,0.0,RandomUnderSampler(random_state=42),10.0,100,2,l2,42,lbfgs,0.0001,SimpleImputer(strategy='median'),SelectKBest(score_func=<function mutual_info_classif at 0x147da6670>),8,,"{'balance': RandomUnderSampler(random_state=42), 'classify__C': 10.0, 'classify__max_iter': 100, 'classify__n_jobs': 2, 'classify__penalty': 'l2', 'classify__random_state': 42, 'classify__solver': 'lbfgs', 'classify__tol': 0.0001, 'impute': SimpleImputer(strategy='median'), 'select': SelectKBest(score_func=<function mutual_info_classif at 0x147da6670>), 'select__k': 8, 'transform': None}",,,,,,451,,,,,,451,,,,,,451
0.00023706754048665365,1.4610907483776598e-06,0.0,0.0,RandomUnderSampler(random_state=42),10.0,100,2,l2,42,lbfgs,0.0001,SimpleImputer(strategy='median'),SelectKBest(score_func=<function mutual_info_classif at 0x147da6670>),11,,"{'balance': RandomUnderSampler(random_state=42), 'classify__C': 10.0, 'classify__max_iter': 100, 'classify__n_jobs': 2, 'classify__penalty': 'l2', 'classify__random_state': 42, 'classify__solver': 'lbfgs', 'classify__tol': 0.0001, 'impute': SimpleImputer(strategy='median'), 'select': SelectKBest(score_func=<function mutual_info_classif at 0x147da6670>), 'select__k': 11, 'transform': None}",,,,,,451,,,,,,451,,,,,,451
0.00015767415364583334,1.0901984814817922e-05,0.0,0.0,RandomUnderSampler(random_state=42),10.0,200,2,l2,42,lbfgs,1e-08,,SelectKBest(score_func=<function mutual_info_classif at 0x147da6670>),5,,"{'balance': RandomUnderSampler(random_state=42), 'classify__C': 10.0, 'classify__max_iter': 200, 'classify__n_jobs': 2, 'classify__penalty': 'l2', 'classify__random_state': 42, 'classify__solver': 'lbfgs', 'classify__tol': 1e-08, 'impute': None, 'select': SelectKBest(score_func=<function mutual_info_classif at 0x147da6670>), 'select__k': 5, 'transform': None}",,,,,,451,,,,,,451,,,,,,451
0.0001499652862548828,0.0,0.0,0.0,RandomUnderSampler(random_state=42),10.0,200,2,l2,42,lbfgs,1e-08,,SelectKBest(score_func=<function mutual_info_classif at 0x147da6670>),8,,"{'balance': RandomUnderSampler(random_state=42), 'classify__C': 10.0, 'classify__max_iter': 200, 'classify__n_jobs': 2, 'classify__penalty': 'l2', 'classify__random_state': 42, 'classify__solver': 'lbfgs', 'classify__tol': 1e-08, 'impute': None, 'select': SelectKBest(score_func=<function mutual_info_classif at 0x147da6670>), 'select__k': 8, 'transform': None}",,,,,,451,,,,,,451,,,,,,451
0.00015234947204589844,3.907931916918515e-06,0.0,0.0,RandomUnderSampler(random_state=42),10.0,200,2,l2,42,lbfgs,1e-08,,SelectKBest(score_func=<function mutual_info_classif at 0x147da6670>),11,,"{'balance': RandomUnderSampler(random_state=42), 'classify__C': 10.0, 'classify__max_iter': 200, 'classify__n_jobs': 2, 'classify__penalty': 'l2', 'classify__random_state': 42, 'classify__solver': 'lbfgs', 'classify__tol': 1e-08, 'impute': None, 'select': SelectKBest(score_func=<function mutual_info_classif at 0x147da6670>), 'select__k': 11, 'transform': None}",,,,,,451,,,,,,451,,,,,,451
0.00024040540059407553,1.8087715588793823e-06,0.0,0.0,RandomUnderSampler(random_state=42),10.0,200,2,l2,42,lbfgs,1e-08,SimpleImputer(strategy='median'),SelectKBest(score_func=<function mutual_info_classif at 0x147da6670>),5,,"{'balance': RandomUnderSampler(random_state=42), 'classify__C': 10.0, 'classify__max_iter': 200, 'classify__n_jobs': 2, 'classify__penalty': 'l2', 'classify__random_state': 42, 'classify__solver': 'lbfgs', 'classify__tol': 1e-08, 'impute': SimpleImputer(strategy='median'), 'select': SelectKBest(score_func=<function mutual_info_classif at 0x147da6670>), 'select__k': 5, 'transform': None}",,,,,,451,,,,,,451,,,,,,451
0.0002384185791015625,3.371747880871523e-07,0.0,0.0,RandomUnderSampler(random_state=42),10.0,200,2,l2,42,lbfgs,1e-08,SimpleImputer(strategy='median'),SelectKBest(score_func=<function mutual_info_classif at 0x147da6670>),8,,"{'balance': RandomUnderSampler(random_state=42), 'classify__C': 10.0, 'classify__max_iter': 200, 'classify__n_jobs': 2, 'classify__penalty': 'l2', 'classify__random_state': 42, 'classify__solver': 'lbfgs', 'classify__tol': 1e-08, 'impute': SimpleImputer(strategy='median'), 'select': SelectKBest(score_func=<function mutual_info_classif at 0x147da6670>), 'select__k': 8, 'transform': None}",,,,,,451,,,,,,451,,,,,,451
0.00025463104248046875,1.444089872528776e-05,0.0,0.0,RandomUnderSampler(random_state=42),10.0,200,2,l2,42,lbfgs,1e-08,SimpleImputer(strategy='median'),SelectKBest(score_func=<function mutual_info_classif at 0x147da6670>),11,,"{'balance': RandomUnderSampler(random_state=42), 'classify__C': 10.0, 'classify__max_iter': 200, 'classify__n_jobs': 2, 'classify__penalty': 'l2', 'classify__random_state': 42, 'classify__solver': 'lbfgs', 'classify__tol': 1e-08, 'impute': SimpleImputer(strategy='median'), 'select': SelectKBest(score_func=<function mutual_info_classif at 0x147da6670>), 'select__k': 11, 'transform': None}",,,,,,451,,,,,,451,,,,,,451
0.00015735626220703125,1.0284291647638003e-05,0.0,0.0,RandomUnderSampler(random_state=42),10.0,200,2,l2,42,lbfgs,1e-06,,SelectKBest(score_func=<function mutual_info_classif at 0x147da6670>),5,,"{'balance': RandomUnderSampler(random_state=42), 'classify__C': 10.0, 'classify__max_iter': 200, 'classify__n_jobs': 2, 'classify__penalty': 'l2', 'classify__random_state': 42, 'classify__solver': 'lbfgs', 'classify__tol': 1e-06, 'impute': None, 'select': SelectKBest(score_func=<function mutual_info_classif at 0x147da6670>), 'select__k': 5, 'transform': None}",,,,,,451,,,,,,451,,,,,,451
0.00015497207641601562,7.080670549830197e-06,0.0,0.0,RandomUnderSampler(random_state=42),10.0,200,2,l2,42,lbfgs,1e-06,,SelectKBest(score_func=<function mutual_info_classif at 0x147da6670>),8,,"{'balance': RandomUnderSampler(random_state=42), 'classify__C': 10.0, 'classify__max_iter': 200, 'classify__n_jobs': 2, 'classify__penalty': 'l2', 'classify__random_state': 42, 'classify__solver': 'lbfgs', 'classify__tol': 1e-06, 'impute': None, 'select': SelectKBest(score_func=<function mutual_info_classif at 0x147da6670>), 'select__k': 8, 'transform': None}",,,,,,451,,,,,,451,,,,,,451
0.0001499652862548828,7.786718186642895e-07,0.0,0.0,RandomUnderSampler(random_state=42),10.0,200,2,l2,42,lbfgs,1e-06,,SelectKBest(score_func=<function mutual_info_classif at 0x147da6670>),11,,"{'balance': RandomUnderSampler(random_state=42), 'classify__C': 10.0, 'classify__max_iter': 200, 'classify__n_jobs': 2, 'classify__penalty': 'l2', 'classify__random_state': 42, 'classify__solver': 'lbfgs', 'classify__tol': 1e-06, 'impute': None, 'select': SelectKBest(score_func=<function mutual_info_classif at 0x147da6670>), 'select__k': 11, 'transform': None}",,,,,,451,,,,,,451,,,,,,451
0.000240325927734375,1.7302466278932287e-06,0.0,0.0,RandomUnderSampler(random_state=42),10.0,200,2,l2,42,lbfgs,1e-06,SimpleImputer(strategy='median'),SelectKBest(score_func=<function mutual_info_classif at 0x147da6670>),5,,"{'balance': RandomUnderSampler(random_state=42), 'classify__C': 10.0, 'classify__max_iter': 200, 'classify__n_jobs': 2, 'classify__penalty': 'l2', 'classify__random_state': 42, 'classify__solver': 'lbfgs', 'classify__tol': 1e-06, 'impute': SimpleImputer(strategy='median'), 'select': SelectKBest(score_func=<function mutual_info_classif at 0x147da6670>), 'select__k': 5, 'transform': None}",,,,,,451,,,,,,451,,,,,,451
0.0002694129943847656,3.0267580576804544e-05,0.0,0.0,RandomUnderSampler(random_state=42),10.0,200,2,l2,42,lbfgs,1e-06,SimpleImputer(strategy='median'),SelectKBest(score_func=<function mutual_info_classif at 0x147da6670>),8,,"{'balance': RandomUnderSampler(random_state=42), 'classify__C': 10.0, 'classify__max_iter': 200, 'classify__n_jobs': 2, 'classify__penalty': 'l2', 'classify__random_state': 42, 'classify__solver': 'lbfgs', 'classify__tol': 1e-06, 'impute': SimpleImputer(strategy='median'), 'select': SelectKBest(score_func=<function mutual_info_classif at 0x147da6670>), 'select__k': 8, 'transform': None}",,,,,,451,,,,,,451,,,,,,451
0.00024898846944173175,1.9168946016594678e-05,0.0,0.0,RandomUnderSampler(random_state=42),10.0,200,2,l2,42,lbfgs,1e-06,SimpleImputer(strategy='median'),SelectKBest(score_func=<function mutual_info_classif at 0x147da6670>),11,,"{'balance': RandomUnderSampler(random_state=42), 'classify__C': 10.0, 'classify__max_iter': 200, 'classify__n_jobs': 2, 'classify__penalty': 'l2', 'classify__random_state': 42, 'classify__solver': 'lbfgs', 'classify__tol': 1e-06, 'impute': SimpleImputer(strategy='median'), 'select': SelectKBest(score_func=<function mutual_info_classif at 0x147da6670>), 'select__k': 11, 'transform': None}",,,,,,451,,,,,,451,,,,,,451
0.0001636346181233724,1.1069288474070324e-06,0.0,0.0,RandomUnderSampler(random_state=42),10.0,200,2,l2,42,lbfgs,0.0001,,SelectKBest(score_func=<function mutual_info_classif at 0x147da6670>),5,,"{'balance': RandomUnderSampler(random_state=42), 'classify__C': 10.0, 'classify__max_iter': 200, 'classify__n_jobs': 2, 'classify__penalty': 'l2', 'classify__random_state': 42, 'classify__solver': 'lbfgs', 'classify__tol': 0.0001, 'impute': None, 'select': SelectKBest(score_func=<function mutual_info_classif at 0x147da6670>), 'select__k': 5, 'transform': None}",,,,,,451,,,,,,451,,,,,,451
0.00016260147094726562,5.150429962800233e-07,0.0,0.0,RandomUnderSampler(random_state=42),10.0,200,2,l2,42,lbfgs,0.0001,,SelectKBest(score_func=<function mutual_info_classif at 0x147da6670>),8,,"{'balance': RandomUnderSampler(random_state=42), 'classify__C': 10.0, 'classify__max_iter': 200, 'classify__n_jobs': 2, 'classify__penalty': 'l2', 'classify__random_state': 42, 'classify__solver': 'lbfgs', 'classify__tol': 0.0001, 'impute': None, 'select': SelectKBest(score_func=<function mutual_info_classif at 0x147da6670>), 'select__k': 8, 'transform': None}",,,,,,451,,,,,,451,,,,,,451
0.00016347567240397135,1.2961631163199813e-06,0.0,0.0,RandomUnderSampler(random_state=42),10.0,200,2,l2,42,lbfgs,0.0001,,SelectKBest(score_func=<function mutual_info_classif at 0x147da6670>),11,,"{'balance': RandomUnderSampler(random_state=42), 'classify__C': 10.0, 'classify__max_iter': 200, 'classify__n_jobs': 2, 'classify__penalty': 'l2', 'classify__random_state': 42, 'classify__solver': 'lbfgs', 'classify__tol': 0.0001, 'impute': None, 'select': SelectKBest(score_func=<function mutual_info_classif at 0x147da6670>), 'select__k': 11, 'transform': None}",,,,,,451,,,,,,451,,,,,,451
0.00026162465413411457,3.899842626694138e-06,0.0,0.0,RandomUnderSampler(random_state=42),10.0,200,2,l2,42,lbfgs,0.0001,SimpleImputer(strategy='median'),SelectKBest(score_func=<function mutual_info_classif at 0x147da6670>),5,,"{'balance': RandomUnderSampler(random_state=42), 'classify__C': 10.0, 'classify__max_iter': 200, 'classify__n_jobs': 2, 'classify__penalty': 'l2', 'classify__random_state': 42, 'classify__solver': 'lbfgs', 'classify__tol': 0.0001, 'impute': SimpleImputer(strategy='median'), 'select': SelectKBest(score_func=<function mutual_info_classif at 0x147da6670>), 'select__k': 5, 'transform': None}",,,,,,451,,,,,,451,,,,,,451
0.00026337305704752606,2.2562455442076346e-06,0.0,0.0,RandomUnderSampler(random_state=42),10.0,200,2,l2,42,lbfgs,0.0001,SimpleImputer(strategy='median'),SelectKBest(score_func=<function mutual_info_classif at 0x147da6670>),8,,"{'balance': RandomUnderSampler(random_state=42), 'classify__C': 10.0, 'classify__max_iter': 200, 'classify__n_jobs': 2, 'classify__penalty': 'l2', 'classify__random_state': 42, 'classify__solver': 'lbfgs', 'classify__tol': 0.0001, 'impute': SimpleImputer(strategy='median'), 'select': SelectKBest(score_func=<function mutual_info_classif at 0x147da6670>), 'select__k': 8, 'transform': None}",,,,,,451,,,,,,451,,,,,,451
0.00026949246724446613,2.306082745956883e-06,0.0,0.0,RandomUnderSampler(random_state=42),10.0,200,2,l2,42,lbfgs,0.0001,SimpleImputer(strategy='median'),SelectKBest(score_func=<function mutual_info_classif at 0x147da6670>),11,,"{'balance': RandomUnderSampler(random_state=42), 'classify__C': 10.0, 'classify__max_iter': 200, 'classify__n_jobs': 2, 'classify__penalty': 'l2', 'classify__random_state': 42, 'classify__solver': 'lbfgs', 'classify__tol': 0.0001, 'impute': SimpleImputer(strategy='median'), 'select': SelectKBest(score_func=<function mutual_info_classif at 0x147da6670>), 'select__k': 11, 'transform': None}",,,,,,451,,,,,,451,,,,,,451
0.0002353191375732422,5.150429962800233e-07,0.0,0.0,RandomUnderSampler(random_state=42),10.0,1000,2,l2,42,lbfgs,1e-06,SimpleImputer(strategy='median'),SelectKBest(score_func=<function mutual_info_classif at 0x147da6670>),11,,"{'balance': RandomUnderSampler(random_state=42), 'classify__C': 10.0, 'classify__max_iter': 1000, 'classify__n_jobs': 2, 'classify__penalty': 'l2', 'classify__random_state': 42, 'classify__solver': 'lbfgs', 'classify__tol': 1e-06, 'impute': SimpleImputer(strategy='median'), 'select': SelectKBest(score_func=<function mutual_info_classif at 0x147da6670>), 'select__k': 11, 'transform': None}",,,,,,451,,,,,,451,,,,,,451
0.00024024645487467447,6.416172311127792e-06,0.0,0.0,SMOTE(random_state=42),100.0,2000,2,l2,42,lbfgs,0.0001,SimpleImputer(strategy='median'),SelectKBest(score_func=<function mutual_info_classif at 0x147da6670>),11,,"{'balance': SMOTE(random_state=42), 'classify__C': 100.0, 'classify__max_iter': 2000, 'classify__n_jobs': 2, 'classify__penalty': 'l2', 'classify__random_state': 42, 'classify__solver': 'lbfgs', 'classify__tol': 0.0001, 'impute': SimpleImputer(strategy='median'), 'select': SelectKBest(score_func=<function mutual_info_classif at 0x147da6670>), 'select__k': 11, 'transform': None}",,,,,,451,,,,,,451,,,,,,451
