mean_fit_time,std_fit_time,mean_score_time,std_score_time,param_balance,param_classify__C,param_classify__max_iter,param_classify__n_jobs,param_classify__penalty,param_classify__random_state,param_classify__solver,param_classify__tol,param_impute,param_select,param_select__k,param_transform,params,split0_test_f1_weighted_scorer,split1_test_f1_weighted_scorer,split2_test_f1_weighted_scorer,mean_test_f1_weighted_scorer,std_test_f1_weighted_scorer,rank_test_f1_weighted_scorer,split0_test_roc_auc_scorer,split1_test_roc_auc_scorer,split2_test_roc_auc_scorer,mean_test_roc_auc_scorer,std_test_roc_auc_scorer,rank_test_roc_auc_scorer,split0_test_accuracy_scorer,split1_test_accuracy_scorer,split2_test_accuracy_scorer,mean_test_accuracy_scorer,std_test_accuracy_scorer,rank_test_accuracy_scorer
0.04497718811035156,0.002086359205515304,0.0069773197174072266,0.00028851787406834837,,100.0,200,2,l2,42,lbfgs,1e-08,SimpleImputer(strategy='median'),SelectKBest(score_func=<function mutual_info_classif at 0x7e3bb6fd3420>),9,,"{'balance': None, 'classify__C': 100.0, 'classify__max_iter': 200, 'classify__n_jobs': 2, 'classify__penalty': 'l2', 'classify__random_state': 42, 'classify__solver': 'lbfgs', 'classify__tol': 1e-08, 'impute': SimpleImputer(strategy='median'), 'select': SelectKBest(score_func=<function mutual_info_classif at 0x7e3bb6fd3420>), 'select__k': 9, 'transform': None}",0.552024358516882,0.5917358705017507,0.5541171279791047,0.5659591189992459,0.01824692868260151,1,0.597567794240984,0.6242685984954026,0.5508402767970625,0.5908922231778164,0.030346356658016167,11,0.6198830409356725,0.6257309941520468,0.5941176470588235,0.6132438940488476,0.013733405310841626,1
0.0726463794708252,0.013126637572855726,0.008856932322184244,0.00010464309465400293,,10.0,500,2,l2,42,lbfgs,1e-08,SimpleImputer(strategy='median'),SelectKBest(score_func=<function mutual_info_classif at 0x7e3bb6fd3420>),9,,"{'balance': None, 'classify__C': 10.0, 'classify__max_iter': 500, 'classify__n_jobs': 2, 'classify__penalty': 'l2', 'classify__random_state': 42, 'classify__solver': 'lbfgs', 'classify__tol': 1e-08, 'impute': SimpleImputer(strategy='median'), 'select': SelectKBest(score_func=<function mutual_info_classif at 0x7e3bb6fd3420>), 'select__k': 9, 'transform': None}",0.5574768302489244,0.5244137065589431,0.5548239895697523,0.5455715087925399,0.014999974165183587,2,0.5656975118814649,0.5977988297575926,0.5454738031351505,0.5696567149247359,0.021544273319735557,200,0.6140350877192983,0.5730994152046783,0.6,0.5957115009746589,0.01698481162634853,13
0.057478904724121094,0.001914877169750163,0.007905006408691406,0.00013808244137038348,,10.0,2000,2,l2,42,lbfgs,1e-08,,SelectKBest(score_func=<function mutual_info_classif at 0x7e3bb6fd3420>),9,,"{'balance': None, 'classify__C': 10.0, 'classify__max_iter': 2000, 'classify__n_jobs': 2, 'classify__penalty': 'l2', 'classify__random_state': 42, 'classify__solver': 'lbfgs', 'classify__tol': 1e-08, 'impute': None, 'select': SelectKBest(score_func=<function mutual_info_classif at 0x7e3bb6fd3420>), 'select__k': 9, 'transform': None}",0.5574768302489244,0.5244137065589431,0.5541171279791047,0.5453358882623242,0.014857661665673228,3,0.5656975118814649,0.5977988297575926,0.5508402767970625,0.5714455394787067,0.019596875430889775,178,0.6140350877192983,0.5730994152046783,0.5941176470588235,0.5937507166609334,0.01671393230199932,27
0.0599672794342041,0.008707896478718015,0.0077334245045979815,0.0007951187844868402,,10.0,200,2,l2,42,lbfgs,1e-08,,SelectKBest(score_func=<function mutual_info_classif at 0x7e3bb6fd3420>),9,,"{'balance': None, 'classify__C': 10.0, 'classify__max_iter': 200, 'classify__n_jobs': 2, 'classify__penalty': 'l2', 'classify__random_state': 42, 'classify__solver': 'lbfgs', 'classify__tol': 1e-08, 'impute': None, 'select': SelectKBest(score_func=<function mutual_info_classif at 0x7e3bb6fd3420>), 'select__k': 9, 'transform': None}",0.552024358516882,0.5244137065589431,0.5577350873627183,0.5447243841461812,0.01454981841873443,4,0.5968688845401173,0.5977988297575926,0.5382714305888999,0.5776463816288699,0.027844883151450565,101,0.6198830409356725,0.5730994152046783,0.5941176470588235,0.5957000343997247,0.019132082503949883,20
0.06854780515034993,0.005701168841661113,0.009101629257202148,0.00020754370405436245,,1.0,1000,2,l2,42,lbfgs,1e-06,SimpleImputer(strategy='median'),SelectKBest(score_func=<function mutual_info_classif at 0x7e3bb6fd3420>),9,,"{'balance': None, 'classify__C': 1.0, 'classify__max_iter': 1000, 'classify__n_jobs': 2, 'classify__penalty': 'l2', 'classify__random_state': 42, 'classify__solver': 'lbfgs', 'classify__tol': 1e-06, 'impute': SimpleImputer(strategy='median'), 'select': SelectKBest(score_func=<function mutual_info_classif at 0x7e3bb6fd3420>), 'select__k': 9, 'transform': None}",0.552024358516882,0.5244137065589431,0.5548239895697523,0.5437540182151924,0.013723343244965,5,0.597567794240984,0.5984954026191139,0.5471684790283857,0.5810772252961612,0.023980094792905207,66,0.6198830409356725,0.5730994152046783,0.6,0.5976608187134502,0.019170823942525138,6
0.06066234906514486,0.007770739053840443,0.007742245992024739,0.0007882609165859442,,10.0,500,2,l2,42,lbfgs,1e-06,,SelectKBest(score_func=<function mutual_info_classif at 0x7e3bb6fd3420>),9,,"{'balance': None, 'classify__C': 10.0, 'classify__max_iter': 500, 'classify__n_jobs': 2, 'classify__penalty': 'l2', 'classify__random_state': 42, 'classify__solver': 'lbfgs', 'classify__tol': 1e-06, 'impute': None, 'select': SelectKBest(score_func=<function mutual_info_classif at 0x7e3bb6fd3420>), 'select__k': 9, 'transform': None}",0.552024358516882,0.5244137065589431,0.5548239895697523,0.5437540182151924,0.013723343244965,5,0.5968688845401173,0.5977988297575926,0.5454738031351505,0.58004717247762,0.02445001159229434,77,0.6198830409356725,0.5730994152046783,0.6,0.5976608187134502,0.019170823942525138,6
0.06200218200683594,0.004296479162441215,0.008796056111653646,0.00015149749300644036,,1.0,200,2,l2,42,lbfgs,0.0001,SimpleImputer(strategy='median'),SelectKBest(score_func=<function mutual_info_classif at 0x7e3bb6fd3420>),9,,"{'balance': None, 'classify__C': 1.0, 'classify__max_iter': 200, 'classify__n_jobs': 2, 'classify__penalty': 'l2', 'classify__random_state': 42, 'classify__solver': 'lbfgs', 'classify__tol': 0.0001, 'impute': SimpleImputer(strategy='median'), 'select': SelectKBest(score_func=<function mutual_info_classif at 0x7e3bb6fd3420>), 'select__k': 9, 'transform': None}",0.552024358516882,0.5244137065589431,0.5541171279791047,0.5435183976849767,0.013536046647657998,7,0.5974280123008108,0.5984954026191139,0.5506990538059596,0.5822074895752948,0.022284089600664133,55,0.6198830409356725,0.5730994152046783,0.5941176470588235,0.5957000343997247,0.019132082503949883,20
0.04204082489013672,0.001652882019432743,0.005887190500895183,0.00027402004619286896,,0.1,500,2,l2,42,lbfgs,1e-08,,SelectKBest(score_func=<function mutual_info_classif at 0x7e3bb6fd3420>),9,,"{'balance': None, 'classify__C': 0.1, 'classify__max_iter': 500, 'classify__n_jobs': 2, 'classify__penalty': 'l2', 'classify__random_state': 42, 'classify__solver': 'lbfgs', 'classify__tol': 1e-08, 'impute': None, 'select': SelectKBest(score_func=<function mutual_info_classif at 0x7e3bb6fd3420>), 'select__k': 9, 'transform': None}",0.552024358516882,0.5200338186870814,0.5577350873627183,0.5432644215222272,0.016591137936679327,8,0.598825831702544,0.6008637503482864,0.5385538765711056,0.5794144862073121,0.028904790179524423,86,0.6198830409356725,0.5730994152046783,0.5941176470588235,0.5957000343997247,0.019132082503949883,20
0.061834096908569336,0.006438690750922966,0.007862091064453125,5.835786841893134e-05,,0.1,2000,2,l2,42,lbfgs,0.0001,,SelectKBest(score_func=<function mutual_info_classif at 0x7e3bb6fd3420>),9,,"{'balance': None, 'classify__C': 0.1, 'classify__max_iter': 2000, 'classify__n_jobs': 2, 'classify__penalty': 'l2', 'classify__random_state': 42, 'classify__solver': 'lbfgs', 'classify__tol': 0.0001, 'impute': None, 'select': SelectKBest(score_func=<function mutual_info_classif at 0x7e3bb6fd3420>), 'select__k': 9, 'transform': None}",0.552024358516882,0.5200338186870814,0.5548239895697523,0.5422940555912387,0.015781805848929315,9,0.5991053955828907,0.6008637503482864,0.5456150261262533,0.5818613906858102,0.02564010089304732,60,0.6198830409356725,0.5730994152046783,0.6,0.5976608187134502,0.019170823942525138,6
0.04410401980082194,0.0009150372403121718,0.006184021631876628,0.0006174757155992563,,0.1,100,2,l2,42,lbfgs,1e-06,SimpleImputer(strategy='median'),SelectKBest(score_func=<function mutual_info_classif at 0x7e3bb6fd3420>),9,,"{'balance': None, 'classify__C': 0.1, 'classify__max_iter': 100, 'classify__n_jobs': 2, 'classify__penalty': 'l2', 'classify__random_state': 42, 'classify__solver': 'lbfgs', 'classify__tol': 1e-06, 'impute': SimpleImputer(strategy='median'), 'select': SelectKBest(score_func=<function mutual_info_classif at 0x7e3bb6fd3420>), 'select__k': 9, 'transform': None}",0.552024358516882,0.5200338186870814,0.5548239895697523,0.5422940555912387,0.015781805848929315,9,0.598825831702544,0.6008637503482864,0.5456150261262533,0.5817682027256946,0.025577690953569363,62,0.6198830409356725,0.5730994152046783,0.6,0.5976608187134502,0.019170823942525138,6
0.035393873850504555,0.0011246456899506483,0.005243857701619466,0.00015301400694727802,,0.1,200,2,l2,42,lbfgs,1e-06,,SelectKBest(score_func=<function mutual_info_classif at 0x7e3bb6fd3420>),9,,"{'balance': None, 'classify__C': 0.1, 'classify__max_iter': 200, 'classify__n_jobs': 2, 'classify__penalty': 'l2', 'classify__random_state': 42, 'classify__solver': 'lbfgs', 'classify__tol': 1e-06, 'impute': None, 'select': SelectKBest(score_func=<function mutual_info_classif at 0x7e3bb6fd3420>), 'select__k': 9, 'transform': None}",0.5477428987706053,0.5200338186870814,0.5577350873627183,0.5418372682734683,0.015947910387982385,11,0.5732457366508248,0.6008637503482864,0.5385538765711056,0.570887787856739,0.02549248300210212,192,0.6140350877192983,0.5730994152046783,0.5941176470588235,0.5937507166609334,0.01671393230199932,27
0.05838624636332194,0.0006262700262692089,0.008872032165527344,0.00043686859151094285,,0.1,2000,2,l2,42,lbfgs,0.0001,SimpleImputer(strategy='median'),SelectKBest(score_func=<function mutual_info_classif at 0x7e3bb6fd3420>),9,,"{'balance': None, 'classify__C': 0.1, 'classify__max_iter': 2000, 'classify__n_jobs': 2, 'classify__penalty': 'l2', 'classify__random_state': 42, 'classify__solver': 'lbfgs', 'classify__tol': 0.0001, 'impute': SimpleImputer(strategy='median'), 'select': SelectKBest(score_func=<function mutual_info_classif at 0x7e3bb6fd3420>), 'select__k': 9, 'transform': None}",0.5477428987706053,0.5200338186870814,0.5548239895697523,0.5408669023424797,0.015012183777875396,12,0.5732457366508248,0.6008637503482864,0.5456150261262533,0.5732415043751216,0.022555197412491346,144,0.6140350877192983,0.5730994152046783,0.6,0.5957115009746589,0.01698481162634853,13
0.060396830240885414,0.0008783463488041652,0.009202400843302408,0.00047575933448333564,,0.1,1000,2,l2,42,lbfgs,1e-08,SimpleImputer(strategy='median'),SelectKBest(score_func=<function mutual_info_classif at 0x7e3bb6fd3420>),9,,"{'balance': None, 'classify__C': 0.1, 'classify__max_iter': 1000, 'classify__n_jobs': 2, 'classify__penalty': 'l2', 'classify__random_state': 42, 'classify__solver': 'lbfgs', 'classify__tol': 1e-08, 'impute': SimpleImputer(strategy='median'), 'select': SelectKBest(score_func=<function mutual_info_classif at 0x7e3bb6fd3420>), 'select__k': 9, 'transform': None}",0.5477428987706053,0.5200338186870814,0.5548239895697523,0.5408669023424797,0.015012183777875396,12,0.5732457366508248,0.6008637503482864,0.5456150261262533,0.5732415043751216,0.022555197412491346,144,0.6140350877192983,0.5730994152046783,0.6,0.5957115009746589,0.01698481162634853,13
0.06040485699971517,0.0026647471968251047,0.008292436599731445,0.00030085785967211206,,0.1,1000,2,l2,42,lbfgs,1e-08,,SelectKBest(score_func=<function mutual_info_classif at 0x7e3bb6fd3420>),9,,"{'balance': None, 'classify__C': 0.1, 'classify__max_iter': 1000, 'classify__n_jobs': 2, 'classify__penalty': 'l2', 'classify__random_state': 42, 'classify__solver': 'lbfgs', 'classify__tol': 1e-08, 'impute': None, 'select': SelectKBest(score_func=<function mutual_info_classif at 0x7e3bb6fd3420>), 'select__k': 9, 'transform': None}",0.5477428987706053,0.5200338186870814,0.5548239895697523,0.5408669023424797,0.015012183777875396,12,0.5732457366508248,0.6008637503482864,0.5477333709927976,0.5739476193306363,0.02169606388398139,131,0.6140350877192983,0.5730994152046783,0.6,0.5957115009746589,0.01698481162634853,13
0.06008553504943848,0.000747516733318267,0.008821487426757812,7.972098399512829e-05,,0.1,1000,2,l2,42,lbfgs,1e-06,SimpleImputer(strategy='median'),SelectKBest(score_func=<function mutual_info_classif at 0x7e3bb6fd3420>),9,,"{'balance': None, 'classify__C': 0.1, 'classify__max_iter': 1000, 'classify__n_jobs': 2, 'classify__penalty': 'l2', 'classify__random_state': 42, 'classify__solver': 'lbfgs', 'classify__tol': 1e-06, 'impute': SimpleImputer(strategy='median'), 'select': SelectKBest(score_func=<function mutual_info_classif at 0x7e3bb6fd3420>), 'select__k': 9, 'transform': None}",0.5477428987706053,0.5200338186870814,0.5548239895697523,0.5408669023424797,0.015012183777875396,12,0.5732457366508248,0.6008637503482864,0.5477333709927976,0.5739476193306363,0.02169606388398139,131,0.6140350877192983,0.5730994152046783,0.6,0.5957115009746589,0.01698481162634853,13
0.04643972714742025,0.006614346881625793,0.006527503331502278,0.0008883507682392977,,0.1,100,2,l2,42,lbfgs,1e-06,,SelectKBest(score_func=<function mutual_info_classif at 0x7e3bb6fd3420>),9,,"{'balance': None, 'classify__C': 0.1, 'classify__max_iter': 100, 'classify__n_jobs': 2, 'classify__penalty': 'l2', 'classify__random_state': 42, 'classify__solver': 'lbfgs', 'classify__tol': 1e-06, 'impute': None, 'select': SelectKBest(score_func=<function mutual_info_classif at 0x7e3bb6fd3420>), 'select__k': 9, 'transform': None}",0.5477428987706053,0.5200338186870814,0.5548239895697523,0.5408669023424797,0.015012183777875396,12,0.5732457366508248,0.6008637503482864,0.5477333709927976,0.5739476193306363,0.02169606388398139,131,0.6140350877192983,0.5730994152046783,0.6,0.5957115009746589,0.01698481162634853,13
0.06281169255574544,0.004031836681022246,0.008803685506184896,0.00019506995070518488,,10.0,1000,2,l2,42,lbfgs,0.0001,SimpleImputer(strategy='median'),SelectKBest(score_func=<function mutual_info_classif at 0x7e3bb6fd3420>),9,,"{'balance': None, 'classify__C': 10.0, 'classify__max_iter': 1000, 'classify__n_jobs': 2, 'classify__penalty': 'l2', 'classify__random_state': 42, 'classify__solver': 'lbfgs', 'classify__tol': 0.0001, 'impute': SimpleImputer(strategy='median'), 'select': SelectKBest(score_func=<function mutual_info_classif at 0x7e3bb6fd3420>), 'select__k': 9, 'transform': None}",0.552024358516882,0.5244137065589431,0.5457374047829098,0.5407251566195783,0.011816062489219866,17,0.5968688845401173,0.5977988297575926,0.5508402767970625,0.5818359970315908,0.02192057183210537,61,0.6198830409356725,0.5730994152046783,0.5882352941176471,0.5937392500859993,0.019491828332416715,33
0.05542437235514323,0.0008720024150496589,0.007566372553507487,6.778061250120925e-05,,0.1,2000,2,l2,42,lbfgs,1e-08,,SelectKBest(score_func=<function mutual_info_classif at 0x7e3bb6fd3420>),9,,"{'balance': None, 'classify__C': 0.1, 'classify__max_iter': 2000, 'classify__n_jobs': 2, 'classify__penalty': 'l2', 'classify__random_state': 42, 'classify__solver': 'lbfgs', 'classify__tol': 1e-08, 'impute': None, 'select': SelectKBest(score_func=<function mutual_info_classif at 0x7e3bb6fd3420>), 'select__k': 9, 'transform': None}",0.5477428987706053,0.5200338186870814,0.5541171279791047,0.5406312818122639,0.014795254079052024,18,0.5732457366508248,0.6008637503482864,0.5491456009038271,0.5744183626343128,0.02113012122165448,124,0.6140350877192983,0.5730994152046783,0.5941176470588235,0.5937507166609334,0.01671393230199932,27
0.05608224868774414,0.0013789363895169646,0.008119821548461914,0.0002004256677700463,,0.1,1000,2,l2,42,lbfgs,0.0001,,SelectKBest(score_func=<function mutual_info_classif at 0x7e3bb6fd3420>),9,,"{'balance': None, 'classify__C': 0.1, 'classify__max_iter': 1000, 'classify__n_jobs': 2, 'classify__penalty': 'l2', 'classify__random_state': 42, 'classify__solver': 'lbfgs', 'classify__tol': 0.0001, 'impute': None, 'select': SelectKBest(score_func=<function mutual_info_classif at 0x7e3bb6fd3420>), 'select__k': 9, 'transform': None}",0.5477428987706053,0.5200338186870814,0.5541171279791047,0.5406312818122639,0.014795254079052024,18,0.5732457366508248,0.6008637503482864,0.5491456009038271,0.5744183626343128,0.02113012122165448,124,0.6140350877192983,0.5730994152046783,0.5941176470588235,0.5937507166609334,0.01671393230199932,27
0.059681336085001625,0.0033378017870788344,0.008459250132242838,0.00022752514837822755,,0.1,500,2,l2,42,lbfgs,0.0001,,SelectKBest(score_func=<function mutual_info_classif at 0x7e3bb6fd3420>),9,,"{'balance': None, 'classify__C': 0.1, 'classify__max_iter': 500, 'classify__n_jobs': 2, 'classify__penalty': 'l2', 'classify__random_state': 42, 'classify__solver': 'lbfgs', 'classify__tol': 0.0001, 'impute': None, 'select': SelectKBest(score_func=<function mutual_info_classif at 0x7e3bb6fd3420>), 'select__k': 9, 'transform': None}",0.5477428987706053,0.5200338186870814,0.5541171279791047,0.5406312818122639,0.014795254079052024,18,0.5732457366508248,0.6008637503482864,0.5491456009038271,0.5744183626343128,0.02113012122165448,124,0.6140350877192983,0.5730994152046783,0.5941176470588235,0.5937507166609334,0.01671393230199932,27
0.15029430389404297,0.04237500459090582,0.010580221811930338,0.0027416166451293797,,100.0,2000,2,l2,42,lbfgs,1e-06,SimpleImputer(strategy='median'),SelectKBest(score_func=<function mutual_info_classif at 0x7e3bb6fd3420>),9,,"{'balance': None, 'classify__C': 100.0, 'classify__max_iter': 2000, 'classify__n_jobs': 2, 'classify__penalty': 'l2', 'classify__random_state': 42, 'classify__solver': 'lbfgs', 'classify__tol': 1e-06, 'impute': SimpleImputer(strategy='median'), 'select': SelectKBest(score_func=<function mutual_info_classif at 0x7e3bb6fd3420>), 'select__k': 9, 'transform': None}",0.5574768302489244,0.5094137783483098,0.5548239895697523,0.5405715327223288,0.02205846223321175,21,0.5656975118814649,0.617581499024798,0.5454738031351505,0.5762509380138044,0.03036896501338751,112,0.6140350877192983,0.5789473684210527,0.6,0.5976608187134503,0.01441968187829,5
0.04775094985961914,0.002884206440574159,0.007287740707397461,0.00019923378340787337,,10.0,200,2,l2,42,lbfgs,0.0001,SimpleImputer(strategy='median'),SelectKBest(score_func=<function mutual_info_classif at 0x7e3bb6fd3420>),9,,"{'balance': None, 'classify__C': 10.0, 'classify__max_iter': 200, 'classify__n_jobs': 2, 'classify__penalty': 'l2', 'classify__random_state': 42, 'classify__solver': 'lbfgs', 'classify__tol': 0.0001, 'impute': SimpleImputer(strategy='median'), 'select': SelectKBest(score_func=<function mutual_info_classif at 0x7e3bb6fd3420>), 'select__k': 9, 'transform': None}",0.5353970325262192,0.5244137065589431,0.5577350873627183,0.5391819421492935,0.013864168692681115,22,0.5749231199329047,0.5977988297575926,0.5384126535800028,0.5703782010901667,0.024456378795919338,195,0.5906432748538012,0.5730994152046783,0.5941176470588235,0.5859534457057677,0.009199180784068383,108
0.05607295036315918,0.002374413561922115,0.007518688837687175,7.15121503879048e-05,,1.0,100,2,l2,42,lbfgs,1e-08,,SelectKBest(score_func=<function mutual_info_classif at 0x7e3bb6fd3420>),9,,"{'balance': None, 'classify__C': 1.0, 'classify__max_iter': 100, 'classify__n_jobs': 2, 'classify__penalty': 'l2', 'classify__random_state': 42, 'classify__solver': 'lbfgs', 'classify__tol': 1e-08, 'impute': None, 'select': SelectKBest(score_func=<function mutual_info_classif at 0x7e3bb6fd3420>), 'select__k': 9, 'transform': None}",0.552024358516882,0.5094137783483098,0.5541171279791047,0.5385184216147656,0.02059781729142253,23,0.597567794240984,0.6179994427417107,0.5506990538059596,0.5887554302628848,0.028173023821707145,18,0.6198830409356725,0.5789473684210527,0.5941176470588235,0.5976493521385162,0.016897475681957066,10
0.06564537684122722,0.004324928421463689,0.008098125457763672,8.137656057149634e-05,,1.0,200,2,l2,42,lbfgs,0.0001,,SelectKBest(score_func=<function mutual_info_classif at 0x7e3bb6fd3420>),9,,"{'balance': None, 'classify__C': 1.0, 'classify__max_iter': 200, 'classify__n_jobs': 2, 'classify__penalty': 'l2', 'classify__random_state': 42, 'classify__solver': 'lbfgs', 'classify__tol': 0.0001, 'impute': None, 'select': SelectKBest(score_func=<function mutual_info_classif at 0x7e3bb6fd3420>), 'select__k': 9, 'transform': None}",0.5353970325262192,0.5244137065589431,0.5548239895697523,0.538211576218305,0.012573452730399124,24,0.574643556052558,0.5984954026191139,0.5454738031351505,0.5728709206022742,0.021682238203794994,151,0.5906432748538012,0.5730994152046783,0.6,0.5879142300194932,0.011150370094405537,57
0.06822816530863444,0.004158526948614542,0.008091131846110025,0.00038560387130700093,,10.0,1000,2,l2,42,lbfgs,1e-06,SimpleImputer(strategy='median'),SelectKBest(score_func=<function mutual_info_classif at 0x7e3bb6fd3420>),9,,"{'balance': None, 'classify__C': 10.0, 'classify__max_iter': 1000, 'classify__n_jobs': 2, 'classify__penalty': 'l2', 'classify__random_state': 42, 'classify__solver': 'lbfgs', 'classify__tol': 1e-06, 'impute': SimpleImputer(strategy='median'), 'select': SelectKBest(score_func=<function mutual_info_classif at 0x7e3bb6fd3420>), 'select__k': 9, 'transform': None}",0.5353970325262192,0.5244137065589431,0.5548239895697523,0.538211576218305,0.012573452730399124,24,0.5749231199329047,0.5977988297575926,0.5454738031351505,0.5727319176085492,0.021417720521093645,152,0.5906432748538012,0.5730994152046783,0.6,0.5879142300194932,0.011150370094405537,57
0.08753784497578938,0.027253543521091703,0.010149876276652018,0.002709301764073984,,100.0,500,2,l2,42,lbfgs,0.0001,,SelectKBest(score_func=<function mutual_info_classif at 0x7e3bb6fd3420>),9,,"{'balance': None, 'classify__C': 100.0, 'classify__max_iter': 500, 'classify__n_jobs': 2, 'classify__penalty': 'l2', 'classify__random_state': 42, 'classify__solver': 'lbfgs', 'classify__tol': 0.0001, 'impute': None, 'select': SelectKBest(score_func=<function mutual_info_classif at 0x7e3bb6fd3420>), 'select__k': 9, 'transform': None}",0.5353970325262192,0.5244137065589431,0.5548239895697523,0.538211576218305,0.012573452730399124,24,0.5749231199329047,0.5977988297575926,0.5458974721084593,0.5728731405996522,0.021238166005344925,150,0.5906432748538012,0.5730994152046783,0.6,0.5879142300194932,0.011150370094405537,57
0.04735517501831055,0.008323976417804113,0.006551583607991536,0.0008385383176119492,,100.0,100,2,l2,42,lbfgs,0.0001,,SelectKBest(score_func=<function mutual_info_classif at 0x7e3bb6fd3420>),9,,"{'balance': None, 'classify__C': 100.0, 'classify__max_iter': 100, 'classify__n_jobs': 2, 'classify__penalty': 'l2', 'classify__random_state': 42, 'classify__solver': 'lbfgs', 'classify__tol': 0.0001, 'impute': None, 'select': SelectKBest(score_func=<function mutual_info_classif at 0x7e3bb6fd3420>), 'select__k': 9, 'transform': None}",0.5306572442034048,0.5244137065589431,0.5577350873627183,0.5376020127083554,0.014462617602127765,27,0.5708694436678782,0.5977988297575926,0.5384126535800028,0.5690269756684913,0.02427928467501335,203,0.5906432748538012,0.5730994152046783,0.5941176470588235,0.5859534457057677,0.009199180784068383,108
0.04311410586039225,0.00035753324811076234,0.0068140824635823565,0.00014621187698240858,,10.0,2000,2,l2,42,lbfgs,0.0001,SimpleImputer(strategy='median'),SelectKBest(score_func=<function mutual_info_classif at 0x7e3bb6fd3420>),9,,"{'balance': None, 'classify__C': 10.0, 'classify__max_iter': 2000, 'classify__n_jobs': 2, 'classify__penalty': 'l2', 'classify__random_state': 42, 'classify__solver': 'lbfgs', 'classify__tol': 0.0001, 'impute': SimpleImputer(strategy='median'), 'select': SelectKBest(score_func=<function mutual_info_classif at 0x7e3bb6fd3420>), 'select__k': 9, 'transform': None}",0.5306572442034048,0.5244137065589431,0.5577350873627183,0.5376020127083554,0.014462617602127765,27,0.5710092256080515,0.5977988297575926,0.5384126535800028,0.5690735696485488,0.02428290967249877,201,0.5906432748538012,0.5730994152046783,0.5941176470588235,0.5859534457057677,0.009199180784068383,108
0.05513223012288412,0.004944806654299947,0.008742014567057291,7.374147857580595e-05,,1.0,500,2,l2,42,lbfgs,0.0001,SimpleImputer(strategy='median'),SelectKBest(score_func=<function mutual_info_classif at 0x7e3bb6fd3420>),7,,"{'balance': None, 'classify__C': 1.0, 'classify__max_iter': 500, 'classify__n_jobs': 2, 'classify__penalty': 'l2', 'classify__random_state': 42, 'classify__solver': 'lbfgs', 'classify__tol': 0.0001, 'impute': SimpleImputer(strategy='median'), 'select': SelectKBest(score_func=<function mutual_info_classif at 0x7e3bb6fd3420>), 'select__k': 7, 'transform': None}",0.5382404926250939,0.5324120315516331,0.541908992769816,0.5375205056488476,0.003910401004960199,29,0.5757618115739447,0.6205071050431875,0.5494280468860331,0.5818989878343884,0.02934060697470147,59,0.6081871345029239,0.5964912280701754,0.5941176470588235,0.5995986698773077,0.0061497840164491235,2
0.05626408259073893,0.0017706161872232176,0.008402268091837565,7.896475489736485e-05,,0.1,1000,2,l2,42,lbfgs,0.0001,SimpleImputer(strategy='median'),SelectKBest(score_func=<function mutual_info_classif at 0x7e3bb6fd3420>),9,,"{'balance': None, 'classify__C': 0.1, 'classify__max_iter': 1000, 'classify__n_jobs': 2, 'classify__penalty': 'l2', 'classify__random_state': 42, 'classify__solver': 'lbfgs', 'classify__tol': 0.0001, 'impute': SimpleImputer(strategy='median'), 'select': SelectKBest(score_func=<function mutual_info_classif at 0x7e3bb6fd3420>), 'select__k': 9, 'transform': None}",0.5353970325262192,0.5200338186870814,0.5548239895697523,0.536751613594351,0.014235288661491112,30,0.5732457366508247,0.6008637503482864,0.5477333709927976,0.5739476193306362,0.02169606388398139,134,0.5906432748538012,0.5730994152046783,0.6,0.5879142300194932,0.011150370094405537,57
0.04666217168172201,0.0029208154055701445,0.007181008656819661,8.478685238369436e-05,,100.0,200,2,l2,42,lbfgs,0.0001,SimpleImputer(strategy='median'),SelectKBest(score_func=<function mutual_info_classif at 0x7e3bb6fd3420>),9,,"{'balance': None, 'classify__C': 100.0, 'classify__max_iter': 200, 'classify__n_jobs': 2, 'classify__penalty': 'l2', 'classify__random_state': 42, 'classify__solver': 'lbfgs', 'classify__tol': 0.0001, 'impute': SimpleImputer(strategy='median'), 'select': SelectKBest(score_func=<function mutual_info_classif at 0x7e3bb6fd3420>), 'select__k': 9, 'transform': None}",0.5306572442034048,0.5244137065589431,0.5548239895697523,0.5366316467773667,0.013114024116347095,31,0.5708694436678782,0.5977988297575926,0.5458974721084593,0.5715219151779767,0.02119366290127671,176,0.5906432748538012,0.5730994152046783,0.6,0.5879142300194932,0.011150370094405537,57
0.08520102500915527,0.0227956221968419,0.009404341379801432,0.00029456808152703354,,10.0,100,2,l2,42,lbfgs,1e-08,SimpleImputer(strategy='median'),SelectKBest(score_func=<function mutual_info_classif at 0x7e3bb6fd3420>),9,,"{'balance': None, 'classify__C': 10.0, 'classify__max_iter': 100, 'classify__n_jobs': 2, 'classify__penalty': 'l2', 'classify__random_state': 42, 'classify__solver': 'lbfgs', 'classify__tol': 1e-08, 'impute': SimpleImputer(strategy='median'), 'select': SelectKBest(score_func=<function mutual_info_classif at 0x7e3bb6fd3420>), 'select__k': 9, 'transform': None}",0.5306572442034048,0.5244137065589431,0.5548239895697523,0.5366316467773667,0.013114024116347095,31,0.5710092256080515,0.5977988297575926,0.5471684790283857,0.5719921781313432,0.020681436934086705,161,0.5906432748538012,0.5730994152046783,0.6,0.5879142300194932,0.011150370094405537,57
0.0633995532989502,0.004616871339818409,0.010476032892862955,0.003464218838512294,,1.0,100,2,l2,42,lbfgs,0.0001,,SelectKBest(score_func=<function mutual_info_classif at 0x7e3bb6fd3420>),9,,"{'balance': None, 'classify__C': 1.0, 'classify__max_iter': 100, 'classify__n_jobs': 2, 'classify__penalty': 'l2', 'classify__random_state': 42, 'classify__solver': 'lbfgs', 'classify__tol': 0.0001, 'impute': None, 'select': SelectKBest(score_func=<function mutual_info_classif at 0x7e3bb6fd3420>), 'select__k': 9, 'transform': None}",0.5306572442034048,0.5244137065589431,0.5548239895697523,0.5366316467773667,0.013114024116347095,31,0.5696114062063182,0.5984954026191139,0.5454738031351505,0.5711935373201943,0.021674868044282366,191,0.5906432748538012,0.5730994152046783,0.6,0.5879142300194932,0.011150370094405537,57
0.09121004740397136,0.03438503637617992,0.008127053578694662,2.31108934376629e-05,,1.0,500,2,l2,42,lbfgs,1e-06,,SelectKBest(score_func=<function mutual_info_classif at 0x7e3bb6fd3420>),9,,"{'balance': None, 'classify__C': 1.0, 'classify__max_iter': 500, 'classify__n_jobs': 2, 'classify__penalty': 'l2', 'classify__random_state': 42, 'classify__solver': 'lbfgs', 'classify__tol': 1e-06, 'impute': None, 'select': SelectKBest(score_func=<function mutual_info_classif at 0x7e3bb6fd3420>), 'select__k': 9, 'transform': None}",0.5306572442034048,0.5244137065589431,0.5548239895697523,0.5366316467773667,0.013114024116347095,31,0.5711490075482248,0.5984954026191139,0.5451913571529445,0.5716119224400944,0.0217637471254791,172,0.5906432748538012,0.5730994152046783,0.6,0.5879142300194932,0.011150370094405537,57
0.048994223276774086,0.008102318352853228,0.006679932276407878,0.0008562863889830694,,100.0,100,2,l2,42,lbfgs,1e-08,,SelectKBest(score_func=<function mutual_info_classif at 0x7e3bb6fd3420>),9,,"{'balance': None, 'classify__C': 100.0, 'classify__max_iter': 100, 'classify__n_jobs': 2, 'classify__penalty': 'l2', 'classify__random_state': 42, 'classify__solver': 'lbfgs', 'classify__tol': 1e-08, 'impute': None, 'select': SelectKBest(score_func=<function mutual_info_classif at 0x7e3bb6fd3420>), 'select__k': 9, 'transform': None}",0.5306572442034048,0.5244137065589431,0.5548239895697523,0.5366316467773667,0.013114024116347095,31,0.5710092256080515,0.5977988297575926,0.5454738031351505,0.5714272861669315,0.021363647998925445,179,0.5906432748538012,0.5730994152046783,0.6,0.5879142300194932,0.011150370094405537,57
0.061343987782796226,0.0033477054125726742,0.007912000020345053,0.00010202705795118856,,1.0,200,2,l2,42,lbfgs,1e-06,,SelectKBest(score_func=<function mutual_info_classif at 0x7e3bb6fd3420>),9,,"{'balance': None, 'classify__C': 1.0, 'classify__max_iter': 200, 'classify__n_jobs': 2, 'classify__penalty': 'l2', 'classify__random_state': 42, 'classify__solver': 'lbfgs', 'classify__tol': 1e-06, 'impute': None, 'select': SelectKBest(score_func=<function mutual_info_classif at 0x7e3bb6fd3420>), 'select__k': 9, 'transform': None}",0.5306572442034048,0.5244137065589431,0.5548239895697523,0.5366316467773667,0.013114024116347095,31,0.5711490075482248,0.5984954026191139,0.5451913571529445,0.5716119224400944,0.0217637471254791,172,0.5906432748538012,0.5730994152046783,0.6,0.5879142300194932,0.011150370094405537,57
0.04739602406819662,0.002466525102273341,0.006511131922403972,0.0001927906090098462,,10.0,100,2,l2,42,lbfgs,0.0001,,SelectKBest(score_func=<function mutual_info_classif at 0x7e3bb6fd3420>),9,,"{'balance': None, 'classify__C': 10.0, 'classify__max_iter': 100, 'classify__n_jobs': 2, 'classify__penalty': 'l2', 'classify__random_state': 42, 'classify__solver': 'lbfgs', 'classify__tol': 0.0001, 'impute': None, 'select': SelectKBest(score_func=<function mutual_info_classif at 0x7e3bb6fd3420>), 'select__k': 9, 'transform': None}",0.5306572442034048,0.5244137065589431,0.5548239895697523,0.5366316467773667,0.013114024116347095,31,0.5710092256080515,0.5977988297575926,0.5454738031351505,0.5714272861669315,0.021363647998925445,179,0.5906432748538012,0.5730994152046783,0.6,0.5879142300194932,0.011150370094405537,57
0.11751858393351237,0.04738427200840401,0.009002606074015299,0.0006429471544157204,,10.0,1000,2,l2,42,lbfgs,1e-08,,SelectKBest(score_func=<function mutual_info_classif at 0x7e3bb6fd3420>),9,,"{'balance': None, 'classify__C': 10.0, 'classify__max_iter': 1000, 'classify__n_jobs': 2, 'classify__penalty': 'l2', 'classify__random_state': 42, 'classify__solver': 'lbfgs', 'classify__tol': 1e-08, 'impute': None, 'select': SelectKBest(score_func=<function mutual_info_classif at 0x7e3bb6fd3420>), 'select__k': 9, 'transform': None}",0.5306572442034048,0.5244137065589431,0.5548239895697523,0.5366316467773667,0.013114024116347095,31,0.5710092256080515,0.5977988297575926,0.5454738031351505,0.5714272861669315,0.021363647998925445,179,0.5906432748538012,0.5730994152046783,0.6,0.5879142300194932,0.011150370094405537,57
0.06340686480204265,0.003615844518179434,0.009009758631388346,0.0002598040837322399,,100.0,1000,2,l2,42,lbfgs,0.0001,SimpleImputer(strategy='median'),SelectKBest(score_func=<function mutual_info_classif at 0x7e3bb6fd3420>),9,,"{'balance': None, 'classify__C': 100.0, 'classify__max_iter': 1000, 'classify__n_jobs': 2, 'classify__penalty': 'l2', 'classify__random_state': 42, 'classify__solver': 'lbfgs', 'classify__tol': 0.0001, 'impute': SimpleImputer(strategy='median'), 'select': SelectKBest(score_func=<function mutual_info_classif at 0x7e3bb6fd3420>), 'select__k': 9, 'transform': None}",0.5306572442034048,0.5244137065589431,0.5548239895697523,0.5366316467773667,0.013114024116347095,31,0.5708694436678782,0.5977988297575926,0.5458974721084593,0.5715219151779767,0.02119366290127671,176,0.5906432748538012,0.5730994152046783,0.6,0.5879142300194932,0.011150370094405537,57
0.05466000239054362,0.011607478959027855,0.0077830155690511065,0.0010862029555766693,,100.0,1000,2,l2,42,lbfgs,1e-06,SimpleImputer(strategy='median'),SelectKBest(score_func=<function mutual_info_classif at 0x7e3bb6fd3420>),9,,"{'balance': None, 'classify__C': 100.0, 'classify__max_iter': 1000, 'classify__n_jobs': 2, 'classify__penalty': 'l2', 'classify__random_state': 42, 'classify__solver': 'lbfgs', 'classify__tol': 1e-06, 'impute': SimpleImputer(strategy='median'), 'select': SelectKBest(score_func=<function mutual_info_classif at 0x7e3bb6fd3420>), 'select__k': 9, 'transform': None}",0.5306572442034048,0.5244137065589431,0.5548239895697523,0.5366316467773667,0.013114024116347095,31,0.5710092256080515,0.5977988297575926,0.5454738031351505,0.5714272861669315,0.021363647998925445,179,0.5906432748538012,0.5730994152046783,0.6,0.5879142300194932,0.011150370094405537,57
0.054135640462239586,0.009867818020334604,0.007641315460205078,0.0007560080085481156,,100.0,500,2,l2,42,lbfgs,1e-08,SimpleImputer(strategy='median'),SelectKBest(score_func=<function mutual_info_classif at 0x7e3bb6fd3420>),9,,"{'balance': None, 'classify__C': 100.0, 'classify__max_iter': 500, 'classify__n_jobs': 2, 'classify__penalty': 'l2', 'classify__random_state': 42, 'classify__solver': 'lbfgs', 'classify__tol': 1e-08, 'impute': SimpleImputer(strategy='median'), 'select': SelectKBest(score_func=<function mutual_info_classif at 0x7e3bb6fd3420>), 'select__k': 9, 'transform': None}",0.5306572442034048,0.5244137065589431,0.5548239895697523,0.5366316467773667,0.013114024116347095,31,0.5710092256080515,0.5977988297575926,0.5454738031351505,0.5714272861669315,0.021363647998925445,179,0.5906432748538012,0.5730994152046783,0.6,0.5879142300194932,0.011150370094405537,57
0.07776610056559245,0.006532634036387117,0.009045839309692383,0.0001443597753693409,,100.0,1000,2,l2,42,lbfgs,1e-08,SimpleImputer(strategy='median'),SelectKBest(score_func=<function mutual_info_classif at 0x7e3bb6fd3420>),9,,"{'balance': None, 'classify__C': 100.0, 'classify__max_iter': 1000, 'classify__n_jobs': 2, 'classify__penalty': 'l2', 'classify__random_state': 42, 'classify__solver': 'lbfgs', 'classify__tol': 1e-08, 'impute': SimpleImputer(strategy='median'), 'select': SelectKBest(score_func=<function mutual_info_classif at 0x7e3bb6fd3420>), 'select__k': 9, 'transform': None}",0.5306572442034048,0.5244137065589431,0.5548239895697523,0.5366316467773667,0.013114024116347095,31,0.5710092256080515,0.5977988297575926,0.5454738031351505,0.5714272861669315,0.021363647998925445,179,0.5906432748538012,0.5730994152046783,0.6,0.5879142300194932,0.011150370094405537,57
0.04412070910135905,0.0009641379739842179,0.0060577392578125,0.00016855446008907585,,100.0,500,2,l2,42,lbfgs,1e-06,,SelectKBest(score_func=<function mutual_info_classif at 0x7e3bb6fd3420>),9,,"{'balance': None, 'classify__C': 100.0, 'classify__max_iter': 500, 'classify__n_jobs': 2, 'classify__penalty': 'l2', 'classify__random_state': 42, 'classify__solver': 'lbfgs', 'classify__tol': 1e-06, 'impute': None, 'select': SelectKBest(score_func=<function mutual_info_classif at 0x7e3bb6fd3420>), 'select__k': 9, 'transform': None}",0.5306572442034048,0.5244137065589431,0.5548239895697523,0.5366316467773667,0.013114024116347095,31,0.5710092256080515,0.5977988297575926,0.5454738031351505,0.5714272861669315,0.021363647998925445,179,0.5906432748538012,0.5730994152046783,0.6,0.5879142300194932,0.011150370094405537,57
0.04467964172363281,0.0005295194878276851,0.0062732696533203125,0.00010738739105671375,,100.0,200,2,l2,42,lbfgs,1e-08,,SelectKBest(score_func=<function mutual_info_classif at 0x7e3bb6fd3420>),9,,"{'balance': None, 'classify__C': 100.0, 'classify__max_iter': 200, 'classify__n_jobs': 2, 'classify__penalty': 'l2', 'classify__random_state': 42, 'classify__solver': 'lbfgs', 'classify__tol': 1e-08, 'impute': None, 'select': SelectKBest(score_func=<function mutual_info_classif at 0x7e3bb6fd3420>), 'select__k': 9, 'transform': None}",0.5306572442034048,0.5244137065589431,0.5548239895697523,0.5366316467773667,0.013114024116347095,31,0.5710092256080515,0.5977988297575926,0.5454738031351505,0.5714272861669315,0.021363647998925445,179,0.5906432748538012,0.5730994152046783,0.6,0.5879142300194932,0.011150370094405537,57
0.0714100996653239,0.006369919268968282,0.009866476058959961,0.0004625159437779367,,10.0,100,2,l2,42,lbfgs,1e-06,SimpleImputer(strategy='median'),SelectKBest(score_func=<function mutual_info_classif at 0x7e3bb6fd3420>),9,,"{'balance': None, 'classify__C': 10.0, 'classify__max_iter': 100, 'classify__n_jobs': 2, 'classify__penalty': 'l2', 'classify__random_state': 42, 'classify__solver': 'lbfgs', 'classify__tol': 1e-06, 'impute': SimpleImputer(strategy='median'), 'select': SelectKBest(score_func=<function mutual_info_classif at 0x7e3bb6fd3420>), 'select__k': 9, 'transform': None}",0.5306572442034048,0.5244137065589431,0.5548239895697523,0.5366316467773667,0.013114024116347095,31,0.5710092256080515,0.5977988297575926,0.5454738031351505,0.5714272861669315,0.021363647998925445,179,0.5906432748538012,0.5730994152046783,0.6,0.5879142300194932,0.011150370094405537,57
0.06125140190124512,0.0005506831637276178,0.008207877477010092,0.00010132393798078501,,1.0,500,2,l2,42,lbfgs,1e-08,,SelectKBest(score_func=<function mutual_info_classif at 0x7e3bb6fd3420>),9,,"{'balance': None, 'classify__C': 1.0, 'classify__max_iter': 500, 'classify__n_jobs': 2, 'classify__penalty': 'l2', 'classify__random_state': 42, 'classify__solver': 'lbfgs', 'classify__tol': 1e-08, 'impute': None, 'select': SelectKBest(score_func=<function mutual_info_classif at 0x7e3bb6fd3420>), 'select__k': 9, 'transform': None}",0.5306572442034048,0.5244137065589431,0.5548239895697523,0.5366316467773667,0.013114024116347095,31,0.5711490075482248,0.5984954026191139,0.5451913571529445,0.5716119224400944,0.0217637471254791,172,0.5906432748538012,0.5730994152046783,0.6,0.5879142300194932,0.011150370094405537,57
0.0462494691212972,0.00828064533249333,0.006314913431803386,0.0010343790596230253,,10.0,2000,2,l2,42,lbfgs,1e-06,,SelectKBest(score_func=<function mutual_info_classif at 0x7e3bb6fd3420>),9,,"{'balance': None, 'classify__C': 10.0, 'classify__max_iter': 2000, 'classify__n_jobs': 2, 'classify__penalty': 'l2', 'classify__random_state': 42, 'classify__solver': 'lbfgs', 'classify__tol': 1e-06, 'impute': None, 'select': SelectKBest(score_func=<function mutual_info_classif at 0x7e3bb6fd3420>), 'select__k': 9, 'transform': None}",0.5306572442034048,0.5244137065589431,0.5548239895697523,0.5366316467773667,0.013114024116347095,31,0.5710092256080515,0.5977988297575926,0.5454738031351505,0.5714272861669315,0.021363647998925445,179,0.5906432748538012,0.5730994152046783,0.6,0.5879142300194932,0.011150370094405537,57
0.05892332394917806,0.0023666977401991286,0.008157094319661459,0.0004748551316597788,,1.0,200,2,l2,42,lbfgs,1e-08,,SelectKBest(score_func=<function mutual_info_classif at 0x7e3bb6fd3420>),9,,"{'balance': None, 'classify__C': 1.0, 'classify__max_iter': 200, 'classify__n_jobs': 2, 'classify__penalty': 'l2', 'classify__random_state': 42, 'classify__solver': 'lbfgs', 'classify__tol': 1e-08, 'impute': None, 'select': SelectKBest(score_func=<function mutual_info_classif at 0x7e3bb6fd3420>), 'select__k': 9, 'transform': None}",0.5306572442034048,0.5244137065589431,0.5548239895697523,0.5366316467773667,0.013114024116347095,31,0.5711490075482248,0.5984954026191139,0.5471684790283857,0.5722709630652415,0.020969141763692287,158,0.5906432748538012,0.5730994152046783,0.6,0.5879142300194932,0.011150370094405537,57
0.05981747309366862,0.0022578000629446186,0.008641401926676432,0.0013895910809338856,,1.0,100,2,l2,42,lbfgs,1e-06,,SelectKBest(score_func=<function mutual_info_classif at 0x7e3bb6fd3420>),9,,"{'balance': None, 'classify__C': 1.0, 'classify__max_iter': 100, 'classify__n_jobs': 2, 'classify__penalty': 'l2', 'classify__random_state': 42, 'classify__solver': 'lbfgs', 'classify__tol': 1e-06, 'impute': None, 'select': SelectKBest(score_func=<function mutual_info_classif at 0x7e3bb6fd3420>), 'select__k': 9, 'transform': None}",0.5306572442034048,0.5244137065589431,0.5541171279791047,0.5363960262471509,0.012787325118390883,49,0.5711490075482248,0.5984954026191139,0.5506990538059596,0.5734478213244327,0.01958036684284272,142,0.5906432748538012,0.5730994152046783,0.5941176470588235,0.5859534457057677,0.009199180784068383,108
0.06904037793477376,0.008466562619290605,0.01081522305806478,0.00138839655898463,,1.0,2000,2,l2,42,lbfgs,0.0001,SimpleImputer(strategy='median'),SelectKBest(score_func=<function mutual_info_classif at 0x7e3bb6fd3420>),9,,"{'balance': None, 'classify__C': 1.0, 'classify__max_iter': 2000, 'classify__n_jobs': 2, 'classify__penalty': 'l2', 'classify__random_state': 42, 'classify__solver': 'lbfgs', 'classify__tol': 0.0001, 'impute': SimpleImputer(strategy='median'), 'select': SelectKBest(score_func=<function mutual_info_classif at 0x7e3bb6fd3420>), 'select__k': 9, 'transform': None}",0.5306572442034048,0.5244137065589431,0.5541171279791047,0.5363960262471509,0.012787325118390883,49,0.5696114062063182,0.5984954026191139,0.5506990538059596,0.5729352875437973,0.019653818633646583,149,0.5906432748538012,0.5730994152046783,0.5941176470588235,0.5859534457057677,0.009199180784068383,108
0.06232364972432455,0.0018403712234527296,0.008807818094889322,7.126717338786931e-05,,1.0,200,2,l2,42,lbfgs,1e-08,SimpleImputer(strategy='median'),SelectKBest(score_func=<function mutual_info_classif at 0x7e3bb6fd3420>),9,,"{'balance': None, 'classify__C': 1.0, 'classify__max_iter': 200, 'classify__n_jobs': 2, 'classify__penalty': 'l2', 'classify__random_state': 42, 'classify__solver': 'lbfgs', 'classify__tol': 1e-08, 'impute': SimpleImputer(strategy='median'), 'select': SelectKBest(score_func=<function mutual_info_classif at 0x7e3bb6fd3420>), 'select__k': 9, 'transform': None}",0.5306572442034048,0.5244137065589431,0.5541171279791047,0.5363960262471509,0.012787325118390883,49,0.5711490075482248,0.5984954026191139,0.5506990538059596,0.5734478213244327,0.01958036684284272,142,0.5906432748538012,0.5730994152046783,0.5941176470588235,0.5859534457057677,0.009199180784068383,108
0.05441856384277344,0.00692938953016898,0.007888476053873697,0.0009470770320420903,,100.0,100,2,l2,42,lbfgs,1e-08,SimpleImputer(strategy='median'),SelectKBest(score_func=<function mutual_info_classif at 0x7e3bb6fd3420>),9,,"{'balance': None, 'classify__C': 100.0, 'classify__max_iter': 100, 'classify__n_jobs': 2, 'classify__penalty': 'l2', 'classify__random_state': 42, 'classify__solver': 'lbfgs', 'classify__tol': 1e-08, 'impute': SimpleImputer(strategy='median'), 'select': SelectKBest(score_func=<function mutual_info_classif at 0x7e3bb6fd3420>), 'select__k': 9, 'transform': None}",0.5306572442034048,0.5244137065589431,0.5541171279791047,0.5363960262471509,0.012787325118390883,49,0.5710092256080515,0.5977988297575926,0.5508402767970625,0.5732161107209022,0.01923415677837596,146,0.5906432748538012,0.5730994152046783,0.5941176470588235,0.5859534457057677,0.009199180784068383,108
0.05999302864074707,0.0054975138001972,0.007380326588948567,8.24428172776152e-05,,10.0,1000,2,l2,42,lbfgs,1e-06,,SelectKBest(score_func=<function mutual_info_classif at 0x7e3bb6fd3420>),9,,"{'balance': None, 'classify__C': 10.0, 'classify__max_iter': 1000, 'classify__n_jobs': 2, 'classify__penalty': 'l2', 'classify__random_state': 42, 'classify__solver': 'lbfgs', 'classify__tol': 1e-06, 'impute': None, 'select': SelectKBest(score_func=<function mutual_info_classif at 0x7e3bb6fd3420>), 'select__k': 9, 'transform': None}",0.5306572442034048,0.5244137065589431,0.5541171279791047,0.5363960262471509,0.012787325118390883,49,0.5710092256080515,0.5977988297575926,0.5508402767970625,0.5732161107209022,0.01923415677837596,146,0.5906432748538012,0.5730994152046783,0.5941176470588235,0.5859534457057677,0.009199180784068383,108
0.06215238571166992,0.009687081787953062,0.007888555526733398,0.001330078554986503,,0.1,500,2,l2,42,lbfgs,1e-06,,SelectKBest(score_func=<function mutual_info_classif at 0x7e3bb6fd3420>),9,,"{'balance': None, 'classify__C': 0.1, 'classify__max_iter': 500, 'classify__n_jobs': 2, 'classify__penalty': 'l2', 'classify__random_state': 42, 'classify__solver': 'lbfgs', 'classify__tol': 1e-06, 'impute': None, 'select': SelectKBest(score_func=<function mutual_info_classif at 0x7e3bb6fd3420>), 'select__k': 9, 'transform': None}",0.5477428987706053,0.5200338186870814,0.5411929867611076,0.5363232347395982,0.01182466753111286,54,0.5732457366508248,0.6008637503482864,0.5488631549216212,0.5743242139735775,0.02124284689307122,127,0.6140350877192983,0.5730994152046783,0.5823529411764706,0.5898291480334824,0.017528121648419243,51
0.06088383992513021,0.004566231916441915,0.008781115214029947,0.00015543261997145544,,1.0,500,2,l2,42,lbfgs,1e-06,SimpleImputer(strategy='median'),SelectKBest(score_func=<function mutual_info_classif at 0x7e3bb6fd3420>),7,,"{'balance': None, 'classify__C': 1.0, 'classify__max_iter': 500, 'classify__n_jobs': 2, 'classify__penalty': 'l2', 'classify__random_state': 42, 'classify__solver': 'lbfgs', 'classify__tol': 1e-06, 'impute': SimpleImputer(strategy='median'), 'select': SelectKBest(score_func=<function mutual_info_classif at 0x7e3bb6fd3420>), 'select__k': 7, 'transform': None}",0.5327098520640144,0.5324120315516331,0.541908992769816,0.5356769587951545,0.004408390474266082,55,0.5847078557450377,0.6205071050431875,0.5494280468860331,0.5848810025580861,0.029018162266543655,42,0.6081871345029239,0.5964912280701754,0.5941176470588235,0.5995986698773077,0.0061497840164491235,2
0.05556424458821615,0.004032808707459095,0.0077546437581380205,0.0005981656970288872,,1.0,1000,2,l2,42,lbfgs,1e-06,,SelectKBest(score_func=<function mutual_info_classif at 0x7e3bb6fd3420>),7,,"{'balance': None, 'classify__C': 1.0, 'classify__max_iter': 1000, 'classify__n_jobs': 2, 'classify__penalty': 'l2', 'classify__random_state': 42, 'classify__solver': 'lbfgs', 'classify__tol': 1e-06, 'impute': None, 'select': SelectKBest(score_func=<function mutual_info_classif at 0x7e3bb6fd3420>), 'select__k': 7, 'transform': None}",0.5327098520640144,0.5324120315516331,0.541908992769816,0.5356769587951545,0.004408390474266082,55,0.5872239306681576,0.6205071050431875,0.5494280468860331,0.5857196941991261,0.02903739167169472,37,0.6081871345029239,0.5964912280701754,0.5941176470588235,0.5995986698773077,0.0061497840164491235,2
0.05692378679911295,0.006879224122575352,0.007540543874104817,0.0007062006429410585,,100.0,500,2,l2,42,lbfgs,1e-08,,SelectKBest(score_func=<function mutual_info_classif at 0x7e3bb6fd3420>),9,,"{'balance': None, 'classify__C': 100.0, 'classify__max_iter': 500, 'classify__n_jobs': 2, 'classify__penalty': 'l2', 'classify__random_state': 42, 'classify__solver': 'lbfgs', 'classify__tol': 1e-08, 'impute': None, 'select': SelectKBest(score_func=<function mutual_info_classif at 0x7e3bb6fd3420>), 'select__k': 9, 'transform': None}",0.5306572442034048,0.5200255462235164,0.5548239895697523,0.5351689266655578,0.014560205442913518,57,0.5710092256080515,0.5936193925884647,0.5454738031351505,0.5700341404438889,0.01966744415287692,197,0.5906432748538012,0.5672514619883041,0.6,0.5859649122807018,0.013772726497197407,102
0.04972306887308756,0.010070250485021429,0.00646821657816569,0.0008123196897096479,,100.0,200,2,l2,42,lbfgs,1e-06,,SelectKBest(score_func=<function mutual_info_classif at 0x7e3bb6fd3420>),9,,"{'balance': None, 'classify__C': 100.0, 'classify__max_iter': 200, 'classify__n_jobs': 2, 'classify__penalty': 'l2', 'classify__random_state': 42, 'classify__solver': 'lbfgs', 'classify__tol': 1e-06, 'impute': None, 'select': SelectKBest(score_func=<function mutual_info_classif at 0x7e3bb6fd3420>), 'select__k': 9, 'transform': None}",0.5306572442034048,0.5200255462235164,0.5548239895697523,0.5351689266655578,0.014560205442913518,57,0.5710092256080515,0.5936193925884647,0.5454738031351505,0.5700341404438889,0.01966744415287692,197,0.5906432748538012,0.5672514619883041,0.6,0.5859649122807018,0.013772726497197407,102
0.053925673166910805,0.0011640731938408133,0.007498741149902344,5.709614760793709e-05,,100.0,2000,2,l2,42,lbfgs,0.0001,,SelectKBest(score_func=<function mutual_info_classif at 0x7e3bb6fd3420>),9,,"{'balance': None, 'classify__C': 100.0, 'classify__max_iter': 2000, 'classify__n_jobs': 2, 'classify__penalty': 'l2', 'classify__random_state': 42, 'classify__solver': 'lbfgs', 'classify__tol': 0.0001, 'impute': None, 'select': SelectKBest(score_func=<function mutual_info_classif at 0x7e3bb6fd3420>), 'select__k': 9, 'transform': None}",0.5493998153277931,0.5011954163316175,0.5548239895697523,0.535139740409721,0.024104194232418993,59,0.564020128599385,0.6074115352465868,0.5458974721084593,0.5724430453181436,0.025809612362822518,157,0.5789473684210527,0.5672514619883041,0.6,0.582066276803119,0.013550212239362761,195
0.09857114156087239,0.031410253791431655,0.008030335108439127,8.132702796019929e-05,,1.0,500,2,l2,42,lbfgs,0.0001,,SelectKBest(score_func=<function mutual_info_classif at 0x7e3bb6fd3420>),9,,"{'balance': None, 'classify__C': 1.0, 'classify__max_iter': 500, 'classify__n_jobs': 2, 'classify__penalty': 'l2', 'classify__random_state': 42, 'classify__solver': 'lbfgs', 'classify__tol': 0.0001, 'impute': None, 'select': SelectKBest(score_func=<function mutual_info_classif at 0x7e3bb6fd3420>), 'select__k': 9, 'transform': None}",0.5493998153277931,0.5011954163316175,0.5548239895697523,0.535139740409721,0.024104194232418993,59,0.5642996924797316,0.6078294789634996,0.5471684790283857,0.5730992168238723,0.025534459720076518,148,0.5789473684210527,0.5672514619883041,0.6,0.582066276803119,0.013550212239362761,195
0.05752849578857422,0.0017860074474101751,0.007933298746744791,4.517988388154511e-05,,0.1,2000,2,l2,42,lbfgs,1e-06,,SelectKBest(score_func=<function mutual_info_classif at 0x7e3bb6fd3420>),9,,"{'balance': None, 'classify__C': 0.1, 'classify__max_iter': 2000, 'classify__n_jobs': 2, 'classify__penalty': 'l2', 'classify__random_state': 42, 'classify__solver': 'lbfgs', 'classify__tol': 1e-06, 'impute': None, 'select': SelectKBest(score_func=<function mutual_info_classif at 0x7e3bb6fd3420>), 'select__k': 9, 'transform': None}",0.5477428987706053,0.5011954163316175,0.5548239895697523,0.5345874348906583,0.02378803115451046,61,0.5732457366508248,0.610197826692672,0.5456150261262533,0.5763528631565834,0.02645720076642704,111,0.6140350877192983,0.5672514619883041,0.6,0.5937621832358674,0.019602035228033575,25
0.0798492431640625,0.017354441046044295,0.008251269658406576,0.00016110256224743748,,0.1,100,2,l2,42,lbfgs,0.0001,SimpleImputer(strategy='median'),SelectKBest(score_func=<function mutual_info_classif at 0x7e3bb6fd3420>),7,,"{'balance': None, 'classify__C': 0.1, 'classify__max_iter': 100, 'classify__n_jobs': 2, 'classify__penalty': 'l2', 'classify__random_state': 42, 'classify__solver': 'lbfgs', 'classify__tol': 0.0001, 'impute': SimpleImputer(strategy='median'), 'select': SelectKBest(score_func=<function mutual_info_classif at 0x7e3bb6fd3420>), 'select__k': 7, 'transform': None}",0.5382404926250939,0.5366685684400704,0.523939418594044,0.5329494932197362,0.006403323094626753,62,0.575482247693598,0.6198105321816663,0.549569269877136,0.5816206832508001,0.029002517429249707,63,0.6081871345029239,0.6023391812865497,0.5823529411764706,0.5976264189886481,0.011060710723533502,11
0.06065885225931803,0.01228933302246008,0.006987333297729492,0.0005980093424204437,,1.0,1000,2,l2,42,lbfgs,1e-08,,SelectKBest(score_func=<function mutual_info_classif at 0x7e3bb6fd3420>),7,,"{'balance': None, 'classify__C': 1.0, 'classify__max_iter': 1000, 'classify__n_jobs': 2, 'classify__penalty': 'l2', 'classify__random_state': 42, 'classify__solver': 'lbfgs', 'classify__tol': 1e-08, 'impute': None, 'select': SelectKBest(score_func=<function mutual_info_classif at 0x7e3bb6fd3420>), 'select__k': 7, 'transform': None}",0.5327098520640144,0.5324120315516331,0.5330619995325154,0.5327279610493877,0.0002656571042484461,63,0.5847078557450377,0.6205071050431875,0.5463211410817682,0.5838453672899978,0.030292432795144937,48,0.6081871345029239,0.5964912280701754,0.5823529411764706,0.5956771012498567,0.010562464613489062,23
0.045386314392089844,0.0007768250524837637,0.006490548451741536,0.00025956840927843114,,10.0,500,2,l2,42,lbfgs,1e-08,,SelectKBest(score_func=<function mutual_info_classif at 0x7e3bb6fd3420>),9,,"{'balance': None, 'classify__C': 10.0, 'classify__max_iter': 500, 'classify__n_jobs': 2, 'classify__penalty': 'l2', 'classify__random_state': 42, 'classify__solver': 'lbfgs', 'classify__tol': 1e-08, 'impute': None, 'select': SelectKBest(score_func=<function mutual_info_classif at 0x7e3bb6fd3420>), 'select__k': 9, 'transform': None}",0.5306572442034048,0.5094137783483098,0.5577350873627183,0.5326020366381442,0.019774965477039448,64,0.5710092256080515,0.617581499024798,0.5382714305888999,0.5756207184072498,0.03254198455538631,115,0.5906432748538012,0.5789473684210527,0.5941176470588235,0.5879027634445592,0.006489331787636345,80
0.043519814809163414,0.0007289400330000354,0.006634235382080078,6.541190888890754e-05,,100.0,200,2,l2,42,lbfgs,1e-06,SimpleImputer(strategy='median'),SelectKBest(score_func=<function mutual_info_classif at 0x7e3bb6fd3420>),9,,"{'balance': None, 'classify__C': 100.0, 'classify__max_iter': 200, 'classify__n_jobs': 2, 'classify__penalty': 'l2', 'classify__random_state': 42, 'classify__solver': 'lbfgs', 'classify__tol': 1e-06, 'impute': SimpleImputer(strategy='median'), 'select': SelectKBest(score_func=<function mutual_info_classif at 0x7e3bb6fd3420>), 'select__k': 9, 'transform': None}",0.5306572442034048,0.5094137783483098,0.5577350873627183,0.5326020366381442,0.019774965477039448,64,0.5710092256080515,0.617581499024798,0.5382714305888999,0.5756207184072498,0.03254198455538631,115,0.5906432748538012,0.5789473684210527,0.5941176470588235,0.5879027634445592,0.006489331787636345,80
0.05966083208719889,0.0006123901242596269,0.00880273183186849,8.87058815295513e-05,,0.1,2000,2,l2,42,lbfgs,1e-06,SimpleImputer(strategy='median'),SelectKBest(score_func=<function mutual_info_classif at 0x7e3bb6fd3420>),9,,"{'balance': None, 'classify__C': 0.1, 'classify__max_iter': 2000, 'classify__n_jobs': 2, 'classify__penalty': 'l2', 'classify__random_state': 42, 'classify__solver': 'lbfgs', 'classify__tol': 1e-06, 'impute': SimpleImputer(strategy='median'), 'select': SelectKBest(score_func=<function mutual_info_classif at 0x7e3bb6fd3420>), 'select__k': 9, 'transform': None}",0.552024358516882,0.4900651021284624,0.5548239895697523,0.5323044834050322,0.02988961337408732,66,0.598825831702544,0.6196712176093618,0.5456150261262533,0.5880373584793864,0.03118090484159388,21,0.6198830409356725,0.5672514619883041,0.6,0.5957115009746589,0.021699680389981647,13
0.06000534693400065,0.0032844517400660842,0.008010387420654297,0.00022479530192637284,,100.0,100,2,l2,42,lbfgs,1e-06,,SelectKBest(score_func=<function mutual_info_classif at 0x7e3bb6fd3420>),9,,"{'balance': None, 'classify__C': 100.0, 'classify__max_iter': 100, 'classify__n_jobs': 2, 'classify__penalty': 'l2', 'classify__random_state': 42, 'classify__solver': 'lbfgs', 'classify__tol': 1e-06, 'impute': None, 'select': SelectKBest(score_func=<function mutual_info_classif at 0x7e3bb6fd3420>), 'select__k': 9, 'transform': None}",0.5306572442034048,0.5244137065589431,0.5411929867611076,0.5320879791744851,0.006924416362591695,67,0.5710092256080515,0.5977988297575926,0.5485807089394154,0.5724629214350198,0.02011948935545137,156,0.5906432748538012,0.5730994152046783,0.5823529411764706,0.5820318770783167,0.007165847912767563,206
0.06088662147521973,0.008641462730136357,0.007803519566853841,0.0005987050000384372,,1.0,2000,2,l2,42,lbfgs,0.0001,,SelectKBest(score_func=<function mutual_info_classif at 0x7e3bb6fd3420>),9,,"{'balance': None, 'classify__C': 1.0, 'classify__max_iter': 2000, 'classify__n_jobs': 2, 'classify__penalty': 'l2', 'classify__random_state': 42, 'classify__solver': 'lbfgs', 'classify__tol': 0.0001, 'impute': None, 'select': SelectKBest(score_func=<function mutual_info_classif at 0x7e3bb6fd3420>), 'select__k': 9, 'transform': None}",0.5306572442034048,0.5244137065589431,0.5411929867611076,0.5320879791744851,0.006924416362591695,67,0.5696114062063182,0.5984954026191139,0.5485807089394154,0.5722291725882825,0.020461487187843772,159,0.5906432748538012,0.5730994152046783,0.5823529411764706,0.5820318770783167,0.007165847912767563,206
0.07523838678995769,0.001151677556484749,0.00983572006225586,0.0008954623501781893,,100.0,2000,2,l2,42,lbfgs,1e-06,,SelectKBest(score_func=<function mutual_info_classif at 0x7e3bb6fd3420>),9,,"{'balance': None, 'classify__C': 100.0, 'classify__max_iter': 2000, 'classify__n_jobs': 2, 'classify__penalty': 'l2', 'classify__random_state': 42, 'classify__solver': 'lbfgs', 'classify__tol': 1e-06, 'impute': None, 'select': SelectKBest(score_func=<function mutual_info_classif at 0x7e3bb6fd3420>), 'select__k': 9, 'transform': None}",0.5147165013984236,0.5244137065589431,0.5541171279791047,0.5310824453121571,0.016762187628837563,69,0.5796757058987978,0.5977988297575926,0.5508402767970625,0.5761049374844843,0.019336308064333643,113,0.5906432748538012,0.5730994152046783,0.5941176470588235,0.5859534457057677,0.009199180784068383,108
0.04497734705607096,0.01152272495466042,0.005759874979654948,0.000782588816805188,,0.1,200,2,l2,42,lbfgs,0.0001,SimpleImputer(strategy='median'),SelectKBest(score_func=<function mutual_info_classif at 0x7e3bb6fd3420>),9,,"{'balance': None, 'classify__C': 0.1, 'classify__max_iter': 200, 'classify__n_jobs': 2, 'classify__penalty': 'l2', 'classify__random_state': 42, 'classify__solver': 'lbfgs', 'classify__tol': 0.0001, 'impute': SimpleImputer(strategy='median'), 'select': SelectKBest(score_func=<function mutual_info_classif at 0x7e3bb6fd3420>), 'select__k': 9, 'transform': None}",0.5477428987706053,0.4900651021284624,0.5548239895697523,0.5308773301562734,0.02900303350998501,70,0.5732457366508248,0.6196712176093618,0.5456150261262533,0.5795106601288134,0.030556143123595694,85,0.6140350877192983,0.5672514619883041,0.6,0.5937621832358674,0.019602035228033575,25
0.08895222345987956,0.023144266875821745,0.00916139284769694,0.002195988939750902,,1.0,2000,2,l2,42,lbfgs,1e-06,,SelectKBest(score_func=<function mutual_info_classif at 0x7e3bb6fd3420>),9,,"{'balance': None, 'classify__C': 1.0, 'classify__max_iter': 2000, 'classify__n_jobs': 2, 'classify__penalty': 'l2', 'classify__random_state': 42, 'classify__solver': 'lbfgs', 'classify__tol': 1e-06, 'impute': None, 'select': SelectKBest(score_func=<function mutual_info_classif at 0x7e3bb6fd3420>), 'select__k': 9, 'transform': None}",0.5574768302489244,0.5244137065589431,0.510529261371341,0.5308065993930695,0.019692136585793597,71,0.5654179480011183,0.5984954026191139,0.546038695099562,0.5699840152399315,0.021657381627980404,199,0.6140350877192983,0.5730994152046783,0.5705882352941176,0.5859075794060314,0.019915555880943472,144
0.053862412770589195,0.0010399227428226124,0.008166869481404623,5.362539786730315e-05,,100.0,2000,2,l2,42,lbfgs,0.0001,SimpleImputer(strategy='median'),SelectKBest(score_func=<function mutual_info_classif at 0x7e3bb6fd3420>),9,,"{'balance': None, 'classify__C': 100.0, 'classify__max_iter': 2000, 'classify__n_jobs': 2, 'classify__penalty': 'l2', 'classify__random_state': 42, 'classify__solver': 'lbfgs', 'classify__tol': 0.0001, 'impute': SimpleImputer(strategy='median'), 'select': SelectKBest(score_func=<function mutual_info_classif at 0x7e3bb6fd3420>), 'select__k': 9, 'transform': None}",0.5614476594139203,0.5200255462235164,0.510529261371341,0.5306674890029259,0.022107450092609116,72,0.5940732457366509,0.5936193925884647,0.546038695099562,0.5779104444748926,0.022537491754155495,100,0.6257309941520468,0.5672514619883041,0.5705882352941176,0.5878568971448229,0.026815653787891074,96
0.05213610331217448,0.0005380763242097352,0.00800339380900065,6.156967146633963e-06,,0.1,100,2,l2,42,lbfgs,0.0001,SimpleImputer(strategy='median'),SelectKBest(score_func=<function mutual_info_classif at 0x7e3bb6fd3420>),9,,"{'balance': None, 'classify__C': 0.1, 'classify__max_iter': 100, 'classify__n_jobs': 2, 'classify__penalty': 'l2', 'classify__random_state': 42, 'classify__solver': 'lbfgs', 'classify__tol': 0.0001, 'impute': SimpleImputer(strategy='median'), 'select': SelectKBest(score_func=<function mutual_info_classif at 0x7e3bb6fd3420>), 'select__k': 9, 'transform': None}",0.5477428987706053,0.4900651021284624,0.5541171279791047,0.5306417096260575,0.028809761152672312,73,0.5732457366508248,0.6196712176093618,0.5491456009038271,0.5806875183880046,0.02926887697984403,67,0.6140350877192983,0.5672514619883041,0.5941176470588235,0.5918013989221419,0.01916943162446303,37
0.06545042991638184,0.004642815745245419,0.008575439453125,0.0001133415612105375,,10.0,100,2,l2,42,lbfgs,1e-06,,SelectKBest(score_func=<function mutual_info_classif at 0x7e3bb6fd3420>),9,,"{'balance': None, 'classify__C': 10.0, 'classify__max_iter': 100, 'classify__n_jobs': 2, 'classify__penalty': 'l2', 'classify__random_state': 42, 'classify__solver': 'lbfgs', 'classify__tol': 1e-06, 'impute': None, 'select': SelectKBest(score_func=<function mutual_info_classif at 0x7e3bb6fd3420>), 'select__k': 9, 'transform': None}",0.5087719298245614,0.5244137065589431,0.5577350873627183,0.5303069079154076,0.020418864899849634,74,0.5800950517193177,0.5977988297575926,0.5382714305888999,0.5720551040219367,0.02495807661098486,160,0.5906432748538012,0.5730994152046783,0.5941176470588235,0.5859534457057677,0.009199180784068383,108
0.043075958887736,0.0008547679992552511,0.006508429845174153,3.6156570341111176e-05,,0.1,100,2,l2,42,lbfgs,1e-08,SimpleImputer(strategy='median'),SelectKBest(score_func=<function mutual_info_classif at 0x7e3bb6fd3420>),9,,"{'balance': None, 'classify__C': 0.1, 'classify__max_iter': 100, 'classify__n_jobs': 2, 'classify__penalty': 'l2', 'classify__random_state': 42, 'classify__solver': 'lbfgs', 'classify__tol': 1e-08, 'impute': SimpleImputer(strategy='median'), 'select': SelectKBest(score_func=<function mutual_info_classif at 0x7e3bb6fd3420>), 'select__k': 9, 'transform': None}",0.5477428987706053,0.5011954163316175,0.5411929867611076,0.5300437672877768,0.02057337845372583,75,0.5732457366508248,0.610197826692672,0.5488631549216212,0.5774355727550393,0.025214434163137168,103,0.6140350877192983,0.5672514619883041,0.5823529411764706,0.5878798302946909,0.01949507265316481,93
0.054671923319498696,0.006724336382315852,0.007578690846761067,0.0010507364083336033,,100.0,500,2,l2,42,lbfgs,1e-08,,SelectKBest(score_func=<function mutual_info_classif at 0x7e3bb6fd3420>),7,,"{'balance': None, 'classify__C': 100.0, 'classify__max_iter': 500, 'classify__n_jobs': 2, 'classify__penalty': 'l2', 'classify__random_state': 42, 'classify__solver': 'lbfgs', 'classify__tol': 1e-08, 'impute': None, 'select': SelectKBest(score_func=<function mutual_info_classif at 0x7e3bb6fd3420>), 'select__k': 7, 'transform': None}",0.5327098520640144,0.5324120315516331,0.524270884824518,0.5297975894800552,0.003909861252998711,76,0.5844282918646911,0.6205071050431875,0.5129925151814716,0.5726426373631167,0.0446767873905164,153,0.6081871345029239,0.5964912280701754,0.5764705882352941,0.5937163169361311,0.013096053493019918,35
0.05922714869181315,0.0015508657570138542,0.008727153142293295,5.0231248324766966e-05,,1.0,100,2,l2,42,lbfgs,0.0001,SimpleImputer(strategy='median'),SelectKBest(score_func=<function mutual_info_classif at 0x7e3bb6fd3420>),9,,"{'balance': None, 'classify__C': 1.0, 'classify__max_iter': 100, 'classify__n_jobs': 2, 'classify__penalty': 'l2', 'classify__random_state': 42, 'classify__solver': 'lbfgs', 'classify__tol': 0.0001, 'impute': SimpleImputer(strategy='median'), 'select': SelectKBest(score_func=<function mutual_info_classif at 0x7e3bb6fd3420>), 'select__k': 9, 'transform': None}",0.5087719298245614,0.5244137065589431,0.5548239895697523,0.5293365419844189,0.0191202123970664,77,0.5802348336594911,0.5984954026191139,0.5454738031351505,0.5747346798045851,0.021992593787912424,117,0.5906432748538012,0.5730994152046783,0.6,0.5879142300194932,0.011150370094405537,57
0.06185269355773926,0.0010338070974839793,0.00925898551940918,0.0006047484321563447,,1.0,200,2,l2,42,lbfgs,1e-06,SimpleImputer(strategy='median'),SelectKBest(score_func=<function mutual_info_classif at 0x7e3bb6fd3420>),9,,"{'balance': None, 'classify__C': 1.0, 'classify__max_iter': 200, 'classify__n_jobs': 2, 'classify__penalty': 'l2', 'classify__random_state': 42, 'classify__solver': 'lbfgs', 'classify__tol': 1e-06, 'impute': SimpleImputer(strategy='median'), 'select': SelectKBest(score_func=<function mutual_info_classif at 0x7e3bb6fd3420>), 'select__k': 9, 'transform': None}",0.5526136015143344,0.5244137065589431,0.510529261371341,0.5291855231482062,0.017509056637237095,78,0.599245177523064,0.5984954026191139,0.546038695099562,0.5812597584139133,0.024906933657742852,65,0.5964912280701754,0.5730994152046783,0.5705882352941176,0.5800596261896571,0.011664037648707245,249
0.05365117390950521,0.00417827197988857,0.00724331537882487,0.0009510507723340185,,10.0,100,2,l2,42,lbfgs,1e-08,,SelectKBest(score_func=<function mutual_info_classif at 0x7e3bb6fd3420>),9,,"{'balance': None, 'classify__C': 10.0, 'classify__max_iter': 100, 'classify__n_jobs': 2, 'classify__penalty': 'l2', 'classify__random_state': 42, 'classify__solver': 'lbfgs', 'classify__tol': 1e-08, 'impute': None, 'select': SelectKBest(score_func=<function mutual_info_classif at 0x7e3bb6fd3420>), 'select__k': 9, 'transform': None}",0.552024358516882,0.5244137065589431,0.510529261371341,0.528989108815722,0.017246477923293486,79,0.5968688845401173,0.5977988297575926,0.546038695099562,0.5802354697990907,0.024183751424108654,73,0.6198830409356725,0.5730994152046783,0.5705882352941176,0.5878568971448228,0.02266909674306904,97
0.06372539202372234,0.0071897630928535955,0.008655707041422525,0.0003410003809111059,,10.0,500,2,l2,42,lbfgs,0.0001,,SelectKBest(score_func=<function mutual_info_classif at 0x7e3bb6fd3420>),9,,"{'balance': None, 'classify__C': 10.0, 'classify__max_iter': 500, 'classify__n_jobs': 2, 'classify__penalty': 'l2', 'classify__random_state': 42, 'classify__solver': 'lbfgs', 'classify__tol': 0.0001, 'impute': None, 'select': SelectKBest(score_func=<function mutual_info_classif at 0x7e3bb6fd3420>), 'select__k': 9, 'transform': None}",0.5306572442034048,0.5011954163316175,0.5548239895697523,0.5288922167015916,0.0219293176432999,80,0.5710092256080515,0.6074115352465868,0.5454738031351505,0.5746315213299296,0.02541536850673313,119,0.5906432748538012,0.5672514619883041,0.6,0.5859649122807018,0.013772726497197407,102
0.061810572942097984,0.0031394549802884596,0.008900006612141928,0.00017974972460286116,,1.0,1000,2,l2,42,lbfgs,0.0001,SimpleImputer(strategy='median'),SelectKBest(score_func=<function mutual_info_classif at 0x7e3bb6fd3420>),9,,"{'balance': None, 'classify__C': 1.0, 'classify__max_iter': 1000, 'classify__n_jobs': 2, 'classify__penalty': 'l2', 'classify__random_state': 42, 'classify__solver': 'lbfgs', 'classify__tol': 0.0001, 'impute': SimpleImputer(strategy='median'), 'select': SelectKBest(score_func=<function mutual_info_classif at 0x7e3bb6fd3420>), 'select__k': 9, 'transform': None}",0.5306572442034048,0.5011954163316175,0.5548239895697523,0.5288922167015916,0.0219293176432999,80,0.5696114062063182,0.6078294789634996,0.5454738031351505,0.574304896101656,0.02567202384634253,128,0.5906432748538012,0.5672514619883041,0.6,0.5859649122807018,0.013772726497197407,102
0.06265489260355632,0.010922275331055253,0.008793512980143229,0.0010820858870906182,,0.1,500,2,l2,42,lbfgs,1e-06,SimpleImputer(strategy='median'),SelectKBest(score_func=<function mutual_info_classif at 0x7e3bb6fd3420>),9,,"{'balance': None, 'classify__C': 0.1, 'classify__max_iter': 500, 'classify__n_jobs': 2, 'classify__penalty': 'l2', 'classify__random_state': 42, 'classify__solver': 'lbfgs', 'classify__tol': 1e-06, 'impute': SimpleImputer(strategy='median'), 'select': SelectKBest(score_func=<function mutual_info_classif at 0x7e3bb6fd3420>), 'select__k': 9, 'transform': None}",0.5526136015143344,0.5200338186870814,0.510529261371341,0.5277255605242522,0.01802119290696472,82,0.5991053955828908,0.6008637503482864,0.5464623640728711,0.5821438366680161,0.02524082100868632,56,0.5964912280701754,0.5730994152046783,0.5705882352941176,0.5800596261896571,0.011664037648707245,249
0.06675982475280762,0.007440699059352035,0.008129199345906576,0.00020236315198838344,,0.1,1000,2,l2,42,lbfgs,1e-06,,SelectKBest(score_func=<function mutual_info_classif at 0x7e3bb6fd3420>),9,,"{'balance': None, 'classify__C': 0.1, 'classify__max_iter': 1000, 'classify__n_jobs': 2, 'classify__penalty': 'l2', 'classify__random_state': 42, 'classify__solver': 'lbfgs', 'classify__tol': 1e-06, 'impute': None, 'select': SelectKBest(score_func=<function mutual_info_classif at 0x7e3bb6fd3420>), 'select__k': 9, 'transform': None}",0.552024358516882,0.5200338186870814,0.510529261371341,0.5275291461917682,0.017750037043742686,83,0.598825831702544,0.6008637503482864,0.5464623640728711,0.5820506487079005,0.025178466733164005,57,0.6198830409356725,0.5730994152046783,0.5705882352941176,0.5878568971448228,0.02266909674306904,97
0.0645606517791748,0.01866230724569042,0.007883071899414062,0.001510734844246266,,1.0,2000,2,l2,42,lbfgs,0.0001,,SelectKBest(score_func=<function mutual_info_classif at 0x7e3bb6fd3420>),7,,"{'balance': None, 'classify__C': 1.0, 'classify__max_iter': 2000, 'classify__n_jobs': 2, 'classify__penalty': 'l2', 'classify__random_state': 42, 'classify__solver': 'lbfgs', 'classify__tol': 0.0001, 'impute': None, 'select': SelectKBest(score_func=<function mutual_info_classif at 0x7e3bb6fd3420>), 'select__k': 7, 'transform': None}",0.5327098520640144,0.5053054826560757,0.541908992769816,0.5266414424966354,0.01554720626928979,84,0.5879228403690243,0.6241292839230983,0.5494280468860331,0.5871600570593852,0.030501421633535367,24,0.6081871345029239,0.5730994152046783,0.5941176470588235,0.5918013989221419,0.014417830753645064,37
0.0648350715637207,0.007783077268547516,0.007919629414876303,0.0007239140170067478,,10.0,200,2,l2,42,lbfgs,1e-08,,SelectKBest(score_func=<function mutual_info_classif at 0x7e3bb6fd3420>),7,,"{'balance': None, 'classify__C': 10.0, 'classify__max_iter': 200, 'classify__n_jobs': 2, 'classify__penalty': 'l2', 'classify__random_state': 42, 'classify__solver': 'lbfgs', 'classify__tol': 1e-08, 'impute': None, 'select': SelectKBest(score_func=<function mutual_info_classif at 0x7e3bb6fd3420>), 'select__k': 7, 'transform': None}",0.5327098520640144,0.5053054826560757,0.541908992769816,0.5266414424966354,0.01554720626928979,84,0.5844282918646911,0.6239899693507941,0.5494280468860331,0.5859487693671728,0.030458758557399355,35,0.6081871345029239,0.5730994152046783,0.5941176470588235,0.5918013989221419,0.014417830753645064,37
0.05753000577290853,0.004930806143827232,0.00769956906636556,0.000116009089725355,,10.0,1000,2,l2,42,lbfgs,0.0001,,SelectKBest(score_func=<function mutual_info_classif at 0x7e3bb6fd3420>),7,,"{'balance': None, 'classify__C': 10.0, 'classify__max_iter': 1000, 'classify__n_jobs': 2, 'classify__penalty': 'l2', 'classify__random_state': 42, 'classify__solver': 'lbfgs', 'classify__tol': 0.0001, 'impute': None, 'select': SelectKBest(score_func=<function mutual_info_classif at 0x7e3bb6fd3420>), 'select__k': 7, 'transform': None}",0.5327098520640144,0.5053054826560757,0.541908992769816,0.5266414424966354,0.01554720626928979,84,0.5845680738048645,0.6241292839230983,0.5494280468860331,0.5860418015379986,0.03051445131726395,34,0.6081871345029239,0.5730994152046783,0.5941176470588235,0.5918013989221419,0.014417830753645064,37
0.07886576652526855,0.02552738420223594,0.008073727289835611,0.0003347202313787919,,100.0,500,2,l2,42,lbfgs,1e-06,,SelectKBest(score_func=<function mutual_info_classif at 0x7e3bb6fd3420>),7,,"{'balance': None, 'classify__C': 100.0, 'classify__max_iter': 500, 'classify__n_jobs': 2, 'classify__penalty': 'l2', 'classify__random_state': 42, 'classify__solver': 'lbfgs', 'classify__tol': 1e-06, 'impute': None, 'select': SelectKBest(score_func=<function mutual_info_classif at 0x7e3bb6fd3420>), 'select__k': 7, 'transform': None}",0.5327098520640144,0.5053054826560757,0.541908992769816,0.5266414424966354,0.01554720626928979,84,0.5844282918646911,0.6239899693507941,0.5494280468860331,0.5859487693671728,0.030458758557399355,35,0.6081871345029239,0.5730994152046783,0.5941176470588235,0.5918013989221419,0.014417830753645064,37
0.048508644104003906,0.008747690910454754,0.007417043050130208,0.0013827259795415915,,0.01,1000,2,l2,42,lbfgs,1e-06,SimpleImputer(strategy='median'),SelectKBest(score_func=<function mutual_info_classif at 0x7e3bb6fd3420>),9,,"{'balance': None, 'classify__C': 0.01, 'classify__max_iter': 1000, 'classify__n_jobs': 2, 'classify__penalty': 'l2', 'classify__random_state': 42, 'classify__solver': 'lbfgs', 'classify__tol': 1e-06, 'impute': SimpleImputer(strategy='median'), 'select': SelectKBest(score_func=<function mutual_info_classif at 0x7e3bb6fd3420>), 'select__k': 9, 'transform': None}",0.5396458798190976,0.476283077861664,0.5633160498241849,0.5264150025016489,0.03674213419766897,88,0.6025999440872238,0.6110337141264977,0.5429317892952973,0.5855218158363397,0.03031187764825151,38,0.5847953216374269,0.5555555555555556,0.6058823529411764,0.582077743378053,0.020635496237796976,192
0.07009522120157878,0.019399841752764234,0.008013725280761719,0.0016159842800658887,,0.01,1000,2,l2,42,lbfgs,1e-08,SimpleImputer(strategy='median'),SelectKBest(score_func=<function mutual_info_classif at 0x7e3bb6fd3420>),9,,"{'balance': None, 'classify__C': 0.01, 'classify__max_iter': 1000, 'classify__n_jobs': 2, 'classify__penalty': 'l2', 'classify__random_state': 42, 'classify__solver': 'lbfgs', 'classify__tol': 1e-08, 'impute': SimpleImputer(strategy='median'), 'select': SelectKBest(score_func=<function mutual_info_classif at 0x7e3bb6fd3420>), 'select__k': 9, 'transform': None}",0.5396458798190976,0.476283077861664,0.5633160498241849,0.5264150025016489,0.03674213419766897,88,0.6025999440872238,0.6110337141264977,0.5429317892952973,0.5855218158363397,0.03031187764825151,38,0.5847953216374269,0.5555555555555556,0.6058823529411764,0.582077743378053,0.020635496237796976,192
0.04652778307596842,0.005773051576926916,0.006484270095825195,0.0008788719620007231,,0.1,200,2,l2,42,lbfgs,1e-08,,SelectKBest(score_func=<function mutual_info_classif at 0x7e3bb6fd3420>),9,,"{'balance': None, 'classify__C': 0.1, 'classify__max_iter': 200, 'classify__n_jobs': 2, 'classify__penalty': 'l2', 'classify__random_state': 42, 'classify__solver': 'lbfgs', 'classify__tol': 1e-08, 'impute': None, 'select': SelectKBest(score_func=<function mutual_info_classif at 0x7e3bb6fd3420>), 'select__k': 9, 'transform': None}",0.5477428987706053,0.5200338186870814,0.510529261371341,0.5261019929430093,0.0157867192331869,90,0.5732457366508248,0.6008637503482864,0.5464623640728711,0.5735239503573274,0.022210144218676325,140,0.6140350877192983,0.5730994152046783,0.5705882352941176,0.5859075794060314,0.019915555880943472,144
0.04564579327901205,0.00272326095840755,0.006714741388956706,5.183080751090653e-05,,10.0,200,2,l2,42,lbfgs,1e-06,SimpleImputer(strategy='median'),SelectKBest(score_func=<function mutual_info_classif at 0x7e3bb6fd3420>),7,,"{'balance': None, 'classify__C': 10.0, 'classify__max_iter': 200, 'classify__n_jobs': 2, 'classify__penalty': 'l2', 'classify__random_state': 42, 'classify__solver': 'lbfgs', 'classify__tol': 1e-06, 'impute': SimpleImputer(strategy='median'), 'select': SelectKBest(score_func=<function mutual_info_classif at 0x7e3bb6fd3420>), 'select__k': 7, 'transform': None}",0.5327098520640144,0.5026215614450908,0.541908992769816,0.5257468020929738,0.016777735518600345,91,0.5844282918646911,0.5887433825578156,0.5494280468860331,0.5741999071028466,0.01760471141245023,129,0.6081871345029239,0.5555555555555556,0.5941176470588235,0.5859534457057677,0.022248766459037624,108
0.04494436581929525,0.0016455623884673236,0.0067433516184488935,9.635106754866667e-05,,100.0,100,2,l2,42,lbfgs,1e-08,SimpleImputer(strategy='median'),SelectKBest(score_func=<function mutual_info_classif at 0x7e3bb6fd3420>),7,,"{'balance': None, 'classify__C': 100.0, 'classify__max_iter': 100, 'classify__n_jobs': 2, 'classify__penalty': 'l2', 'classify__random_state': 42, 'classify__solver': 'lbfgs', 'classify__tol': 1e-08, 'impute': SimpleImputer(strategy='median'), 'select': SelectKBest(score_func=<function mutual_info_classif at 0x7e3bb6fd3420>), 'select__k': 7, 'transform': None}",0.5024792056495331,0.5324120315516331,0.541908992769816,0.525600076656994,0.016802362437122825,92,0.5796757058987978,0.6205071050431875,0.5494280468860331,0.5832036192760062,0.029124934983902822,54,0.5906432748538012,0.5964912280701754,0.5941176470588235,0.5937507166609334,0.00240147421984875,27
0.056095520655314125,0.00397893504130154,0.008018096288045248,0.0012129423359303892,,10.0,500,2,l2,42,lbfgs,1e-06,,SelectKBest(score_func=<function mutual_info_classif at 0x7e3bb6fd3420>),7,,"{'balance': None, 'classify__C': 10.0, 'classify__max_iter': 500, 'classify__n_jobs': 2, 'classify__penalty': 'l2', 'classify__random_state': 42, 'classify__solver': 'lbfgs', 'classify__tol': 1e-06, 'impute': None, 'select': SelectKBest(score_func=<function mutual_info_classif at 0x7e3bb6fd3420>), 'select__k': 7, 'transform': None}",0.5424469870327995,0.49175220820829685,0.541908992769816,0.5253693960036374,0.02377195610948817,93,0.6051160190103438,0.568821398718306,0.5494280468860331,0.574455154871561,0.023080900706359753,123,0.6140350877192983,0.5614035087719298,0.5941176470588235,0.5898520811833506,0.02169742019690774,42
0.04143261909484863,0.0019253473521681935,0.005857229232788086,0.00017805202073828584,,10.0,2000,2,l2,42,lbfgs,0.0001,,SelectKBest(score_func=<function mutual_info_classif at 0x7e3bb6fd3420>),7,,"{'balance': None, 'classify__C': 10.0, 'classify__max_iter': 2000, 'classify__n_jobs': 2, 'classify__penalty': 'l2', 'classify__random_state': 42, 'classify__solver': 'lbfgs', 'classify__tol': 0.0001, 'impute': None, 'select': SelectKBest(score_func=<function mutual_info_classif at 0x7e3bb6fd3420>), 'select__k': 7, 'transform': None}",0.5424469870327995,0.49175220820829685,0.541908992769816,0.5253693960036374,0.02377195610948817,93,0.6051160190103438,0.6168849261632766,0.5494280468860331,0.5904763306865511,0.029420491680907206,15,0.6140350877192983,0.5614035087719298,0.5941176470588235,0.5898520811833506,0.02169742019690774,42
0.053391615549723305,0.0012051939505152666,0.008070151011149088,3.82661613142117e-05,,0.01,2000,2,l2,42,lbfgs,1e-06,SimpleImputer(strategy='median'),SelectKBest(score_func=<function mutual_info_classif at 0x7e3bb6fd3420>),9,,"{'balance': None, 'classify__C': 0.01, 'classify__max_iter': 2000, 'classify__n_jobs': 2, 'classify__penalty': 'l2', 'classify__random_state': 42, 'classify__solver': 'lbfgs', 'classify__tol': 1e-06, 'impute': SimpleImputer(strategy='median'), 'select': SelectKBest(score_func=<function mutual_info_classif at 0x7e3bb6fd3420>), 'select__k': 9, 'transform': None}",0.5396458798190976,0.472410445817648,0.5633160498241849,0.5251241251536435,0.038506434344327906,95,0.6025999440872238,0.6150738367233213,0.5429317892952973,0.5868685233686142,0.03148255548867492,28,0.5847953216374269,0.5497076023391813,0.6058823529411764,0.5801284256392615,0.023169456762332,217
0.053153038024902344,0.007012351760335276,0.00780797004699707,0.0010909561257293789,,10.0,2000,2,l2,42,lbfgs,1e-06,SimpleImputer(strategy='median'),SelectKBest(score_func=<function mutual_info_classif at 0x7e3bb6fd3420>),9,,"{'balance': None, 'classify__C': 10.0, 'classify__max_iter': 2000, 'classify__n_jobs': 2, 'classify__penalty': 'l2', 'classify__random_state': 42, 'classify__solver': 'lbfgs', 'classify__tol': 1e-06, 'impute': SimpleImputer(strategy='median'), 'select': SelectKBest(score_func=<function mutual_info_classif at 0x7e3bb6fd3420>), 'select__k': 9, 'transform': None}",0.5398750143332187,0.5244137065589431,0.510529261371341,0.5249393274211677,0.011986117308313884,96,0.5623427453173049,0.5977988297575926,0.546038695099562,0.5687267567248199,0.02160778542088976,206,0.5906432748538012,0.5730994152046783,0.5705882352941176,0.5781103084508658,0.008921245850165137,284
0.044945875803629555,0.00037064555340313957,0.0062999725341796875,3.566888561397181e-05,,100.0,200,2,l2,42,lbfgs,0.0001,,SelectKBest(score_func=<function mutual_info_classif at 0x7e3bb6fd3420>),9,,"{'balance': None, 'classify__C': 100.0, 'classify__max_iter': 200, 'classify__n_jobs': 2, 'classify__penalty': 'l2', 'classify__random_state': 42, 'classify__solver': 'lbfgs', 'classify__tol': 0.0001, 'impute': None, 'select': SelectKBest(score_func=<function mutual_info_classif at 0x7e3bb6fd3420>), 'select__k': 9, 'transform': None}",0.5526136015143344,0.5094137783483098,0.510529261371341,0.524185547077995,0.020106827776823648,97,0.5988258317025441,0.617581499024798,0.546038695099562,0.5874820086089682,0.03028866608876386,23,0.5964912280701754,0.5789473684210527,0.5705882352941176,0.5820089439284486,0.01079417102358924,216
0.07642928759256999,0.014814526319411235,0.0074253082275390625,0.0006775571061884413,,1.0,1000,2,l2,42,lbfgs,1e-06,,SelectKBest(score_func=<function mutual_info_classif at 0x7e3bb6fd3420>),9,,"{'balance': None, 'classify__C': 1.0, 'classify__max_iter': 1000, 'classify__n_jobs': 2, 'classify__penalty': 'l2', 'classify__random_state': 42, 'classify__solver': 'lbfgs', 'classify__tol': 1e-06, 'impute': None, 'select': SelectKBest(score_func=<function mutual_info_classif at 0x7e3bb6fd3420>), 'select__k': 9, 'transform': None}",0.5306572442034048,0.4836714557312348,0.5577350873627183,0.5240212624324526,0.03059828506261231,98,0.5711490075482248,0.6110337141264978,0.5382714305888999,0.5734847174212075,0.0297509566441093,141,0.5906432748538012,0.5497076023391813,0.5941176470588235,0.578156174750602,0.020166122908492595,258
0.08890612920125325,0.01882983347469954,0.008328835169474283,0.00011543536144720395,,100.0,2000,2,l2,42,lbfgs,1e-08,,SelectKBest(score_func=<function mutual_info_classif at 0x7e3bb6fd3420>),9,,"{'balance': None, 'classify__C': 100.0, 'classify__max_iter': 2000, 'classify__n_jobs': 2, 'classify__penalty': 'l2', 'classify__random_state': 42, 'classify__solver': 'lbfgs', 'classify__tol': 1e-08, 'impute': None, 'select': SelectKBest(score_func=<function mutual_info_classif at 0x7e3bb6fd3420>), 'select__k': 9, 'transform': None}",0.552024358516882,0.5094137783483098,0.510529261371341,0.523989132745511,0.01982912821469936,99,0.597567794240984,0.617581499024798,0.5458974721084593,0.5870155884580804,0.030201122649101974,27,0.6198830409356725,0.5789473684210527,0.5705882352941176,0.5898062148836142,0.0215395817923311,55
0.05235846837361654,0.0006764680987285827,0.008115371068318685,6.723836038710613e-05,,100.0,2000,2,l2,42,lbfgs,0.0001,SimpleImputer(strategy='median'),SelectKBest(score_func=<function mutual_info_classif at 0x7e3bb6fd3420>),7,,"{'balance': None, 'classify__C': 100.0, 'classify__max_iter': 2000, 'classify__n_jobs': 2, 'classify__penalty': 'l2', 'classify__random_state': 42, 'classify__solver': 'lbfgs', 'classify__tol': 0.0001, 'impute': SimpleImputer(strategy='median'), 'select': SelectKBest(score_func=<function mutual_info_classif at 0x7e3bb6fd3420>), 'select__k': 7, 'transform': None}",0.5382404926250939,0.49175220820829685,0.541908992769816,0.5239672312010689,0.022828640682945923,100,0.5756220296337714,0.5691000278629145,0.5494280468860331,0.5647167014609064,0.011133772819881841,234,0.6081871345029239,0.5614035087719298,0.5941176470588235,0.5879027634445592,0.0195983926702944,80
0.06150142351786295,0.009932778111204705,0.008584260940551758,0.00033451052780000823,,0.01,2000,2,l2,42,lbfgs,1e-08,SimpleImputer(strategy='median'),SelectKBest(score_func=<function mutual_info_classif at 0x7e3bb6fd3420>),7,,"{'balance': None, 'classify__C': 0.01, 'classify__max_iter': 2000, 'classify__n_jobs': 2, 'classify__penalty': 'l2', 'classify__random_state': 42, 'classify__solver': 'lbfgs', 'classify__tol': 1e-08, 'impute': SimpleImputer(strategy='median'), 'select': SelectKBest(score_func=<function mutual_info_classif at 0x7e3bb6fd3420>), 'select__k': 7, 'transform': None}",0.5228070175438597,0.4851373243416343,0.5633160498241849,0.5237534639032263,0.03192334673403747,101,0.6052558009505172,0.6239899693507942,0.5457562491173563,0.5916673398062225,0.033352795510955914,7,0.6023391812865497,0.5789473684210527,0.6058823529411764,0.5957229675495929,0.01195000867320881,12
0.04751467704772949,0.008675967581930424,0.0068407853444417315,0.0013097430747645881,,10.0,2000,2,l2,42,lbfgs,1e-08,SimpleImputer(strategy='median'),SelectKBest(score_func=<function mutual_info_classif at 0x7e3bb6fd3420>),7,,"{'balance': None, 'classify__C': 10.0, 'classify__max_iter': 2000, 'classify__n_jobs': 2, 'classify__penalty': 'l2', 'classify__random_state': 42, 'classify__solver': 'lbfgs', 'classify__tol': 1e-08, 'impute': SimpleImputer(strategy='median'), 'select': SelectKBest(score_func=<function mutual_info_classif at 0x7e3bb6fd3420>), 'select__k': 7, 'transform': None}",0.5327098520640144,0.4957863833024295,0.541908992769816,0.5234684093787533,0.01993116442825132,102,0.5844282918646911,0.5707718027305656,0.5494280468860331,0.5682093804937632,0.014403212441009214,216,0.6081871345029239,0.5672514619883041,0.5941176470588235,0.5898520811833506,0.01698192392387761,42
0.05959399541219076,0.00040343773955489625,0.008821964263916016,2.543454348417854e-05,,1.0,200,2,l2,42,lbfgs,1e-08,SimpleImputer(strategy='median'),SelectKBest(score_func=<function mutual_info_classif at 0x7e3bb6fd3420>),7,,"{'balance': None, 'classify__C': 1.0, 'classify__max_iter': 200, 'classify__n_jobs': 2, 'classify__penalty': 'l2', 'classify__random_state': 42, 'classify__solver': 'lbfgs', 'classify__tol': 1e-08, 'impute': SimpleImputer(strategy='median'), 'select': SelectKBest(score_func=<function mutual_info_classif at 0x7e3bb6fd3420>), 'select__k': 7, 'transform': None}",0.5327098520640144,0.4957863833024295,0.541908992769816,0.5234684093787533,0.01993116442825132,102,0.5872239306681576,0.568821398718306,0.5494280468860331,0.5684911254241656,0.01543187217103145,211,0.6081871345029239,0.5672514619883041,0.5941176470588235,0.5898520811833506,0.01698192392387761,42
0.05645116170247396,0.000710625238645798,0.00798813501993815,0.00016746630670694756,,1.0,100,2,l2,42,lbfgs,0.0001,,SelectKBest(score_func=<function mutual_info_classif at 0x7e3bb6fd3420>),7,,"{'balance': None, 'classify__C': 1.0, 'classify__max_iter': 100, 'classify__n_jobs': 2, 'classify__penalty': 'l2', 'classify__random_state': 42, 'classify__solver': 'lbfgs', 'classify__tol': 0.0001, 'impute': None, 'select': SelectKBest(score_func=<function mutual_info_classif at 0x7e3bb6fd3420>), 'select__k': 7, 'transform': None}",0.5327098520640144,0.4957863833024295,0.541908992769816,0.5234684093787533,0.01993116442825132,102,0.5848476376852111,0.568821398718306,0.5494280468860331,0.5676990277631834,0.01448175036648956,222,0.6081871345029239,0.5672514619883041,0.5941176470588235,0.5898520811833506,0.01698192392387761,42
0.05839912096659342,0.0034814551460536965,0.008476813634236654,0.00013518499294506683,,1.0,100,2,l2,42,lbfgs,1e-08,SimpleImputer(strategy='median'),SelectKBest(score_func=<function mutual_info_classif at 0x7e3bb6fd3420>),7,,"{'balance': None, 'classify__C': 1.0, 'classify__max_iter': 100, 'classify__n_jobs': 2, 'classify__penalty': 'l2', 'classify__random_state': 42, 'classify__solver': 'lbfgs', 'classify__tol': 1e-08, 'impute': SimpleImputer(strategy='median'), 'select': SelectKBest(score_func=<function mutual_info_classif at 0x7e3bb6fd3420>), 'select__k': 7, 'transform': None}",0.5327098520640144,0.4957863833024295,0.541908992769816,0.5234684093787533,0.01993116442825132,102,0.6053955828906905,0.568821398718306,0.5494280468860331,0.5745483428316766,0.023204736416895706,121,0.6081871345029239,0.5672514619883041,0.5941176470588235,0.5898520811833506,0.01698192392387761,42
0.05883232752482096,0.002673078122018472,0.008464813232421875,0.00036289318002299373,,1.0,200,2,l2,42,lbfgs,0.0001,,SelectKBest(score_func=<function mutual_info_classif at 0x7e3bb6fd3420>),7,,"{'balance': None, 'classify__C': 1.0, 'classify__max_iter': 200, 'classify__n_jobs': 2, 'classify__penalty': 'l2', 'classify__random_state': 42, 'classify__solver': 'lbfgs', 'classify__tol': 0.0001, 'impute': None, 'select': SelectKBest(score_func=<function mutual_info_classif at 0x7e3bb6fd3420>), 'select__k': 7, 'transform': None}",0.5327098520640144,0.4957863833024295,0.541908992769816,0.5234684093787533,0.01993116442825132,102,0.5848476376852111,0.568821398718306,0.5494280468860331,0.5676990277631834,0.01448175036648956,222,0.6081871345029239,0.5672514619883041,0.5941176470588235,0.5898520811833506,0.01698192392387761,42
0.06546529134114583,0.00281600237686666,0.009975194931030273,0.00033802390513726414,,100.0,500,2,l2,42,lbfgs,1e-06,SimpleImputer(strategy='median'),SelectKBest(score_func=<function mutual_info_classif at 0x7e3bb6fd3420>),9,,"{'balance': None, 'classify__C': 100.0, 'classify__max_iter': 500, 'classify__n_jobs': 2, 'classify__penalty': 'l2', 'classify__random_state': 42, 'classify__solver': 'lbfgs', 'classify__tol': 1e-06, 'impute': SimpleImputer(strategy='median'), 'select': SelectKBest(score_func=<function mutual_info_classif at 0x7e3bb6fd3420>), 'select__k': 9, 'transform': None}",0.5306572442034048,0.4836714557312348,0.5548239895697523,0.5230508965014639,0.029541644751462967,107,0.5710092256080515,0.6106157704095848,0.5454738031351505,0.5756995997175955,0.026800107985621748,114,0.5906432748538012,0.5497076023391813,0.6,0.5801169590643275,0.02183931941389618,219
0.059334913889567055,0.00026734582592416445,0.008783817291259766,0.00011325911424977286,,0.1,2000,2,l2,42,lbfgs,1e-08,SimpleImputer(strategy='median'),SelectKBest(score_func=<function mutual_info_classif at 0x7e3bb6fd3420>),9,,"{'balance': None, 'classify__C': 0.1, 'classify__max_iter': 2000, 'classify__n_jobs': 2, 'classify__penalty': 'l2', 'classify__random_state': 42, 'classify__solver': 'lbfgs', 'classify__tol': 1e-08, 'impute': SimpleImputer(strategy='median'), 'select': SelectKBest(score_func=<function mutual_info_classif at 0x7e3bb6fd3420>), 'select__k': 9, 'transform': None}",0.5477428987706053,0.4646456593127393,0.5548239895697523,0.5224041825510324,0.040943625606662024,108,0.5732457366508248,0.613820005572583,0.5477333709927976,0.5782663710720685,0.02721232435269423,94,0.6140350877192983,0.5380116959064327,0.6,0.5840155945419103,0.03303043989079944,149
0.0935669740041097,0.03069758845984316,0.012681722640991211,0.005116467532919688,,100.0,2000,2,l2,42,lbfgs,1e-08,SimpleImputer(strategy='median'),SelectKBest(score_func=<function mutual_info_classif at 0x7e3bb6fd3420>),7,,"{'balance': None, 'classify__C': 100.0, 'classify__max_iter': 2000, 'classify__n_jobs': 2, 'classify__penalty': 'l2', 'classify__random_state': 42, 'classify__solver': 'lbfgs', 'classify__tol': 1e-08, 'impute': SimpleImputer(strategy='median'), 'select': SelectKBest(score_func=<function mutual_info_classif at 0x7e3bb6fd3420>), 'select__k': 7, 'transform': None}",0.5327098520640144,0.5053054826560757,0.5286371654267966,0.5222175000489622,0.012073633624119865,109,0.5844282918646911,0.6239899693507941,0.5297980511227228,0.5794054374460694,0.03861736366587719,87,0.6081871345029239,0.5730994152046783,0.5764705882352941,0.5859190459809654,0.01580594881085225,143
0.05539830525716146,0.03191208520206528,0.005872567494710286,0.001388969189027914,,0.1,200,2,l2,42,lbfgs,0.0001,,SelectKBest(score_func=<function mutual_info_classif at 0x7e3bb6fd3420>),9,,"{'balance': None, 'classify__C': 0.1, 'classify__max_iter': 200, 'classify__n_jobs': 2, 'classify__penalty': 'l2', 'classify__random_state': 42, 'classify__solver': 'lbfgs', 'classify__tol': 0.0001, 'impute': None, 'select': SelectKBest(score_func=<function mutual_info_classif at 0x7e3bb6fd3420>), 'select__k': 9, 'transform': None}",0.5477428987706053,0.4646456593127393,0.5541171279791047,0.5221685620208164,0.04075799268423968,110,0.5732457366508248,0.613820005572583,0.5491456009038271,0.5787371143757449,0.026687213877345947,91,0.6140350877192983,0.5380116959064327,0.5941176470588235,0.5820548102281848,0.03218719258737423,197
0.04779314994812012,0.0045550231999540265,0.006827513376871745,0.0001222523021430176,,10.0,2000,2,l2,42,lbfgs,0.0001,SimpleImputer(strategy='median'),SelectKBest(score_func=<function mutual_info_classif at 0x7e3bb6fd3420>),7,,"{'balance': None, 'classify__C': 10.0, 'classify__max_iter': 2000, 'classify__n_jobs': 2, 'classify__penalty': 'l2', 'classify__random_state': 42, 'classify__solver': 'lbfgs', 'classify__tol': 0.0001, 'impute': SimpleImputer(strategy='median'), 'select': SelectKBest(score_func=<function mutual_info_classif at 0x7e3bb6fd3420>), 'select__k': 7, 'transform': None}",0.5327098520640144,0.49175220820829685,0.541908992769816,0.5221236843473758,0.021801773163074956,111,0.5845680738048645,0.5691000278629145,0.5494280468860331,0.567698716184604,0.014380035437575172,224,0.6081871345029239,0.5614035087719298,0.5941176470588235,0.5879027634445592,0.0195983926702944,80
0.0431675910949707,0.003855933608713381,0.006610790888468425,0.0012417023681884922,,10.0,2000,2,l2,42,lbfgs,1e-06,,SelectKBest(score_func=<function mutual_info_classif at 0x7e3bb6fd3420>),7,,"{'balance': None, 'classify__C': 10.0, 'classify__max_iter': 2000, 'classify__n_jobs': 2, 'classify__penalty': 'l2', 'classify__random_state': 42, 'classify__solver': 'lbfgs', 'classify__tol': 1e-06, 'impute': None, 'select': SelectKBest(score_func=<function mutual_info_classif at 0x7e3bb6fd3420>), 'select__k': 7, 'transform': None}",0.5327098520640144,0.49175220820829685,0.541908992769816,0.5221236843473758,0.021801773163074956,111,0.5844282918646911,0.6168849261632766,0.5494280468860331,0.5835804216380003,0.0275456808882643,52,0.6081871345029239,0.5614035087719298,0.5941176470588235,0.5879027634445592,0.0195983926702944,80
0.0615229606628418,0.0027953290096276655,0.008634726206461588,0.00015553401075280078,,10.0,100,2,l2,42,lbfgs,1e-08,,SelectKBest(score_func=<function mutual_info_classif at 0x7e3bb6fd3420>),7,,"{'balance': None, 'classify__C': 10.0, 'classify__max_iter': 100, 'classify__n_jobs': 2, 'classify__penalty': 'l2', 'classify__random_state': 42, 'classify__solver': 'lbfgs', 'classify__tol': 1e-08, 'impute': None, 'select': SelectKBest(score_func=<function mutual_info_classif at 0x7e3bb6fd3420>), 'select__k': 7, 'transform': None}",0.5327098520640144,0.49175220820829685,0.541908992769816,0.5221236843473758,0.021801773163074956,111,0.587363712608331,0.568821398718306,0.5494280468860331,0.5685377194042234,0.01548846966646287,207,0.6081871345029239,0.5614035087719298,0.5941176470588235,0.5879027634445592,0.0195983926702944,80
0.04619455337524414,0.006335195086527243,0.006654818852742513,0.0007840014084046073,,100.0,100,2,l2,42,lbfgs,1e-08,,SelectKBest(score_func=<function mutual_info_classif at 0x7e3bb6fd3420>),7,,"{'balance': None, 'classify__C': 100.0, 'classify__max_iter': 100, 'classify__n_jobs': 2, 'classify__penalty': 'l2', 'classify__random_state': 42, 'classify__solver': 'lbfgs', 'classify__tol': 1e-08, 'impute': None, 'select': SelectKBest(score_func=<function mutual_info_classif at 0x7e3bb6fd3420>), 'select__k': 7, 'transform': None}",0.5327098520640144,0.49175220820829685,0.541908992769816,0.5221236843473758,0.021801773163074956,111,0.587363712608331,0.568821398718306,0.5494280468860331,0.5685377194042234,0.01548846966646287,207,0.6081871345029239,0.5614035087719298,0.5941176470588235,0.5879027634445592,0.0195983926702944,80
0.07251834869384766,0.026298222391036744,0.007234891255696614,0.0007040532621916815,,100.0,1000,2,l2,42,lbfgs,1e-06,,SelectKBest(score_func=<function mutual_info_classif at 0x7e3bb6fd3420>),7,,"{'balance': None, 'classify__C': 100.0, 'classify__max_iter': 1000, 'classify__n_jobs': 2, 'classify__penalty': 'l2', 'classify__random_state': 42, 'classify__solver': 'lbfgs', 'classify__tol': 1e-06, 'impute': None, 'select': SelectKBest(score_func=<function mutual_info_classif at 0x7e3bb6fd3420>), 'select__k': 7, 'transform': None}",0.5327098520640144,0.49175220820829685,0.541908992769816,0.5221236843473758,0.021801773163074956,111,0.587363712608331,0.568821398718306,0.5494280468860331,0.5685377194042234,0.01548846966646287,207,0.6081871345029239,0.5614035087719298,0.5941176470588235,0.5879027634445592,0.0195983926702944,80
0.05825885136922201,0.002185795530421043,0.008371353149414062,0.00011919609632600546,,10.0,100,2,l2,42,lbfgs,0.0001,,SelectKBest(score_func=<function mutual_info_classif at 0x7e3bb6fd3420>),7,,"{'balance': None, 'classify__C': 10.0, 'classify__max_iter': 100, 'classify__n_jobs': 2, 'classify__penalty': 'l2', 'classify__random_state': 42, 'classify__solver': 'lbfgs', 'classify__tol': 0.0001, 'impute': None, 'select': SelectKBest(score_func=<function mutual_info_classif at 0x7e3bb6fd3420>), 'select__k': 7, 'transform': None}",0.5327098520640144,0.49175220820829685,0.541908992769816,0.5221236843473758,0.021801773163074956,111,0.587783058428851,0.5691000278629145,0.5494280468860331,0.5687703777259329,0.015660102799195018,205,0.6081871345029239,0.5614035087719298,0.5941176470588235,0.5879027634445592,0.0195983926702944,80
0.0472874641418457,0.00862217392712301,0.006547451019287109,0.0008058885843767014,,100.0,200,2,l2,42,lbfgs,1e-06,,SelectKBest(score_func=<function mutual_info_classif at 0x7e3bb6fd3420>),7,,"{'balance': None, 'classify__C': 100.0, 'classify__max_iter': 200, 'classify__n_jobs': 2, 'classify__penalty': 'l2', 'classify__random_state': 42, 'classify__solver': 'lbfgs', 'classify__tol': 1e-06, 'impute': None, 'select': SelectKBest(score_func=<function mutual_info_classif at 0x7e3bb6fd3420>), 'select__k': 7, 'transform': None}",0.5327098520640144,0.49175220820829685,0.541908992769816,0.5221236843473758,0.021801773163074956,111,0.5844282918646911,0.568821398718306,0.5494280468860331,0.5675592458230101,0.014316635069965463,226,0.6081871345029239,0.5614035087719298,0.5941176470588235,0.5879027634445592,0.0195983926702944,80
0.08840425809224446,0.021578900934108,0.009458462397257486,9.079571623597422e-05,,10.0,100,2,l2,42,lbfgs,0.0001,SimpleImputer(strategy='median'),SelectKBest(score_func=<function mutual_info_classif at 0x7e3bb6fd3420>),9,,"{'balance': None, 'classify__C': 10.0, 'classify__max_iter': 100, 'classify__n_jobs': 2, 'classify__penalty': 'l2', 'classify__random_state': 42, 'classify__solver': 'lbfgs', 'classify__tol': 0.0001, 'impute': SimpleImputer(strategy='median'), 'select': SelectKBest(score_func=<function mutual_info_classif at 0x7e3bb6fd3420>), 'select__k': 9, 'transform': None}",0.5306572442034048,0.5244137065589431,0.510529261371341,0.5218667373778964,0.008412261377650481,118,0.5710092256080515,0.5977988297575926,0.546038695099562,0.571615583488402,0.021135335930831743,166,0.5906432748538012,0.5730994152046783,0.5705882352941176,0.5781103084508658,0.008921245850165137,284
0.06541331609090169,0.0017087118896838662,0.00967709223429362,0.00024238109563086334,,1.0,1000,2,l2,42,lbfgs,0.0001,,SelectKBest(score_func=<function mutual_info_classif at 0x7e3bb6fd3420>),9,,"{'balance': None, 'classify__C': 1.0, 'classify__max_iter': 1000, 'classify__n_jobs': 2, 'classify__penalty': 'l2', 'classify__random_state': 42, 'classify__solver': 'lbfgs', 'classify__tol': 0.0001, 'impute': None, 'select': SelectKBest(score_func=<function mutual_info_classif at 0x7e3bb6fd3420>), 'select__k': 9, 'transform': None}",0.5306572442034048,0.5244137065589431,0.510529261371341,0.5218667373778964,0.008412261377650481,118,0.5696114062063182,0.5984954026191139,0.546038695099562,0.5713818346416648,0.021451920715582645,189,0.5906432748538012,0.5730994152046783,0.5705882352941176,0.5781103084508658,0.008921245850165137,284
0.06165440877278646,0.00264093895197966,0.00862574577331543,0.0007019637640263836,,1.0,2000,2,l2,42,lbfgs,1e-08,,SelectKBest(score_func=<function mutual_info_classif at 0x7e3bb6fd3420>),9,,"{'balance': None, 'classify__C': 1.0, 'classify__max_iter': 2000, 'classify__n_jobs': 2, 'classify__penalty': 'l2', 'classify__random_state': 42, 'classify__solver': 'lbfgs', 'classify__tol': 1e-08, 'impute': None, 'select': SelectKBest(score_func=<function mutual_info_classif at 0x7e3bb6fd3420>), 'select__k': 9, 'transform': None}",0.5306572442034048,0.5244137065589431,0.510529261371341,0.5218667373778964,0.008412261377650481,118,0.5711490075482248,0.5984954026191139,0.546038695099562,0.5718943684223002,0.021421845751045897,162,0.5906432748538012,0.5730994152046783,0.5705882352941176,0.5781103084508658,0.008921245850165137,284
0.07075357437133789,0.008533224735041587,0.00892790158589681,0.0001180513623636436,,1.0,100,2,l2,42,lbfgs,1e-08,SimpleImputer(strategy='median'),SelectKBest(score_func=<function mutual_info_classif at 0x7e3bb6fd3420>),9,,"{'balance': None, 'classify__C': 1.0, 'classify__max_iter': 100, 'classify__n_jobs': 2, 'classify__penalty': 'l2', 'classify__random_state': 42, 'classify__solver': 'lbfgs', 'classify__tol': 1e-08, 'impute': SimpleImputer(strategy='median'), 'select': SelectKBest(score_func=<function mutual_info_classif at 0x7e3bb6fd3420>), 'select__k': 9, 'transform': None}",0.5306572442034048,0.5244137065589431,0.510529261371341,0.5218667373778964,0.008412261377650481,118,0.5711490075482248,0.5984954026191139,0.546038695099562,0.5718943684223002,0.021421845751045897,162,0.5906432748538012,0.5730994152046783,0.5705882352941176,0.5781103084508658,0.008921245850165137,284
0.0811315377553304,0.01046252786883204,0.009561300277709961,0.0003042012414782404,,10.0,500,2,l2,42,lbfgs,0.0001,SimpleImputer(strategy='median'),SelectKBest(score_func=<function mutual_info_classif at 0x7e3bb6fd3420>),9,,"{'balance': None, 'classify__C': 10.0, 'classify__max_iter': 500, 'classify__n_jobs': 2, 'classify__penalty': 'l2', 'classify__random_state': 42, 'classify__solver': 'lbfgs', 'classify__tol': 0.0001, 'impute': SimpleImputer(strategy='median'), 'select': SelectKBest(score_func=<function mutual_info_classif at 0x7e3bb6fd3420>), 'select__k': 9, 'transform': None}",0.5306572442034048,0.5244137065589431,0.510529261371341,0.5218667373778964,0.008412261377650481,118,0.5710092256080515,0.5977988297575926,0.546038695099562,0.571615583488402,0.021135335930831743,166,0.5906432748538012,0.5730994152046783,0.5705882352941176,0.5781103084508658,0.008921245850165137,284
0.04951882362365723,0.006550714499710831,0.007077534993489583,0.0010911143084652724,,1.0,500,2,l2,42,lbfgs,0.0001,SimpleImputer(strategy='median'),SelectKBest(score_func=<function mutual_info_classif at 0x7e3bb6fd3420>),9,,"{'balance': None, 'classify__C': 1.0, 'classify__max_iter': 500, 'classify__n_jobs': 2, 'classify__penalty': 'l2', 'classify__random_state': 42, 'classify__solver': 'lbfgs', 'classify__tol': 0.0001, 'impute': SimpleImputer(strategy='median'), 'select': SelectKBest(score_func=<function mutual_info_classif at 0x7e3bb6fd3420>), 'select__k': 9, 'transform': None}",0.5306572442034048,0.5244137065589431,0.510529261371341,0.5218667373778964,0.008412261377650481,118,0.5696114062063182,0.5984954026191139,0.546038695099562,0.5713818346416648,0.021451920715582645,189,0.5906432748538012,0.5730994152046783,0.5705882352941176,0.5781103084508658,0.008921245850165137,284
0.05940055847167969,0.0007340827389916453,0.007811625798543294,0.00018826920857303327,,10.0,1000,2,l2,42,lbfgs,0.0001,,SelectKBest(score_func=<function mutual_info_classif at 0x7e3bb6fd3420>),9,,"{'balance': None, 'classify__C': 10.0, 'classify__max_iter': 1000, 'classify__n_jobs': 2, 'classify__penalty': 'l2', 'classify__random_state': 42, 'classify__solver': 'lbfgs', 'classify__tol': 0.0001, 'impute': None, 'select': SelectKBest(score_func=<function mutual_info_classif at 0x7e3bb6fd3420>), 'select__k': 9, 'transform': None}",0.5306572442034048,0.5244137065589431,0.510529261371341,0.5218667373778964,0.008412261377650481,118,0.5710092256080515,0.5977988297575926,0.546038695099562,0.571615583488402,0.021135335930831743,166,0.5906432748538012,0.5730994152046783,0.5705882352941176,0.5781103084508658,0.008921245850165137,284
0.0624239444732666,0.002250204637319872,0.008851369222005209,0.00030823335275554584,,1.0,1000,2,l2,42,lbfgs,1e-08,SimpleImputer(strategy='median'),SelectKBest(score_func=<function mutual_info_classif at 0x7e3bb6fd3420>),9,,"{'balance': None, 'classify__C': 1.0, 'classify__max_iter': 1000, 'classify__n_jobs': 2, 'classify__penalty': 'l2', 'classify__random_state': 42, 'classify__solver': 'lbfgs', 'classify__tol': 1e-08, 'impute': SimpleImputer(strategy='median'), 'select': SelectKBest(score_func=<function mutual_info_classif at 0x7e3bb6fd3420>), 'select__k': 9, 'transform': None}",0.5306572442034048,0.5244137065589431,0.510529261371341,0.5218667373778964,0.008412261377650481,118,0.5711490075482248,0.5984954026191139,0.546038695099562,0.5718943684223002,0.021421845751045897,162,0.5906432748538012,0.5730994152046783,0.5705882352941176,0.5781103084508658,0.008921245850165137,284
0.06013115247090658,0.009073764801102146,0.008587360382080078,0.0010211522574035943,,10.0,500,2,l2,42,lbfgs,1e-06,SimpleImputer(strategy='median'),SelectKBest(score_func=<function mutual_info_classif at 0x7e3bb6fd3420>),9,,"{'balance': None, 'classify__C': 10.0, 'classify__max_iter': 500, 'classify__n_jobs': 2, 'classify__penalty': 'l2', 'classify__random_state': 42, 'classify__solver': 'lbfgs', 'classify__tol': 1e-06, 'impute': SimpleImputer(strategy='median'), 'select': SelectKBest(score_func=<function mutual_info_classif at 0x7e3bb6fd3420>), 'select__k': 9, 'transform': None}",0.5306572442034048,0.5244137065589431,0.510529261371341,0.5218667373778964,0.008412261377650481,118,0.5710092256080515,0.5977988297575926,0.546038695099562,0.571615583488402,0.021135335930831743,166,0.5906432748538012,0.5730994152046783,0.5705882352941176,0.5781103084508658,0.008921245850165137,284
0.14450462659200033,0.061852545155012276,0.011280377705891928,0.0039036571588053825,,10.0,1000,2,l2,42,lbfgs,1e-08,SimpleImputer(strategy='median'),SelectKBest(score_func=<function mutual_info_classif at 0x7e3bb6fd3420>),9,,"{'balance': None, 'classify__C': 10.0, 'classify__max_iter': 1000, 'classify__n_jobs': 2, 'classify__penalty': 'l2', 'classify__random_state': 42, 'classify__solver': 'lbfgs', 'classify__tol': 1e-08, 'impute': SimpleImputer(strategy='median'), 'select': SelectKBest(score_func=<function mutual_info_classif at 0x7e3bb6fd3420>), 'select__k': 9, 'transform': None}",0.5306572442034048,0.5244137065589431,0.510529261371341,0.5218667373778964,0.008412261377650481,118,0.5710092256080515,0.5977988297575926,0.546038695099562,0.571615583488402,0.021135335930831743,166,0.5906432748538012,0.5730994152046783,0.5705882352941176,0.5781103084508658,0.008921245850165137,284
0.07326587041219075,0.005120743845608902,0.008511940638224283,0.00022149153009994708,,100.0,1000,2,l2,42,lbfgs,1e-08,,SelectKBest(score_func=<function mutual_info_classif at 0x7e3bb6fd3420>),9,,"{'balance': None, 'classify__C': 100.0, 'classify__max_iter': 1000, 'classify__n_jobs': 2, 'classify__penalty': 'l2', 'classify__random_state': 42, 'classify__solver': 'lbfgs', 'classify__tol': 1e-08, 'impute': None, 'select': SelectKBest(score_func=<function mutual_info_classif at 0x7e3bb6fd3420>), 'select__k': 9, 'transform': None}",0.5306572442034048,0.5244137065589431,0.510529261371341,0.5218667373778964,0.008412261377650481,118,0.5710092256080515,0.5977988297575926,0.5458974721084593,0.5715685091580344,0.02119233084589443,175,0.5906432748538012,0.5730994152046783,0.5705882352941176,0.5781103084508658,0.008921245850165137,284
0.06108299891153971,0.002740483585647297,0.008818705876668295,3.0283435342750674e-05,,1.0,100,2,l2,42,lbfgs,1e-06,SimpleImputer(strategy='median'),SelectKBest(score_func=<function mutual_info_classif at 0x7e3bb6fd3420>),9,,"{'balance': None, 'classify__C': 1.0, 'classify__max_iter': 100, 'classify__n_jobs': 2, 'classify__penalty': 'l2', 'classify__random_state': 42, 'classify__solver': 'lbfgs', 'classify__tol': 1e-06, 'impute': SimpleImputer(strategy='median'), 'select': SelectKBest(score_func=<function mutual_info_classif at 0x7e3bb6fd3420>), 'select__k': 9, 'transform': None}",0.5306572442034048,0.5244137065589431,0.510529261371341,0.5218667373778964,0.008412261377650481,118,0.5711490075482248,0.5984954026191139,0.546038695099562,0.5718943684223002,0.021421845751045897,162,0.5906432748538012,0.5730994152046783,0.5705882352941176,0.5781103084508658,0.008921245850165137,284
0.056295156478881836,0.0017730300992268785,0.008197148640950521,0.0003577455397684441,,10.0,2000,2,l2,42,lbfgs,0.0001,,SelectKBest(score_func=<function mutual_info_classif at 0x7e3bb6fd3420>),9,,"{'balance': None, 'classify__C': 10.0, 'classify__max_iter': 2000, 'classify__n_jobs': 2, 'classify__penalty': 'l2', 'classify__random_state': 42, 'classify__solver': 'lbfgs', 'classify__tol': 0.0001, 'impute': None, 'select': SelectKBest(score_func=<function mutual_info_classif at 0x7e3bb6fd3420>), 'select__k': 9, 'transform': None}",0.5306572442034048,0.5244137065589431,0.510529261371341,0.5218667373778964,0.008412261377650481,118,0.5710092256080515,0.5977988297575926,0.546038695099562,0.571615583488402,0.021135335930831743,166,0.5906432748538012,0.5730994152046783,0.5705882352941176,0.5781103084508658,0.008921245850165137,284
0.06060473124186198,0.0038925737057316336,0.00841228167215983,2.3559112326821387e-05,,100.0,1000,2,l2,42,lbfgs,0.0001,,SelectKBest(score_func=<function mutual_info_classif at 0x7e3bb6fd3420>),9,,"{'balance': None, 'classify__C': 100.0, 'classify__max_iter': 1000, 'classify__n_jobs': 2, 'classify__penalty': 'l2', 'classify__random_state': 42, 'classify__solver': 'lbfgs', 'classify__tol': 0.0001, 'impute': None, 'select': SelectKBest(score_func=<function mutual_info_classif at 0x7e3bb6fd3420>), 'select__k': 9, 'transform': None}",0.552024358516882,0.5011954163316175,0.510529261371341,0.5212496787399469,0.022092092889177507,131,0.5968688845401173,0.6074115352465868,0.546038695099562,0.5834397049620886,0.02679444625330988,53,0.6198830409356725,0.5672514619883041,0.5705882352941176,0.5859075794060314,0.024062869095180482,144
0.053255160649617515,0.0005474335750453296,0.007732947667439778,3.580320687863941e-05,,0.01,200,2,l2,42,lbfgs,0.0001,,SelectKBest(score_func=<function mutual_info_classif at 0x7e3bb6fd3420>),9,,"{'balance': None, 'classify__C': 0.01, 'classify__max_iter': 200, 'classify__n_jobs': 2, 'classify__penalty': 'l2', 'classify__random_state': 42, 'classify__solver': 'lbfgs', 'classify__tol': 0.0001, 'impute': None, 'select': SelectKBest(score_func=<function mutual_info_classif at 0x7e3bb6fd3420>), 'select__k': 9, 'transform': None}",0.5228070175438597,0.476283077861664,0.5633160498241849,0.5208020484099029,0.035559335183870985,132,0.5568912496505452,0.6110337141264977,0.5429317892952973,0.5702855843574467,0.029371462261964378,196,0.6023391812865497,0.5555555555555556,0.6058823529411764,0.5879256965944273,0.02293480672836043,56
0.05783470471700033,0.003568507717976037,0.007734219233194987,5.992622515911765e-05,,0.1,500,2,l2,42,lbfgs,1e-08,,SelectKBest(score_func=<function mutual_info_classif at 0x7e3bb6fd3420>),7,,"{'balance': None, 'classify__C': 0.1, 'classify__max_iter': 500, 'classify__n_jobs': 2, 'classify__penalty': 'l2', 'classify__random_state': 42, 'classify__solver': 'lbfgs', 'classify__tol': 1e-08, 'impute': None, 'select': SelectKBest(score_func=<function mutual_info_classif at 0x7e3bb6fd3420>), 'select__k': 7, 'transform': None}",0.5327098520640144,0.472410445817648,0.5548239895697523,0.5199814291504716,0.03482822237634784,133,0.5845680738048644,0.551407077180273,0.5440615732241209,0.560012241403086,0.017620646711564082,285,0.6081871345029239,0.5497076023391813,0.6,0.5859649122807018,0.025854744064856536,102
0.09039616584777832,0.054733924204526045,0.007499138514200847,0.0001661000639531847,,0.1,100,2,l2,42,lbfgs,0.0001,,SelectKBest(score_func=<function mutual_info_classif at 0x7e3bb6fd3420>),9,,"{'balance': None, 'classify__C': 0.1, 'classify__max_iter': 100, 'classify__n_jobs': 2, 'classify__penalty': 'l2', 'classify__random_state': 42, 'classify__solver': 'lbfgs', 'classify__tol': 0.0001, 'impute': None, 'select': SelectKBest(score_func=<function mutual_info_classif at 0x7e3bb6fd3420>), 'select__k': 9, 'transform': None}",0.5477428987706053,0.5011954163316175,0.510529261371341,0.5198225254911879,0.0201070567853328,134,0.5732457366508248,0.610197826692672,0.5461799180906651,0.576541160478054,0.026238877251063008,110,0.6140350877192983,0.5672514619883041,0.5705882352941176,0.58395826166724,0.021311109982791065,190
0.041238864262898765,0.001584747740454725,0.005837361017862956,4.990199520385067e-05,,0.01,1000,2,l2,42,lbfgs,0.0001,,SelectKBest(score_func=<function mutual_info_classif at 0x7e3bb6fd3420>),9,,"{'balance': None, 'classify__C': 0.01, 'classify__max_iter': 1000, 'classify__n_jobs': 2, 'classify__penalty': 'l2', 'classify__random_state': 42, 'classify__solver': 'lbfgs', 'classify__tol': 0.0001, 'impute': None, 'select': SelectKBest(score_func=<function mutual_info_classif at 0x7e3bb6fd3420>), 'select__k': 9, 'transform': None}",0.5187608924241341,0.476283077861664,0.5633160498241849,0.519453340036661,0.03553443555134754,135,0.5806541794800112,0.6110337141264977,0.5429317892952973,0.5782065609672687,0.027856311896546967,97,0.5964912280701754,0.5555555555555556,0.6058823529411764,0.5859763788556358,0.021849762382792043,99
0.04297622044881185,0.0011080879653120298,0.0066594282786051435,0.0004246557874805376,,0.1,200,2,l2,42,lbfgs,1e-08,SimpleImputer(strategy='median'),SelectKBest(score_func=<function mutual_info_classif at 0x7e3bb6fd3420>),7,,"{'balance': None, 'classify__C': 0.1, 'classify__max_iter': 200, 'classify__n_jobs': 2, 'classify__penalty': 'l2', 'classify__random_state': 42, 'classify__solver': 'lbfgs', 'classify__tol': 1e-08, 'impute': SimpleImputer(strategy='median'), 'select': SelectKBest(score_func=<function mutual_info_classif at 0x7e3bb6fd3420>), 'select__k': 7, 'transform': None}",0.5382404926250939,0.4957863833024295,0.523939418594044,0.5193220981738558,0.017636658517459203,136,0.575482247693598,0.5684034550013931,0.549569269877136,0.5644849908573757,0.010935763218756963,235,0.6081871345029239,0.5672514619883041,0.5823529411764706,0.5859305125558997,0.01690229932656564,131
0.05212632815043131,0.00581440578276458,0.008035500844319662,0.0007924213056452561,,0.1,500,2,l2,42,lbfgs,1e-08,SimpleImputer(strategy='median'),SelectKBest(score_func=<function mutual_info_classif at 0x7e3bb6fd3420>),7,,"{'balance': None, 'classify__C': 0.1, 'classify__max_iter': 500, 'classify__n_jobs': 2, 'classify__penalty': 'l2', 'classify__random_state': 42, 'classify__solver': 'lbfgs', 'classify__tol': 1e-08, 'impute': SimpleImputer(strategy='median'), 'select': SelectKBest(score_func=<function mutual_info_classif at 0x7e3bb6fd3420>), 'select__k': 7, 'transform': None}",0.5382404926250939,0.4957863833024295,0.523939418594044,0.5193220981738558,0.017636658517459203,136,0.575482247693598,0.5684034550013931,0.549569269877136,0.5644849908573757,0.010935763218756963,235,0.6081871345029239,0.5672514619883041,0.5823529411764706,0.5859305125558997,0.01690229932656564,131
0.05081033706665039,0.0008225199101526752,0.0073032379150390625,7.800357331862088e-05,,0.1,100,2,l2,42,lbfgs,1e-08,,SelectKBest(score_func=<function mutual_info_classif at 0x7e3bb6fd3420>),7,,"{'balance': None, 'classify__C': 0.1, 'classify__max_iter': 100, 'classify__n_jobs': 2, 'classify__penalty': 'l2', 'classify__random_state': 42, 'classify__solver': 'lbfgs', 'classify__tol': 1e-08, 'impute': None, 'select': SelectKBest(score_func=<function mutual_info_classif at 0x7e3bb6fd3420>), 'select__k': 7, 'transform': None}",0.5382404926250939,0.4957863833024295,0.523939418594044,0.5193220981738558,0.017636658517459203,136,0.575482247693598,0.5684034550013931,0.549569269877136,0.5644849908573757,0.010935763218756963,235,0.6081871345029239,0.5672514619883041,0.5823529411764706,0.5859305125558997,0.01690229932656564,131
0.055234273274739586,0.002978912203165153,0.007859071095784506,0.0001361329491346479,,1.0,1000,2,l2,42,lbfgs,0.0001,,SelectKBest(score_func=<function mutual_info_classif at 0x7e3bb6fd3420>),7,,"{'balance': None, 'classify__C': 1.0, 'classify__max_iter': 1000, 'classify__n_jobs': 2, 'classify__penalty': 'l2', 'classify__random_state': 42, 'classify__solver': 'lbfgs', 'classify__tol': 0.0001, 'impute': None, 'select': SelectKBest(score_func=<function mutual_info_classif at 0x7e3bb6fd3420>), 'select__k': 7, 'transform': None}",0.5327098520640144,0.48215898825654924,0.541908992769816,0.5189259443634598,0.0262680140533045,139,0.5848476376852111,0.6168849261632766,0.5494280468860331,0.5837202035781736,0.027550692322885286,51,0.6081871345029239,0.5555555555555556,0.5941176470588235,0.5859534457057677,0.022248766459037624,108
0.056992133458455406,0.001024453059927053,0.007696469624837239,9.32161424935846e-05,,10.0,1000,2,l2,42,lbfgs,1e-06,,SelectKBest(score_func=<function mutual_info_classif at 0x7e3bb6fd3420>),7,,"{'balance': None, 'classify__C': 10.0, 'classify__max_iter': 1000, 'classify__n_jobs': 2, 'classify__penalty': 'l2', 'classify__random_state': 42, 'classify__solver': 'lbfgs', 'classify__tol': 1e-06, 'impute': None, 'select': SelectKBest(score_func=<function mutual_info_classif at 0x7e3bb6fd3420>), 'select__k': 7, 'transform': None}",0.5424469870327995,0.472410445817648,0.541908992769816,0.5189221418734212,0.03288946905363699,140,0.6051160190103438,0.5526609083310113,0.5494280468860331,0.5690683247424627,0.025523715048343793,202,0.6140350877192983,0.5497076023391813,0.5941176470588235,0.5859534457057677,0.026888621901369623,108
0.07258399327596028,0.00198920354145772,0.009604295094807943,0.0013271042368956975,,10.0,1000,2,l2,42,lbfgs,1e-08,,SelectKBest(score_func=<function mutual_info_classif at 0x7e3bb6fd3420>),7,,"{'balance': None, 'classify__C': 10.0, 'classify__max_iter': 1000, 'classify__n_jobs': 2, 'classify__penalty': 'l2', 'classify__random_state': 42, 'classify__solver': 'lbfgs', 'classify__tol': 1e-08, 'impute': None, 'select': SelectKBest(score_func=<function mutual_info_classif at 0x7e3bb6fd3420>), 'select__k': 7, 'transform': None}",0.5228070175438597,0.49175220820829685,0.541908992769816,0.5188227395073242,0.020669326920051932,141,0.5580095051719317,0.568821398718306,0.5494280468860331,0.5587529835920902,0.007934737716459668,291,0.6023391812865497,0.5614035087719298,0.5941176470588235,0.5859534457057677,0.017680930572342275,108
0.04270505905151367,0.0008812390181630546,0.006692965825398763,0.00014713528064130987,,100.0,100,2,l2,42,lbfgs,0.0001,SimpleImputer(strategy='median'),SelectKBest(score_func=<function mutual_info_classif at 0x7e3bb6fd3420>),7,,"{'balance': None, 'classify__C': 100.0, 'classify__max_iter': 100, 'classify__n_jobs': 2, 'classify__penalty': 'l2', 'classify__random_state': 42, 'classify__solver': 'lbfgs', 'classify__tol': 0.0001, 'impute': SimpleImputer(strategy='median'), 'select': SelectKBest(score_func=<function mutual_info_classif at 0x7e3bb6fd3420>), 'select__k': 7, 'transform': None}",0.5382404926250939,0.476283077861664,0.541908992769816,0.518810854418858,0.030108950025996336,142,0.5756220296337714,0.6071329061019782,0.5494280468860331,0.5773943275405943,0.023591219753486097,104,0.6081871345029239,0.5555555555555556,0.5941176470588235,0.5859534457057677,0.022248766459037624,108
0.043070316314697266,0.0015341776814057546,0.006606340408325195,8.216094728646311e-05,,100.0,200,2,l2,42,lbfgs,1e-06,SimpleImputer(strategy='median'),SelectKBest(score_func=<function mutual_info_classif at 0x7e3bb6fd3420>),7,,"{'balance': None, 'classify__C': 100.0, 'classify__max_iter': 200, 'classify__n_jobs': 2, 'classify__penalty': 'l2', 'classify__random_state': 42, 'classify__solver': 'lbfgs', 'classify__tol': 1e-06, 'impute': SimpleImputer(strategy='median'), 'select': SelectKBest(score_func=<function mutual_info_classif at 0x7e3bb6fd3420>), 'select__k': 7, 'transform': None}",0.5327098520640144,0.46366385318917447,0.5593683657560357,0.5185806903364082,0.040328346852297026,143,0.5844282918646911,0.6407077180273056,0.5694111001271006,0.5981823700063659,0.030688574748565393,1,0.6081871345029239,0.5672514619883041,0.6058823529411764,0.5937736498108016,0.01877760793570743,24
0.06232810020446777,0.004845891729909695,0.008703470230102539,0.00017198073738490833,,100.0,500,2,l2,42,lbfgs,0.0001,SimpleImputer(strategy='median'),SelectKBest(score_func=<function mutual_info_classif at 0x7e3bb6fd3420>),9,,"{'balance': None, 'classify__C': 100.0, 'classify__max_iter': 500, 'classify__n_jobs': 2, 'classify__penalty': 'l2', 'classify__random_state': 42, 'classify__solver': 'lbfgs', 'classify__tol': 0.0001, 'impute': SimpleImputer(strategy='median'), 'select': SelectKBest(score_func=<function mutual_info_classif at 0x7e3bb6fd3420>), 'select__k': 9, 'transform': None}",0.5353970325262192,0.5094137783483098,0.510529261371341,0.5184466907486233,0.011994349791371237,144,0.5749231199329047,0.617581499024798,0.546038695099562,0.5795144380190882,0.029387109982638937,84,0.5906432748538012,0.5789473684210527,0.5705882352941176,0.5800596261896571,0.008225123745491983,249
0.04581785202026367,0.001095969744857804,0.007127682367960612,0.00013326970640830372,,100.0,100,2,l2,42,lbfgs,1e-06,SimpleImputer(strategy='median'),SelectKBest(score_func=<function mutual_info_classif at 0x7e3bb6fd3420>),7,,"{'balance': None, 'classify__C': 100.0, 'classify__max_iter': 100, 'classify__n_jobs': 2, 'classify__penalty': 'l2', 'classify__random_state': 42, 'classify__solver': 'lbfgs', 'classify__tol': 1e-06, 'impute': SimpleImputer(strategy='median'), 'select': SelectKBest(score_func=<function mutual_info_classif at 0x7e3bb6fd3420>), 'select__k': 7, 'transform': None}",0.5424469870327995,0.4702603247112669,0.541908992769816,0.5182054348379608,0.03390302393840757,145,0.6051160190103438,0.550292560601839,0.5494280468860331,0.5682788754994053,0.026050184932489003,214,0.6140350877192983,0.5380116959064327,0.5941176470588235,0.5820548102281848,0.03218719258737423,197
0.08146095275878906,0.02421955062847932,0.010030269622802734,0.0015521308913360526,,10.0,1000,2,l2,42,lbfgs,1e-08,SimpleImputer(strategy='median'),SelectKBest(score_func=<function mutual_info_classif at 0x7e3bb6fd3420>),7,,"{'balance': None, 'classify__C': 10.0, 'classify__max_iter': 1000, 'classify__n_jobs': 2, 'classify__penalty': 'l2', 'classify__random_state': 42, 'classify__solver': 'lbfgs', 'classify__tol': 1e-08, 'impute': SimpleImputer(strategy='median'), 'select': SelectKBest(score_func=<function mutual_info_classif at 0x7e3bb6fd3420>), 'select__k': 7, 'transform': None}",0.5424469870327995,0.4702603247112669,0.541908992769816,0.5182054348379608,0.03390302393840757,145,0.6051160190103438,0.5504318751741432,0.5494280468860331,0.5683253136901734,0.026018184874874443,213,0.6140350877192983,0.5380116959064327,0.5941176470588235,0.5820548102281848,0.03218719258737423,197
0.06292287508646648,0.001989955880654153,0.008707046508789062,0.0004673378793139909,,0.01,200,2,l2,42,lbfgs,1e-08,,SelectKBest(score_func=<function mutual_info_classif at 0x7e3bb6fd3420>),9,,"{'balance': None, 'classify__C': 0.01, 'classify__max_iter': 200, 'classify__n_jobs': 2, 'classify__penalty': 'l2', 'classify__random_state': 42, 'classify__solver': 'lbfgs', 'classify__tol': 1e-08, 'impute': None, 'select': SelectKBest(score_func=<function mutual_info_classif at 0x7e3bb6fd3420>), 'select__k': 9, 'transform': None}",0.5187608924241341,0.472410445817648,0.5633160498241849,0.5181624626886557,0.03711446976189164,147,0.5806541794800112,0.6150738367233213,0.5429317892952973,0.5795532684995433,0.029462153751516562,82,0.5964912280701754,0.5497076023391813,0.6058823529411764,0.5840270611168443,0.02456850619091403,148
0.04308009147644043,0.0010221004393393455,0.0060291290283203125,6.890613170261516e-05,,0.01,1000,2,l2,42,lbfgs,1e-08,,SelectKBest(score_func=<function mutual_info_classif at 0x7e3bb6fd3420>),9,,"{'balance': None, 'classify__C': 0.01, 'classify__max_iter': 1000, 'classify__n_jobs': 2, 'classify__penalty': 'l2', 'classify__random_state': 42, 'classify__solver': 'lbfgs', 'classify__tol': 1e-08, 'impute': None, 'select': SelectKBest(score_func=<function mutual_info_classif at 0x7e3bb6fd3420>), 'select__k': 9, 'transform': None}",0.5147165013984236,0.476283077861664,0.5633160498241849,0.5181052096947575,0.035611768280494664,148,0.5779983226167178,0.6110337141264977,0.5429317892952973,0.5773212753461708,0.02780661595356439,105,0.5906432748538012,0.5555555555555556,0.6058823529411764,0.5840270611168444,0.0210717401106024,147
0.05727648735046387,0.0017029648249921785,0.008743365605672201,8.472559789868194e-05,,1.0,100,2,l2,42,lbfgs,0.0001,SimpleImputer(strategy='median'),SelectKBest(score_func=<function mutual_info_classif at 0x7e3bb6fd3420>),7,,"{'balance': None, 'classify__C': 1.0, 'classify__max_iter': 100, 'classify__n_jobs': 2, 'classify__penalty': 'l2', 'classify__random_state': 42, 'classify__solver': 'lbfgs', 'classify__tol': 0.0001, 'impute': SimpleImputer(strategy='median'), 'select': SelectKBest(score_func=<function mutual_info_classif at 0x7e3bb6fd3420>), 'select__k': 7, 'transform': None}",0.5327098520640144,0.4662877126313214,0.5548239895697523,0.5179405180883627,0.03762329068624814,149,0.5848476376852111,0.6004458066313737,0.5453325801440474,0.5768753414868774,0.023195330901804437,108,0.6081871345029239,0.5497076023391813,0.6,0.5859649122807018,0.025854744064856536,102
0.060225725173950195,0.024499787220051954,0.007431348164876302,0.0010427451152114134,,10.0,500,2,l2,42,lbfgs,1e-08,SimpleImputer(strategy='median'),SelectKBest(score_func=<function mutual_info_classif at 0x7e3bb6fd3420>),7,,"{'balance': None, 'classify__C': 10.0, 'classify__max_iter': 500, 'classify__n_jobs': 2, 'classify__penalty': 'l2', 'classify__random_state': 42, 'classify__solver': 'lbfgs', 'classify__tol': 1e-08, 'impute': SimpleImputer(strategy='median'), 'select': SelectKBest(score_func=<function mutual_info_classif at 0x7e3bb6fd3420>), 'select__k': 7, 'transform': None}",0.5382404926250939,0.472410445817648,0.541908992769816,0.5175199770708526,0.031932395575035695,150,0.5756220296337714,0.5526609083310113,0.5494280468860331,0.5592369949502719,0.011660899606954774,287,0.6081871345029239,0.5497076023391813,0.5941176470588235,0.5840041279669763,0.02492223066311713,152
0.04361605644226074,0.0004978066887065301,0.006250619888305664,5.833643540679725e-05,,100.0,200,2,l2,42,lbfgs,1e-08,,SelectKBest(score_func=<function mutual_info_classif at 0x7e3bb6fd3420>),7,,"{'balance': None, 'classify__C': 100.0, 'classify__max_iter': 200, 'classify__n_jobs': 2, 'classify__penalty': 'l2', 'classify__random_state': 42, 'classify__solver': 'lbfgs', 'classify__tol': 1e-08, 'impute': None, 'select': SelectKBest(score_func=<function mutual_info_classif at 0x7e3bb6fd3420>), 'select__k': 7, 'transform': None}",0.5382404926250939,0.472410445817648,0.541908992769816,0.5175199770708526,0.031932395575035695,150,0.5756220296337714,0.5526609083310113,0.5494280468860331,0.5592369949502719,0.011660899606954774,287,0.6081871345029239,0.5497076023391813,0.5941176470588235,0.5840041279669763,0.02492223066311713,152
0.044336954752604164,0.0022629235009287044,0.0068467458089192705,0.0006990817985888442,,10.0,500,2,l2,42,lbfgs,1e-06,SimpleImputer(strategy='median'),SelectKBest(score_func=<function mutual_info_classif at 0x7e3bb6fd3420>),7,,"{'balance': None, 'classify__C': 10.0, 'classify__max_iter': 500, 'classify__n_jobs': 2, 'classify__penalty': 'l2', 'classify__random_state': 42, 'classify__solver': 'lbfgs', 'classify__tol': 1e-06, 'impute': SimpleImputer(strategy='median'), 'select': SelectKBest(score_func=<function mutual_info_classif at 0x7e3bb6fd3420>), 'select__k': 7, 'transform': None}",0.5382404926250939,0.472410445817648,0.541908992769816,0.5175199770708526,0.031932395575035695,150,0.5756220296337714,0.5526609083310113,0.5494280468860331,0.5592369949502719,0.011660899606954774,287,0.6081871345029239,0.5497076023391813,0.5941176470588235,0.5840041279669763,0.02492223066311713,152
0.061949570973714195,0.0017215703156618896,0.00962392489115397,0.0006789775570597816,,0.1,500,2,l2,42,lbfgs,0.0001,SimpleImputer(strategy='median'),SelectKBest(score_func=<function mutual_info_classif at 0x7e3bb6fd3420>),7,,"{'balance': None, 'classify__C': 0.1, 'classify__max_iter': 500, 'classify__n_jobs': 2, 'classify__penalty': 'l2', 'classify__random_state': 42, 'classify__solver': 'lbfgs', 'classify__tol': 0.0001, 'impute': SimpleImputer(strategy='median'), 'select': SelectKBest(score_func=<function mutual_info_classif at 0x7e3bb6fd3420>), 'select__k': 7, 'transform': None}",0.5327098520640144,0.4957863833024295,0.523939418594044,0.5174785513201626,0.015751036808095475,153,0.5873637126083311,0.5684034550013931,0.549569269877136,0.5684454791622867,0.015429545248493692,212,0.6081871345029239,0.5672514619883041,0.5823529411764706,0.5859305125558997,0.01690229932656564,131
0.11890101432800293,0.061129437497757906,0.010450919469197592,0.004751419747964583,,0.1,200,2,l2,42,lbfgs,1e-06,SimpleImputer(strategy='median'),SelectKBest(score_func=<function mutual_info_classif at 0x7e3bb6fd3420>),7,,"{'balance': None, 'classify__C': 0.1, 'classify__max_iter': 200, 'classify__n_jobs': 2, 'classify__penalty': 'l2', 'classify__random_state': 42, 'classify__solver': 'lbfgs', 'classify__tol': 1e-06, 'impute': SimpleImputer(strategy='median'), 'select': SelectKBest(score_func=<function mutual_info_classif at 0x7e3bb6fd3420>), 'select__k': 7, 'transform': None}",0.5327098520640144,0.4957863833024295,0.523939418594044,0.5174785513201626,0.015751036808095475,153,0.5845680738048644,0.5684034550013931,0.549569269877136,0.5675135995611311,0.014302049995748122,227,0.6081871345029239,0.5672514619883041,0.5823529411764706,0.5859305125558997,0.01690229932656564,131
0.05239121119181315,0.008474513499597864,0.007569789886474609,0.001220735550116991,,0.01,2000,2,l2,42,lbfgs,1e-08,,SelectKBest(score_func=<function mutual_info_classif at 0x7e3bb6fd3420>),9,,"{'balance': None, 'classify__C': 0.01, 'classify__max_iter': 2000, 'classify__n_jobs': 2, 'classify__penalty': 'l2', 'classify__random_state': 42, 'classify__solver': 'lbfgs', 'classify__tol': 1e-08, 'impute': None, 'select': SelectKBest(score_func=<function mutual_info_classif at 0x7e3bb6fd3420>), 'select__k': 9, 'transform': None}",0.5127322903786535,0.476283077861664,0.5633160498241849,0.5174438060215009,0.03568691017629885,155,0.5821917808219178,0.6110337141264977,0.5429317892952973,0.5787190947479043,0.027910723182498657,92,0.5964912280701754,0.5555555555555556,0.6058823529411764,0.5859763788556358,0.021849762382792043,99
0.05885155995686849,0.006082751686562563,0.010993719100952148,0.003469344483700968,,100.0,1000,2,l2,42,lbfgs,0.0001,SimpleImputer(strategy='median'),SelectKBest(score_func=<function mutual_info_classif at 0x7e3bb6fd3420>),7,,"{'balance': None, 'classify__C': 100.0, 'classify__max_iter': 1000, 'classify__n_jobs': 2, 'classify__penalty': 'l2', 'classify__random_state': 42, 'classify__solver': 'lbfgs', 'classify__tol': 0.0001, 'impute': SimpleImputer(strategy='median'), 'select': SelectKBest(score_func=<function mutual_info_classif at 0x7e3bb6fd3420>), 'select__k': 7, 'transform': None}",0.5390613285350127,0.4702603247112669,0.541908992769816,0.5170768820053652,0.03312471207977749,156,0.5905786972323176,0.5504318751741432,0.5494280468860331,0.5634795397641646,0.01916637975589576,244,0.5789473684210527,0.5380116959064327,0.5941176470588235,0.5703589037954363,0.023696564197476865,403
0.06152884165445963,0.0032169463644564737,0.008819580078125,9.215261045083925e-05,,1.0,500,2,l2,42,lbfgs,1e-08,SimpleImputer(strategy='median'),SelectKBest(score_func=<function mutual_info_classif at 0x7e3bb6fd3420>),7,,"{'balance': None, 'classify__C': 1.0, 'classify__max_iter': 500, 'classify__n_jobs': 2, 'classify__penalty': 'l2', 'classify__random_state': 42, 'classify__solver': 'lbfgs', 'classify__tol': 1e-08, 'impute': SimpleImputer(strategy='median'), 'select': SelectKBest(score_func=<function mutual_info_classif at 0x7e3bb6fd3420>), 'select__k': 7, 'transform': None}",0.5327098520640144,0.46366385318917447,0.5548239895697523,0.5170658982743137,0.03882518584511954,157,0.6053955828906905,0.641404290888827,0.5453325801440474,0.5973774846411882,0.03962878437038035,2,0.6081871345029239,0.5672514619883041,0.6,0.5918128654970761,0.017686231925479516,36
0.07642682393391927,0.0026759688397116907,0.01115266482035319,0.0014199466705764933,,10.0,500,2,l2,42,lbfgs,0.0001,SimpleImputer(strategy='median'),SelectKBest(score_func=<function mutual_info_classif at 0x7e3bb6fd3420>),7,,"{'balance': None, 'classify__C': 10.0, 'classify__max_iter': 500, 'classify__n_jobs': 2, 'classify__penalty': 'l2', 'classify__random_state': 42, 'classify__solver': 'lbfgs', 'classify__tol': 0.0001, 'impute': SimpleImputer(strategy='median'), 'select': SelectKBest(score_func=<function mutual_info_classif at 0x7e3bb6fd3420>), 'select__k': 7, 'transform': None}",0.5424469870327995,0.4662877126313214,0.541908992769816,0.5168812308113123,0.035775693991205365,158,0.6051160190103438,0.6005851212036779,0.5494280468860331,0.5850430623666849,0.02525145876312781,41,0.6140350877192983,0.5497076023391813,0.5941176470588235,0.5859534457057677,0.026888621901369623,108
0.05202587445576986,0.006638565340833455,0.007109880447387695,0.0007982805904101595,,100.0,1000,2,l2,42,lbfgs,1e-06,,SelectKBest(score_func=<function mutual_info_classif at 0x7e3bb6fd3420>),9,,"{'balance': None, 'classify__C': 100.0, 'classify__max_iter': 1000, 'classify__n_jobs': 2, 'classify__penalty': 'l2', 'classify__random_state': 42, 'classify__solver': 'lbfgs', 'classify__tol': 1e-06, 'impute': None, 'select': SelectKBest(score_func=<function mutual_info_classif at 0x7e3bb6fd3420>), 'select__k': 9, 'transform': None}",0.5306572442034048,0.5094137783483098,0.510529261371341,0.5168667613076852,0.009761971777140045,159,0.5710092256080515,0.617581499024798,0.5458974721084593,0.5781627322471029,0.029698815034293956,98,0.5906432748538012,0.5789473684210527,0.5705882352941176,0.5800596261896571,0.008225123745491983,249
0.09861421585083008,0.046907378513977256,0.008847713470458984,1.3837865815788764e-05,,1.0,500,2,l2,42,lbfgs,1e-06,SimpleImputer(strategy='median'),SelectKBest(score_func=<function mutual_info_classif at 0x7e3bb6fd3420>),9,,"{'balance': None, 'classify__C': 1.0, 'classify__max_iter': 500, 'classify__n_jobs': 2, 'classify__penalty': 'l2', 'classify__random_state': 42, 'classify__solver': 'lbfgs', 'classify__tol': 1e-06, 'impute': SimpleImputer(strategy='median'), 'select': SelectKBest(score_func=<function mutual_info_classif at 0x7e3bb6fd3420>), 'select__k': 9, 'transform': None}",0.5306572442034048,0.5094137783483098,0.510529261371341,0.5168667613076852,0.009761971777140045,159,0.5711490075482248,0.6179994427417107,0.546038695099562,0.5783957151298326,0.029821394762644806,93,0.5906432748538012,0.5789473684210527,0.5705882352941176,0.5800596261896571,0.008225123745491983,249
0.09454989433288574,0.06835008643276129,0.010349432627360025,0.005274803041976972,,10.0,200,2,l2,42,lbfgs,0.0001,,SelectKBest(score_func=<function mutual_info_classif at 0x7e3bb6fd3420>),9,,"{'balance': None, 'classify__C': 10.0, 'classify__max_iter': 200, 'classify__n_jobs': 2, 'classify__penalty': 'l2', 'classify__random_state': 42, 'classify__solver': 'lbfgs', 'classify__tol': 0.0001, 'impute': None, 'select': SelectKBest(score_func=<function mutual_info_classif at 0x7e3bb6fd3420>), 'select__k': 9, 'transform': None}",0.5306572442034048,0.5094137783483098,0.510529261371341,0.5168667613076852,0.009761971777140045,159,0.5710092256080515,0.617581499024798,0.546038695099562,0.5782098065774705,0.029647703374731046,96,0.5906432748538012,0.5789473684210527,0.5705882352941176,0.5800596261896571,0.008225123745491983,249
0.06441799799601237,0.0008888313769456796,0.00962225596110026,0.00020554579338490312,,10.0,100,2,l2,42,lbfgs,1e-06,SimpleImputer(strategy='median'),SelectKBest(score_func=<function mutual_info_classif at 0x7e3bb6fd3420>),7,,"{'balance': None, 'classify__C': 10.0, 'classify__max_iter': 100, 'classify__n_jobs': 2, 'classify__penalty': 'l2', 'classify__random_state': 42, 'classify__solver': 'lbfgs', 'classify__tol': 1e-06, 'impute': SimpleImputer(strategy='median'), 'select': SelectKBest(score_func=<function mutual_info_classif at 0x7e3bb6fd3420>), 'select__k': 7, 'transform': None}",0.5382404926250939,0.4702603247112669,0.541908992769816,0.5168032700353923,0.03294489128743482,162,0.5756220296337714,0.5504318751741432,0.5494280468860331,0.5584939838979825,0.012118288681533064,292,0.6081871345029239,0.5380116959064327,0.5941176470588235,0.5801054924893934,0.030313950609256665,222
0.04117790857950846,0.0026484859637263664,0.006224314371744792,0.00015462963873908697,,10.0,200,2,l2,42,lbfgs,1e-06,,SelectKBest(score_func=<function mutual_info_classif at 0x7e3bb6fd3420>),7,,"{'balance': None, 'classify__C': 10.0, 'classify__max_iter': 200, 'classify__n_jobs': 2, 'classify__penalty': 'l2', 'classify__random_state': 42, 'classify__solver': 'lbfgs', 'classify__tol': 1e-06, 'impute': None, 'select': SelectKBest(score_func=<function mutual_info_classif at 0x7e3bb6fd3420>), 'select__k': 7, 'transform': None}",0.5382404926250939,0.4702603247112669,0.541908992769816,0.5168032700353923,0.03294489128743482,162,0.5756220296337714,0.5504318751741432,0.5494280468860331,0.5584939838979825,0.012118288681533064,292,0.6081871345029239,0.5380116959064327,0.5941176470588235,0.5801054924893934,0.030313950609256665,222
0.04613534609476725,0.0007777514037092398,0.007319847742716472,0.00016820892134954187,,10.0,200,2,l2,42,lbfgs,0.0001,SimpleImputer(strategy='median'),SelectKBest(score_func=<function mutual_info_classif at 0x7e3bb6fd3420>),7,,"{'balance': None, 'classify__C': 10.0, 'classify__max_iter': 200, 'classify__n_jobs': 2, 'classify__penalty': 'l2', 'classify__random_state': 42, 'classify__solver': 'lbfgs', 'classify__tol': 0.0001, 'impute': SimpleImputer(strategy='median'), 'select': SelectKBest(score_func=<function mutual_info_classif at 0x7e3bb6fd3420>), 'select__k': 7, 'transform': None}",0.5382404926250939,0.4702603247112669,0.541908992769816,0.5168032700353923,0.03294489128743482,162,0.5756220296337714,0.5504318751741432,0.5494280468860331,0.5584939838979825,0.012118288681533064,292,0.6081871345029239,0.5380116959064327,0.5941176470588235,0.5801054924893934,0.030313950609256665,222
0.04740007718404134,0.00972020959588831,0.007381439208984375,0.001480587336282837,,0.01,1000,2,l2,42,lbfgs,0.0001,SimpleImputer(strategy='median'),SelectKBest(score_func=<function mutual_info_classif at 0x7e3bb6fd3420>),7,,"{'balance': None, 'classify__C': 0.01, 'classify__max_iter': 1000, 'classify__n_jobs': 2, 'classify__penalty': 'l2', 'classify__random_state': 42, 'classify__solver': 'lbfgs', 'classify__tol': 0.0001, 'impute': SimpleImputer(strategy='median'), 'select': SelectKBest(score_func=<function mutual_info_classif at 0x7e3bb6fd3420>), 'select__k': 7, 'transform': None}",0.5409796938349635,0.4851373243416343,0.523939418594044,0.5166854789235472,0.023367460113225536,165,0.5722672630696114,0.6239899693507941,0.5497104928682389,0.5819892417628815,0.03109392018723183,58,0.6198830409356725,0.5789473684210527,0.5823529411764706,0.5937277835110653,0.0185467445419893,34
0.05612866083780924,0.007230016666480644,0.008169094721476236,0.00099711275771273,,100.0,100,2,l2,42,lbfgs,0.0001,SimpleImputer(strategy='median'),SelectKBest(score_func=<function mutual_info_classif at 0x7e3bb6fd3420>),9,,"{'balance': None, 'classify__C': 100.0, 'classify__max_iter': 100, 'classify__n_jobs': 2, 'classify__penalty': 'l2', 'classify__random_state': 42, 'classify__solver': 'lbfgs', 'classify__tol': 0.0001, 'impute': SimpleImputer(strategy='median'), 'select': SelectKBest(score_func=<function mutual_info_classif at 0x7e3bb6fd3420>), 'select__k': 9, 'transform': None}",0.5147165013984236,0.5244137065589431,0.510529261371341,0.5165531564429026,0.005815177317800349,166,0.5796757058987978,0.5977988297575926,0.546038695099562,0.5745044102519842,0.021445039969721497,122,0.5906432748538012,0.5730994152046783,0.5705882352941176,0.5781103084508658,0.008921245850165137,284
0.041256984074910484,0.0011333509862164776,0.005791266759236653,7.97293814566653e-05,,0.1,100,2,l2,42,lbfgs,1e-08,,SelectKBest(score_func=<function mutual_info_classif at 0x7e3bb6fd3420>),9,,"{'balance': None, 'classify__C': 0.1, 'classify__max_iter': 100, 'classify__n_jobs': 2, 'classify__penalty': 'l2', 'classify__random_state': 42, 'classify__solver': 'lbfgs', 'classify__tol': 1e-08, 'impute': None, 'select': SelectKBest(score_func=<function mutual_info_classif at 0x7e3bb6fd3420>), 'select__k': 9, 'transform': None}",0.5477428987706053,0.4900651021284624,0.510529261371341,0.516112420756803,0.02387552174530367,167,0.5732457366508248,0.6196712176093618,0.5464623640728711,0.5797931061110192,0.030243843386360516,81,0.6140350877192983,0.5672514619883041,0.5705882352941176,0.58395826166724,0.021311109982791065,190
0.06829333305358887,0.0017731480976270753,0.008929093678792318,1.840650451012559e-05,,1.0,500,2,l2,42,lbfgs,1e-08,SimpleImputer(strategy='median'),SelectKBest(score_func=<function mutual_info_classif at 0x7e3bb6fd3420>),9,,"{'balance': None, 'classify__C': 1.0, 'classify__max_iter': 500, 'classify__n_jobs': 2, 'classify__penalty': 'l2', 'classify__random_state': 42, 'classify__solver': 'lbfgs', 'classify__tol': 1e-08, 'impute': SimpleImputer(strategy='median'), 'select': SelectKBest(score_func=<function mutual_info_classif at 0x7e3bb6fd3420>), 'select__k': 9, 'transform': None}",0.5087719298245614,0.4836714557312348,0.5548239895697523,0.5157557917085162,0.029464685223964424,168,0.5805143975398378,0.6110337141264978,0.5451913571529445,0.5789131562730934,0.026903865560596152,90,0.5906432748538012,0.5497076023391813,0.6,0.5801169590643275,0.02183931941389618,219
0.06421128908793132,0.010663817440976895,0.00868527094523112,0.000288535495759118,,0.1,2000,2,l2,42,lbfgs,1e-08,SimpleImputer(strategy='median'),SelectKBest(score_func=<function mutual_info_classif at 0x7e3bb6fd3420>),7,,"{'balance': None, 'classify__C': 0.1, 'classify__max_iter': 2000, 'classify__n_jobs': 2, 'classify__penalty': 'l2', 'classify__random_state': 42, 'classify__solver': 'lbfgs', 'classify__tol': 1e-08, 'impute': SimpleImputer(strategy='median'), 'select': SelectKBest(score_func=<function mutual_info_classif at 0x7e3bb6fd3420>), 'select__k': 7, 'transform': None}",0.5327098520640144,0.4900651021284624,0.524270884824518,0.5156819463389982,0.01843856596913967,169,0.5845680738048644,0.6248258567846198,0.5124276232170597,0.5739405179355146,0.046497666142822414,135,0.6081871345029239,0.5672514619883041,0.5764705882352941,0.5839697282421741,0.017533019262487584,187
0.056856234868367515,0.002207827827219428,0.007883707682291666,3.910904564119285e-05,,1.0,200,2,l2,42,lbfgs,1e-08,,SelectKBest(score_func=<function mutual_info_classif at 0x7e3bb6fd3420>),7,,"{'balance': None, 'classify__C': 1.0, 'classify__max_iter': 200, 'classify__n_jobs': 2, 'classify__penalty': 'l2', 'classify__random_state': 42, 'classify__solver': 'lbfgs', 'classify__tol': 1e-08, 'impute': None, 'select': SelectKBest(score_func=<function mutual_info_classif at 0x7e3bb6fd3420>), 'select__k': 7, 'transform': None}",0.5327098520640144,0.472410445817648,0.541908992769816,0.5156764302171595,0.03082331479011043,170,0.5847078557450377,0.5525215937587072,0.5494280468860331,0.5622191654632593,0.01595197795480072,256,0.6081871345029239,0.5497076023391813,0.5941176470588235,0.5840041279669763,0.02492223066311713,152
0.05583969751993815,0.0017273119661275521,0.007822593053181967,2.1134103285129308e-05,,1.0,200,2,l2,42,lbfgs,1e-06,,SelectKBest(score_func=<function mutual_info_classif at 0x7e3bb6fd3420>),7,,"{'balance': None, 'classify__C': 1.0, 'classify__max_iter': 200, 'classify__n_jobs': 2, 'classify__penalty': 'l2', 'classify__random_state': 42, 'classify__solver': 'lbfgs', 'classify__tol': 1e-06, 'impute': None, 'select': SelectKBest(score_func=<function mutual_info_classif at 0x7e3bb6fd3420>), 'select__k': 7, 'transform': None}",0.5327098520640144,0.472410445817648,0.541908992769816,0.5156764302171595,0.03082331479011043,170,0.5847078557450377,0.5525215937587072,0.5494280468860331,0.5622191654632593,0.01595197795480072,256,0.6081871345029239,0.5497076023391813,0.5941176470588235,0.5840041279669763,0.02492223066311713,152
0.05736994743347168,0.004857177192037365,0.007888714472452799,0.00011059852733960979,,1.0,500,2,l2,42,lbfgs,0.0001,,SelectKBest(score_func=<function mutual_info_classif at 0x7e3bb6fd3420>),7,,"{'balance': None, 'classify__C': 1.0, 'classify__max_iter': 500, 'classify__n_jobs': 2, 'classify__penalty': 'l2', 'classify__random_state': 42, 'classify__solver': 'lbfgs', 'classify__tol': 0.0001, 'impute': None, 'select': SelectKBest(score_func=<function mutual_info_classif at 0x7e3bb6fd3420>), 'select__k': 7, 'transform': None}",0.5327098520640144,0.472410445817648,0.541908992769816,0.5156764302171595,0.03082331479011043,170,0.5848476376852111,0.5525215937587072,0.5494280468860331,0.5622657594433171,0.016017665805023954,254,0.6081871345029239,0.5497076023391813,0.5941176470588235,0.5840041279669763,0.02492223066311713,152
0.06213514010111491,0.004979413345051209,0.008968114852905273,4.311093159597666e-05,,1.0,200,2,l2,42,lbfgs,0.0001,SimpleImputer(strategy='median'),SelectKBest(score_func=<function mutual_info_classif at 0x7e3bb6fd3420>),7,,"{'balance': None, 'classify__C': 1.0, 'classify__max_iter': 200, 'classify__n_jobs': 2, 'classify__penalty': 'l2', 'classify__random_state': 42, 'classify__solver': 'lbfgs', 'classify__tol': 0.0001, 'impute': SimpleImputer(strategy='median'), 'select': SelectKBest(score_func=<function mutual_info_classif at 0x7e3bb6fd3420>), 'select__k': 7, 'transform': None}",0.5327098520640144,0.472410445817648,0.541908992769816,0.5156764302171595,0.03082331479011043,170,0.5848476376852111,0.5525215937587072,0.5494280468860331,0.5622657594433171,0.016017665805023954,254,0.6081871345029239,0.5497076023391813,0.5941176470588235,0.5840041279669763,0.02492223066311713,152
0.04180479049682617,0.0013799026535232805,0.005868117014567058,4.38765044897167e-05,,100.0,100,2,l2,42,lbfgs,1e-06,,SelectKBest(score_func=<function mutual_info_classif at 0x7e3bb6fd3420>),7,,"{'balance': None, 'classify__C': 100.0, 'classify__max_iter': 100, 'classify__n_jobs': 2, 'classify__penalty': 'l2', 'classify__random_state': 42, 'classify__solver': 'lbfgs', 'classify__tol': 1e-06, 'impute': None, 'select': SelectKBest(score_func=<function mutual_info_classif at 0x7e3bb6fd3420>), 'select__k': 7, 'transform': None}",0.5327098520640144,0.472410445817648,0.541908992769816,0.5156764302171595,0.03082331479011043,170,0.5844282918646911,0.5526609083310113,0.5494280468860331,0.5621724156939119,0.01579252705928562,259,0.6081871345029239,0.5497076023391813,0.5941176470588235,0.5840041279669763,0.02492223066311713,152
0.057791948318481445,0.0004624782527700384,0.008739789326985678,0.0006946526322679323,,100.0,1000,2,l2,42,lbfgs,0.0001,,SelectKBest(score_func=<function mutual_info_classif at 0x7e3bb6fd3420>),7,,"{'balance': None, 'classify__C': 100.0, 'classify__max_iter': 1000, 'classify__n_jobs': 2, 'classify__penalty': 'l2', 'classify__random_state': 42, 'classify__solver': 'lbfgs', 'classify__tol': 0.0001, 'impute': None, 'select': SelectKBest(score_func=<function mutual_info_classif at 0x7e3bb6fd3420>), 'select__k': 7, 'transform': None}",0.5327098520640144,0.472410445817648,0.541908992769816,0.5156764302171595,0.03082331479011043,170,0.5844282918646911,0.5526609083310113,0.5494280468860331,0.5621724156939119,0.01579252705928562,259,0.6081871345029239,0.5497076023391813,0.5941176470588235,0.5840041279669763,0.02492223066311713,152
0.05720043182373047,0.003045836779369662,0.007811228434244792,5.6152285621044e-05,,10.0,2000,2,l2,42,lbfgs,1e-08,,SelectKBest(score_func=<function mutual_info_classif at 0x7e3bb6fd3420>),7,,"{'balance': None, 'classify__C': 10.0, 'classify__max_iter': 2000, 'classify__n_jobs': 2, 'classify__penalty': 'l2', 'classify__random_state': 42, 'classify__solver': 'lbfgs', 'classify__tol': 1e-08, 'impute': None, 'select': SelectKBest(score_func=<function mutual_info_classif at 0x7e3bb6fd3420>), 'select__k': 7, 'transform': None}",0.5327098520640144,0.472410445817648,0.541908992769816,0.5156764302171595,0.03082331479011043,170,0.5844282918646911,0.5525215937587072,0.5494280468860331,0.5621259775031439,0.015820607394035537,262,0.6081871345029239,0.5497076023391813,0.5941176470588235,0.5840041279669763,0.02492223066311713,152
0.06622878710428874,0.002778116607078906,0.00948333740234375,0.0005248502578532253,,100.0,1000,2,l2,42,lbfgs,1e-08,SimpleImputer(strategy='median'),SelectKBest(score_func=<function mutual_info_classif at 0x7e3bb6fd3420>),7,,"{'balance': None, 'classify__C': 100.0, 'classify__max_iter': 1000, 'classify__n_jobs': 2, 'classify__penalty': 'l2', 'classify__random_state': 42, 'classify__solver': 'lbfgs', 'classify__tol': 1e-08, 'impute': SimpleImputer(strategy='median'), 'select': SelectKBest(score_func=<function mutual_info_classif at 0x7e3bb6fd3420>), 'select__k': 7, 'transform': None}",0.5327098520640144,0.472410445817648,0.541908992769816,0.5156764302171595,0.03082331479011043,170,0.5844282918646911,0.5526609083310113,0.5494280468860331,0.5621724156939119,0.01579252705928562,259,0.6081871345029239,0.5497076023391813,0.5941176470588235,0.5840041279669763,0.02492223066311713,152
0.0690614382425944,0.004183740333202972,0.010407129923502604,0.0013634840981824633,,10.0,500,2,l2,42,lbfgs,0.0001,,SelectKBest(score_func=<function mutual_info_classif at 0x7e3bb6fd3420>),7,,"{'balance': None, 'classify__C': 10.0, 'classify__max_iter': 500, 'classify__n_jobs': 2, 'classify__penalty': 'l2', 'classify__random_state': 42, 'classify__solver': 'lbfgs', 'classify__tol': 0.0001, 'impute': None, 'select': SelectKBest(score_func=<function mutual_info_classif at 0x7e3bb6fd3420>), 'select__k': 7, 'transform': None}",0.5024792056495331,0.5026215614450908,0.541908992769816,0.5156699199548133,0.018553917339048938,178,0.5796757058987978,0.5887433825578156,0.5494280468860331,0.5726157117808821,0.016808857634294794,154,0.5906432748538012,0.5555555555555556,0.5941176470588235,0.5801054924893935,0.01741727816750405,221
0.03408583005269369,0.0010323271982023783,0.0047571659088134766,3.129798219409708e-05,,0.1,200,2,l2,42,lbfgs,1e-06,,SelectKBest(score_func=<function mutual_info_classif at 0x7e3bb6fd3420>),7,,"{'balance': None, 'classify__C': 0.1, 'classify__max_iter': 200, 'classify__n_jobs': 2, 'classify__penalty': 'l2', 'classify__random_state': 42, 'classify__solver': 'lbfgs', 'classify__tol': 1e-06, 'impute': None, 'select': SelectKBest(score_func=<function mutual_info_classif at 0x7e3bb6fd3420>), 'select__k': 7, 'transform': None}",0.5327098520640144,0.4900651021284624,0.523939418594044,0.5155714575955069,0.018387690678299255,179,0.5845680738048644,0.6248258567846198,0.549569269877136,0.5863210668222066,0.030748368050245684,30,0.6081871345029239,0.5672514619883041,0.5823529411764706,0.5859305125558997,0.01690229932656564,131
0.05752992630004883,0.00021386620542163405,0.008201281229654947,0.00011690622441357774,,0.1,1000,2,l2,42,lbfgs,1e-06,,SelectKBest(score_func=<function mutual_info_classif at 0x7e3bb6fd3420>),7,,"{'balance': None, 'classify__C': 0.1, 'classify__max_iter': 1000, 'classify__n_jobs': 2, 'classify__penalty': 'l2', 'classify__random_state': 42, 'classify__solver': 'lbfgs', 'classify__tol': 1e-06, 'impute': None, 'select': SelectKBest(score_func=<function mutual_info_classif at 0x7e3bb6fd3420>), 'select__k': 7, 'transform': None}",0.5327098520640144,0.4900651021284624,0.523939418594044,0.5155714575955069,0.018387690678299255,179,0.5845680738048644,0.6248258567846198,0.549569269877136,0.5863210668222066,0.030748368050245684,30,0.6081871345029239,0.5672514619883041,0.5823529411764706,0.5859305125558997,0.01690229932656564,131
0.060299078623453774,0.003245763258989217,0.00903789202372233,0.0003313237341423975,,0.1,1000,2,l2,42,lbfgs,1e-08,SimpleImputer(strategy='median'),SelectKBest(score_func=<function mutual_info_classif at 0x7e3bb6fd3420>),7,,"{'balance': None, 'classify__C': 0.1, 'classify__max_iter': 1000, 'classify__n_jobs': 2, 'classify__penalty': 'l2', 'classify__random_state': 42, 'classify__solver': 'lbfgs', 'classify__tol': 1e-08, 'impute': SimpleImputer(strategy='median'), 'select': SelectKBest(score_func=<function mutual_info_classif at 0x7e3bb6fd3420>), 'select__k': 7, 'transform': None}",0.5327098520640144,0.4900651021284624,0.523939418594044,0.5155714575955069,0.018387690678299255,179,0.5845680738048644,0.6248258567846198,0.549569269877136,0.5863210668222066,0.030748368050245684,30,0.6081871345029239,0.5672514619883041,0.5823529411764706,0.5859305125558997,0.01690229932656564,131
0.05650909741719564,0.0015708691289795143,0.008713245391845703,8.397141618436473e-05,,0.1,2000,2,l2,42,lbfgs,0.0001,SimpleImputer(strategy='median'),SelectKBest(score_func=<function mutual_info_classif at 0x7e3bb6fd3420>),7,,"{'balance': None, 'classify__C': 0.1, 'classify__max_iter': 2000, 'classify__n_jobs': 2, 'classify__penalty': 'l2', 'classify__random_state': 42, 'classify__solver': 'lbfgs', 'classify__tol': 0.0001, 'impute': SimpleImputer(strategy='median'), 'select': SelectKBest(score_func=<function mutual_info_classif at 0x7e3bb6fd3420>), 'select__k': 7, 'transform': None}",0.5327098520640144,0.4900651021284624,0.523939418594044,0.5155714575955069,0.018387690678299255,179,0.5845680738048644,0.6248258567846198,0.549569269877136,0.5863210668222066,0.030748368050245684,30,0.6081871345029239,0.5672514619883041,0.5823529411764706,0.5859305125558997,0.01690229932656564,131
0.05450304349263509,0.0010240266676311155,0.007790088653564453,4.740194675688534e-05,,100.0,100,2,l2,42,lbfgs,1e-08,,SelectKBest(score_func=<function mutual_info_classif at 0x7e3bb6fd3420>),5,,"{'balance': None, 'classify__C': 100.0, 'classify__max_iter': 100, 'classify__n_jobs': 2, 'classify__penalty': 'l2', 'classify__random_state': 42, 'classify__solver': 'lbfgs', 'classify__tol': 1e-08, 'impute': None, 'select': SelectKBest(score_func=<function mutual_info_classif at 0x7e3bb6fd3420>), 'select__k': 5, 'transform': None}",0.4995900141748282,0.5094137783483098,0.5374855824682815,0.5154964583304732,0.0160575583634832,183,0.5567514677103719,0.5700752298690442,0.5323400649625759,0.5530555875139974,0.015625413390777963,333,0.5964912280701754,0.5789473684210527,0.5882352941176471,0.5878912968696252,0.007166379998623872,90
0.05959232648213705,0.007027259595321545,0.008191426595052084,0.00028056956388879334,,10.0,100,2,l2,42,lbfgs,1e-06,,SelectKBest(score_func=<function mutual_info_classif at 0x7e3bb6fd3420>),5,,"{'balance': None, 'classify__C': 10.0, 'classify__max_iter': 100, 'classify__n_jobs': 2, 'classify__penalty': 'l2', 'classify__random_state': 42, 'classify__solver': 'lbfgs', 'classify__tol': 1e-06, 'impute': None, 'select': SelectKBest(score_func=<function mutual_info_classif at 0x7e3bb6fd3420>), 'select__k': 5, 'transform': None}",0.4995900141748282,0.5094137783483098,0.5374855824682815,0.5154964583304732,0.0160575583634832,183,0.5567514677103719,0.5700752298690442,0.5323400649625759,0.5530555875139974,0.015625413390777963,333,0.5964912280701754,0.5789473684210527,0.5882352941176471,0.5878912968696252,0.007166379998623872,90
0.05806088447570801,0.009438028743752137,0.008286317189534506,0.001700991013900427,,0.01,100,2,l2,42,lbfgs,0.0001,SimpleImputer(strategy='median'),SelectKBest(score_func=<function mutual_info_classif at 0x7e3bb6fd3420>),9,,"{'balance': None, 'classify__C': 0.01, 'classify__max_iter': 100, 'classify__n_jobs': 2, 'classify__penalty': 'l2', 'classify__random_state': 42, 'classify__solver': 'lbfgs', 'classify__tol': 0.0001, 'impute': SimpleImputer(strategy='median'), 'select': SelectKBest(score_func=<function mutual_info_classif at 0x7e3bb6fd3420>), 'select__k': 9, 'transform': None}",0.5063497147195236,0.476283077861664,0.5633160498241849,0.5153162808017909,0.03609232635559334,185,0.6101481688565837,0.6110337141264977,0.5429317892952973,0.5880378907594596,0.03189687904876947,20,0.5964912280701754,0.5555555555555556,0.6058823529411764,0.5859763788556358,0.021849762382792043,99
0.053719282150268555,0.0012305852955833555,0.007589022318522136,0.00010960485838998595,,1.0,100,2,l2,42,lbfgs,1e-08,,SelectKBest(score_func=<function mutual_info_classif at 0x7e3bb6fd3420>),5,,"{'balance': None, 'classify__C': 1.0, 'classify__max_iter': 100, 'classify__n_jobs': 2, 'classify__penalty': 'l2', 'classify__random_state': 42, 'classify__solver': 'lbfgs', 'classify__tol': 1e-08, 'impute': None, 'select': SelectKBest(score_func=<function mutual_info_classif at 0x7e3bb6fd3420>), 'select__k': 5, 'transform': None}",0.5071399871653518,0.5094137783483098,0.5286309925602455,0.5150615860246357,0.009639817663642521,186,0.5580095051719319,0.5700752298690442,0.5196299957633103,0.5492382436014288,0.02150785411811563,360,0.6081871345029239,0.5789473684210527,0.5823529411764706,0.5898291480334824,0.013055298588625747,51
0.05840627352396647,0.0013068528309898191,0.008802096048990885,6.114939505636958e-05,,1.0,200,2,l2,42,lbfgs,1e-06,SimpleImputer(strategy='median'),SelectKBest(score_func=<function mutual_info_classif at 0x7e3bb6fd3420>),7,,"{'balance': None, 'classify__C': 1.0, 'classify__max_iter': 200, 'classify__n_jobs': 2, 'classify__penalty': 'l2', 'classify__random_state': 42, 'classify__solver': 'lbfgs', 'classify__tol': 1e-06, 'impute': SimpleImputer(strategy='median'), 'select': SelectKBest(score_func=<function mutual_info_classif at 0x7e3bb6fd3420>), 'select__k': 7, 'transform': None}",0.5327098520640144,0.4702603247112669,0.541908992769816,0.5149597231816991,0.03182957969295376,187,0.5847078557450377,0.5504318751741432,0.5494280468860331,0.561522592601738,0.016399578004246365,266,0.6081871345029239,0.5380116959064327,0.5941176470588235,0.5801054924893934,0.030313950609256665,222
0.05894597371419271,0.002883401493911192,0.008823156356811523,0.0004594729139745632,,10.0,1000,2,l2,42,lbfgs,0.0001,SimpleImputer(strategy='median'),SelectKBest(score_func=<function mutual_info_classif at 0x7e3bb6fd3420>),7,,"{'balance': None, 'classify__C': 10.0, 'classify__max_iter': 1000, 'classify__n_jobs': 2, 'classify__penalty': 'l2', 'classify__random_state': 42, 'classify__solver': 'lbfgs', 'classify__tol': 0.0001, 'impute': SimpleImputer(strategy='median'), 'select': SelectKBest(score_func=<function mutual_info_classif at 0x7e3bb6fd3420>), 'select__k': 7, 'transform': None}",0.5327098520640144,0.4702603247112669,0.541908992769816,0.5149597231816991,0.03182957969295376,187,0.5845680738048645,0.5504318751741432,0.5494280468860331,0.5614759986216803,0.016333704825857866,269,0.6081871345029239,0.5380116959064327,0.5941176470588235,0.5801054924893934,0.030313950609256665,222
0.05163987477620443,0.004888873209841895,0.007752577463785808,0.0005770215735610898,,1.0,1000,2,l2,42,lbfgs,1e-08,SimpleImputer(strategy='median'),SelectKBest(score_func=<function mutual_info_classif at 0x7e3bb6fd3420>),7,,"{'balance': None, 'classify__C': 1.0, 'classify__max_iter': 1000, 'classify__n_jobs': 2, 'classify__penalty': 'l2', 'classify__random_state': 42, 'classify__solver': 'lbfgs', 'classify__tol': 1e-08, 'impute': SimpleImputer(strategy='median'), 'select': SelectKBest(score_func=<function mutual_info_classif at 0x7e3bb6fd3420>), 'select__k': 7, 'transform': None}",0.5327098520640144,0.4702603247112669,0.541908992769816,0.5149597231816991,0.03182957969295376,187,0.5847078557450377,0.5504318751741432,0.5494280468860331,0.561522592601738,0.016399578004246365,266,0.6081871345029239,0.5380116959064327,0.5941176470588235,0.5801054924893934,0.030313950609256665,222
0.06356565157572429,0.0036489720663772946,0.009214560190836588,0.00024598184004003855,,1.0,1000,2,l2,42,lbfgs,1e-06,SimpleImputer(strategy='median'),SelectKBest(score_func=<function mutual_info_classif at 0x7e3bb6fd3420>),7,,"{'balance': None, 'classify__C': 1.0, 'classify__max_iter': 1000, 'classify__n_jobs': 2, 'classify__penalty': 'l2', 'classify__random_state': 42, 'classify__solver': 'lbfgs', 'classify__tol': 1e-06, 'impute': SimpleImputer(strategy='median'), 'select': SelectKBest(score_func=<function mutual_info_classif at 0x7e3bb6fd3420>), 'select__k': 7, 'transform': None}",0.5327098520640144,0.4702603247112669,0.541908992769816,0.5149597231816991,0.03182957969295376,187,0.5847078557450377,0.5504318751741432,0.5494280468860331,0.561522592601738,0.016399578004246365,266,0.6081871345029239,0.5380116959064327,0.5941176470588235,0.5801054924893934,0.030313950609256665,222
0.05987326304117838,0.0017349665268211207,0.008355379104614258,0.00019215176725839573,,100.0,500,2,l2,42,lbfgs,0.0001,,SelectKBest(score_func=<function mutual_info_classif at 0x7e3bb6fd3420>),7,,"{'balance': None, 'classify__C': 100.0, 'classify__max_iter': 500, 'classify__n_jobs': 2, 'classify__penalty': 'l2', 'classify__random_state': 42, 'classify__solver': 'lbfgs', 'classify__tol': 0.0001, 'impute': None, 'select': SelectKBest(score_func=<function mutual_info_classif at 0x7e3bb6fd3420>), 'select__k': 7, 'transform': None}",0.5327098520640144,0.4702603247112669,0.541908992769816,0.5149597231816991,0.03182957969295376,187,0.5844282918646911,0.606436333240457,0.5494280468860331,0.5800975573303937,0.02347413646934168,74,0.6081871345029239,0.5380116959064327,0.5941176470588235,0.5801054924893934,0.030313950609256665,222
0.07535378138224284,0.022457302606772193,0.00870045026143392,1.2509341157246272e-05,,100.0,1000,2,l2,42,lbfgs,1e-06,SimpleImputer(strategy='median'),SelectKBest(score_func=<function mutual_info_classif at 0x7e3bb6fd3420>),7,,"{'balance': None, 'classify__C': 100.0, 'classify__max_iter': 1000, 'classify__n_jobs': 2, 'classify__penalty': 'l2', 'classify__random_state': 42, 'classify__solver': 'lbfgs', 'classify__tol': 1e-06, 'impute': SimpleImputer(strategy='median'), 'select': SelectKBest(score_func=<function mutual_info_classif at 0x7e3bb6fd3420>), 'select__k': 7, 'transform': None}",0.5327098520640144,0.4702603247112669,0.541908992769816,0.5149597231816991,0.03182957969295376,187,0.5844282918646911,0.606436333240457,0.5494280468860331,0.5800975573303937,0.02347413646934168,74,0.6081871345029239,0.5380116959064327,0.5941176470588235,0.5801054924893934,0.030313950609256665,222
0.0802316665649414,0.022998888376813013,0.008073568344116211,6.703280144617056e-05,,100.0,2000,2,l2,42,lbfgs,1e-08,,SelectKBest(score_func=<function mutual_info_classif at 0x7e3bb6fd3420>),7,,"{'balance': None, 'classify__C': 100.0, 'classify__max_iter': 2000, 'classify__n_jobs': 2, 'classify__penalty': 'l2', 'classify__random_state': 42, 'classify__solver': 'lbfgs', 'classify__tol': 1e-08, 'impute': None, 'select': SelectKBest(score_func=<function mutual_info_classif at 0x7e3bb6fd3420>), 'select__k': 7, 'transform': None}",0.5327098520640144,0.4702603247112669,0.541908992769816,0.5149597231816991,0.03182957969295376,187,0.5844282918646911,0.606436333240457,0.5494280468860331,0.5800975573303937,0.02347413646934168,74,0.6081871345029239,0.5380116959064327,0.5941176470588235,0.5801054924893934,0.030313950609256665,222
0.060873826344807945,0.004090877482455382,0.007978200912475586,1.4717721341031443e-05,,1.0,500,2,l2,42,lbfgs,1e-08,,SelectKBest(score_func=<function mutual_info_classif at 0x7e3bb6fd3420>),7,,"{'balance': None, 'classify__C': 1.0, 'classify__max_iter': 500, 'classify__n_jobs': 2, 'classify__penalty': 'l2', 'classify__random_state': 42, 'classify__solver': 'lbfgs', 'classify__tol': 1e-08, 'impute': None, 'select': SelectKBest(score_func=<function mutual_info_classif at 0x7e3bb6fd3420>), 'select__k': 7, 'transform': None}",0.5382404926250939,0.4510923848649606,0.5548239895697523,0.5147189556866022,0.045497314782445564,194,0.5757618115739447,0.5472276400111452,0.5453325801440474,0.5561073439097124,0.013919324393284672,312,0.6081871345029239,0.5263157894736842,0.6,0.578167641325536,0.03681682765794319,257
0.04907528559366862,0.0031547105555117558,0.007612705230712891,0.000603790050177087,,100.0,1000,2,l2,42,lbfgs,0.0001,,SelectKBest(score_func=<function mutual_info_classif at 0x7e3bb6fd3420>),5,,"{'balance': None, 'classify__C': 100.0, 'classify__max_iter': 1000, 'classify__n_jobs': 2, 'classify__penalty': 'l2', 'classify__random_state': 42, 'classify__solver': 'lbfgs', 'classify__tol': 0.0001, 'impute': None, 'select': SelectKBest(score_func=<function mutual_info_classif at 0x7e3bb6fd3420>), 'select__k': 5, 'transform': None}",0.5391943612418582,0.46721947158274874,0.5374855824682815,0.5146331384309627,0.033533782311964466,195,0.5715683533687448,0.6407077180273056,0.5323400649625759,0.5815387121195421,0.04479913018429493,64,0.6023391812865497,0.5730994152046783,0.5882352941176471,0.5878912968696252,0.011939562546721839,90
0.049671570460001625,0.003293426034924552,0.006938616434733073,0.0001473458110418069,,10.0,200,2,l2,42,lbfgs,1e-06,SimpleImputer(strategy='median'),SelectKBest(score_func=<function mutual_info_classif at 0x7e3bb6fd3420>),9,,"{'balance': None, 'classify__C': 10.0, 'classify__max_iter': 200, 'classify__n_jobs': 2, 'classify__penalty': 'l2', 'classify__random_state': 42, 'classify__solver': 'lbfgs', 'classify__tol': 1e-06, 'impute': SimpleImputer(strategy='median'), 'select': SelectKBest(score_func=<function mutual_info_classif at 0x7e3bb6fd3420>), 'select__k': 9, 'transform': None}",0.5087719298245614,0.5244137065589431,0.510529261371341,0.5145716325849485,0.006996278468991606,196,0.5800950517193177,0.5977988297575926,0.546038695099562,0.5746441921921575,0.02147963046148589,118,0.5906432748538012,0.5730994152046783,0.5705882352941176,0.5781103084508658,0.008921245850165137,284
0.061967690785725914,0.006910514696569327,0.008031845092773438,0.00013681750792141897,,1.0,2000,2,l2,42,lbfgs,1e-06,,SelectKBest(score_func=<function mutual_info_classif at 0x7e3bb6fd3420>),7,,"{'balance': None, 'classify__C': 1.0, 'classify__max_iter': 2000, 'classify__n_jobs': 2, 'classify__penalty': 'l2', 'classify__random_state': 42, 'classify__solver': 'lbfgs', 'classify__tol': 1e-06, 'impute': None, 'select': SelectKBest(score_func=<function mutual_info_classif at 0x7e3bb6fd3420>), 'select__k': 7, 'transform': None}",0.5327098520640144,0.468531593210669,0.541908992769816,0.5143834793481664,0.032638960810722394,197,0.5847078557450377,0.5873502368347729,0.5494280468860331,0.5738287131552813,0.017287566442258748,138,0.6081871345029239,0.543859649122807,0.5941176470588235,0.5820548102281848,0.027612079097552554,197
0.0745549201965332,0.01589896581436526,0.009144783020019531,0.0011319289080979973,,100.0,1000,2,l2,42,lbfgs,1e-08,,SelectKBest(score_func=<function mutual_info_classif at 0x7e3bb6fd3420>),7,,"{'balance': None, 'classify__C': 100.0, 'classify__max_iter': 1000, 'classify__n_jobs': 2, 'classify__penalty': 'l2', 'classify__random_state': 42, 'classify__solver': 'lbfgs', 'classify__tol': 1e-08, 'impute': None, 'select': SelectKBest(score_func=<function mutual_info_classif at 0x7e3bb6fd3420>), 'select__k': 7, 'transform': None}",0.5327098520640144,0.468531593210669,0.541908992769816,0.5143834793481664,0.032638960810722394,197,0.5844282918646911,0.5883254388409027,0.5494280468860331,0.5740605925305423,0.01749035290925013,130,0.6081871345029239,0.543859649122807,0.5941176470588235,0.5820548102281848,0.027612079097552554,197
0.04400094350179037,0.0035154067753651983,0.006968975067138672,3.5508096625210647e-05,,100.0,100,2,l2,42,lbfgs,1e-06,SimpleImputer(strategy='median'),SelectKBest(score_func=<function mutual_info_classif at 0x7e3bb6fd3420>),9,,"{'balance': None, 'classify__C': 100.0, 'classify__max_iter': 100, 'classify__n_jobs': 2, 'classify__penalty': 'l2', 'classify__random_state': 42, 'classify__solver': 'lbfgs', 'classify__tol': 1e-06, 'impute': SimpleImputer(strategy='median'), 'select': SelectKBest(score_func=<function mutual_info_classif at 0x7e3bb6fd3420>), 'select__k': 9, 'transform': None}",0.5306572442034048,0.5011954163316175,0.510529261371341,0.5141273073021211,0.01229388130403923,199,0.5710092256080515,0.6068542769573697,0.5458974721084593,0.5745869915579601,0.02501377382218687,120,0.5906432748538012,0.5672514619883041,0.5705882352941176,0.5761609907120743,0.01033072858014325,338
0.057010491689046226,0.0026445537918580748,0.008024136225382486,0.00014089500312295772,,100.0,200,2,l2,42,lbfgs,0.0001,,SelectKBest(score_func=<function mutual_info_classif at 0x7e3bb6fd3420>),7,,"{'balance': None, 'classify__C': 100.0, 'classify__max_iter': 200, 'classify__n_jobs': 2, 'classify__penalty': 'l2', 'classify__random_state': 42, 'classify__solver': 'lbfgs', 'classify__tol': 0.0001, 'impute': None, 'select': SelectKBest(score_func=<function mutual_info_classif at 0x7e3bb6fd3420>), 'select__k': 7, 'transform': None}",0.5327098520640144,0.4662877126313214,0.541908992769816,0.5136355191550507,0.033689930586528416,200,0.5844282918646911,0.6005851212036779,0.5494280468860331,0.578147153318134,0.021351831916193092,99,0.6081871345029239,0.5497076023391813,0.5941176470588235,0.5840041279669763,0.02492223066311713,152
0.0585636297861735,0.00045394982332084383,0.0088651974995931,0.00015882630630930562,,1.0,1000,2,l2,42,lbfgs,0.0001,SimpleImputer(strategy='median'),SelectKBest(score_func=<function mutual_info_classif at 0x7e3bb6fd3420>),7,,"{'balance': None, 'classify__C': 1.0, 'classify__max_iter': 1000, 'classify__n_jobs': 2, 'classify__penalty': 'l2', 'classify__random_state': 42, 'classify__solver': 'lbfgs', 'classify__tol': 0.0001, 'impute': SimpleImputer(strategy='median'), 'select': SelectKBest(score_func=<function mutual_info_classif at 0x7e3bb6fd3420>), 'select__k': 7, 'transform': None}",0.5327098520640144,0.4662877126313214,0.541908992769816,0.5136355191550507,0.033689930586528416,200,0.5848476376852111,0.6004458066313737,0.5494280468860331,0.5782404970675393,0.021345470756339087,95,0.6081871345029239,0.5497076023391813,0.5941176470588235,0.5840041279669763,0.02492223066311713,152
0.06131577491760254,0.015273611067124849,0.008540471394856771,0.0018483969174002358,,0.1,500,2,l2,42,lbfgs,1e-06,SimpleImputer(strategy='median'),SelectKBest(score_func=<function mutual_info_classif at 0x7e3bb6fd3420>),7,,"{'balance': None, 'classify__C': 0.1, 'classify__max_iter': 500, 'classify__n_jobs': 2, 'classify__penalty': 'l2', 'classify__random_state': 42, 'classify__solver': 'lbfgs', 'classify__tol': 1e-06, 'impute': SimpleImputer(strategy='median'), 'select': SelectKBest(score_func=<function mutual_info_classif at 0x7e3bb6fd3420>), 'select__k': 7, 'transform': None}",0.5327098520640144,0.48215898825654924,0.523939418594044,0.5129360863048692,0.022055270708226354,202,0.5845680738048644,0.6173028698801896,0.549569269877136,0.58381340452073,0.027657274951806417,49,0.6081871345029239,0.5555555555555556,0.5823529411764706,0.5820318770783167,0.021487951464942857,206
0.05300076802571615,0.0013935296572092294,0.00761111577351888,0.00026386681755209587,,0.1,2000,2,l2,42,lbfgs,1e-08,,SelectKBest(score_func=<function mutual_info_classif at 0x7e3bb6fd3420>),7,,"{'balance': None, 'classify__C': 0.1, 'classify__max_iter': 2000, 'classify__n_jobs': 2, 'classify__penalty': 'l2', 'classify__random_state': 42, 'classify__solver': 'lbfgs', 'classify__tol': 1e-08, 'impute': None, 'select': SelectKBest(score_func=<function mutual_info_classif at 0x7e3bb6fd3420>), 'select__k': 7, 'transform': None}",0.5327098520640144,0.48215898825654924,0.523939418594044,0.5129360863048692,0.022055270708226354,202,0.5845680738048644,0.6173028698801896,0.549569269877136,0.58381340452073,0.027657274951806417,49,0.6081871345029239,0.5555555555555556,0.5823529411764706,0.5820318770783167,0.021487951464942857,206
0.05836788813273112,0.0008216662106595959,0.008965412775675455,0.000289196680630509,,0.1,1000,2,l2,42,lbfgs,1e-06,SimpleImputer(strategy='median'),SelectKBest(score_func=<function mutual_info_classif at 0x7e3bb6fd3420>),7,,"{'balance': None, 'classify__C': 0.1, 'classify__max_iter': 1000, 'classify__n_jobs': 2, 'classify__penalty': 'l2', 'classify__random_state': 42, 'classify__solver': 'lbfgs', 'classify__tol': 1e-06, 'impute': SimpleImputer(strategy='median'), 'select': SelectKBest(score_func=<function mutual_info_classif at 0x7e3bb6fd3420>), 'select__k': 7, 'transform': None}",0.5327098520640144,0.48215898825654924,0.523939418594044,0.5129360863048692,0.022055270708226354,202,0.5873637126083311,0.6173028698801896,0.549569269877136,0.5847452841218855,0.02771404298843685,43,0.6081871345029239,0.5555555555555556,0.5823529411764706,0.5820318770783167,0.021487951464942857,206
0.061345974604288735,0.0026147366717437968,0.011273940404256185,0.0033688074704689695,,100.0,500,2,l2,42,lbfgs,1e-08,SimpleImputer(strategy='median'),SelectKBest(score_func=<function mutual_info_classif at 0x7e3bb6fd3420>),7,,"{'balance': None, 'classify__C': 100.0, 'classify__max_iter': 500, 'classify__n_jobs': 2, 'classify__penalty': 'l2', 'classify__random_state': 42, 'classify__solver': 'lbfgs', 'classify__tol': 1e-08, 'impute': SimpleImputer(strategy='median'), 'select': SelectKBest(score_func=<function mutual_info_classif at 0x7e3bb6fd3420>), 'select__k': 7, 'transform': None}",0.5327098520640144,0.46366385318917447,0.541908992769816,0.5127608993410017,0.034919392921959266,205,0.5844282918646911,0.6407077180273056,0.5494280468860331,0.5915213522593433,0.037600782086160155,9,0.6081871345029239,0.5672514619883041,0.5941176470588235,0.5898520811833506,0.01698192392387761,42
0.06870094935099284,0.003275546789023839,0.010317007700602213,0.0006456690110211632,,1.0,2000,2,l2,42,lbfgs,0.0001,SimpleImputer(strategy='median'),SelectKBest(score_func=<function mutual_info_classif at 0x7e3bb6fd3420>),7,,"{'balance': None, 'classify__C': 1.0, 'classify__max_iter': 2000, 'classify__n_jobs': 2, 'classify__penalty': 'l2', 'classify__random_state': 42, 'classify__solver': 'lbfgs', 'classify__tol': 0.0001, 'impute': SimpleImputer(strategy='median'), 'select': SelectKBest(score_func=<function mutual_info_classif at 0x7e3bb6fd3420>), 'select__k': 7, 'transform': None}",0.5327098520640144,0.46366385318917447,0.541908992769816,0.5127608993410017,0.034919392921959266,205,0.5848476376852111,0.6409863471719142,0.5494280468860331,0.5917540105810528,0.037696189707910846,6,0.6081871345029239,0.5672514619883041,0.5941176470588235,0.5898520811833506,0.01698192392387761,42
0.06241583824157715,0.008301302527747455,0.008581717809041342,0.0003305199512839582,,0.01,2000,2,l2,42,lbfgs,1e-08,SimpleImputer(strategy='median'),SelectKBest(score_func=<function mutual_info_classif at 0x7e3bb6fd3420>),9,,"{'balance': None, 'classify__C': 0.01, 'classify__max_iter': 2000, 'classify__n_jobs': 2, 'classify__penalty': 'l2', 'classify__random_state': 42, 'classify__solver': 'lbfgs', 'classify__tol': 1e-08, 'impute': SimpleImputer(strategy='median'), 'select': SelectKBest(score_func=<function mutual_info_classif at 0x7e3bb6fd3420>), 'select__k': 9, 'transform': None}",0.5187608924241341,0.4561220442410373,0.5633160498241849,0.5127329954964521,0.043968855373381736,207,0.5806541794800112,0.6150738367233213,0.5429317892952973,0.5795532684995433,0.029462153751516562,82,0.5964912280701754,0.543859649122807,0.6058823529411764,0.582077743378053,0.027294875623613907,192
0.05343977610270182,0.0018866984002184094,0.008371829986572266,9.830384771526178e-05,,100.0,2000,2,l2,42,lbfgs,0.0001,SimpleImputer(strategy='median'),SelectKBest(score_func=<function mutual_info_classif at 0x7e3bb6fd3420>),5,,"{'balance': None, 'classify__C': 100.0, 'classify__max_iter': 2000, 'classify__n_jobs': 2, 'classify__penalty': 'l2', 'classify__random_state': 42, 'classify__solver': 'lbfgs', 'classify__tol': 0.0001, 'impute': SimpleImputer(strategy='median'), 'select': SelectKBest(score_func=<function mutual_info_classif at 0x7e3bb6fd3420>), 'select__k': 5, 'transform': None}",0.4995900141748282,0.5094137783483098,0.5286309925602455,0.5125449283611279,0.012060892219556741,208,0.5567514677103718,0.5700752298690442,0.5196299957633103,0.5488188977809086,0.0213443928665109,367,0.5964912280701754,0.5789473684210527,0.5823529411764706,0.5859305125558997,0.0075958767577421525,131
0.04024211565653483,0.0007124938978073908,0.00627891222635905,4.7935905080640345e-05,,0.01,2000,2,l2,42,lbfgs,0.0001,SimpleImputer(strategy='median'),SelectKBest(score_func=<function mutual_info_classif at 0x7e3bb6fd3420>),9,,"{'balance': None, 'classify__C': 0.01, 'classify__max_iter': 2000, 'classify__n_jobs': 2, 'classify__penalty': 'l2', 'classify__random_state': 42, 'classify__solver': 'lbfgs', 'classify__tol': 0.0001, 'impute': SimpleImputer(strategy='median'), 'select': SelectKBest(score_func=<function mutual_info_classif at 0x7e3bb6fd3420>), 'select__k': 9, 'transform': None}",0.5063497147195236,0.476283077861664,0.5548239895697523,0.5124855940503134,0.03235640549006167,209,0.6101481688565837,0.6110337141264977,0.5511227227792684,0.5907682019207833,0.028035918151263065,13,0.5964912280701754,0.5555555555555556,0.6,0.5840155945419103,0.020175203170269933,149
0.04814871152242025,0.006486097947254181,0.00725865364074707,0.0009079265615017829,,0.01,500,2,l2,42,lbfgs,0.0001,SimpleImputer(strategy='median'),SelectKBest(score_func=<function mutual_info_classif at 0x7e3bb6fd3420>),9,,"{'balance': None, 'classify__C': 0.01, 'classify__max_iter': 500, 'classify__n_jobs': 2, 'classify__penalty': 'l2', 'classify__random_state': 42, 'classify__solver': 'lbfgs', 'classify__tol': 0.0001, 'impute': SimpleImputer(strategy='median'), 'select': SelectKBest(score_func=<function mutual_info_classif at 0x7e3bb6fd3420>), 'select__k': 9, 'transform': None}",0.5063497147195236,0.476283077861664,0.5548239895697523,0.5124855940503134,0.03235640549006167,209,0.6101481688565837,0.6110337141264977,0.5511227227792684,0.5907682019207833,0.028035918151263065,13,0.5964912280701754,0.5555555555555556,0.6,0.5840155945419103,0.020175203170269933,149
0.06374621391296387,0.005727131901195299,0.008933782577514648,0.0002557783585368284,,1.0,2000,2,l2,42,lbfgs,1e-08,SimpleImputer(strategy='median'),SelectKBest(score_func=<function mutual_info_classif at 0x7e3bb6fd3420>),9,,"{'balance': None, 'classify__C': 1.0, 'classify__max_iter': 2000, 'classify__n_jobs': 2, 'classify__penalty': 'l2', 'classify__random_state': 42, 'classify__solver': 'lbfgs', 'classify__tol': 1e-08, 'impute': SimpleImputer(strategy='median'), 'select': SelectKBest(score_func=<function mutual_info_classif at 0x7e3bb6fd3420>), 'select__k': 9, 'transform': None}",0.5306572442034048,0.4510923848649606,0.5548239895697523,0.512191206212706,0.044315590732557024,211,0.5711490075482248,0.5473669545834494,0.5451913571529445,0.5545691064282062,0.011757356474624722,323,0.5906432748538012,0.5263157894736842,0.6,0.5723196881091618,0.03275317891556839,382
0.05958763758341471,0.0010228795461680702,0.008572022120157877,3.6051082656480264e-05,,10.0,2000,2,l2,42,lbfgs,1e-08,SimpleImputer(strategy='median'),SelectKBest(score_func=<function mutual_info_classif at 0x7e3bb6fd3420>),9,,"{'balance': None, 'classify__C': 10.0, 'classify__max_iter': 2000, 'classify__n_jobs': 2, 'classify__penalty': 'l2', 'classify__random_state': 42, 'classify__solver': 'lbfgs', 'classify__tol': 1e-08, 'impute': SimpleImputer(strategy='median'), 'select': SelectKBest(score_func=<function mutual_info_classif at 0x7e3bb6fd3420>), 'select__k': 9, 'transform': None}",0.5306572442034048,0.4510923848649606,0.5548239895697523,0.512191206212706,0.044315590732557024,211,0.5710092256080515,0.5473669545834494,0.5454738031351505,0.5546166611088837,0.011617031569957338,321,0.5906432748538012,0.5263157894736842,0.6,0.5723196881091618,0.03275317891556839,382
0.13448143005371094,0.04451271313594533,0.009504397710164389,0.00014143619414745337,,100.0,2000,2,l2,42,lbfgs,1e-08,SimpleImputer(strategy='median'),SelectKBest(score_func=<function mutual_info_classif at 0x7e3bb6fd3420>),9,,"{'balance': None, 'classify__C': 100.0, 'classify__max_iter': 2000, 'classify__n_jobs': 2, 'classify__penalty': 'l2', 'classify__random_state': 42, 'classify__solver': 'lbfgs', 'classify__tol': 1e-08, 'impute': SimpleImputer(strategy='median'), 'select': SelectKBest(score_func=<function mutual_info_classif at 0x7e3bb6fd3420>), 'select__k': 9, 'transform': None}",0.5306572442034048,0.4510923848649606,0.5548239895697523,0.512191206212706,0.044315590732557024,211,0.5710092256080515,0.5470883254388409,0.5454738031351505,0.5545237847273475,0.011675586818676097,324,0.5906432748538012,0.5263157894736842,0.6,0.5723196881091618,0.03275317891556839,382
0.0407248338063558,0.0014469468499574583,0.005726019541422526,0.00028933718422746073,,0.01,500,2,l2,42,lbfgs,0.0001,,SelectKBest(score_func=<function mutual_info_classif at 0x7e3bb6fd3420>),9,,"{'balance': None, 'classify__C': 0.01, 'classify__max_iter': 500, 'classify__n_jobs': 2, 'classify__penalty': 'l2', 'classify__random_state': 42, 'classify__solver': 'lbfgs', 'classify__tol': 0.0001, 'impute': None, 'select': SelectKBest(score_func=<function mutual_info_classif at 0x7e3bb6fd3420>), 'select__k': 9, 'transform': None}",0.5187608924241341,0.4801503694460923,0.5374855824682815,0.5121322814461693,0.023871678138159873,214,0.5806541794800112,0.6237113402061857,0.5484394859483124,0.5842683352115031,0.030835689301989416,45,0.5964912280701754,0.5614035087719298,0.5882352941176471,0.5820433436532508,0.014978700417665807,202
0.06030702590942383,0.00263684087575513,0.007935126622517904,0.00013648241428882826,,1.0,1000,2,l2,42,lbfgs,1e-08,,SelectKBest(score_func=<function mutual_info_classif at 0x7e3bb6fd3420>),9,,"{'balance': None, 'classify__C': 1.0, 'classify__max_iter': 1000, 'classify__n_jobs': 2, 'classify__penalty': 'l2', 'classify__random_state': 42, 'classify__solver': 'lbfgs', 'classify__tol': 1e-08, 'impute': None, 'select': SelectKBest(score_func=<function mutual_info_classif at 0x7e3bb6fd3420>), 'select__k': 9, 'transform': None}",0.5306572442034048,0.4510923848649606,0.5541171279791047,0.51195558568249,0.044089593987761806,215,0.5711490075482248,0.5473669545834494,0.5506990538059596,0.5564050053125446,0.010513956526175755,309,0.5906432748538012,0.5263157894736842,0.5941176470588235,0.5703589037954363,0.031175468506759743,403
0.05053877830505371,0.007832364078954952,0.006997505823771159,0.0009775653364126314,,0.01,2000,2,l2,42,lbfgs,1e-08,,SelectKBest(score_func=<function mutual_info_classif at 0x7e3bb6fd3420>),7,,"{'balance': None, 'classify__C': 0.01, 'classify__max_iter': 2000, 'classify__n_jobs': 2, 'classify__penalty': 'l2', 'classify__random_state': 42, 'classify__solver': 'lbfgs', 'classify__tol': 1e-08, 'impute': None, 'select': SelectKBest(score_func=<function mutual_info_classif at 0x7e3bb6fd3420>), 'select__k': 7, 'transform': None}",0.5228070175438597,0.488896796871602,0.523939418594044,0.5118810776698353,0.016258914598739165,216,0.6052558009505172,0.6210643633324046,0.5497104928682389,0.5920102190503869,0.030598777616750505,5,0.6023391812865497,0.5847953216374269,0.5823529411764706,0.5898291480334824,0.008901947523759536,51
0.055973450342814125,0.0009025702481069437,0.00774685541788737,3.5122508628734643e-05,,0.1,100,2,l2,42,lbfgs,0.0001,,SelectKBest(score_func=<function mutual_info_classif at 0x7e3bb6fd3420>),7,,"{'balance': None, 'classify__C': 0.1, 'classify__max_iter': 100, 'classify__n_jobs': 2, 'classify__penalty': 'l2', 'classify__random_state': 42, 'classify__solver': 'lbfgs', 'classify__tol': 0.0001, 'impute': None, 'select': SelectKBest(score_func=<function mutual_info_classif at 0x7e3bb6fd3420>), 'select__k': 7, 'transform': None}",0.5390613285350127,0.472410445817648,0.523939418594044,0.5118037309822349,0.028531166901122205,217,0.5925356443947443,0.5512677626079688,0.549569269877136,0.5644575589599496,0.01986630951555742,238,0.5789473684210527,0.5497076023391813,0.5823529411764706,0.5703359706455683,0.014652568959880327,405
0.06450009346008301,0.012787225512585862,0.008907238642374674,0.0011048193875419657,,1.0,2000,2,l2,42,lbfgs,1e-06,SimpleImputer(strategy='median'),SelectKBest(score_func=<function mutual_info_classif at 0x7e3bb6fd3420>),7,,"{'balance': None, 'classify__C': 1.0, 'classify__max_iter': 2000, 'classify__n_jobs': 2, 'classify__penalty': 'l2', 'classify__random_state': 42, 'classify__solver': 'lbfgs', 'classify__tol': 1e-06, 'impute': SimpleImputer(strategy='median'), 'select': SelectKBest(score_func=<function mutual_info_classif at 0x7e3bb6fd3420>), 'select__k': 7, 'transform': None}",0.5327098520640144,0.4607518014395864,0.541908992769816,0.5117902154244723,0.03628448542651739,218,0.6053955828906905,0.606436333240457,0.5494280468860331,0.5870866543390602,0.02663204619499506,25,0.6081871345029239,0.5321637426900585,0.5941176470588235,0.578156174750602,0.033024894391632365,258
0.05156954129536947,0.005276169708338617,0.0072362422943115234,0.0006841018869824888,,0.01,100,2,l2,42,lbfgs,0.0001,,SelectKBest(score_func=<function mutual_info_classif at 0x7e3bb6fd3420>),9,,"{'balance': None, 'classify__C': 0.01, 'classify__max_iter': 100, 'classify__n_jobs': 2, 'classify__penalty': 'l2', 'classify__random_state': 42, 'classify__solver': 'lbfgs', 'classify__tol': 0.0001, 'impute': None, 'select': SelectKBest(score_func=<function mutual_info_classif at 0x7e3bb6fd3420>), 'select__k': 9, 'transform': None}",0.5187608924241341,0.476283077861664,0.5374855824682815,0.5108431842513599,0.02560539291585102,219,0.5806541794800112,0.6110337141264977,0.5484394859483124,0.5800424598516071,0.025557647270220474,78,0.5964912280701754,0.5555555555555556,0.5882352941176471,0.5800940259144594,0.017675642506440454,232
0.05769578615824381,0.00852409732870986,0.00868988037109375,0.000427392995718333,,0.01,100,2,l2,42,lbfgs,1e-08,SimpleImputer(strategy='median'),SelectKBest(score_func=<function mutual_info_classif at 0x7e3bb6fd3420>),9,,"{'balance': None, 'classify__C': 0.01, 'classify__max_iter': 100, 'classify__n_jobs': 2, 'classify__penalty': 'l2', 'classify__random_state': 42, 'classify__solver': 'lbfgs', 'classify__tol': 1e-08, 'impute': SimpleImputer(strategy='median'), 'select': SelectKBest(score_func=<function mutual_info_classif at 0x7e3bb6fd3420>), 'select__k': 9, 'transform': None}",0.5187608924241341,0.476283077861664,0.5374855824682815,0.5108431842513599,0.02560539291585102,219,0.5806541794800112,0.6110337141264977,0.5484394859483124,0.5800424598516071,0.025557647270220474,78,0.5964912280701754,0.5555555555555556,0.5882352941176471,0.5800940259144594,0.017675642506440454,232
0.05834523836771647,0.0017906922060442875,0.008921225865681967,0.00022790632493578444,,0.01,200,2,l2,42,lbfgs,0.0001,SimpleImputer(strategy='median'),SelectKBest(score_func=<function mutual_info_classif at 0x7e3bb6fd3420>),9,,"{'balance': None, 'classify__C': 0.01, 'classify__max_iter': 200, 'classify__n_jobs': 2, 'classify__penalty': 'l2', 'classify__random_state': 42, 'classify__solver': 'lbfgs', 'classify__tol': 0.0001, 'impute': SimpleImputer(strategy='median'), 'select': SelectKBest(score_func=<function mutual_info_classif at 0x7e3bb6fd3420>), 'select__k': 9, 'transform': None}",0.5187608924241341,0.476283077861664,0.5374855824682815,0.5108431842513599,0.02560539291585102,219,0.5806541794800112,0.6110337141264977,0.5484394859483124,0.5800424598516071,0.025557647270220474,78,0.5964912280701754,0.5555555555555556,0.5882352941176471,0.5800940259144594,0.017675642506440454,232
0.08642896016438802,0.037998801055715355,0.007932424545288086,0.00013485347696217336,,10.0,200,2,l2,42,lbfgs,1e-06,,SelectKBest(score_func=<function mutual_info_classif at 0x7e3bb6fd3420>),9,,"{'balance': None, 'classify__C': 10.0, 'classify__max_iter': 200, 'classify__n_jobs': 2, 'classify__penalty': 'l2', 'classify__random_state': 42, 'classify__solver': 'lbfgs', 'classify__tol': 1e-06, 'impute': None, 'select': SelectKBest(score_func=<function mutual_info_classif at 0x7e3bb6fd3420>), 'select__k': 9, 'transform': None}",0.5398750143332187,0.4510923848649606,0.5411929867611076,0.5107201286530957,0.04216661503114975,222,0.5623427453173049,0.5473669545834494,0.5485807089394154,0.55276346961339,0.006791670985742695,339,0.5906432748538012,0.5263157894736842,0.5823529411764706,0.5664373351679853,0.028571386966629066,435
0.05483198165893555,0.0016126932649512913,0.007866303126017252,0.00011829892214946994,,0.01,1000,2,l2,42,lbfgs,1e-08,,SelectKBest(score_func=<function mutual_info_classif at 0x7e3bb6fd3420>),7,,"{'balance': None, 'classify__C': 0.01, 'classify__max_iter': 1000, 'classify__n_jobs': 2, 'classify__penalty': 'l2', 'classify__random_state': 42, 'classify__solver': 'lbfgs', 'classify__tol': 1e-08, 'impute': None, 'select': SelectKBest(score_func=<function mutual_info_classif at 0x7e3bb6fd3420>), 'select__k': 7, 'transform': None}",0.5228070175438597,0.4851373243416343,0.523939418594044,0.510627920159846,0.018030500814087014,223,0.6052558009505172,0.6239899693507942,0.5497104928682389,0.5929854210565167,0.03154131495555144,4,0.6023391812865497,0.5789473684210527,0.5823529411764706,0.5878798302946909,0.010318401193254561,93
0.15475153923034668,0.034769940545904945,0.01643053690592448,0.009680534328894532,,100.0,500,2,l2,42,lbfgs,1e-06,SimpleImputer(strategy='median'),SelectKBest(score_func=<function mutual_info_classif at 0x7e3bb6fd3420>),7,,"{'balance': None, 'classify__C': 100.0, 'classify__max_iter': 500, 'classify__n_jobs': 2, 'classify__penalty': 'l2', 'classify__random_state': 42, 'classify__solver': 'lbfgs', 'classify__tol': 1e-06, 'impute': SimpleImputer(strategy='median'), 'select': SelectKBest(score_func=<function mutual_info_classif at 0x7e3bb6fd3420>), 'select__k': 7, 'transform': None}",0.5327098520640144,0.4702603247112669,0.5286371654267966,0.510535780734026,0.028527541808950695,224,0.5844282918646911,0.550292560601839,0.5297980511227228,0.5548396345297509,0.02253327483021168,320,0.6081871345029239,0.5380116959064327,0.5764705882352941,0.5742231395482169,0.028693045786430102,363
0.05117408434549967,0.0014699629301251343,0.007304271062215169,1.886806869793015e-05,,0.01,2000,2,l2,42,lbfgs,0.0001,,SelectKBest(score_func=<function mutual_info_classif at 0x7e3bb6fd3420>),7,,"{'balance': None, 'classify__C': 0.01, 'classify__max_iter': 2000, 'classify__n_jobs': 2, 'classify__penalty': 'l2', 'classify__random_state': 42, 'classify__solver': 'lbfgs', 'classify__tol': 0.0001, 'impute': None, 'select': SelectKBest(score_func=<function mutual_info_classif at 0x7e3bb6fd3420>), 'select__k': 7, 'transform': None}",0.5206584186406968,0.4851373243416343,0.523939418594044,0.5099117205254584,0.01756927753927812,225,0.5859658932065978,0.6239899693507941,0.5497104928682389,0.5865554518085436,0.030327334657472105,29,0.6081871345029239,0.5789473684210527,0.5823529411764706,0.5898291480334824,0.013055298588625747,51
0.03434276580810547,0.0004894663168713667,0.005568027496337891,0.0001205092126660736,,0.1,200,2,l2,42,lbfgs,0.0001,SimpleImputer(strategy='median'),SelectKBest(score_func=<function mutual_info_classif at 0x7e3bb6fd3420>),7,,"{'balance': None, 'classify__C': 0.1, 'classify__max_iter': 200, 'classify__n_jobs': 2, 'classify__penalty': 'l2', 'classify__random_state': 42, 'classify__solver': 'lbfgs', 'classify__tol': 0.0001, 'impute': SimpleImputer(strategy='median'), 'select': SelectKBest(score_func=<function mutual_info_classif at 0x7e3bb6fd3420>), 'select__k': 7, 'transform': None}",0.5327098520640144,0.472410445817648,0.523939418594044,0.5096865721585688,0.026600279723479253,226,0.6038579815487839,0.5512677626079688,0.549569269877136,0.5682316713446295,0.025201146845082886,215,0.6081871345029239,0.5497076023391813,0.5823529411764706,0.5800825593395253,0.023928085252644046,238
0.05789518356323242,0.004787042735932567,0.007822910944620768,0.00010761605363209866,,0.1,2000,2,l2,42,lbfgs,1e-06,,SelectKBest(score_func=<function mutual_info_classif at 0x7e3bb6fd3420>),5,,"{'balance': None, 'classify__C': 0.1, 'classify__max_iter': 2000, 'classify__n_jobs': 2, 'classify__penalty': 'l2', 'classify__random_state': 42, 'classify__solver': 'lbfgs', 'classify__tol': 1e-06, 'impute': None, 'select': SelectKBest(score_func=<function mutual_info_classif at 0x7e3bb6fd3420>), 'select__k': 5, 'transform': None}",0.4995900141748282,0.4998176953855624,0.5286309925602455,0.5093462340402121,0.013636700311180671,227,0.5549343024881186,0.569378657007523,0.5197712187544132,0.548028059416685,0.020832612694688078,372,0.5964912280701754,0.5730994152046783,0.5823529411764706,0.5839811948171082,0.00961882302995176,165
0.07036828994750977,0.012021365611798014,0.009702920913696289,0.0007955296691148741,,0.1,500,2,l2,42,lbfgs,1e-06,SimpleImputer(strategy='median'),SelectKBest(score_func=<function mutual_info_classif at 0x7e3bb6fd3420>),5,,"{'balance': None, 'classify__C': 0.1, 'classify__max_iter': 500, 'classify__n_jobs': 2, 'classify__penalty': 'l2', 'classify__random_state': 42, 'classify__solver': 'lbfgs', 'classify__tol': 1e-06, 'impute': SimpleImputer(strategy='median'), 'select': SelectKBest(score_func=<function mutual_info_classif at 0x7e3bb6fd3420>), 'select__k': 5, 'transform': None}",0.4995900141748282,0.4998176953855624,0.5286309925602455,0.5093462340402121,0.013636700311180671,227,0.5549343024881186,0.569378657007523,0.5197712187544132,0.548028059416685,0.020832612694688078,372,0.5964912280701754,0.5730994152046783,0.5823529411764706,0.5839811948171082,0.00961882302995176,165
0.05771009127298991,0.0007474058374923716,0.008791049321492514,0.00014493161051144907,,0.01,200,2,l2,42,lbfgs,1e-06,SimpleImputer(strategy='median'),SelectKBest(score_func=<function mutual_info_classif at 0x7e3bb6fd3420>),9,,"{'balance': None, 'classify__C': 0.01, 'classify__max_iter': 200, 'classify__n_jobs': 2, 'classify__penalty': 'l2', 'classify__random_state': 42, 'classify__solver': 'lbfgs', 'classify__tol': 1e-06, 'impute': SimpleImputer(strategy='median'), 'select': SelectKBest(score_func=<function mutual_info_classif at 0x7e3bb6fd3420>), 'select__k': 9, 'transform': None}",0.5187608924241341,0.445779890527217,0.5633160498241849,0.5092856109251787,0.04844944378892215,229,0.5806541794800112,0.5511284480356645,0.5429317892952973,0.558238138936991,0.016199906560353024,297,0.5964912280701754,0.5380116959064327,0.6058823529411764,0.5801284256392615,0.030026793580920277,217
0.06239549318949381,0.005651929311263356,0.01076507568359375,0.0026235949278434045,,1.0,2000,2,l2,42,lbfgs,1e-06,SimpleImputer(strategy='median'),SelectKBest(score_func=<function mutual_info_classif at 0x7e3bb6fd3420>),9,,"{'balance': None, 'classify__C': 1.0, 'classify__max_iter': 2000, 'classify__n_jobs': 2, 'classify__penalty': 'l2', 'classify__random_state': 42, 'classify__solver': 'lbfgs', 'classify__tol': 1e-06, 'impute': SimpleImputer(strategy='median'), 'select': SelectKBest(score_func=<function mutual_info_classif at 0x7e3bb6fd3420>), 'select__k': 9, 'transform': None}",0.5353970325262192,0.4510923848649606,0.5411929867611076,0.5092274680507625,0.041175754954732816,230,0.5745037741123847,0.5473669545834494,0.5485807089394154,0.5568171458784166,0.012516147267273271,307,0.5906432748538012,0.5263157894736842,0.5823529411764706,0.5664373351679853,0.028571386966629066,435
0.05423164367675781,0.0009532097638680593,0.007871866226196289,1.1133577535057423e-05,,1.0,500,2,l2,42,lbfgs,1e-06,,SelectKBest(score_func=<function mutual_info_classif at 0x7e3bb6fd3420>),5,,"{'balance': None, 'classify__C': 1.0, 'classify__max_iter': 500, 'classify__n_jobs': 2, 'classify__penalty': 'l2', 'classify__random_state': 42, 'classify__solver': 'lbfgs', 'classify__tol': 1e-06, 'impute': None, 'select': SelectKBest(score_func=<function mutual_info_classif at 0x7e3bb6fd3420>), 'select__k': 5, 'transform': None}",0.5391943612418582,0.4598107793746293,0.5286309925602455,0.5092120443922443,0.035197158298944105,231,0.5717081353089181,0.5234048481471162,0.5196299957633103,0.5382476597397815,0.023710264255725054,417,0.6023391812865497,0.5497076023391813,0.5823529411764706,0.5781332416007339,0.02169293547072218,274
0.04930814107259115,0.0014886341142746355,0.006826480229695638,0.00011987094574564849,,0.1,500,2,l2,42,lbfgs,1e-08,SimpleImputer(strategy='median'),SelectKBest(score_func=<function mutual_info_classif at 0x7e3bb6fd3420>),9,,"{'balance': None, 'classify__C': 0.1, 'classify__max_iter': 500, 'classify__n_jobs': 2, 'classify__penalty': 'l2', 'classify__random_state': 42, 'classify__solver': 'lbfgs', 'classify__tol': 1e-08, 'impute': SimpleImputer(strategy='median'), 'select': SelectKBest(score_func=<function mutual_info_classif at 0x7e3bb6fd3420>), 'select__k': 9, 'transform': None}",0.5574768302489244,0.4587068210336908,0.510529261371341,0.5089043042179854,0.04033905505757426,232,0.5645792563600783,0.5459738088604068,0.5464623640728711,0.5523384764311188,0.008657836200068372,343,0.6140350877192983,0.5380116959064327,0.5705882352941176,0.5742116729732828,0.031141997379147173,366
0.06357240676879883,0.0028699793696344146,0.008858124415079752,0.0002592621507120021,,0.01,500,2,l2,42,lbfgs,1e-08,SimpleImputer(strategy='median'),SelectKBest(score_func=<function mutual_info_classif at 0x7e3bb6fd3420>),9,,"{'balance': None, 'classify__C': 0.01, 'classify__max_iter': 500, 'classify__n_jobs': 2, 'classify__penalty': 'l2', 'classify__random_state': 42, 'classify__solver': 'lbfgs', 'classify__tol': 1e-08, 'impute': SimpleImputer(strategy='median'), 'select': SelectKBest(score_func=<function mutual_info_classif at 0x7e3bb6fd3420>), 'select__k': 9, 'transform': None}",0.5127322903786535,0.476283077861664,0.5374855824682815,0.5088336502361996,0.025137438065576247,233,0.5821917808219178,0.6110337141264977,0.5484394859483124,0.5805549936322426,0.02558018314416969,69,0.5964912280701754,0.5555555555555556,0.5882352941176471,0.5800940259144594,0.017675642506440454,232
0.055561463038126625,0.00545044051124269,0.008169730504353842,0.0010338701506221054,,0.01,100,2,l2,42,lbfgs,1e-06,SimpleImputer(strategy='median'),SelectKBest(score_func=<function mutual_info_classif at 0x7e3bb6fd3420>),9,,"{'balance': None, 'classify__C': 0.01, 'classify__max_iter': 100, 'classify__n_jobs': 2, 'classify__penalty': 'l2', 'classify__random_state': 42, 'classify__solver': 'lbfgs', 'classify__tol': 1e-06, 'impute': SimpleImputer(strategy='median'), 'select': SelectKBest(score_func=<function mutual_info_classif at 0x7e3bb6fd3420>), 'select__k': 9, 'transform': None}",0.5396458798190976,0.476283077861664,0.510529261371341,0.5088194063507009,0.02589599545770149,234,0.6025999440872238,0.6110337141264977,0.549569269877136,0.5877343093636191,0.027205511678364665,22,0.5847953216374269,0.5555555555555556,0.5705882352941176,0.5703130374957001,0.011938670515090254,413
0.049067179361979164,0.010029082464408902,0.006189425786336263,0.000369663340410504,,0.01,100,2,l2,42,lbfgs,1e-06,,SelectKBest(score_func=<function mutual_info_classif at 0x7e3bb6fd3420>),7,,"{'balance': None, 'classify__C': 0.01, 'classify__max_iter': 100, 'classify__n_jobs': 2, 'classify__penalty': 'l2', 'classify__random_state': 42, 'classify__solver': 'lbfgs', 'classify__tol': 1e-06, 'impute': None, 'select': SelectKBest(score_func=<function mutual_info_classif at 0x7e3bb6fd3420>), 'select__k': 7, 'transform': None}",0.5228070175438597,0.4776106934001671,0.523939418594044,0.508119043179357,0.02157761398180469,235,0.6052558009505172,0.6348565059905267,0.5497104928682389,0.5966075999364276,0.03529451726298081,3,0.6023391812865497,0.5672514619883041,0.5823529411764706,0.5839811948171082,0.014370697473836737,165
0.056153297424316406,0.002036465185655278,0.008383909861246744,1.251691232897494e-05,,0.1,1000,2,l2,42,lbfgs,0.0001,SimpleImputer(strategy='median'),SelectKBest(score_func=<function mutual_info_classif at 0x7e3bb6fd3420>),7,,"{'balance': None, 'classify__C': 0.1, 'classify__max_iter': 1000, 'classify__n_jobs': 2, 'classify__penalty': 'l2', 'classify__random_state': 42, 'classify__solver': 'lbfgs', 'classify__tol': 0.0001, 'impute': SimpleImputer(strategy='median'), 'select': SelectKBest(score_func=<function mutual_info_classif at 0x7e3bb6fd3420>), 'select__k': 7, 'transform': None}",0.5327098520640144,0.46721947158274874,0.523939418594044,0.5079562474136025,0.029026927781317262,236,0.5845680738048644,0.6407077180273056,0.549569269877136,0.5916150205697687,0.037539301865607805,8,0.6081871345029239,0.5730994152046783,0.5823529411764706,0.5878798302946909,0.014848050127473443,93
0.054263671239217125,0.00699639390742242,0.008943001429239908,0.0013814664219929595,,100.0,200,2,l2,42,lbfgs,0.0001,SimpleImputer(strategy='median'),SelectKBest(score_func=<function mutual_info_classif at 0x7e3bb6fd3420>),7,,"{'balance': None, 'classify__C': 100.0, 'classify__max_iter': 200, 'classify__n_jobs': 2, 'classify__penalty': 'l2', 'classify__random_state': 42, 'classify__solver': 'lbfgs', 'classify__tol': 0.0001, 'impute': SimpleImputer(strategy='median'), 'select': SelectKBest(score_func=<function mutual_info_classif at 0x7e3bb6fd3420>), 'select__k': 7, 'transform': None}",0.5424469870327995,0.43856239900177957,0.541908992769816,0.507639459601465,0.048845351776644425,237,0.6051160190103438,0.5493173585957091,0.5494280468860331,0.5679538081640286,0.026277690147269956,217,0.6140350877192983,0.5263157894736842,0.5941176470588235,0.578156174750602,0.03754770538803794,258
0.06185682614644369,0.0017003949359798963,0.009947538375854492,0.0011000026066877039,,10.0,200,2,l2,42,lbfgs,1e-08,SimpleImputer(strategy='median'),SelectKBest(score_func=<function mutual_info_classif at 0x7e3bb6fd3420>),7,,"{'balance': None, 'classify__C': 10.0, 'classify__max_iter': 200, 'classify__n_jobs': 2, 'classify__penalty': 'l2', 'classify__random_state': 42, 'classify__solver': 'lbfgs', 'classify__tol': 1e-08, 'impute': SimpleImputer(strategy='median'), 'select': SelectKBest(score_func=<function mutual_info_classif at 0x7e3bb6fd3420>), 'select__k': 7, 'transform': None}",0.5424469870327995,0.43856239900177957,0.541908992769816,0.507639459601465,0.048845351776644425,237,0.6051160190103438,0.5493173585957091,0.5494280468860331,0.5679538081640286,0.026277690147269956,217,0.6140350877192983,0.5263157894736842,0.5941176470588235,0.578156174750602,0.03754770538803794,258
0.07523965835571289,0.019303386391074012,0.008300860722859701,0.0004374566796289985,,10.0,500,2,l2,42,lbfgs,1e-08,,SelectKBest(score_func=<function mutual_info_classif at 0x7e3bb6fd3420>),7,,"{'balance': None, 'classify__C': 10.0, 'classify__max_iter': 500, 'classify__n_jobs': 2, 'classify__penalty': 'l2', 'classify__random_state': 42, 'classify__solver': 'lbfgs', 'classify__tol': 1e-08, 'impute': None, 'select': SelectKBest(score_func=<function mutual_info_classif at 0x7e3bb6fd3420>), 'select__k': 7, 'transform': None}",0.5424469870327995,0.43856239900177957,0.541908992769816,0.507639459601465,0.048845351776644425,237,0.6051160190103438,0.5493173585957091,0.5494280468860331,0.5679538081640286,0.026277690147269956,217,0.6140350877192983,0.5263157894736842,0.5941176470588235,0.578156174750602,0.03754770538803794,258
0.05672303835550944,0.0019540000370092273,0.007878939310709635,0.00014239935380479796,,1.0,500,2,l2,42,lbfgs,1e-06,,SelectKBest(score_func=<function mutual_info_classif at 0x7e3bb6fd3420>),7,,"{'balance': None, 'classify__C': 1.0, 'classify__max_iter': 500, 'classify__n_jobs': 2, 'classify__penalty': 'l2', 'classify__random_state': 42, 'classify__solver': 'lbfgs', 'classify__tol': 1e-06, 'impute': None, 'select': SelectKBest(score_func=<function mutual_info_classif at 0x7e3bb6fd3420>), 'select__k': 7, 'transform': None}",0.5102211682306541,0.4702603247112669,0.541908992769816,0.5074634952372457,0.029315371154566318,240,0.5592675426334918,0.5504318751741432,0.5494280468860331,0.5530424882312227,0.004420813993026616,335,0.6023391812865497,0.5380116959064327,0.5941176470588235,0.578156174750602,0.02858417735411072,258
0.05807598431905111,0.0006262062757171493,0.008816878000895182,2.392304689962115e-05,,1.0,500,2,l2,42,lbfgs,1e-06,SimpleImputer(strategy='median'),SelectKBest(score_func=<function mutual_info_classif at 0x7e3bb6fd3420>),5,,"{'balance': None, 'classify__C': 1.0, 'classify__max_iter': 500, 'classify__n_jobs': 2, 'classify__penalty': 'l2', 'classify__random_state': 42, 'classify__solver': 'lbfgs', 'classify__tol': 1e-06, 'impute': SimpleImputer(strategy='median'), 'select': SelectKBest(score_func=<function mutual_info_classif at 0x7e3bb6fd3420>), 'select__k': 5, 'transform': None}",0.4995900141748282,0.4940130262608631,0.5286309925602455,0.5074113443319789,0.015176314918245925,241,0.5563321218898518,0.5753691836166064,0.5196299957633103,0.5504437670899228,0.023133220086038516,350,0.5964912280701754,0.5730994152046783,0.5823529411764706,0.5839811948171082,0.00961882302995176,165
0.04111671447753906,0.0013191961034451658,0.005642414093017578,0.000528741494409616,,100.0,500,2,l2,42,lbfgs,1e-08,,SelectKBest(score_func=<function mutual_info_classif at 0x7e3bb6fd3420>),5,,"{'balance': None, 'classify__C': 100.0, 'classify__max_iter': 500, 'classify__n_jobs': 2, 'classify__penalty': 'l2', 'classify__random_state': 42, 'classify__solver': 'lbfgs', 'classify__tol': 1e-08, 'impute': None, 'select': SelectKBest(score_func=<function mutual_info_classif at 0x7e3bb6fd3420>), 'select__k': 5, 'transform': None}",0.4995900141748282,0.4940130262608631,0.5286309925602455,0.5074113443319789,0.015176314918245925,241,0.5567514677103719,0.5755084981889106,0.5196299957633103,0.5506299872208643,0.02321933319268697,348,0.5964912280701754,0.5730994152046783,0.5823529411764706,0.5839811948171082,0.00961882302995176,165
0.05813463528951009,0.0024201294978036213,0.008705774943033854,0.0008101726741872612,,100.0,500,2,l2,42,lbfgs,0.0001,,SelectKBest(score_func=<function mutual_info_classif at 0x7e3bb6fd3420>),5,,"{'balance': None, 'classify__C': 100.0, 'classify__max_iter': 500, 'classify__n_jobs': 2, 'classify__penalty': 'l2', 'classify__random_state': 42, 'classify__solver': 'lbfgs', 'classify__tol': 0.0001, 'impute': None, 'select': SelectKBest(score_func=<function mutual_info_classif at 0x7e3bb6fd3420>), 'select__k': 5, 'transform': None}",0.4995900141748282,0.4940130262608631,0.5286309925602455,0.5074113443319789,0.015176314918245925,241,0.5567514677103718,0.5755084981889106,0.5168055359412512,0.5496885006135112,0.02448024471992374,357,0.5964912280701754,0.5730994152046783,0.5823529411764706,0.5839811948171082,0.00961882302995176,165
0.05613382657368978,0.004825745040859988,0.00856471061706543,0.0007275566296568736,,1.0,2000,2,l2,42,lbfgs,1e-06,SimpleImputer(strategy='median'),SelectKBest(score_func=<function mutual_info_classif at 0x7e3bb6fd3420>),5,,"{'balance': None, 'classify__C': 1.0, 'classify__max_iter': 2000, 'classify__n_jobs': 2, 'classify__penalty': 'l2', 'classify__random_state': 42, 'classify__solver': 'lbfgs', 'classify__tol': 1e-06, 'impute': SimpleImputer(strategy='median'), 'select': SelectKBest(score_func=<function mutual_info_classif at 0x7e3bb6fd3420>), 'select__k': 5, 'transform': None}",0.4995900141748282,0.4940130262608631,0.5286309925602455,0.5074113443319789,0.015176314918245925,241,0.5563321218898518,0.5753691836166064,0.517370427905663,0.5496905778040404,0.024139131396790206,356,0.5964912280701754,0.5730994152046783,0.5823529411764706,0.5839811948171082,0.00961882302995176,165
0.04743091265360514,0.006192324862650931,0.007405598958333333,0.0012393933145887213,,10.0,2000,2,l2,42,lbfgs,0.0001,,SelectKBest(score_func=<function mutual_info_classif at 0x7e3bb6fd3420>),5,,"{'balance': None, 'classify__C': 10.0, 'classify__max_iter': 2000, 'classify__n_jobs': 2, 'classify__penalty': 'l2', 'classify__random_state': 42, 'classify__solver': 'lbfgs', 'classify__tol': 0.0001, 'impute': None, 'select': SelectKBest(score_func=<function mutual_info_classif at 0x7e3bb6fd3420>), 'select__k': 5, 'transform': None}",0.4995900141748282,0.4940130262608631,0.5286309925602455,0.5074113443319789,0.015176314918245925,241,0.5880626223091977,0.5755084981889106,0.5196299957633103,0.5610670387538063,0.029745284298008753,273,0.5964912280701754,0.5730994152046783,0.5823529411764706,0.5839811948171082,0.00961882302995176,165
0.054488023122151695,0.002588582678614377,0.00903630256652832,0.0011222753966391526,,100.0,1000,2,l2,42,lbfgs,0.0001,SimpleImputer(strategy='median'),SelectKBest(score_func=<function mutual_info_classif at 0x7e3bb6fd3420>),5,,"{'balance': None, 'classify__C': 100.0, 'classify__max_iter': 1000, 'classify__n_jobs': 2, 'classify__penalty': 'l2', 'classify__random_state': 42, 'classify__solver': 'lbfgs', 'classify__tol': 0.0001, 'impute': SimpleImputer(strategy='median'), 'select': SelectKBest(score_func=<function mutual_info_classif at 0x7e3bb6fd3420>), 'select__k': 5, 'transform': None}",0.4995900141748282,0.4940130262608631,0.5286309925602455,0.5074113443319789,0.015176314918245925,241,0.5567514677103718,0.5755084981889106,0.5196299957633103,0.5506299872208641,0.023219333192686962,349,0.5964912280701754,0.5730994152046783,0.5823529411764706,0.5839811948171082,0.00961882302995176,165
0.0891103744506836,0.04938849004003247,0.0076189835866292315,0.0005477697972271663,,0.1,500,2,l2,42,lbfgs,1e-06,,SelectKBest(score_func=<function mutual_info_classif at 0x7e3bb6fd3420>),7,,"{'balance': None, 'classify__C': 0.1, 'classify__max_iter': 500, 'classify__n_jobs': 2, 'classify__penalty': 'l2', 'classify__random_state': 42, 'classify__solver': 'lbfgs', 'classify__tol': 1e-06, 'impute': None, 'select': SelectKBest(score_func=<function mutual_info_classif at 0x7e3bb6fd3420>), 'select__k': 7, 'transform': None}",0.5327098520640144,0.4646456593127393,0.523939418594044,0.507098309990266,0.030231339015155224,247,0.5845680738048644,0.5495959877403176,0.549569269877136,0.5612444438074393,0.01649230054002259,272,0.6081871345029239,0.5380116959064327,0.5823529411764706,0.5761839238619424,0.02897919514091318,316
0.06165719032287598,0.0027177070675579334,0.00821844736735026,0.0004734183110201219,,0.1,2000,2,l2,42,lbfgs,1e-06,,SelectKBest(score_func=<function mutual_info_classif at 0x7e3bb6fd3420>),7,,"{'balance': None, 'classify__C': 0.1, 'classify__max_iter': 2000, 'classify__n_jobs': 2, 'classify__penalty': 'l2', 'classify__random_state': 42, 'classify__solver': 'lbfgs', 'classify__tol': 1e-06, 'impute': None, 'select': SelectKBest(score_func=<function mutual_info_classif at 0x7e3bb6fd3420>), 'select__k': 7, 'transform': None}",0.5327098520640144,0.4646456593127393,0.523939418594044,0.507098309990266,0.030231339015155224,247,0.5845680738048644,0.6076901643911954,0.549569269877136,0.5806091693577319,0.023892317985700625,68,0.6081871345029239,0.5380116959064327,0.5823529411764706,0.5761839238619424,0.02897919514091318,316
0.06064271926879883,0.002674081469426853,0.008366107940673828,0.00015998200519134104,,0.1,1000,2,l2,42,lbfgs,1e-08,,SelectKBest(score_func=<function mutual_info_classif at 0x7e3bb6fd3420>),7,,"{'balance': None, 'classify__C': 0.1, 'classify__max_iter': 1000, 'classify__n_jobs': 2, 'classify__penalty': 'l2', 'classify__random_state': 42, 'classify__solver': 'lbfgs', 'classify__tol': 1e-08, 'impute': None, 'select': SelectKBest(score_func=<function mutual_info_classif at 0x7e3bb6fd3420>), 'select__k': 7, 'transform': None}",0.5327098520640144,0.4646456593127393,0.523939418594044,0.507098309990266,0.030231339015155224,247,0.5873637126083311,0.5495959877403176,0.549569269877136,0.5621763234085949,0.01781017704357623,258,0.6081871345029239,0.5380116959064327,0.5823529411764706,0.5761839238619424,0.02897919514091318,316
0.04086875915527344,0.0010825781105063778,0.005817492802937825,0.0005122614760827275,,0.1,200,2,l2,42,lbfgs,1e-08,,SelectKBest(score_func=<function mutual_info_classif at 0x7e3bb6fd3420>),7,,"{'balance': None, 'classify__C': 0.1, 'classify__max_iter': 200, 'classify__n_jobs': 2, 'classify__penalty': 'l2', 'classify__random_state': 42, 'classify__solver': 'lbfgs', 'classify__tol': 1e-08, 'impute': None, 'select': SelectKBest(score_func=<function mutual_info_classif at 0x7e3bb6fd3420>), 'select__k': 7, 'transform': None}",0.5327098520640144,0.4646456593127393,0.523939418594044,0.507098309990266,0.030231339015155224,247,0.6038579815487839,0.5495959877403176,0.549569269877136,0.5676744130554124,0.025585648974205948,225,0.6081871345029239,0.5380116959064327,0.5823529411764706,0.5761839238619424,0.02897919514091318,316
0.054814656575520836,0.0006593580741070602,0.007953008015950521,6.696021153760716e-05,,0.1,2000,2,l2,42,lbfgs,0.0001,,SelectKBest(score_func=<function mutual_info_classif at 0x7e3bb6fd3420>),7,,"{'balance': None, 'classify__C': 0.1, 'classify__max_iter': 2000, 'classify__n_jobs': 2, 'classify__penalty': 'l2', 'classify__random_state': 42, 'classify__solver': 'lbfgs', 'classify__tol': 0.0001, 'impute': None, 'select': SelectKBest(score_func=<function mutual_info_classif at 0x7e3bb6fd3420>), 'select__k': 7, 'transform': None}",0.5327098520640144,0.4646456593127393,0.523939418594044,0.507098309990266,0.030231339015155224,247,0.6038579815487839,0.6076901643911954,0.549569269877136,0.5870391386057051,0.026541347657778176,26,0.6081871345029239,0.5380116959064327,0.5823529411764706,0.5761839238619424,0.02897919514091318,316
0.0356600284576416,0.004052173285185893,0.006136258443196614,0.0016926954629735745,,0.1,200,2,l2,42,lbfgs,1e-06,SimpleImputer(strategy='median'),SelectKBest(score_func=<function mutual_info_classif at 0x7e3bb6fd3420>),9,,"{'balance': None, 'classify__C': 0.1, 'classify__max_iter': 200, 'classify__n_jobs': 2, 'classify__penalty': 'l2', 'classify__random_state': 42, 'classify__solver': 'lbfgs', 'classify__tol': 1e-06, 'impute': SimpleImputer(strategy='median'), 'select': SelectKBest(score_func=<function mutual_info_classif at 0x7e3bb6fd3420>), 'select__k': 9, 'transform': None}",0.552024358516882,0.4587068210336908,0.510529261371341,0.507086813640638,0.03817441145816279,252,0.598825831702544,0.5459738088604068,0.5464623640728711,0.563754001545274,0.02480033097204153,243,0.6198830409356725,0.5380116959064327,0.5705882352941176,0.5761609907120743,0.03365532138642644,338
0.04260555903116862,0.00039251559319781175,0.006481170654296875,2.7731131710797246e-05,,0.01,500,2,l2,42,lbfgs,1e-06,SimpleImputer(strategy='median'),SelectKBest(score_func=<function mutual_info_classif at 0x7e3bb6fd3420>),9,,"{'balance': None, 'classify__C': 0.01, 'classify__max_iter': 500, 'classify__n_jobs': 2, 'classify__penalty': 'l2', 'classify__random_state': 42, 'classify__solver': 'lbfgs', 'classify__tol': 1e-06, 'impute': SimpleImputer(strategy='median'), 'select': SelectKBest(score_func=<function mutual_info_classif at 0x7e3bb6fd3420>), 'select__k': 9, 'transform': None}",0.5063497147195236,0.476283077861664,0.5374855824682815,0.5067061250164897,0.024987088849451774,253,0.6101481688565837,0.6110337141264977,0.5484394859483124,0.5898737896437979,0.029300707496049332,17,0.5964912280701754,0.5555555555555556,0.5882352941176471,0.5800940259144594,0.017675642506440454,232
0.05354579289754232,0.0012533269348505994,0.007731835047403972,0.00027515572265043446,,100.0,2000,2,l2,42,lbfgs,0.0001,,SelectKBest(score_func=<function mutual_info_classif at 0x7e3bb6fd3420>),7,,"{'balance': None, 'classify__C': 100.0, 'classify__max_iter': 2000, 'classify__n_jobs': 2, 'classify__penalty': 'l2', 'classify__random_state': 42, 'classify__solver': 'lbfgs', 'classify__tol': 0.0001, 'impute': None, 'select': SelectKBest(score_func=<function mutual_info_classif at 0x7e3bb6fd3420>), 'select__k': 7, 'transform': None}",0.5390613285350127,0.43856239900177957,0.541908992769816,0.5065109067688695,0.048060913285324657,254,0.5905786972323176,0.5493173585957091,0.5494280468860331,0.5631080342380199,0.019424744648413626,247,0.5789473684210527,0.5263157894736842,0.5941176470588235,0.5664602683178535,0.029054187589621427,434
0.042107184727986656,0.0004053379654869473,0.006536563237508138,0.00012195249507810387,,0.1,100,2,l2,42,lbfgs,1e-06,SimpleImputer(strategy='median'),SelectKBest(score_func=<function mutual_info_classif at 0x7e3bb6fd3420>),7,,"{'balance': None, 'classify__C': 0.1, 'classify__max_iter': 100, 'classify__n_jobs': 2, 'classify__penalty': 'l2', 'classify__random_state': 42, 'classify__solver': 'lbfgs', 'classify__tol': 1e-06, 'impute': SimpleImputer(strategy='median'), 'select': SelectKBest(score_func=<function mutual_info_classif at 0x7e3bb6fd3420>), 'select__k': 7, 'transform': None}",0.5228070175438597,0.472410445817648,0.523939418594044,0.5063856273185173,0.024028528898615082,255,0.5581492871121051,0.551407077180273,0.549569269877136,0.5530418780565046,0.003688595429770683,336,0.6023391812865497,0.5497076023391813,0.5823529411764706,0.5781332416007339,0.02169293547072218,274
0.06555573145548503,0.009069209246092558,0.00883014996846517,0.00015624505699192375,,0.1,500,2,l2,42,lbfgs,0.0001,,SelectKBest(score_func=<function mutual_info_classif at 0x7e3bb6fd3420>),7,,"{'balance': None, 'classify__C': 0.1, 'classify__max_iter': 500, 'classify__n_jobs': 2, 'classify__penalty': 'l2', 'classify__random_state': 42, 'classify__solver': 'lbfgs', 'classify__tol': 0.0001, 'impute': None, 'select': SelectKBest(score_func=<function mutual_info_classif at 0x7e3bb6fd3420>), 'select__k': 7, 'transform': None}",0.5228070175438597,0.4662877126313214,0.5286371654267966,0.505910631867326,0.028118552033268362,256,0.5581492871121051,0.5984954026191139,0.5293743821494139,0.5620063572935443,0.028350033632920477,264,0.6023391812865497,0.5497076023391813,0.5764705882352941,0.5761724572870083,0.021487786254366526,337
0.053894758224487305,0.001543149010885162,0.007767120997111003,2.344301186744463e-05,,0.01,200,2,l2,42,lbfgs,0.0001,,SelectKBest(score_func=<function mutual_info_classif at 0x7e3bb6fd3420>),7,,"{'balance': None, 'classify__C': 0.01, 'classify__max_iter': 200, 'classify__n_jobs': 2, 'classify__penalty': 'l2', 'classify__random_state': 42, 'classify__solver': 'lbfgs', 'classify__tol': 0.0001, 'impute': None, 'select': SelectKBest(score_func=<function mutual_info_classif at 0x7e3bb6fd3420>), 'select__k': 7, 'transform': None}",0.5206584186406968,0.472410445817648,0.523939418594044,0.5056694276841296,0.02355576569575102,257,0.5859658932065978,0.6163276678740597,0.5497104928682389,0.5840013513162988,0.02723180212016938,46,0.6081871345029239,0.5497076023391813,0.5823529411764706,0.5800825593395253,0.023928085252644046,238
0.05478445688883463,0.007830146796609372,0.007595221201578776,0.0009621676360725524,,0.1,200,2,l2,42,lbfgs,1e-08,SimpleImputer(strategy='median'),SelectKBest(score_func=<function mutual_info_classif at 0x7e3bb6fd3420>),9,,"{'balance': None, 'classify__C': 0.1, 'classify__max_iter': 200, 'classify__n_jobs': 2, 'classify__penalty': 'l2', 'classify__random_state': 42, 'classify__solver': 'lbfgs', 'classify__tol': 1e-08, 'impute': SimpleImputer(strategy='median'), 'select': SelectKBest(score_func=<function mutual_info_classif at 0x7e3bb6fd3420>), 'select__k': 9, 'transform': None}",0.5477428987706053,0.4587068210336908,0.510529261371341,0.505659660391879,0.03651155565906821,258,0.5732457366508248,0.5459738088604068,0.5464623640728711,0.5552273031947008,0.012742517535361169,319,0.6140350877192983,0.5380116959064327,0.5705882352941176,0.5742116729732828,0.031141997379147173,366
0.05666661262512207,0.0009799766588168678,0.00897820790608724,0.00028639700951408914,,0.01,1000,2,l2,42,lbfgs,0.0001,SimpleImputer(strategy='median'),SelectKBest(score_func=<function mutual_info_classif at 0x7e3bb6fd3420>),9,,"{'balance': None, 'classify__C': 0.01, 'classify__max_iter': 1000, 'classify__n_jobs': 2, 'classify__penalty': 'l2', 'classify__random_state': 42, 'classify__solver': 'lbfgs', 'classify__tol': 0.0001, 'impute': SimpleImputer(strategy='median'), 'select': SelectKBest(score_func=<function mutual_info_classif at 0x7e3bb6fd3420>), 'select__k': 9, 'transform': None}",0.5063497147195236,0.472410445817648,0.5374855824682815,0.5054152476684844,0.026575029307312325,259,0.6101481688565837,0.6150738367233213,0.5484394859483124,0.5912204971760725,0.03031750585866911,10,0.5964912280701754,0.5497076023391813,0.5882352941176471,0.5781447081756679,0.020388589171785692,265
0.05253760019938151,0.008653567168966944,0.007086833318074544,0.0006710529777285111,,10.0,200,2,l2,42,lbfgs,0.0001,,SelectKBest(score_func=<function mutual_info_classif at 0x7e3bb6fd3420>),7,,"{'balance': None, 'classify__C': 10.0, 'classify__max_iter': 200, 'classify__n_jobs': 2, 'classify__penalty': 'l2', 'classify__random_state': 42, 'classify__solver': 'lbfgs', 'classify__tol': 0.0001, 'impute': None, 'select': SelectKBest(score_func=<function mutual_info_classif at 0x7e3bb6fd3420>), 'select__k': 7, 'transform': None}",0.5327098520640144,0.472410445817648,0.510529261371341,0.5052165197510011,0.024902121945187084,260,0.5845680738048645,0.5526609083310113,0.5252789154074284,0.5541692991811015,0.024228186176249944,326,0.6081871345029239,0.5497076023391813,0.5705882352941176,0.5761609907120743,0.024197184722384926,338
0.05322122573852539,0.000771927270592462,0.0074587663014729815,3.912890454741143e-05,,1.0,100,2,l2,42,lbfgs,1e-08,,SelectKBest(score_func=<function mutual_info_classif at 0x7e3bb6fd3420>),7,,"{'balance': None, 'classify__C': 1.0, 'classify__max_iter': 100, 'classify__n_jobs': 2, 'classify__penalty': 'l2', 'classify__random_state': 42, 'classify__solver': 'lbfgs', 'classify__tol': 1e-08, 'impute': None, 'select': SelectKBest(score_func=<function mutual_info_classif at 0x7e3bb6fd3420>), 'select__k': 7, 'transform': None}",0.5382404926250939,0.434937005061269,0.541908992769816,0.5050288301520597,0.04958502752341307,261,0.5757618115739447,0.5484814711618836,0.5494280468860331,0.5578904432072872,0.01264287300874722,298,0.6081871345029239,0.52046783625731,0.5941176470588235,0.5742575392730193,0.038466320611877,352
0.05875953038533529,0.0031564647055722637,0.00802938143412272,0.00023654402143207036,,1.0,2000,2,l2,42,lbfgs,1e-08,,SelectKBest(score_func=<function mutual_info_classif at 0x7e3bb6fd3420>),7,,"{'balance': None, 'classify__C': 1.0, 'classify__max_iter': 2000, 'classify__n_jobs': 2, 'classify__penalty': 'l2', 'classify__random_state': 42, 'classify__solver': 'lbfgs', 'classify__tol': 1e-08, 'impute': None, 'select': SelectKBest(score_func=<function mutual_info_classif at 0x7e3bb6fd3420>), 'select__k': 7, 'transform': None}",0.5382404926250939,0.434937005061269,0.541908992769816,0.5050288301520597,0.04958502752341307,261,0.5757618115739447,0.5484814711618836,0.5494280468860331,0.5578904432072872,0.01264287300874722,298,0.6081871345029239,0.52046783625731,0.5941176470588235,0.5742575392730193,0.038466320611877,352
0.06225856145222982,0.003990133832734823,0.008231321970621744,0.00015675428791868886,,10.0,100,2,l2,42,lbfgs,1e-06,,SelectKBest(score_func=<function mutual_info_classif at 0x7e3bb6fd3420>),7,,"{'balance': None, 'classify__C': 10.0, 'classify__max_iter': 100, 'classify__n_jobs': 2, 'classify__penalty': 'l2', 'classify__random_state': 42, 'classify__solver': 'lbfgs', 'classify__tol': 1e-06, 'impute': None, 'select': SelectKBest(score_func=<function mutual_info_classif at 0x7e3bb6fd3420>), 'select__k': 7, 'transform': None}",0.5024792056495331,0.4702603247112669,0.541908992769816,0.5048828410435386,0.029299783912417342,263,0.5851272015655578,0.5504318751741432,0.5494280468860331,0.5616623745419114,0.016597198523550856,265,0.5906432748538012,0.5380116959064327,0.5941176470588235,0.5742575392730193,0.025668900594183305,352
0.06081835428873698,0.001702042503785284,0.009208122889200846,0.00015339616606980407,,0.1,500,2,l2,42,lbfgs,0.0001,SimpleImputer(strategy='median'),SelectKBest(score_func=<function mutual_info_classif at 0x7e3bb6fd3420>),9,,"{'balance': None, 'classify__C': 0.1, 'classify__max_iter': 500, 'classify__n_jobs': 2, 'classify__penalty': 'l2', 'classify__random_state': 42, 'classify__solver': 'lbfgs', 'classify__tol': 0.0001, 'impute': SimpleImputer(strategy='median'), 'select': SelectKBest(score_func=<function mutual_info_classif at 0x7e3bb6fd3420>), 'select__k': 9, 'transform': None}",0.5130490523602934,0.4900651021284624,0.510529261371341,0.504547805286699,0.010292354921144069,264,0.5652781660609448,0.6196712176093618,0.5461799180906651,0.5770431005869906,0.031134686332538138,107,0.5730994152046783,0.5672514619883041,0.5705882352941176,0.5703130374957001,0.0023953342948902136,413
0.10527523358662923,0.06260470403847267,0.012529691060384115,0.00450528447716374,,10.0,100,2,l2,42,lbfgs,1e-08,SimpleImputer(strategy='median'),SelectKBest(score_func=<function mutual_info_classif at 0x7e3bb6fd3420>),7,,"{'balance': None, 'classify__C': 10.0, 'classify__max_iter': 100, 'classify__n_jobs': 2, 'classify__penalty': 'l2', 'classify__random_state': 42, 'classify__solver': 'lbfgs', 'classify__tol': 1e-08, 'impute': SimpleImputer(strategy='median'), 'select': SelectKBest(score_func=<function mutual_info_classif at 0x7e3bb6fd3420>), 'select__k': 7, 'transform': None}",0.5327098520640144,0.43856239900177957,0.541908992769816,0.5043937479452033,0.04670104156735978,265,0.587363712608331,0.5493173585957091,0.5494280468860331,0.562036372696691,0.01790919081038589,263,0.6081871345029239,0.5263157894736842,0.5941176470588235,0.5762068570118105,0.03574284622415456,311
0.0686644713083903,0.0061895725202458125,0.008904616038004557,4.014708988037342e-05,,100.0,2000,2,l2,42,lbfgs,1e-06,,SelectKBest(score_func=<function mutual_info_classif at 0x7e3bb6fd3420>),7,,"{'balance': None, 'classify__C': 100.0, 'classify__max_iter': 2000, 'classify__n_jobs': 2, 'classify__penalty': 'l2', 'classify__random_state': 42, 'classify__solver': 'lbfgs', 'classify__tol': 1e-06, 'impute': None, 'select': SelectKBest(score_func=<function mutual_info_classif at 0x7e3bb6fd3420>), 'select__k': 7, 'transform': None}",0.5327098520640144,0.43856239900177957,0.541908992769816,0.5043937479452033,0.04670104156735978,265,0.5844282918646911,0.5493173585957091,0.5494280468860331,0.5610578991154778,0.016525424975145975,274,0.6081871345029239,0.5263157894736842,0.5941176470588235,0.5762068570118105,0.03574284622415456,311
0.09838525454203288,0.03680896539968243,0.012021938959757486,0.004645457366043283,,10.0,1000,2,l2,42,lbfgs,1e-06,SimpleImputer(strategy='median'),SelectKBest(score_func=<function mutual_info_classif at 0x7e3bb6fd3420>),7,,"{'balance': None, 'classify__C': 10.0, 'classify__max_iter': 1000, 'classify__n_jobs': 2, 'classify__penalty': 'l2', 'classify__random_state': 42, 'classify__solver': 'lbfgs', 'classify__tol': 1e-06, 'impute': SimpleImputer(strategy='median'), 'select': SelectKBest(score_func=<function mutual_info_classif at 0x7e3bb6fd3420>), 'select__k': 7, 'transform': None}",0.5327098520640144,0.43856239900177957,0.541908992769816,0.5043937479452033,0.04670104156735978,265,0.5844282918646911,0.5493173585957091,0.5494280468860331,0.5610578991154778,0.016525424975145975,274,0.6081871345029239,0.5263157894736842,0.5941176470588235,0.5762068570118105,0.03574284622415456,311
0.05780164400736491,0.010799411047528705,0.008037328720092773,0.0007940937287966997,,100.0,200,2,l2,42,lbfgs,1e-08,SimpleImputer(strategy='median'),SelectKBest(score_func=<function mutual_info_classif at 0x7e3bb6fd3420>),7,,"{'balance': None, 'classify__C': 100.0, 'classify__max_iter': 200, 'classify__n_jobs': 2, 'classify__penalty': 'l2', 'classify__random_state': 42, 'classify__solver': 'lbfgs', 'classify__tol': 1e-08, 'impute': SimpleImputer(strategy='median'), 'select': SelectKBest(score_func=<function mutual_info_classif at 0x7e3bb6fd3420>), 'select__k': 7, 'transform': None}",0.5327098520640144,0.43856239900177957,0.541908992769816,0.5043937479452033,0.04670104156735978,265,0.5844282918646911,0.5493173585957091,0.5494280468860331,0.5610578991154778,0.016525424975145975,274,0.6081871345029239,0.5263157894736842,0.5941176470588235,0.5762068570118105,0.03574284622415456,311
0.06586400667826335,0.006287221133227628,0.008647759755452475,0.0010319599703062347,,0.01,500,2,l2,42,lbfgs,1e-08,,SelectKBest(score_func=<function mutual_info_classif at 0x7e3bb6fd3420>),7,,"{'balance': None, 'classify__C': 0.01, 'classify__max_iter': 500, 'classify__n_jobs': 2, 'classify__penalty': 'l2', 'classify__random_state': 42, 'classify__solver': 'lbfgs', 'classify__tol': 1e-08, 'impute': None, 'select': SelectKBest(score_func=<function mutual_info_classif at 0x7e3bb6fd3420>), 'select__k': 7, 'transform': None}",0.5228070175438597,0.4662877126313214,0.523939418594044,0.5043447162564084,0.02691433604016674,269,0.6052558009505172,0.5966843131791585,0.5497104928682389,0.5838835356659716,0.024416049928894276,47,0.6023391812865497,0.5497076023391813,0.5823529411764706,0.5781332416007339,0.02169293547072218,274
0.04091723759969076,0.0012069909634700956,0.0058129628499348955,0.00015604240501034049,,0.01,500,2,l2,42,lbfgs,1e-06,,SelectKBest(score_func=<function mutual_info_classif at 0x7e3bb6fd3420>),9,,"{'balance': None, 'classify__C': 0.01, 'classify__max_iter': 500, 'classify__n_jobs': 2, 'classify__penalty': 'l2', 'classify__random_state': 42, 'classify__solver': 'lbfgs', 'classify__tol': 1e-06, 'impute': None, 'select': SelectKBest(score_func=<function mutual_info_classif at 0x7e3bb6fd3420>), 'select__k': 9, 'transform': None}",0.5244566267333056,0.476283077861664,0.510529261371341,0.5037563219887703,0.020241495887278926,270,0.5568912496505452,0.6110337141264977,0.549569269877136,0.5724980778847263,0.02741227574608558,155,0.5964912280701754,0.5555555555555556,0.5705882352941176,0.5742116729732828,0.016907183808806365,366
0.0543814500172933,0.005708883569126157,0.008281707763671875,0.000864348758502665,,0.01,100,2,l2,42,lbfgs,1e-06,SimpleImputer(strategy='median'),SelectKBest(score_func=<function mutual_info_classif at 0x7e3bb6fd3420>),7,,"{'balance': None, 'classify__C': 0.01, 'classify__max_iter': 100, 'classify__n_jobs': 2, 'classify__penalty': 'l2', 'classify__random_state': 42, 'classify__solver': 'lbfgs', 'classify__tol': 1e-06, 'impute': SimpleImputer(strategy='median'), 'select': SelectKBest(score_func=<function mutual_info_classif at 0x7e3bb6fd3420>), 'select__k': 7, 'transform': None}",0.5206584186406968,0.4662877126313214,0.523939418594044,0.5036285166220208,0.026437889126243765,271,0.5859658932065978,0.5966843131791585,0.5497104928682389,0.5774535664179984,0.020099415068894746,102,0.6081871345029239,0.5497076023391813,0.5823529411764706,0.5800825593395253,0.023928085252644046,238
0.056734720865885414,0.0023247135673474502,0.007870356241861979,8.523174279475826e-05,,0.01,200,2,l2,42,lbfgs,1e-06,,SelectKBest(score_func=<function mutual_info_classif at 0x7e3bb6fd3420>),9,,"{'balance': None, 'classify__C': 0.01, 'classify__max_iter': 200, 'classify__n_jobs': 2, 'classify__penalty': 'l2', 'classify__random_state': 42, 'classify__solver': 'lbfgs', 'classify__tol': 1e-06, 'impute': None, 'select': SelectKBest(score_func=<function mutual_info_classif at 0x7e3bb6fd3420>), 'select__k': 9, 'transform': None}",0.5187608924241341,0.445779890527217,0.5457374047829098,0.503426062578087,0.04222356308073862,272,0.5806541794800112,0.5511284480356645,0.5395424375088265,0.5571083550081674,0.017308250393500382,305,0.5964912280701754,0.5380116959064327,0.5882352941176471,0.574246072698085,0.025842312299362888,358
0.06301371256510417,0.0030996521507330537,0.009148279825846354,8.715002636345807e-05,,1.0,100,2,l2,42,lbfgs,1e-06,SimpleImputer(strategy='median'),SelectKBest(score_func=<function mutual_info_classif at 0x7e3bb6fd3420>),7,,"{'balance': None, 'classify__C': 1.0, 'classify__max_iter': 100, 'classify__n_jobs': 2, 'classify__penalty': 'l2', 'classify__random_state': 42, 'classify__solver': 'lbfgs', 'classify__tol': 1e-06, 'impute': SimpleImputer(strategy='median'), 'select': SelectKBest(score_func=<function mutual_info_classif at 0x7e3bb6fd3420>), 'select__k': 7, 'transform': None}",0.5327098520640144,0.434937005061269,0.541908992769816,0.5031852832983664,0.04840472882668586,273,0.5847078557450377,0.5484814711618836,0.5494280468860331,0.5608724579309848,0.016858601031639716,278,0.6081871345029239,0.52046783625731,0.5941176470588235,0.5742575392730193,0.038466320611877,352
0.055838425954182945,0.0005375550809796423,0.00803979237874349,0.00041361041888686326,,1.0,100,2,l2,42,lbfgs,1e-06,,SelectKBest(score_func=<function mutual_info_classif at 0x7e3bb6fd3420>),7,,"{'balance': None, 'classify__C': 1.0, 'classify__max_iter': 100, 'classify__n_jobs': 2, 'classify__penalty': 'l2', 'classify__random_state': 42, 'classify__solver': 'lbfgs', 'classify__tol': 1e-06, 'impute': None, 'select': SelectKBest(score_func=<function mutual_info_classif at 0x7e3bb6fd3420>), 'select__k': 7, 'transform': None}",0.5327098520640144,0.434937005061269,0.541908992769816,0.5031852832983664,0.04840472882668586,273,0.5847078557450377,0.5484814711618836,0.5494280468860331,0.5608724579309848,0.016858601031639716,278,0.6081871345029239,0.52046783625731,0.5941176470588235,0.5742575392730193,0.038466320611877,352
0.06554754575093587,0.0015694863128886446,0.009864012400309244,0.00019447711897572446,,0.01,200,2,l2,42,lbfgs,1e-08,SimpleImputer(strategy='median'),SelectKBest(score_func=<function mutual_info_classif at 0x7e3bb6fd3420>),9,,"{'balance': None, 'classify__C': 0.01, 'classify__max_iter': 200, 'classify__n_jobs': 2, 'classify__penalty': 'l2', 'classify__random_state': 42, 'classify__solver': 'lbfgs', 'classify__tol': 1e-08, 'impute': SimpleImputer(strategy='median'), 'select': SelectKBest(score_func=<function mutual_info_classif at 0x7e3bb6fd3420>), 'select__k': 9, 'transform': None}",0.5187608924241341,0.4801503694460923,0.510529261371341,0.5031468410805225,0.016604582061832438,275,0.5806541794800112,0.6235720256338814,0.549569269877136,0.5845984916636762,0.03033996444570302,44,0.5964912280701754,0.5614035087719298,0.5705882352941176,0.5761609907120743,0.014856619480877726,338
0.0602873961130778,0.0012105171951435414,0.008659044901529947,7.784146522745797e-05,,0.01,1000,2,l2,42,lbfgs,1e-06,SimpleImputer(strategy='median'),SelectKBest(score_func=<function mutual_info_classif at 0x7e3bb6fd3420>),7,,"{'balance': None, 'classify__C': 0.01, 'classify__max_iter': 1000, 'classify__n_jobs': 2, 'classify__penalty': 'l2', 'classify__random_state': 42, 'classify__solver': 'lbfgs', 'classify__tol': 1e-06, 'impute': SimpleImputer(strategy='median'), 'select': SelectKBest(score_func=<function mutual_info_classif at 0x7e3bb6fd3420>), 'select__k': 7, 'transform': None}",0.5206584186406968,0.46349206349206346,0.523939418594044,0.5026966335756015,0.027754158568278824,276,0.5859658932065978,0.5756478127612148,0.5497104928682389,0.5704413996120171,0.015252181632666435,194,0.6081871345029239,0.5555555555555556,0.5823529411764706,0.5820318770783167,0.021487951464942857,206
0.04365269343058268,0.0010420566946007562,0.006288290023803711,0.00012667201021394371,,0.01,1000,2,l2,42,lbfgs,1e-06,,SelectKBest(score_func=<function mutual_info_classif at 0x7e3bb6fd3420>),9,,"{'balance': None, 'classify__C': 0.01, 'classify__max_iter': 1000, 'classify__n_jobs': 2, 'classify__penalty': 'l2', 'classify__random_state': 42, 'classify__solver': 'lbfgs', 'classify__tol': 1e-06, 'impute': None, 'select': SelectKBest(score_func=<function mutual_info_classif at 0x7e3bb6fd3420>), 'select__k': 9, 'transform': None}",0.5187608924241341,0.476283077861664,0.510529261371341,0.5018577438857131,0.0183936147277357,277,0.5806541794800112,0.6065756478127612,0.549569269877136,0.5789330323899694,0.023304556661934945,89,0.5964912280701754,0.5555555555555556,0.5705882352941176,0.5742116729732828,0.016907183808806365,366
0.047758261362711586,0.007455677843005474,0.006496588389078776,0.0010717623703355881,,0.01,100,2,l2,42,lbfgs,1e-08,,SelectKBest(score_func=<function mutual_info_classif at 0x7e3bb6fd3420>),9,,"{'balance': None, 'classify__C': 0.01, 'classify__max_iter': 100, 'classify__n_jobs': 2, 'classify__penalty': 'l2', 'classify__random_state': 42, 'classify__solver': 'lbfgs', 'classify__tol': 1e-08, 'impute': None, 'select': SelectKBest(score_func=<function mutual_info_classif at 0x7e3bb6fd3420>), 'select__k': 9, 'transform': None}",0.5187608924241341,0.476283077861664,0.510529261371341,0.5018577438857131,0.0183936147277357,277,0.5806541794800112,0.6110337141264977,0.549569269877136,0.5804190544945482,0.025093305077115886,70,0.5964912280701754,0.5555555555555556,0.5705882352941176,0.5742116729732828,0.016907183808806365,366
0.051029205322265625,0.0010073677498628473,0.007394949595133464,0.00010841175903923807,,0.01,2000,2,l2,42,lbfgs,0.0001,,SelectKBest(score_func=<function mutual_info_classif at 0x7e3bb6fd3420>),9,,"{'balance': None, 'classify__C': 0.01, 'classify__max_iter': 2000, 'classify__n_jobs': 2, 'classify__penalty': 'l2', 'classify__random_state': 42, 'classify__solver': 'lbfgs', 'classify__tol': 0.0001, 'impute': None, 'select': SelectKBest(score_func=<function mutual_info_classif at 0x7e3bb6fd3420>), 'select__k': 9, 'transform': None}",0.5187608924241341,0.476283077861664,0.510529261371341,0.5018577438857131,0.0183936147277357,277,0.5806541794800112,0.6110337141264977,0.549569269877136,0.5804190544945482,0.025093305077115886,70,0.5964912280701754,0.5555555555555556,0.5705882352941176,0.5742116729732828,0.016907183808806365,366
0.054047584533691406,0.00031532044649745756,0.008498827616373697,2.4323629157141574e-05,,10.0,2000,2,l2,42,lbfgs,1e-06,SimpleImputer(strategy='median'),SelectKBest(score_func=<function mutual_info_classif at 0x7e3bb6fd3420>),5,,"{'balance': None, 'classify__C': 10.0, 'classify__max_iter': 2000, 'classify__n_jobs': 2, 'classify__penalty': 'l2', 'classify__random_state': 42, 'classify__solver': 'lbfgs', 'classify__tol': 1e-06, 'impute': SimpleImputer(strategy='median'), 'select': SelectKBest(score_func=<function mutual_info_classif at 0x7e3bb6fd3420>), 'select__k': 5, 'transform': None}",0.4995900141748282,0.5094137783483098,0.49594784635165534,0.5016505462915978,0.005687247464741322,280,0.5567514677103719,0.5700752298690442,0.5437791272419149,0.5568686082737769,0.010735658488663709,306,0.5964912280701754,0.5789473684210527,0.5647058823529412,0.5800481596147231,0.012999637341866425,255
0.0505685011545817,0.006105306389773838,0.00783832867940267,0.0009455953834971849,,0.1,100,2,l2,42,lbfgs,1e-08,SimpleImputer(strategy='median'),SelectKBest(score_func=<function mutual_info_classif at 0x7e3bb6fd3420>),5,,"{'balance': None, 'classify__C': 0.1, 'classify__max_iter': 100, 'classify__n_jobs': 2, 'classify__penalty': 'l2', 'classify__random_state': 42, 'classify__solver': 'lbfgs', 'classify__tol': 1e-08, 'impute': SimpleImputer(strategy='median'), 'select': SelectKBest(score_func=<function mutual_info_classif at 0x7e3bb6fd3420>), 'select__k': 5, 'transform': None}",0.4995900141748282,0.46721947158274874,0.5374855824682815,0.5014316894086194,0.02871556384604658,281,0.5549343024881186,0.6411256617442185,0.5766134726733512,0.5908911456352294,0.036607162882950295,12,0.5964912280701754,0.5730994152046783,0.5882352941176471,0.5859419791308337,0.00968637178394353,124
0.07324926058451335,0.0030756927836744965,0.009940067927042643,0.0008480101062574112,,10.0,1000,2,l2,42,lbfgs,1e-08,,SelectKBest(score_func=<function mutual_info_classif at 0x7e3bb6fd3420>),5,,"{'balance': None, 'classify__C': 10.0, 'classify__max_iter': 1000, 'classify__n_jobs': 2, 'classify__penalty': 'l2', 'classify__random_state': 42, 'classify__solver': 'lbfgs', 'classify__tol': 1e-08, 'impute': None, 'select': SelectKBest(score_func=<function mutual_info_classif at 0x7e3bb6fd3420>), 'select__k': 5, 'transform': None}",0.4995900141748282,0.4662877126313214,0.5374855824682815,0.5011211030914771,0.029086564393011324,282,0.5567514677103719,0.560880468096963,0.5323400649625759,0.5499906669233036,0.012594177840842453,354,0.5964912280701754,0.5497076023391813,0.5882352941176471,0.5781447081756679,0.020388589171785692,265
0.06369972229003906,0.0011265715753700086,0.009612798690795898,0.0005285542557112071,,0.01,200,2,l2,42,lbfgs,0.0001,SimpleImputer(strategy='median'),SelectKBest(score_func=<function mutual_info_classif at 0x7e3bb6fd3420>),7,,"{'balance': None, 'classify__C': 0.01, 'classify__max_iter': 200, 'classify__n_jobs': 2, 'classify__penalty': 'l2', 'classify__random_state': 42, 'classify__solver': 'lbfgs', 'classify__tol': 0.0001, 'impute': SimpleImputer(strategy='median'), 'select': SelectKBest(score_func=<function mutual_info_classif at 0x7e3bb6fd3420>), 'select__k': 7, 'transform': None}",0.5409796938349635,0.43802601797084456,0.523939418594044,0.500981710133284,0.04505668375731806,283,0.5722672630696114,0.5664530509891335,0.5497104928682389,0.5628102689756612,0.009562230077328152,249,0.6198830409356725,0.5497076023391813,0.5823529411764706,0.5839811948171082,0.0286721287779749,165
0.04951039950052897,0.005039538568945867,0.006821473439534505,0.0006862039143148339,,0.01,1000,2,l2,42,lbfgs,1e-06,,SelectKBest(score_func=<function mutual_info_classif at 0x7e3bb6fd3420>),7,,"{'balance': None, 'classify__C': 0.01, 'classify__max_iter': 1000, 'classify__n_jobs': 2, 'classify__penalty': 'l2', 'classify__random_state': 42, 'classify__solver': 'lbfgs', 'classify__tol': 1e-06, 'impute': None, 'select': SelectKBest(score_func=<function mutual_info_classif at 0x7e3bb6fd3420>), 'select__k': 7, 'transform': None}",0.5409796938349635,0.43802601797084456,0.523939418594044,0.500981710133284,0.04505668375731806,283,0.5722672630696114,0.566731680133742,0.5497104928682389,0.5629031453571974,0.009598445338726808,248,0.6198830409356725,0.5497076023391813,0.5823529411764706,0.5839811948171082,0.0286721287779749,165
0.03915572166442871,0.0009506418972181225,0.006068706512451172,0.00042274995906301866,,0.1,200,2,l2,42,lbfgs,1e-08,,SelectKBest(score_func=<function mutual_info_classif at 0x7e3bb6fd3420>),5,,"{'balance': None, 'classify__C': 0.1, 'classify__max_iter': 200, 'classify__n_jobs': 2, 'classify__penalty': 'l2', 'classify__random_state': 42, 'classify__solver': 'lbfgs', 'classify__tol': 1e-08, 'impute': None, 'select': SelectKBest(score_func=<function mutual_info_classif at 0x7e3bb6fd3420>), 'select__k': 5, 'transform': None}",0.4995900141748282,0.4738416682220415,0.5286309925602455,0.5006875583190383,0.02238110762407431,285,0.5549343024881186,0.5759264419058233,0.5197712187544132,0.550210654382785,0.023167317645963127,352,0.5964912280701754,0.5614035087719298,0.5823529411764706,0.5800825593395253,0.014414182521675607,238
0.05137260754903158,0.0012111174820951603,0.007241725921630859,4.784358563380875e-05,,0.01,2000,2,l2,42,lbfgs,1e-06,,SelectKBest(score_func=<function mutual_info_classif at 0x7e3bb6fd3420>),9,,"{'balance': None, 'classify__C': 0.01, 'classify__max_iter': 2000, 'classify__n_jobs': 2, 'classify__penalty': 'l2', 'classify__random_state': 42, 'classify__solver': 'lbfgs', 'classify__tol': 1e-06, 'impute': None, 'select': SelectKBest(score_func=<function mutual_info_classif at 0x7e3bb6fd3420>), 'select__k': 9, 'transform': None}",0.5187608924241341,0.445779890527217,0.5374855824682815,0.5006754551398775,0.03956257292711079,286,0.5806541794800112,0.5511284480356645,0.5484394859483124,0.5600740378213294,0.01459370417441171,284,0.5964912280701754,0.5380116959064327,0.5882352941176471,0.574246072698085,0.025842312299362888,358
0.09634009997049968,0.0438264188220281,0.007574240366617839,0.0011873076451321919,,10.0,100,2,l2,42,lbfgs,1e-08,,SelectKBest(score_func=<function mutual_info_classif at 0x7e3bb6fd3420>),5,,"{'balance': None, 'classify__C': 10.0, 'classify__max_iter': 100, 'classify__n_jobs': 2, 'classify__penalty': 'l2', 'classify__random_state': 42, 'classify__solver': 'lbfgs', 'classify__tol': 1e-08, 'impute': None, 'select': SelectKBest(score_func=<function mutual_info_classif at 0x7e3bb6fd3420>), 'select__k': 5, 'transform': None}",0.4995900141748282,0.46349206349206346,0.5374855824682815,0.5001892200450576,0.03021069896992535,287,0.5567514677103719,0.553496795764837,0.5323400649625759,0.547529442812595,0.010822387967272574,378,0.5964912280701754,0.5555555555555556,0.5882352941176471,0.5800940259144594,0.017675642506440454,232
0.0934909184773763,0.04011644244145443,0.010189533233642578,0.0014493853892802314,,1.0,2000,2,l2,42,lbfgs,1e-08,SimpleImputer(strategy='median'),SelectKBest(score_func=<function mutual_info_classif at 0x7e3bb6fd3420>),7,,"{'balance': None, 'classify__C': 1.0, 'classify__max_iter': 2000, 'classify__n_jobs': 2, 'classify__penalty': 'l2', 'classify__random_state': 42, 'classify__solver': 'lbfgs', 'classify__tol': 1e-08, 'impute': SimpleImputer(strategy='median'), 'select': SelectKBest(score_func=<function mutual_info_classif at 0x7e3bb6fd3420>), 'select__k': 7, 'transform': None}",0.5228070175438597,0.434937005061269,0.541908992769816,0.4998843384583149,0.04658210279297932,288,0.5651383841207716,0.5484814711618836,0.5494280468860331,0.5543493007228961,0.007638814996455988,325,0.6023391812865497,0.52046783625731,0.5941176470588235,0.5723082215342278,0.03681003092916271,385
0.05731924374898275,0.002038834564350064,0.009051958719889322,0.000308109399720255,,10.0,1000,2,l2,42,lbfgs,0.0001,SimpleImputer(strategy='median'),SelectKBest(score_func=<function mutual_info_classif at 0x7e3bb6fd3420>),5,,"{'balance': None, 'classify__C': 10.0, 'classify__max_iter': 1000, 'classify__n_jobs': 2, 'classify__penalty': 'l2', 'classify__random_state': 42, 'classify__solver': 'lbfgs', 'classify__tol': 0.0001, 'impute': SimpleImputer(strategy='median'), 'select': SelectKBest(score_func=<function mutual_info_classif at 0x7e3bb6fd3420>), 'select__k': 5, 'transform': None}",0.4995900141748282,0.47083558335112424,0.5286309925602455,0.4996855300287326,0.023594973671966727,289,0.5570310315907185,0.5568403455001393,0.5196299957633103,0.544500457618056,0.017586244528940947,399,0.5964912280701754,0.5672514619883041,0.5823529411764706,0.5820318770783167,0.01193924318503146,206
0.03366589546203613,0.0017770490155099444,0.004682858784993489,0.00011728487131791831,,0.1,200,2,l2,42,lbfgs,0.0001,,SelectKBest(score_func=<function mutual_info_classif at 0x7e3bb6fd3420>),7,,"{'balance': None, 'classify__C': 0.1, 'classify__max_iter': 200, 'classify__n_jobs': 2, 'classify__penalty': 'l2', 'classify__random_state': 42, 'classify__solver': 'lbfgs', 'classify__tol': 0.0001, 'impute': None, 'select': SelectKBest(score_func=<function mutual_info_classif at 0x7e3bb6fd3420>), 'select__k': 7, 'transform': None}",0.5382404926250939,0.434937005061269,0.523939418594044,0.4990389720934689,0.04570139904976165,290,0.575482247693598,0.547088325438841,0.549569269877136,0.5573799476698583,0.012840267934343407,304,0.6081871345029239,0.52046783625731,0.5823529411764706,0.5703359706455683,0.03680556576326627,405
0.0540762742360433,0.008578446932687429,0.007810751597086589,0.0009881917618058556,,10.0,200,2,l2,42,lbfgs,1e-08,SimpleImputer(strategy='median'),SelectKBest(score_func=<function mutual_info_classif at 0x7e3bb6fd3420>),9,,"{'balance': None, 'classify__C': 10.0, 'classify__max_iter': 200, 'classify__n_jobs': 2, 'classify__penalty': 'l2', 'classify__random_state': 42, 'classify__solver': 'lbfgs', 'classify__tol': 1e-08, 'impute': SimpleImputer(strategy='median'), 'select': SelectKBest(score_func=<function mutual_info_classif at 0x7e3bb6fd3420>), 'select__k': 9, 'transform': None}",0.5353970325262192,0.4510923848649606,0.510529261371341,0.4990062262541736,0.035368570398550576,291,0.5749231199329047,0.5473669545834494,0.546038695099562,0.556109589871972,0.013314221803003136,311,0.5906432748538012,0.5263157894736842,0.5705882352941176,0.5625157665405344,0.026874770171612335,447
0.044771830240885414,0.000608743232803035,0.007230997085571289,0.00035463677050402926,,100.0,500,2,l2,42,lbfgs,1e-08,SimpleImputer(strategy='median'),SelectKBest(score_func=<function mutual_info_classif at 0x7e3bb6fd3420>),5,,"{'balance': None, 'classify__C': 100.0, 'classify__max_iter': 500, 'classify__n_jobs': 2, 'classify__penalty': 'l2', 'classify__random_state': 42, 'classify__solver': 'lbfgs', 'classify__tol': 1e-08, 'impute': SimpleImputer(strategy='median'), 'select': SelectKBest(score_func=<function mutual_info_classif at 0x7e3bb6fd3420>), 'select__k': 5, 'transform': None}",0.4995900141748282,0.4598107793746293,0.5374855824682815,0.4989621253392464,0.03171371356581457,292,0.5567514677103719,0.5234048481471162,0.5770371416466601,0.5523978191680494,0.02211065230799934,342,0.5964912280701754,0.5497076023391813,0.5882352941176471,0.5781447081756679,0.020388589171785692,265
0.05842510859171549,0.0049456072949247065,0.013137261072794596,0.006336269891591529,,1.0,100,2,l2,42,lbfgs,1e-06,SimpleImputer(strategy='median'),SelectKBest(score_func=<function mutual_info_classif at 0x7e3bb6fd3420>),5,,"{'balance': None, 'classify__C': 1.0, 'classify__max_iter': 100, 'classify__n_jobs': 2, 'classify__penalty': 'l2', 'classify__random_state': 42, 'classify__solver': 'lbfgs', 'classify__tol': 1e-06, 'impute': SimpleImputer(strategy='median'), 'select': SelectKBest(score_func=<function mutual_info_classif at 0x7e3bb6fd3420>), 'select__k': 5, 'transform': None}",0.4995900141748282,0.4598107793746293,0.5374855824682815,0.4989621253392464,0.03171371356581457,292,0.5563321218898518,0.5234048481471162,0.5323400649625759,0.5373590116665147,0.01390308619324009,425,0.5964912280701754,0.5497076023391813,0.5882352941176471,0.5781447081756679,0.020388589171785692,265
0.05539790789286295,0.002785616361626099,0.008426189422607422,0.0002640096533125677,,10.0,1000,2,l2,42,lbfgs,1e-06,SimpleImputer(strategy='median'),SelectKBest(score_func=<function mutual_info_classif at 0x7e3bb6fd3420>),5,,"{'balance': None, 'classify__C': 10.0, 'classify__max_iter': 1000, 'classify__n_jobs': 2, 'classify__penalty': 'l2', 'classify__random_state': 42, 'classify__solver': 'lbfgs', 'classify__tol': 1e-06, 'impute': SimpleImputer(strategy='median'), 'select': SelectKBest(score_func=<function mutual_info_classif at 0x7e3bb6fd3420>), 'select__k': 5, 'transform': None}",0.4995900141748282,0.4598107793746293,0.5374855824682815,0.4989621253392464,0.03171371356581457,292,0.5567514677103719,0.5234048481471162,0.5323400649625759,0.5374987936066881,0.014093937703656221,421,0.5964912280701754,0.5497076023391813,0.5882352941176471,0.5781447081756679,0.020388589171785692,265
0.06383419036865234,5.327681744807574e-05,0.009231805801391602,0.000300054683690729,,10.0,1000,2,l2,42,lbfgs,1e-08,SimpleImputer(strategy='median'),SelectKBest(score_func=<function mutual_info_classif at 0x7e3bb6fd3420>),5,,"{'balance': None, 'classify__C': 10.0, 'classify__max_iter': 1000, 'classify__n_jobs': 2, 'classify__penalty': 'l2', 'classify__random_state': 42, 'classify__solver': 'lbfgs', 'classify__tol': 1e-08, 'impute': SimpleImputer(strategy='median'), 'select': SelectKBest(score_func=<function mutual_info_classif at 0x7e3bb6fd3420>), 'select__k': 5, 'transform': None}",0.4995900141748282,0.4598107793746293,0.5374855824682815,0.4989621253392464,0.03171371356581457,292,0.5567514677103719,0.5234048481471162,0.5323400649625759,0.5374987936066881,0.014093937703656221,421,0.5964912280701754,0.5497076023391813,0.5882352941176471,0.5781447081756679,0.020388589171785692,265
0.045377254486083984,0.005971196535985027,0.006652116775512695,0.0007419176292619983,,100.0,200,2,l2,42,lbfgs,0.0001,,SelectKBest(score_func=<function mutual_info_classif at 0x7e3bb6fd3420>),5,,"{'balance': None, 'classify__C': 100.0, 'classify__max_iter': 200, 'classify__n_jobs': 2, 'classify__penalty': 'l2', 'classify__random_state': 42, 'classify__solver': 'lbfgs', 'classify__tol': 0.0001, 'impute': None, 'select': SelectKBest(score_func=<function mutual_info_classif at 0x7e3bb6fd3420>), 'select__k': 5, 'transform': None}",0.4995900141748282,0.4598107793746293,0.5374855824682815,0.4989621253392464,0.03171371356581457,292,0.5567514677103718,0.523265533574812,0.5323400649625759,0.5374523554159198,0.014140452173163249,424,0.5964912280701754,0.5497076023391813,0.5882352941176471,0.5781447081756679,0.020388589171785692,265
0.044202566146850586,0.0006122617273374855,0.00643150011698405,6.668033412896704e-05,,10.0,200,2,l2,42,lbfgs,1e-06,,SelectKBest(score_func=<function mutual_info_classif at 0x7e3bb6fd3420>),5,,"{'balance': None, 'classify__C': 10.0, 'classify__max_iter': 200, 'classify__n_jobs': 2, 'classify__penalty': 'l2', 'classify__random_state': 42, 'classify__solver': 'lbfgs', 'classify__tol': 1e-06, 'impute': None, 'select': SelectKBest(score_func=<function mutual_info_classif at 0x7e3bb6fd3420>), 'select__k': 5, 'transform': None}",0.4995900141748282,0.4598107793746293,0.5374855824682815,0.4989621253392464,0.03171371356581457,292,0.5567514677103719,0.5234048481471162,0.5323400649625759,0.5374987936066881,0.014093937703656221,421,0.5964912280701754,0.5497076023391813,0.5882352941176471,0.5781447081756679,0.020388589171785692,265
0.06697559356689453,0.01720689893699701,0.008528312047322592,0.0008889627692986124,,10.0,200,2,l2,42,lbfgs,0.0001,,SelectKBest(score_func=<function mutual_info_classif at 0x7e3bb6fd3420>),5,,"{'balance': None, 'classify__C': 10.0, 'classify__max_iter': 200, 'classify__n_jobs': 2, 'classify__penalty': 'l2', 'classify__random_state': 42, 'classify__solver': 'lbfgs', 'classify__tol': 0.0001, 'impute': None, 'select': SelectKBest(score_func=<function mutual_info_classif at 0x7e3bb6fd3420>), 'select__k': 5, 'transform': None}",0.4995900141748282,0.4598107793746293,0.5374855824682815,0.4989621253392464,0.03171371356581457,292,0.5570310315907185,0.523265533574812,0.5323400649625759,0.5375455433760354,0.01426767834887168,420,0.5964912280701754,0.5497076023391813,0.5882352941176471,0.5781447081756679,0.020388589171785692,265
0.06909219423929851,0.014003566428685117,0.008646488189697266,0.00022250649406000133,,100.0,2000,2,l2,42,lbfgs,1e-06,,SelectKBest(score_func=<function mutual_info_classif at 0x7e3bb6fd3420>),5,,"{'balance': None, 'classify__C': 100.0, 'classify__max_iter': 2000, 'classify__n_jobs': 2, 'classify__penalty': 'l2', 'classify__random_state': 42, 'classify__solver': 'lbfgs', 'classify__tol': 1e-06, 'impute': None, 'select': SelectKBest(score_func=<function mutual_info_classif at 0x7e3bb6fd3420>), 'select__k': 5, 'transform': None}",0.4995900141748282,0.45950815386452676,0.5374855824682815,0.49886125016921207,0.03183832246047026,299,0.5567514677103719,0.5580941766508777,0.5770371416466601,0.5639609286693031,0.009262513200948787,239,0.5964912280701754,0.5730994152046783,0.5882352941176471,0.5859419791308337,0.00968637178394353,124
0.05282266934712728,0.006836521265575586,0.0074024200439453125,0.0007447501118354751,,100.0,200,2,l2,42,lbfgs,1e-08,,SelectKBest(score_func=<function mutual_info_classif at 0x7e3bb6fd3420>),5,,"{'balance': None, 'classify__C': 100.0, 'classify__max_iter': 200, 'classify__n_jobs': 2, 'classify__penalty': 'l2', 'classify__random_state': 42, 'classify__solver': 'lbfgs', 'classify__tol': 1e-08, 'impute': None, 'select': SelectKBest(score_func=<function mutual_info_classif at 0x7e3bb6fd3420>), 'select__k': 5, 'transform': None}",0.4995900141748282,0.45950815386452676,0.5374855824682815,0.49886125016921207,0.03183832246047026,299,0.5567514677103719,0.5580941766508777,0.5323400649625759,0.5490619031079418,0.011836824462796583,364,0.5964912280701754,0.5730994152046783,0.5882352941176471,0.5859419791308337,0.00968637178394353,124
0.06918946901957194,0.017539254957556722,0.008425712585449219,0.0006549879824516565,,100.0,500,2,l2,42,lbfgs,0.0001,SimpleImputer(strategy='median'),SelectKBest(score_func=<function mutual_info_classif at 0x7e3bb6fd3420>),5,,"{'balance': None, 'classify__C': 100.0, 'classify__max_iter': 500, 'classify__n_jobs': 2, 'classify__penalty': 'l2', 'classify__random_state': 42, 'classify__solver': 'lbfgs', 'classify__tol': 0.0001, 'impute': SimpleImputer(strategy='median'), 'select': SelectKBest(score_func=<function mutual_info_classif at 0x7e3bb6fd3420>), 'select__k': 5, 'transform': None}",0.4995900141748282,0.45950815386452676,0.5374855824682815,0.49886125016921207,0.03183832246047026,299,0.5880626223091977,0.5580941766508777,0.5323400649625759,0.5594989546408837,0.022770315474506024,286,0.5964912280701754,0.5730994152046783,0.5882352941176471,0.5859419791308337,0.00968637178394353,124
0.0509489377339681,0.0056709400021120555,0.008656899134318033,0.002720430418911793,,10.0,200,2,l2,42,lbfgs,1e-08,,SelectKBest(score_func=<function mutual_info_classif at 0x7e3bb6fd3420>),5,,"{'balance': None, 'classify__C': 10.0, 'classify__max_iter': 200, 'classify__n_jobs': 2, 'classify__penalty': 'l2', 'classify__random_state': 42, 'classify__solver': 'lbfgs', 'classify__tol': 1e-08, 'impute': None, 'select': SelectKBest(score_func=<function mutual_info_classif at 0x7e3bb6fd3420>), 'select__k': 5, 'transform': None}",0.4995900141748282,0.45950815386452676,0.5374855824682815,0.49886125016921207,0.03183832246047026,299,0.5567514677103719,0.5580941766508777,0.5770371416466601,0.5639609286693031,0.009262513200948787,239,0.5964912280701754,0.5730994152046783,0.5882352941176471,0.5859419791308337,0.00968637178394353,124
0.061336517333984375,0.0032352629403804424,0.010651032129923502,0.0022657927107687533,,0.1,1000,2,l2,42,lbfgs,1e-08,SimpleImputer(strategy='median'),SelectKBest(score_func=<function mutual_info_classif at 0x7e3bb6fd3420>),5,,"{'balance': None, 'classify__C': 0.1, 'classify__max_iter': 1000, 'classify__n_jobs': 2, 'classify__penalty': 'l2', 'classify__random_state': 42, 'classify__solver': 'lbfgs', 'classify__tol': 1e-08, 'impute': SimpleImputer(strategy='median'), 'select': SelectKBest(score_func=<function mutual_info_classif at 0x7e3bb6fd3420>), 'select__k': 5, 'transform': None}",0.4995900141748282,0.45950815386452676,0.5374855824682815,0.49886125016921207,0.03183832246047026,299,0.5549343024881186,0.5568403455001393,0.5766134726733512,0.5627960402205363,0.009801337652993881,250,0.5964912280701754,0.5730994152046783,0.5882352941176471,0.5859419791308337,0.00968637178394353,124
0.05143443743387858,0.0006382824222246934,0.008038679758707682,1.7574466545187504e-05,,0.1,200,2,l2,42,lbfgs,1e-08,SimpleImputer(strategy='median'),SelectKBest(score_func=<function mutual_info_classif at 0x7e3bb6fd3420>),5,,"{'balance': None, 'classify__C': 0.1, 'classify__max_iter': 200, 'classify__n_jobs': 2, 'classify__penalty': 'l2', 'classify__random_state': 42, 'classify__solver': 'lbfgs', 'classify__tol': 1e-08, 'impute': SimpleImputer(strategy='median'), 'select': SelectKBest(score_func=<function mutual_info_classif at 0x7e3bb6fd3420>), 'select__k': 5, 'transform': None}",0.4995900141748282,0.45950815386452676,0.5374855824682815,0.49886125016921207,0.03183832246047026,299,0.588202404249371,0.5568403455001393,0.5766134726733512,0.5738854074742871,0.012948009809627717,137,0.5964912280701754,0.5730994152046783,0.5882352941176471,0.5859419791308337,0.00968637178394353,124
0.040761709213256836,0.002688630385967748,0.005668083826700847,0.00014373593317650098,,0.01,500,2,l2,42,lbfgs,1e-06,,SelectKBest(score_func=<function mutual_info_classif at 0x7e3bb6fd3420>),7,,"{'balance': None, 'classify__C': 0.01, 'classify__max_iter': 500, 'classify__n_jobs': 2, 'classify__penalty': 'l2', 'classify__random_state': 42, 'classify__solver': 'lbfgs', 'classify__tol': 1e-06, 'impute': None, 'select': SelectKBest(score_func=<function mutual_info_classif at 0x7e3bb6fd3420>), 'select__k': 7, 'transform': None}",0.5228070175438597,0.44937343358396,0.523939418594044,0.4987066232406212,0.03488689614845567,305,0.6052558009505172,0.551407077180273,0.5497104928682389,0.568791123666343,0.025793721673580253,204,0.6023391812865497,0.543859649122807,0.5823529411764706,0.5761839238619425,0.02426941149530639,315
0.05595111846923828,0.005793920478329467,0.00908191998799642,0.001332055352826512,,10.0,100,2,l2,42,lbfgs,0.0001,SimpleImputer(strategy='median'),SelectKBest(score_func=<function mutual_info_classif at 0x7e3bb6fd3420>),7,,"{'balance': None, 'classify__C': 10.0, 'classify__max_iter': 100, 'classify__n_jobs': 2, 'classify__penalty': 'l2', 'classify__random_state': 42, 'classify__solver': 'lbfgs', 'classify__tol': 0.0001, 'impute': SimpleImputer(strategy='median'), 'select': SelectKBest(score_func=<function mutual_info_classif at 0x7e3bb6fd3420>), 'select__k': 7, 'transform': None}",0.5327098520640144,0.43856239900177957,0.524270884824518,0.498514378630104,0.042532214755669574,306,0.5845680738048645,0.5493173585957091,0.5129925151814716,0.5489593158606817,0.029221696209184127,365,0.6081871345029239,0.5263157894736842,0.5764705882352941,0.5703245040706341,0.0337051929445451,411
0.04685068130493164,0.006138055284500321,0.0067263444264729815,0.0008766732383946266,,100.0,100,2,l2,42,lbfgs,0.0001,,SelectKBest(score_func=<function mutual_info_classif at 0x7e3bb6fd3420>),7,,"{'balance': None, 'classify__C': 100.0, 'classify__max_iter': 100, 'classify__n_jobs': 2, 'classify__penalty': 'l2', 'classify__random_state': 42, 'classify__solver': 'lbfgs', 'classify__tol': 0.0001, 'impute': None, 'select': SelectKBest(score_func=<function mutual_info_classif at 0x7e3bb6fd3420>), 'select__k': 7, 'transform': None}",0.5382404926250939,0.46366385318917447,0.4929607843137255,0.49828837670933135,0.03067796405607854,307,0.5756220296337714,0.6405684034550013,0.5394012145177235,0.5851972158688321,0.04185262375642088,40,0.6081871345029239,0.5672514619883041,0.5529411764705883,0.5761265909872721,0.023410893558183418,349
0.04094648361206055,0.0011394069709720314,0.00627907117207845,1.616369341936216e-05,,10.0,2000,2,l2,42,lbfgs,1e-06,SimpleImputer(strategy='median'),SelectKBest(score_func=<function mutual_info_classif at 0x7e3bb6fd3420>),7,,"{'balance': None, 'classify__C': 10.0, 'classify__max_iter': 2000, 'classify__n_jobs': 2, 'classify__penalty': 'l2', 'classify__random_state': 42, 'classify__solver': 'lbfgs', 'classify__tol': 1e-06, 'impute': SimpleImputer(strategy='median'), 'select': SelectKBest(score_func=<function mutual_info_classif at 0x7e3bb6fd3420>), 'select__k': 7, 'transform': None}",0.5327098520640144,0.42017713858289135,0.541908992769816,0.4982653278055739,0.055344256067451074,308,0.5844282918646911,0.5543326831986626,0.5494280468860331,0.5627296739831289,0.015473340036275929,252,0.6081871345029239,0.5321637426900585,0.5941176470588235,0.578156174750602,0.033024894391632365,258
0.06386534372965495,0.01234362443871795,0.007952610651652018,0.00013144633212380655,,1.0,500,2,l2,42,lbfgs,1e-08,,SelectKBest(score_func=<function mutual_info_classif at 0x7e3bb6fd3420>),5,,"{'balance': None, 'classify__C': 1.0, 'classify__max_iter': 500, 'classify__n_jobs': 2, 'classify__penalty': 'l2', 'classify__random_state': 42, 'classify__solver': 'lbfgs', 'classify__tol': 1e-08, 'impute': None, 'select': SelectKBest(score_func=<function mutual_info_classif at 0x7e3bb6fd3420>), 'select__k': 5, 'transform': None}",0.4995900141748282,0.5094137783483098,0.48563789152024445,0.4982138946811275,0.009755117537680767,309,0.5563321218898518,0.5700752298690442,0.5374240926422821,0.5546104814670594,0.013385246227576045,322,0.5964912280701754,0.5789473684210527,0.5764705882352941,0.5839697282421741,0.008911587156772175,187
0.05413079261779785,0.0018605995682357038,0.008319775263468424,0.00019638189073772655,,0.01,2000,2,l2,42,lbfgs,1e-06,SimpleImputer(strategy='median'),SelectKBest(score_func=<function mutual_info_classif at 0x7e3bb6fd3420>),7,,"{'balance': None, 'classify__C': 0.01, 'classify__max_iter': 2000, 'classify__n_jobs': 2, 'classify__penalty': 'l2', 'classify__random_state': 42, 'classify__solver': 'lbfgs', 'classify__tol': 1e-06, 'impute': SimpleImputer(strategy='median'), 'select': SelectKBest(score_func=<function mutual_info_classif at 0x7e3bb6fd3420>), 'select__k': 7, 'transform': None}",0.5206584186406968,0.44937343358396,0.523939418594044,0.49799042360623363,0.03440348847905647,310,0.5859658932065978,0.551407077180273,0.5497104928682389,0.5623611544183699,0.016705435632897284,253,0.6081871345029239,0.543859649122807,0.5823529411764706,0.5781332416007339,0.026430547253943282,274
0.04709927241007487,0.0015573869665680572,0.006310383478800456,0.0003124341429601322,,0.01,100,2,l2,42,lbfgs,1e-06,,SelectKBest(score_func=<function mutual_info_classif at 0x7e3bb6fd3420>),9,,"{'balance': None, 'classify__C': 0.01, 'classify__max_iter': 100, 'classify__n_jobs': 2, 'classify__penalty': 'l2', 'classify__random_state': 42, 'classify__solver': 'lbfgs', 'classify__tol': 1e-06, 'impute': None, 'select': SelectKBest(score_func=<function mutual_info_classif at 0x7e3bb6fd3420>), 'select__k': 9, 'transform': None}",0.5063497147195236,0.476283077861664,0.510529261371341,0.49772068465084285,0.015254406820965223,311,0.6101481688565837,0.6110337141264977,0.549569269877136,0.5902503842867391,0.02876816353554375,16,0.5964912280701754,0.5555555555555556,0.5705882352941176,0.5742116729732828,0.016907183808806365,366
0.05203374226888021,0.001550466166659487,0.007382949193318685,9.768187611755874e-05,,0.01,2000,2,l2,42,lbfgs,1e-06,,SelectKBest(score_func=<function mutual_info_classif at 0x7e3bb6fd3420>),7,,"{'balance': None, 'classify__C': 0.01, 'classify__max_iter': 2000, 'classify__n_jobs': 2, 'classify__penalty': 'l2', 'classify__random_state': 42, 'classify__solver': 'lbfgs', 'classify__tol': 1e-06, 'impute': None, 'select': SelectKBest(score_func=<function mutual_info_classif at 0x7e3bb6fd3420>), 'select__k': 7, 'transform': None}",0.5206584186406968,0.43802601797084456,0.5329901960784315,0.49722487756332434,0.042161569519180625,312,0.5859658932065978,0.566731680133742,0.5134161841547804,0.5553712524983734,0.03068832088292083,317,0.6081871345029239,0.5497076023391813,0.5882352941176471,0.5820433436532508,0.024272331414427514,202
0.0589750607808431,0.002185214535057733,0.008860429128011068,0.00010235542820995628,,0.1,2000,2,l2,42,lbfgs,1e-06,SimpleImputer(strategy='median'),SelectKBest(score_func=<function mutual_info_classif at 0x7e3bb6fd3420>),7,,"{'balance': None, 'classify__C': 0.1, 'classify__max_iter': 2000, 'classify__n_jobs': 2, 'classify__penalty': 'l2', 'classify__random_state': 42, 'classify__solver': 'lbfgs', 'classify__tol': 1e-06, 'impute': SimpleImputer(strategy='median'), 'select': SelectKBest(score_func=<function mutual_info_classif at 0x7e3bb6fd3420>), 'select__k': 7, 'transform': None}",0.5327098520640144,0.434937005061269,0.523939418594044,0.49719542523977583,0.0441687165925947,313,0.5845680738048644,0.5468096962942324,0.549569269877136,0.5603156799920775,0.017185997514017837,282,0.6081871345029239,0.52046783625731,0.5823529411764706,0.5703359706455683,0.03680556576326627,405
0.04567416508992513,0.006720759614465692,0.0064849853515625,0.000840464956290349,,0.1,100,2,l2,42,lbfgs,1e-06,,SelectKBest(score_func=<function mutual_info_classif at 0x7e3bb6fd3420>),7,,"{'balance': None, 'classify__C': 0.1, 'classify__max_iter': 100, 'classify__n_jobs': 2, 'classify__penalty': 'l2', 'classify__random_state': 42, 'classify__solver': 'lbfgs', 'classify__tol': 1e-06, 'impute': None, 'select': SelectKBest(score_func=<function mutual_info_classif at 0x7e3bb6fd3420>), 'select__k': 7, 'transform': None}",0.5327098520640144,0.434937005061269,0.523939418594044,0.49719542523977583,0.0441687165925947,313,0.5845680738048644,0.5468096962942324,0.549569269877136,0.5603156799920775,0.017185997514017837,282,0.6081871345029239,0.52046783625731,0.5823529411764706,0.5703359706455683,0.03680556576326627,405
0.052180846532185875,0.006648923265167489,0.007857004801432291,0.0009177347387290703,,0.1,100,2,l2,42,lbfgs,1e-08,SimpleImputer(strategy='median'),SelectKBest(score_func=<function mutual_info_classif at 0x7e3bb6fd3420>),7,,"{'balance': None, 'classify__C': 0.1, 'classify__max_iter': 100, 'classify__n_jobs': 2, 'classify__penalty': 'l2', 'classify__random_state': 42, 'classify__solver': 'lbfgs', 'classify__tol': 1e-08, 'impute': SimpleImputer(strategy='median'), 'select': SelectKBest(score_func=<function mutual_info_classif at 0x7e3bb6fd3420>), 'select__k': 7, 'transform': None}",0.5327098520640144,0.434937005061269,0.523939418594044,0.49719542523977583,0.0441687165925947,313,0.6038579815487839,0.5468096962942324,0.549569269877136,0.5667456492400508,0.026266553112722957,232,0.6081871345029239,0.52046783625731,0.5823529411764706,0.5703359706455683,0.03680556576326627,405
0.04929081598917643,0.006897789798988211,0.006344000498453776,3.3752489346218574e-05,,10.0,500,2,l2,42,lbfgs,1e-06,,SelectKBest(score_func=<function mutual_info_classif at 0x7e3bb6fd3420>),5,,"{'balance': None, 'classify__C': 10.0, 'classify__max_iter': 500, 'classify__n_jobs': 2, 'classify__penalty': 'l2', 'classify__random_state': 42, 'classify__solver': 'lbfgs', 'classify__tol': 1e-06, 'impute': None, 'select': SelectKBest(score_func=<function mutual_info_classif at 0x7e3bb6fd3420>), 'select__k': 5, 'transform': None}",0.4995900141748282,0.5094137783483098,0.4823248151719704,0.4971095358983695,0.011197248496907796,316,0.5567514677103719,0.5700752298690442,0.5324812879536788,0.553102661844365,0.01556302145835491,332,0.5964912280701754,0.5789473684210527,0.5529411764705883,0.5761265909872721,0.01789076740630708,349
0.055045763651529946,0.0020549186945811493,0.007765054702758789,0.00010250113557849429,,100.0,200,2,l2,42,lbfgs,1e-06,,SelectKBest(score_func=<function mutual_info_classif at 0x7e3bb6fd3420>),5,,"{'balance': None, 'classify__C': 100.0, 'classify__max_iter': 200, 'classify__n_jobs': 2, 'classify__penalty': 'l2', 'classify__random_state': 42, 'classify__solver': 'lbfgs', 'classify__tol': 1e-06, 'impute': None, 'select': SelectKBest(score_func=<function mutual_info_classif at 0x7e3bb6fd3420>), 'select__k': 5, 'transform': None}",0.4995900141748282,0.462940653698035,0.5286309925602455,0.4970538868110362,0.02687786092012087,317,0.5567514677103719,0.6078294789634996,0.5168055359412512,0.5604621608717076,0.037252887884767334,280,0.5964912280701754,0.5789473684210527,0.5823529411764706,0.5859305125558997,0.0075958767577421525,131
0.03610905011494955,0.003825697581807803,0.004973491032918294,9.673887506175425e-05,,0.1,200,2,l2,42,lbfgs,0.0001,,SelectKBest(score_func=<function mutual_info_classif at 0x7e3bb6fd3420>),5,,"{'balance': None, 'classify__C': 0.1, 'classify__max_iter': 200, 'classify__n_jobs': 2, 'classify__penalty': 'l2', 'classify__random_state': 42, 'classify__solver': 'lbfgs', 'classify__tol': 0.0001, 'impute': None, 'select': SelectKBest(score_func=<function mutual_info_classif at 0x7e3bb6fd3420>), 'select__k': 5, 'transform': None}",0.4995900141748282,0.462940653698035,0.5286309925602455,0.4970538868110362,0.02687786092012087,317,0.5549343024881186,0.604346614655893,0.5170879819234572,0.5587896330224896,0.035727346451800486,290,0.5964912280701754,0.5789473684210527,0.5823529411764706,0.5859305125558997,0.0075958767577421525,131
0.06790709495544434,0.0018974755878176331,0.012543678283691406,0.004361947392002409,,100.0,500,2,l2,42,lbfgs,0.0001,SimpleImputer(strategy='median'),SelectKBest(score_func=<function mutual_info_classif at 0x7e3bb6fd3420>),7,,"{'balance': None, 'classify__C': 100.0, 'classify__max_iter': 500, 'classify__n_jobs': 2, 'classify__penalty': 'l2', 'classify__random_state': 42, 'classify__solver': 'lbfgs', 'classify__tol': 0.0001, 'impute': SimpleImputer(strategy='median'), 'select': SelectKBest(score_func=<function mutual_info_classif at 0x7e3bb6fd3420>), 'select__k': 7, 'transform': None}",0.5102211682306541,0.43856239900177957,0.541908992769816,0.4968975200007499,0.04323015392431196,319,0.5587084148727984,0.5493173585957091,0.5494280468860331,0.5524846067848469,0.00440112889390455,341,0.6023391812865497,0.5263157894736842,0.5941176470588235,0.5742575392730193,0.03406569082063794,352
0.05453117688496908,0.0015705019191118836,0.008675495783487955,0.0013381337051276453,,1.0,100,2,l2,42,lbfgs,1e-06,,SelectKBest(score_func=<function mutual_info_classif at 0x7e3bb6fd3420>),5,,"{'balance': None, 'classify__C': 1.0, 'classify__max_iter': 100, 'classify__n_jobs': 2, 'classify__penalty': 'l2', 'classify__random_state': 42, 'classify__solver': 'lbfgs', 'classify__tol': 1e-06, 'impute': None, 'select': SelectKBest(score_func=<function mutual_info_classif at 0x7e3bb6fd3420>), 'select__k': 5, 'transform': None}",0.4995900141748282,0.4940130262608631,0.49594784635165534,0.49651696226244885,0.0023120868262339637,320,0.5563321218898518,0.5753691836166064,0.5437791272419149,0.558493477582791,0.01298682689657991,295,0.5964912280701754,0.5730994152046783,0.5647058823529412,0.5780988418759316,0.01344923172209611,303
0.06209262212117513,0.007400391683409782,0.007905324300130209,2.8944927615283827e-05,,0.1,1000,2,l2,42,lbfgs,0.0001,,SelectKBest(score_func=<function mutual_info_classif at 0x7e3bb6fd3420>),7,,"{'balance': None, 'classify__C': 0.1, 'classify__max_iter': 1000, 'classify__n_jobs': 2, 'classify__penalty': 'l2', 'classify__random_state': 42, 'classify__solver': 'lbfgs', 'classify__tol': 0.0001, 'impute': None, 'select': SelectKBest(score_func=<function mutual_info_classif at 0x7e3bb6fd3420>), 'select__k': 7, 'transform': None}",0.5327098520640144,0.43174900167980473,0.523939418594044,0.4961327574459544,0.045666772243643426,321,0.6038579815487839,0.5488994148787963,0.549569269877136,0.5674422221015721,0.02575128253786723,229,0.6081871345029239,0.5263157894736842,0.5823529411764706,0.5722852883843595,0.0341735522373768,386
0.08907818794250488,0.0312975505728279,0.007767438888549805,0.00017864038734681774,,10.0,1000,2,l2,42,lbfgs,1e-06,,SelectKBest(score_func=<function mutual_info_classif at 0x7e3bb6fd3420>),5,,"{'balance': None, 'classify__C': 10.0, 'classify__max_iter': 1000, 'classify__n_jobs': 2, 'classify__penalty': 'l2', 'classify__random_state': 42, 'classify__solver': 'lbfgs', 'classify__tol': 1e-06, 'impute': None, 'select': SelectKBest(score_func=<function mutual_info_classif at 0x7e3bb6fd3420>), 'select__k': 5, 'transform': None}",0.4995900141748282,0.4598107793746293,0.5286309925602455,0.496010595369901,0.028209509211897743,322,0.5567514677103719,0.5234048481471162,0.5196299957633103,0.5332621038735995,0.016680828071413516,437,0.5964912280701754,0.5497076023391813,0.5823529411764706,0.5761839238619424,0.019591145790971425,316
0.061757405598958336,0.018400045012865466,0.007005771001180013,0.0003182929007385112,,1.0,1000,2,l2,42,lbfgs,1e-06,,SelectKBest(score_func=<function mutual_info_classif at 0x7e3bb6fd3420>),5,,"{'balance': None, 'classify__C': 1.0, 'classify__max_iter': 1000, 'classify__n_jobs': 2, 'classify__penalty': 'l2', 'classify__random_state': 42, 'classify__solver': 'lbfgs', 'classify__tol': 1e-06, 'impute': None, 'select': SelectKBest(score_func=<function mutual_info_classif at 0x7e3bb6fd3420>), 'select__k': 5, 'transform': None}",0.4995900141748282,0.4598107793746293,0.5286309925602455,0.496010595369901,0.028209509211897743,322,0.5563321218898518,0.5234048481471162,0.5196299957633103,0.5331223219334261,0.016484002105938072,444,0.5964912280701754,0.5497076023391813,0.5823529411764706,0.5761839238619424,0.019591145790971425,316
0.06763100624084473,0.018636899903066387,0.010431369145711264,0.0025093519118165176,,1.0,1000,2,l2,42,lbfgs,0.0001,SimpleImputer(strategy='median'),SelectKBest(score_func=<function mutual_info_classif at 0x7e3bb6fd3420>),5,,"{'balance': None, 'classify__C': 1.0, 'classify__max_iter': 1000, 'classify__n_jobs': 2, 'classify__penalty': 'l2', 'classify__random_state': 42, 'classify__solver': 'lbfgs', 'classify__tol': 0.0001, 'impute': SimpleImputer(strategy='median'), 'select': SelectKBest(score_func=<function mutual_info_classif at 0x7e3bb6fd3420>), 'select__k': 5, 'transform': None}",0.4995900141748282,0.4598107793746293,0.5286309925602455,0.496010595369901,0.028209509211897743,322,0.5563321218898518,0.5234048481471162,0.5196299957633103,0.5331223219334261,0.016484002105938072,444,0.5964912280701754,0.5497076023391813,0.5823529411764706,0.5761839238619424,0.019591145790971425,316
0.05948305130004883,0.0031157620031007183,0.00812228520711263,0.00020425124846082987,,100.0,1000,2,l2,42,lbfgs,1e-06,,SelectKBest(score_func=<function mutual_info_classif at 0x7e3bb6fd3420>),5,,"{'balance': None, 'classify__C': 100.0, 'classify__max_iter': 1000, 'classify__n_jobs': 2, 'classify__penalty': 'l2', 'classify__random_state': 42, 'classify__solver': 'lbfgs', 'classify__tol': 1e-06, 'impute': None, 'select': SelectKBest(score_func=<function mutual_info_classif at 0x7e3bb6fd3420>), 'select__k': 5, 'transform': None}",0.4995900141748282,0.4598107793746293,0.5286309925602455,0.496010595369901,0.028209509211897743,322,0.5567514677103719,0.5234048481471162,0.5196299957633103,0.5332621038735995,0.016680828071413516,437,0.5964912280701754,0.5497076023391813,0.5823529411764706,0.5761839238619424,0.019591145790971425,316
0.054530064264933266,0.006221199620090957,0.008179903030395508,0.0008188906216318298,,100.0,200,2,l2,42,lbfgs,0.0001,SimpleImputer(strategy='median'),SelectKBest(score_func=<function mutual_info_classif at 0x7e3bb6fd3420>),5,,"{'balance': None, 'classify__C': 100.0, 'classify__max_iter': 200, 'classify__n_jobs': 2, 'classify__penalty': 'l2', 'classify__random_state': 42, 'classify__solver': 'lbfgs', 'classify__tol': 0.0001, 'impute': SimpleImputer(strategy='median'), 'select': SelectKBest(score_func=<function mutual_info_classif at 0x7e3bb6fd3420>), 'select__k': 5, 'transform': None}",0.4995900141748282,0.4598107793746293,0.5286309925602455,0.496010595369901,0.028209509211897743,322,0.5880626223091977,0.523265533574812,0.5196299957633103,0.5436527172157732,0.03143759995716314,407,0.5964912280701754,0.5497076023391813,0.5823529411764706,0.5761839238619424,0.019591145790971425,316
0.05392138163248698,0.0007908610411747861,0.008040587107340494,0.00010288663354108998,,100.0,100,2,l2,42,lbfgs,0.0001,,SelectKBest(score_func=<function mutual_info_classif at 0x7e3bb6fd3420>),5,,"{'balance': None, 'classify__C': 100.0, 'classify__max_iter': 100, 'classify__n_jobs': 2, 'classify__penalty': 'l2', 'classify__random_state': 42, 'classify__solver': 'lbfgs', 'classify__tol': 0.0001, 'impute': None, 'select': SelectKBest(score_func=<function mutual_info_classif at 0x7e3bb6fd3420>), 'select__k': 5, 'transform': None}",0.4995900141748282,0.4598107793746293,0.5286309925602455,0.496010595369901,0.028209509211897743,322,0.5567514677103718,0.523265533574812,0.5196299957633103,0.5332156656828313,0.016708376474179987,443,0.5964912280701754,0.5497076023391813,0.5823529411764706,0.5761839238619424,0.019591145790971425,316
0.04652118682861328,0.0026763659304936734,0.008186101913452148,0.000934059690307209,,100.0,500,2,l2,42,lbfgs,1e-06,SimpleImputer(strategy='median'),SelectKBest(score_func=<function mutual_info_classif at 0x7e3bb6fd3420>),5,,"{'balance': None, 'classify__C': 100.0, 'classify__max_iter': 500, 'classify__n_jobs': 2, 'classify__penalty': 'l2', 'classify__random_state': 42, 'classify__solver': 'lbfgs', 'classify__tol': 1e-06, 'impute': SimpleImputer(strategy='median'), 'select': SelectKBest(score_func=<function mutual_info_classif at 0x7e3bb6fd3420>), 'select__k': 5, 'transform': None}",0.4995900141748282,0.4598107793746293,0.5286309925602455,0.496010595369901,0.028209509211897743,322,0.5567514677103719,0.5234048481471162,0.5196299957633103,0.5332621038735995,0.016680828071413516,437,0.5964912280701754,0.5497076023391813,0.5823529411764706,0.5761839238619424,0.019591145790971425,316
0.0540163516998291,0.002214223170840319,0.008195718129475912,0.00019197461752068387,,100.0,1000,2,l2,42,lbfgs,1e-08,,SelectKBest(score_func=<function mutual_info_classif at 0x7e3bb6fd3420>),5,,"{'balance': None, 'classify__C': 100.0, 'classify__max_iter': 1000, 'classify__n_jobs': 2, 'classify__penalty': 'l2', 'classify__random_state': 42, 'classify__solver': 'lbfgs', 'classify__tol': 1e-08, 'impute': None, 'select': SelectKBest(score_func=<function mutual_info_classif at 0x7e3bb6fd3420>), 'select__k': 5, 'transform': None}",0.4995900141748282,0.4598107793746293,0.5286309925602455,0.496010595369901,0.028209509211897743,322,0.5567514677103719,0.5234048481471162,0.5196299957633103,0.5332621038735995,0.016680828071413516,437,0.5964912280701754,0.5497076023391813,0.5823529411764706,0.5761839238619424,0.019591145790971425,316
0.06240765253702799,0.0017758233138006178,0.00945281982421875,0.00017881880859513325,,100.0,1000,2,l2,42,lbfgs,1e-08,SimpleImputer(strategy='median'),SelectKBest(score_func=<function mutual_info_classif at 0x7e3bb6fd3420>),5,,"{'balance': None, 'classify__C': 100.0, 'classify__max_iter': 1000, 'classify__n_jobs': 2, 'classify__penalty': 'l2', 'classify__random_state': 42, 'classify__solver': 'lbfgs', 'classify__tol': 1e-08, 'impute': SimpleImputer(strategy='median'), 'select': SelectKBest(score_func=<function mutual_info_classif at 0x7e3bb6fd3420>), 'select__k': 5, 'transform': None}",0.4995900141748282,0.4598107793746293,0.5286309925602455,0.496010595369901,0.028209509211897743,322,0.5567514677103719,0.5234048481471162,0.5196299957633103,0.5332621038735995,0.016680828071413516,437,0.5964912280701754,0.5497076023391813,0.5823529411764706,0.5761839238619424,0.019591145790971425,316
0.07828251520792644,0.013100559564080457,0.012411038080851236,0.004545396056292971,,10.0,100,2,l2,42,lbfgs,1e-08,SimpleImputer(strategy='median'),SelectKBest(score_func=<function mutual_info_classif at 0x7e3bb6fd3420>),5,,"{'balance': None, 'classify__C': 10.0, 'classify__max_iter': 100, 'classify__n_jobs': 2, 'classify__penalty': 'l2', 'classify__random_state': 42, 'classify__solver': 'lbfgs', 'classify__tol': 1e-08, 'impute': SimpleImputer(strategy='median'), 'select': SelectKBest(score_func=<function mutual_info_classif at 0x7e3bb6fd3420>), 'select__k': 5, 'transform': None}",0.4995900141748282,0.4598107793746293,0.5286309925602455,0.496010595369901,0.028209509211897743,322,0.5567514677103719,0.5234048481471162,0.5196299957633103,0.5332621038735995,0.016680828071413516,437,0.5964912280701754,0.5497076023391813,0.5823529411764706,0.5761839238619424,0.019591145790971425,316
0.05522942543029785,0.0002885105186094799,0.00791025161743164,8.349689596889444e-05,,1.0,200,2,l2,42,lbfgs,1e-06,,SelectKBest(score_func=<function mutual_info_classif at 0x7e3bb6fd3420>),5,,"{'balance': None, 'classify__C': 1.0, 'classify__max_iter': 200, 'classify__n_jobs': 2, 'classify__penalty': 'l2', 'classify__random_state': 42, 'classify__solver': 'lbfgs', 'classify__tol': 1e-06, 'impute': None, 'select': SelectKBest(score_func=<function mutual_info_classif at 0x7e3bb6fd3420>), 'select__k': 5, 'transform': None}",0.4995900141748282,0.4598107793746293,0.5286309925602455,0.496010595369901,0.028209509211897743,322,0.5880626223091977,0.5234048481471162,0.5196299957633103,0.5436991554065415,0.03140753916230086,405,0.5964912280701754,0.5497076023391813,0.5823529411764706,0.5761839238619424,0.019591145790971425,316
0.04912559191385905,0.003642009214365152,0.010714292526245117,0.005073377968982659,,1.0,1000,2,l2,42,lbfgs,1e-06,SimpleImputer(strategy='median'),SelectKBest(score_func=<function mutual_info_classif at 0x7e3bb6fd3420>),5,,"{'balance': None, 'classify__C': 1.0, 'classify__max_iter': 1000, 'classify__n_jobs': 2, 'classify__penalty': 'l2', 'classify__random_state': 42, 'classify__solver': 'lbfgs', 'classify__tol': 1e-06, 'impute': SimpleImputer(strategy='median'), 'select': SelectKBest(score_func=<function mutual_info_classif at 0x7e3bb6fd3420>), 'select__k': 5, 'transform': None}",0.4995900141748282,0.4598107793746293,0.5286309925602455,0.496010595369901,0.028209509211897743,322,0.5880626223091977,0.5234048481471162,0.5196299957633103,0.5436991554065415,0.03140753916230086,405,0.5964912280701754,0.5497076023391813,0.5823529411764706,0.5761839238619424,0.019591145790971425,316
0.04477842648824056,0.004449987865367662,0.0063343048095703125,0.0003550692797967403,,1.0,1000,2,l2,42,lbfgs,1e-08,,SelectKBest(score_func=<function mutual_info_classif at 0x7e3bb6fd3420>),5,,"{'balance': None, 'classify__C': 1.0, 'classify__max_iter': 1000, 'classify__n_jobs': 2, 'classify__penalty': 'l2', 'classify__random_state': 42, 'classify__solver': 'lbfgs', 'classify__tol': 1e-08, 'impute': None, 'select': SelectKBest(score_func=<function mutual_info_classif at 0x7e3bb6fd3420>), 'select__k': 5, 'transform': None}",0.4995900141748282,0.4598107793746293,0.5286309925602455,0.496010595369901,0.028209509211897743,322,0.5563321218898518,0.5234048481471162,0.5196299957633103,0.5331223219334261,0.016484002105938072,444,0.5964912280701754,0.5497076023391813,0.5823529411764706,0.5761839238619424,0.019591145790971425,316
0.0612034797668457,0.003114271503072962,0.008930126825968424,6.925757646493367e-05,,1.0,500,2,l2,42,lbfgs,1e-08,SimpleImputer(strategy='median'),SelectKBest(score_func=<function mutual_info_classif at 0x7e3bb6fd3420>),5,,"{'balance': None, 'classify__C': 1.0, 'classify__max_iter': 500, 'classify__n_jobs': 2, 'classify__penalty': 'l2', 'classify__random_state': 42, 'classify__solver': 'lbfgs', 'classify__tol': 1e-08, 'impute': SimpleImputer(strategy='median'), 'select': SelectKBest(score_func=<function mutual_info_classif at 0x7e3bb6fd3420>), 'select__k': 5, 'transform': None}",0.4995900141748282,0.4598107793746293,0.5286309925602455,0.496010595369901,0.028209509211897743,322,0.5563321218898518,0.5234048481471162,0.5196299957633103,0.5331223219334261,0.016484002105938072,444,0.5964912280701754,0.5497076023391813,0.5823529411764706,0.5761839238619424,0.019591145790971425,316
0.06743717193603516,0.006282706089546985,0.008502562840779623,0.0006821581325259622,,1.0,2000,2,l2,42,lbfgs,1e-08,,SelectKBest(score_func=<function mutual_info_classif at 0x7e3bb6fd3420>),5,,"{'balance': None, 'classify__C': 1.0, 'classify__max_iter': 2000, 'classify__n_jobs': 2, 'classify__penalty': 'l2', 'classify__random_state': 42, 'classify__solver': 'lbfgs', 'classify__tol': 1e-08, 'impute': None, 'select': SelectKBest(score_func=<function mutual_info_classif at 0x7e3bb6fd3420>), 'select__k': 5, 'transform': None}",0.4995900141748282,0.45950815386452676,0.5286309925602455,0.4959097201998668,0.028339020568175256,336,0.5563321218898518,0.5579548620785735,0.5196299957633103,0.5446389932439119,0.01769643632050581,393,0.5964912280701754,0.5730994152046783,0.5823529411764706,0.5839811948171082,0.00961882302995176,165
0.054532527923583984,0.0013195122414985383,0.008630037307739258,8.827563933726576e-05,,1.0,500,2,l2,42,lbfgs,0.0001,SimpleImputer(strategy='median'),SelectKBest(score_func=<function mutual_info_classif at 0x7e3bb6fd3420>),5,,"{'balance': None, 'classify__C': 1.0, 'classify__max_iter': 500, 'classify__n_jobs': 2, 'classify__penalty': 'l2', 'classify__random_state': 42, 'classify__solver': 'lbfgs', 'classify__tol': 0.0001, 'impute': SimpleImputer(strategy='median'), 'select': SelectKBest(score_func=<function mutual_info_classif at 0x7e3bb6fd3420>), 'select__k': 5, 'transform': None}",0.4995900141748282,0.45950815386452676,0.5286309925602455,0.4959097201998668,0.028339020568175256,336,0.5563321218898518,0.5579548620785735,0.5196299957633103,0.5446389932439119,0.01769643632050581,393,0.5964912280701754,0.5730994152046783,0.5823529411764706,0.5839811948171082,0.00961882302995176,165
0.0385897159576416,0.00037627578389287354,0.005673885345458984,1.5859167085720126e-05,,10.0,2000,2,l2,42,lbfgs,1e-06,,SelectKBest(score_func=<function mutual_info_classif at 0x7e3bb6fd3420>),5,,"{'balance': None, 'classify__C': 10.0, 'classify__max_iter': 2000, 'classify__n_jobs': 2, 'classify__penalty': 'l2', 'classify__random_state': 42, 'classify__solver': 'lbfgs', 'classify__tol': 1e-06, 'impute': None, 'select': SelectKBest(score_func=<function mutual_info_classif at 0x7e3bb6fd3420>), 'select__k': 5, 'transform': None}",0.4995900141748282,0.45950815386452676,0.5286309925602455,0.4959097201998668,0.028339020568175256,336,0.5567514677103719,0.5580941766508777,0.5196299957633103,0.5448252133748532,0.017824140179252854,390,0.5964912280701754,0.5730994152046783,0.5823529411764706,0.5839811948171082,0.00961882302995176,165
0.0494386355082194,0.004937374998038685,0.007177829742431641,0.0007263027474234164,,100.0,100,2,l2,42,lbfgs,1e-06,,SelectKBest(score_func=<function mutual_info_classif at 0x7e3bb6fd3420>),5,,"{'balance': None, 'classify__C': 100.0, 'classify__max_iter': 100, 'classify__n_jobs': 2, 'classify__penalty': 'l2', 'classify__random_state': 42, 'classify__solver': 'lbfgs', 'classify__tol': 1e-06, 'impute': None, 'select': SelectKBest(score_func=<function mutual_info_classif at 0x7e3bb6fd3420>), 'select__k': 5, 'transform': None}",0.4995900141748282,0.45950815386452676,0.5286309925602455,0.4959097201998668,0.028339020568175256,336,0.5567514677103719,0.5580941766508777,0.5196299957633103,0.5448252133748532,0.017824140179252854,390,0.5964912280701754,0.5730994152046783,0.5823529411764706,0.5839811948171082,0.00961882302995176,165
0.051050821940104164,0.006480105080565118,0.007863521575927734,0.0009122388568457284,,100.0,200,2,l2,42,lbfgs,1e-08,SimpleImputer(strategy='median'),SelectKBest(score_func=<function mutual_info_classif at 0x7e3bb6fd3420>),5,,"{'balance': None, 'classify__C': 100.0, 'classify__max_iter': 200, 'classify__n_jobs': 2, 'classify__penalty': 'l2', 'classify__random_state': 42, 'classify__solver': 'lbfgs', 'classify__tol': 1e-08, 'impute': SimpleImputer(strategy='median'), 'select': SelectKBest(score_func=<function mutual_info_classif at 0x7e3bb6fd3420>), 'select__k': 5, 'transform': None}",0.4995900141748282,0.45950815386452676,0.5286309925602455,0.4959097201998668,0.028339020568175256,336,0.5880626223091977,0.5580941766508777,0.5196299957633103,0.5552622649077952,0.02800917572371217,318,0.5964912280701754,0.5730994152046783,0.5823529411764706,0.5839811948171082,0.00961882302995176,165
0.05887993176778158,0.025760501665629043,0.0075003306070963545,0.002288514391375478,,0.1,200,2,l2,42,lbfgs,1e-06,,SelectKBest(score_func=<function mutual_info_classif at 0x7e3bb6fd3420>),5,,"{'balance': None, 'classify__C': 0.1, 'classify__max_iter': 200, 'classify__n_jobs': 2, 'classify__penalty': 'l2', 'classify__random_state': 42, 'classify__solver': 'lbfgs', 'classify__tol': 1e-06, 'impute': None, 'select': SelectKBest(score_func=<function mutual_info_classif at 0x7e3bb6fd3420>), 'select__k': 5, 'transform': None}",0.4995900141748282,0.45950815386452676,0.5286309925602455,0.4959097201998668,0.028339020568175256,336,0.5549343024881186,0.5568403455001393,0.5197712187544132,0.543848622247557,0.01704306837044821,401,0.5964912280701754,0.5730994152046783,0.5823529411764706,0.5839811948171082,0.00961882302995176,165
0.06398153305053711,0.013986344293135599,0.008700688680013021,0.000271188414861135,,0.1,500,2,l2,42,lbfgs,0.0001,,SelectKBest(score_func=<function mutual_info_classif at 0x7e3bb6fd3420>),5,,"{'balance': None, 'classify__C': 0.1, 'classify__max_iter': 500, 'classify__n_jobs': 2, 'classify__penalty': 'l2', 'classify__random_state': 42, 'classify__solver': 'lbfgs', 'classify__tol': 0.0001, 'impute': None, 'select': SelectKBest(score_func=<function mutual_info_classif at 0x7e3bb6fd3420>), 'select__k': 5, 'transform': None}",0.4995900141748282,0.45950815386452676,0.5286309925602455,0.4959097201998668,0.028339020568175256,336,0.5549343024881186,0.5568403455001393,0.5197712187544132,0.543848622247557,0.01704306837044821,401,0.5964912280701754,0.5730994152046783,0.5823529411764706,0.5839811948171082,0.00961882302995176,165
0.056981404622395836,0.005459255293870348,0.008428414662679037,0.00017820257296865795,,1.0,100,2,l2,42,lbfgs,1e-08,SimpleImputer(strategy='median'),SelectKBest(score_func=<function mutual_info_classif at 0x7e3bb6fd3420>),5,,"{'balance': None, 'classify__C': 1.0, 'classify__max_iter': 100, 'classify__n_jobs': 2, 'classify__penalty': 'l2', 'classify__random_state': 42, 'classify__solver': 'lbfgs', 'classify__tol': 1e-08, 'impute': SimpleImputer(strategy='median'), 'select': SelectKBest(score_func=<function mutual_info_classif at 0x7e3bb6fd3420>), 'select__k': 5, 'transform': None}",0.4995900141748282,0.45950815386452676,0.5286309925602455,0.4959097201998668,0.028339020568175256,336,0.5563321218898518,0.5579548620785735,0.5196299957633103,0.5446389932439119,0.01769643632050581,393,0.5964912280701754,0.5730994152046783,0.5823529411764706,0.5839811948171082,0.00961882302995176,165
0.047201315561930336,0.009950203337476411,0.006482044855753581,0.0011611598756012332,,0.1,500,2,l2,42,lbfgs,1e-08,,SelectKBest(score_func=<function mutual_info_classif at 0x7e3bb6fd3420>),5,,"{'balance': None, 'classify__C': 0.1, 'classify__max_iter': 500, 'classify__n_jobs': 2, 'classify__penalty': 'l2', 'classify__random_state': 42, 'classify__solver': 'lbfgs', 'classify__tol': 1e-08, 'impute': None, 'select': SelectKBest(score_func=<function mutual_info_classif at 0x7e3bb6fd3420>), 'select__k': 5, 'transform': None}",0.4995900141748282,0.45950815386452676,0.5286309925602455,0.4959097201998668,0.028339020568175256,336,0.5549343024881186,0.5568403455001393,0.5197712187544132,0.543848622247557,0.01704306837044821,401,0.5964912280701754,0.5730994152046783,0.5823529411764706,0.5839811948171082,0.00961882302995176,165
0.05933483441670736,0.0019021320565328383,0.009862899780273438,0.00011158617795334173,,0.1,500,2,l2,42,lbfgs,0.0001,SimpleImputer(strategy='median'),SelectKBest(score_func=<function mutual_info_classif at 0x7e3bb6fd3420>),5,,"{'balance': None, 'classify__C': 0.1, 'classify__max_iter': 500, 'classify__n_jobs': 2, 'classify__penalty': 'l2', 'classify__random_state': 42, 'classify__solver': 'lbfgs', 'classify__tol': 0.0001, 'impute': SimpleImputer(strategy='median'), 'select': SelectKBest(score_func=<function mutual_info_classif at 0x7e3bb6fd3420>), 'select__k': 5, 'transform': None}",0.4995900141748282,0.45950815386452676,0.5286309925602455,0.4959097201998668,0.028339020568175256,336,0.5549343024881186,0.5568403455001393,0.5197712187544132,0.543848622247557,0.01704306837044821,401,0.5964912280701754,0.5730994152046783,0.5823529411764706,0.5839811948171082,0.00961882302995176,165
0.05651386578877767,0.0010789481236372753,0.008148511250813803,0.00012585465188789184,,100.0,2000,2,l2,42,lbfgs,0.0001,,SelectKBest(score_func=<function mutual_info_classif at 0x7e3bb6fd3420>),5,,"{'balance': None, 'classify__C': 100.0, 'classify__max_iter': 2000, 'classify__n_jobs': 2, 'classify__penalty': 'l2', 'classify__random_state': 42, 'classify__solver': 'lbfgs', 'classify__tol': 0.0001, 'impute': None, 'select': SelectKBest(score_func=<function mutual_info_classif at 0x7e3bb6fd3420>), 'select__k': 5, 'transform': None}",0.4995900141748282,0.45950815386452676,0.5286309925602455,0.4959097201998668,0.028339020568175256,336,0.5567514677103718,0.5580941766508777,0.5196299957633103,0.5448252133748532,0.01782414017925283,390,0.5964912280701754,0.5730994152046783,0.5823529411764706,0.5839811948171082,0.00961882302995176,165
0.056537469228108726,0.00539041812939116,0.0073138078053792315,0.0007965529720954252,,0.01,100,2,l2,42,lbfgs,0.0001,,SelectKBest(score_func=<function mutual_info_classif at 0x7e3bb6fd3420>),7,,"{'balance': None, 'classify__C': 0.01, 'classify__max_iter': 100, 'classify__n_jobs': 2, 'classify__penalty': 'l2', 'classify__random_state': 42, 'classify__solver': 'lbfgs', 'classify__tol': 0.0001, 'impute': None, 'select': SelectKBest(score_func=<function mutual_info_classif at 0x7e3bb6fd3420>), 'select__k': 7, 'transform': None}",0.5206584186406968,0.4422321013701038,0.523939418594044,0.49560997953494823,0.03776761971326934,347,0.5859658932065978,0.5483421565895793,0.5497104928682389,0.561339514221472,0.017422437496557072,270,0.6081871345029239,0.543859649122807,0.5823529411764706,0.5781332416007339,0.026430547253943282,274
0.06060115496317545,0.0016327146767759796,0.008982499440511068,0.00012718498389478273,,0.01,500,2,l2,42,lbfgs,1e-08,SimpleImputer(strategy='median'),SelectKBest(score_func=<function mutual_info_classif at 0x7e3bb6fd3420>),7,,"{'balance': None, 'classify__C': 0.01, 'classify__max_iter': 500, 'classify__n_jobs': 2, 'classify__penalty': 'l2', 'classify__random_state': 42, 'classify__solver': 'lbfgs', 'classify__tol': 1e-08, 'impute': SimpleImputer(strategy='median'), 'select': SelectKBest(score_func=<function mutual_info_classif at 0x7e3bb6fd3420>), 'select__k': 7, 'transform': None}",0.5206584186406968,0.4422321013701038,0.523939418594044,0.49560997953494823,0.03776761971326934,347,0.5859658932065978,0.548202842017275,0.5497104928682389,0.5612930760307039,0.01745717012802888,271,0.6081871345029239,0.543859649122807,0.5823529411764706,0.5781332416007339,0.026430547253943282,274
0.051541805267333984,0.006355475835718196,0.007855415344238281,0.0009063753975634294,,0.01,500,2,l2,42,lbfgs,1e-06,SimpleImputer(strategy='median'),SelectKBest(score_func=<function mutual_info_classif at 0x7e3bb6fd3420>),7,,"{'balance': None, 'classify__C': 0.01, 'classify__max_iter': 500, 'classify__n_jobs': 2, 'classify__penalty': 'l2', 'classify__random_state': 42, 'classify__solver': 'lbfgs', 'classify__tol': 1e-06, 'impute': SimpleImputer(strategy='median'), 'select': SelectKBest(score_func=<function mutual_info_classif at 0x7e3bb6fd3420>), 'select__k': 7, 'transform': None}",0.5228070175438597,0.43802601797084456,0.523939418594044,0.4949241513695828,0.040235711925519356,349,0.6052558009505172,0.566731680133742,0.5497104928682389,0.5738993246508327,0.023235772111571684,136,0.6023391812865497,0.5497076023391813,0.5823529411764706,0.5781332416007339,0.02169293547072218,274
0.04473503430684408,0.00613618353062462,0.0065470536549886065,0.0009121752617810741,,0.01,500,2,l2,42,lbfgs,0.0001,,SelectKBest(score_func=<function mutual_info_classif at 0x7e3bb6fd3420>),7,,"{'balance': None, 'classify__C': 0.01, 'classify__max_iter': 500, 'classify__n_jobs': 2, 'classify__penalty': 'l2', 'classify__random_state': 42, 'classify__solver': 'lbfgs', 'classify__tol': 0.0001, 'impute': None, 'select': SelectKBest(score_func=<function mutual_info_classif at 0x7e3bb6fd3420>), 'select__k': 7, 'transform': None}",0.5228070175438597,0.43802601797084456,0.523939418594044,0.4949241513695828,0.040235711925519356,349,0.6052558009505172,0.5664530509891335,0.5497104928682389,0.5738064482692965,0.023264775250132055,139,0.6023391812865497,0.5497076023391813,0.5823529411764706,0.5781332416007339,0.02169293547072218,274
0.05951666831970215,0.0031341527582307528,0.009083827336629232,0.0015040117399364025,,0.1,500,2,l2,42,lbfgs,1e-06,,SelectKBest(score_func=<function mutual_info_classif at 0x7e3bb6fd3420>),5,,"{'balance': None, 'classify__C': 0.1, 'classify__max_iter': 500, 'classify__n_jobs': 2, 'classify__penalty': 'l2', 'classify__random_state': 42, 'classify__solver': 'lbfgs', 'classify__tol': 1e-06, 'impute': None, 'select': SelectKBest(score_func=<function mutual_info_classif at 0x7e3bb6fd3420>), 'select__k': 5, 'transform': None}",0.5391943612418582,0.45950815386452676,0.48563789152024445,0.49478013554220973,0.03316783965292923,351,0.5736650824713447,0.5568403455001393,0.5389775455444146,0.5564943245052995,0.014163241211223235,308,0.6023391812865497,0.5730994152046783,0.5764705882352941,0.5839697282421741,0.013061873417513793,187
0.059000253677368164,0.0024776959417250706,0.00879820187886556,5.297019617155401e-05,,0.01,200,2,l2,42,lbfgs,1e-06,SimpleImputer(strategy='median'),SelectKBest(score_func=<function mutual_info_classif at 0x7e3bb6fd3420>),7,,"{'balance': None, 'classify__C': 0.01, 'classify__max_iter': 200, 'classify__n_jobs': 2, 'classify__penalty': 'l2', 'classify__random_state': 42, 'classify__solver': 'lbfgs', 'classify__tol': 1e-06, 'impute': SimpleImputer(strategy='median'), 'select': SelectKBest(score_func=<function mutual_info_classif at 0x7e3bb6fd3420>), 'select__k': 7, 'transform': None}",0.5206584186406968,0.43802601797084456,0.523939418594044,0.49420795173519516,0.039749201260737076,352,0.5859658932065978,0.566731680133742,0.5497104928682389,0.5674693554028596,0.014810393580763212,228,0.6081871345029239,0.5497076023391813,0.5823529411764706,0.5800825593395253,0.023928085252644046,238
0.056023359298706055,0.0021666036826942436,0.007701953252156575,5.492063381895394e-05,,0.01,1000,2,l2,42,lbfgs,0.0001,,SelectKBest(score_func=<function mutual_info_classif at 0x7e3bb6fd3420>),7,,"{'balance': None, 'classify__C': 0.01, 'classify__max_iter': 1000, 'classify__n_jobs': 2, 'classify__penalty': 'l2', 'classify__random_state': 42, 'classify__solver': 'lbfgs', 'classify__tol': 0.0001, 'impute': None, 'select': SelectKBest(score_func=<function mutual_info_classif at 0x7e3bb6fd3420>), 'select__k': 7, 'transform': None}",0.5206584186406968,0.43802601797084456,0.523939418594044,0.49420795173519516,0.039749201260737076,352,0.5859658932065978,0.5664530509891335,0.5497104928682389,0.5673764790213234,0.014815601077279835,230,0.6081871345029239,0.5497076023391813,0.5823529411764706,0.5800825593395253,0.023928085252644046,238
0.0624544620513916,0.002094169971126712,0.009662548700968424,0.0005246752574367523,,0.01,500,2,l2,42,lbfgs,0.0001,SimpleImputer(strategy='median'),SelectKBest(score_func=<function mutual_info_classif at 0x7e3bb6fd3420>),7,,"{'balance': None, 'classify__C': 0.01, 'classify__max_iter': 500, 'classify__n_jobs': 2, 'classify__penalty': 'l2', 'classify__random_state': 42, 'classify__solver': 'lbfgs', 'classify__tol': 0.0001, 'impute': SimpleImputer(strategy='median'), 'select': SelectKBest(score_func=<function mutual_info_classif at 0x7e3bb6fd3420>), 'select__k': 7, 'transform': None}",0.5206584186406968,0.43802601797084456,0.523939418594044,0.49420795173519516,0.039749201260737076,352,0.5859658932065978,0.5664530509891335,0.5497104928682389,0.5673764790213234,0.014815601077279835,230,0.6081871345029239,0.5497076023391813,0.5823529411764706,0.5800825593395253,0.023928085252644046,238
0.05208849906921387,0.0004018832584215572,0.007675727208455403,2.780573537245499e-05,,0.1,100,2,l2,42,lbfgs,1e-06,,SelectKBest(score_func=<function mutual_info_classif at 0x7e3bb6fd3420>),5,,"{'balance': None, 'classify__C': 0.1, 'classify__max_iter': 100, 'classify__n_jobs': 2, 'classify__penalty': 'l2', 'classify__random_state': 42, 'classify__solver': 'lbfgs', 'classify__tol': 1e-06, 'impute': None, 'select': SelectKBest(score_func=<function mutual_info_classif at 0x7e3bb6fd3420>), 'select__k': 5, 'transform': None}",0.5391943612418582,0.45950815386452676,0.4823248151719704,0.49367577675945173,0.03350727441682004,355,0.5736650824713447,0.5568403455001393,0.5307866120604434,0.5537640133439757,0.017639702772362105,327,0.6023391812865497,0.5730994152046783,0.5529411764705883,0.5761265909872721,0.020279933676148606,349
0.046143293380737305,0.009776565173825948,0.006264448165893555,7.893995589075877e-05,,0.01,2000,2,l2,42,lbfgs,0.0001,SimpleImputer(strategy='median'),SelectKBest(score_func=<function mutual_info_classif at 0x7e3bb6fd3420>),7,,"{'balance': None, 'classify__C': 0.01, 'classify__max_iter': 2000, 'classify__n_jobs': 2, 'classify__penalty': 'l2', 'classify__random_state': 42, 'classify__solver': 'lbfgs', 'classify__tol': 0.0001, 'impute': SimpleImputer(strategy='median'), 'select': SelectKBest(score_func=<function mutual_info_classif at 0x7e3bb6fd3420>), 'select__k': 7, 'transform': None}",0.5063497147195236,0.44937343358396,0.523939418594044,0.4932208556325092,0.03182553205447926,356,0.5430528375733855,0.551407077180273,0.5497104928682389,0.5480568025406325,0.0036054910555093,371,0.5964912280701754,0.543859649122807,0.5823529411764706,0.574234606123151,0.02224037317810016,361
0.08324472109476726,0.023042440145399454,0.009706338246663412,0.000458414734560601,,100.0,2000,2,l2,42,lbfgs,1e-06,SimpleImputer(strategy='median'),SelectKBest(score_func=<function mutual_info_classif at 0x7e3bb6fd3420>),7,,"{'balance': None, 'classify__C': 100.0, 'classify__max_iter': 2000, 'classify__n_jobs': 2, 'classify__penalty': 'l2', 'classify__random_state': 42, 'classify__solver': 'lbfgs', 'classify__tol': 1e-06, 'impute': SimpleImputer(strategy='median'), 'select': SelectKBest(score_func=<function mutual_info_classif at 0x7e3bb6fd3420>), 'select__k': 7, 'transform': None}",0.5327098520640144,0.43856239900177957,0.5040874263561159,0.4917865591406367,0.039407437793865505,357,0.5844282918646911,0.5493173585957091,0.5050840276797062,0.5462765593800355,0.03246344518240686,385,0.6081871345029239,0.5263157894736842,0.5764705882352941,0.5703245040706341,0.0337051929445451,411
0.06308913230895996,0.0033306939366671592,0.008211374282836914,0.00022820290894454704,,0.01,500,2,l2,42,lbfgs,1e-08,,SelectKBest(score_func=<function mutual_info_classif at 0x7e3bb6fd3420>),9,,"{'balance': None, 'classify__C': 0.01, 'classify__max_iter': 500, 'classify__n_jobs': 2, 'classify__penalty': 'l2', 'classify__random_state': 42, 'classify__solver': 'lbfgs', 'classify__tol': 1e-08, 'impute': None, 'select': SelectKBest(score_func=<function mutual_info_classif at 0x7e3bb6fd3420>), 'select__k': 9, 'transform': None}",0.5187608924241341,0.445779890527217,0.510529261371341,0.49169001477423074,0.03263683572008276,358,0.5806541794800112,0.5511284480356645,0.549569269877136,0.5604506324642705,0.014300238765965645,281,0.5964912280701754,0.5380116959064327,0.5705882352941176,0.5683637197569086,0.02392593115643941,422
0.032518625259399414,0.008251307513273173,0.004912853240966797,0.0012634287547801915,,0.01,100,2,l2,42,lbfgs,1e-08,,SelectKBest(score_func=<function mutual_info_classif at 0x7e3bb6fd3420>),5,,"{'balance': None, 'classify__C': 0.01, 'classify__max_iter': 100, 'classify__n_jobs': 2, 'classify__penalty': 'l2', 'classify__random_state': 42, 'classify__solver': 'lbfgs', 'classify__tol': 1e-08, 'impute': None, 'select': SelectKBest(score_func=<function mutual_info_classif at 0x7e3bb6fd3420>), 'select__k': 5, 'transform': None}",0.4995900141748282,0.46366385318917447,0.510529261371341,0.49126104291178124,0.020018665335893693,359,0.5524182275649987,0.5735580941766509,0.52344301652309,0.5498064460882466,0.020542578609923662,355,0.5964912280701754,0.5672514619883041,0.5705882352941176,0.5781103084508658,0.01306846506065244,284
0.0472403367360433,0.002490760621449541,0.007612466812133789,0.0006517562489048123,,10.0,100,2,l2,42,lbfgs,0.0001,SimpleImputer(strategy='median'),SelectKBest(score_func=<function mutual_info_classif at 0x7e3bb6fd3420>),5,,"{'balance': None, 'classify__C': 10.0, 'classify__max_iter': 100, 'classify__n_jobs': 2, 'classify__penalty': 'l2', 'classify__random_state': 42, 'classify__solver': 'lbfgs', 'classify__tol': 0.0001, 'impute': SimpleImputer(strategy='median'), 'select': SelectKBest(score_func=<function mutual_info_classif at 0x7e3bb6fd3420>), 'select__k': 5, 'transform': None}",0.4995900141748282,0.43630361557362973,0.5374855824682815,0.49112640407224645,0.041738648182421956,360,0.5570310315907185,0.5670103092783505,0.5323400649625759,0.5521271352772149,0.0145726366756116,344,0.5964912280701754,0.5614035087719298,0.5882352941176471,0.5820433436532508,0.014978700417665807,202
0.06022270520528158,0.016621567060330446,0.007975339889526367,0.000970136946370075,,0.01,500,2,l2,42,lbfgs,1e-06,SimpleImputer(strategy='median'),SelectKBest(score_func=<function mutual_info_classif at 0x7e3bb6fd3420>),5,,"{'balance': None, 'classify__C': 0.01, 'classify__max_iter': 500, 'classify__n_jobs': 2, 'classify__penalty': 'l2', 'classify__random_state': 42, 'classify__solver': 'lbfgs', 'classify__tol': 1e-06, 'impute': SimpleImputer(strategy='median'), 'select': SelectKBest(score_func=<function mutual_info_classif at 0x7e3bb6fd3420>), 'select__k': 5, 'transform': None}",0.4995900141748282,0.43630361557362973,0.5329901960784315,0.4896279419422965,0.04009576764699329,361,0.5524182275649987,0.5606018389523544,0.5302923315915831,0.5477707993696453,0.012802747120218285,374,0.5964912280701754,0.5614035087719298,0.5882352941176471,0.5820433436532508,0.014978700417665807,202
0.05563036600748698,0.010303417444679669,0.008129119873046875,0.0012025659340831178,,0.01,1000,2,l2,42,lbfgs,1e-08,SimpleImputer(strategy='median'),SelectKBest(score_func=<function mutual_info_classif at 0x7e3bb6fd3420>),5,,"{'balance': None, 'classify__C': 0.01, 'classify__max_iter': 1000, 'classify__n_jobs': 2, 'classify__penalty': 'l2', 'classify__random_state': 42, 'classify__solver': 'lbfgs', 'classify__tol': 1e-08, 'impute': SimpleImputer(strategy='median'), 'select': SelectKBest(score_func=<function mutual_info_classif at 0x7e3bb6fd3420>), 'select__k': 5, 'transform': None}",0.4995900141748282,0.4560691133518551,0.510529261371341,0.4887294629660081,0.02352219675109209,362,0.5524182275649987,0.6447478406241293,0.5396836604999294,0.5789499095630192,0.04681572455579171,88,0.5964912280701754,0.5672514619883041,0.5705882352941176,0.5781103084508658,0.01306846506065244,284
0.1398168404897054,0.03706463209293426,0.016941547393798828,0.0017405540077065375,,1.0,2000,2,l2,42,lbfgs,0.0001,,SelectKBest(score_func=<function mutual_info_classif at 0x7e3bb6fd3420>),5,,"{'balance': None, 'classify__C': 1.0, 'classify__max_iter': 2000, 'classify__n_jobs': 2, 'classify__penalty': 'l2', 'classify__random_state': 42, 'classify__solver': 'lbfgs', 'classify__tol': 0.0001, 'impute': None, 'select': SelectKBest(score_func=<function mutual_info_classif at 0x7e3bb6fd3420>), 'select__k': 5, 'transform': None}",0.4995900141748282,0.428230867022629,0.5374855824682815,0.48843548788857954,0.045295075554859024,363,0.5563321218898518,0.5458344942881026,0.5323400649625759,0.5448355603801768,0.009820152769168611,388,0.5964912280701754,0.52046783625731,0.5882352941176471,0.5683981194817108,0.034059009075775026,419
0.054251670837402344,0.0004108918547347663,0.007891654968261719,1.3837865815788764e-05,,1.0,100,2,l2,42,lbfgs,0.0001,,SelectKBest(score_func=<function mutual_info_classif at 0x7e3bb6fd3420>),5,,"{'balance': None, 'classify__C': 1.0, 'classify__max_iter': 100, 'classify__n_jobs': 2, 'classify__penalty': 'l2', 'classify__random_state': 42, 'classify__solver': 'lbfgs', 'classify__tol': 0.0001, 'impute': None, 'select': SelectKBest(score_func=<function mutual_info_classif at 0x7e3bb6fd3420>), 'select__k': 5, 'transform': None}",0.4995900141748282,0.428230867022629,0.5374855824682815,0.48843548788857954,0.045295075554859024,363,0.5563321218898518,0.5458344942881026,0.5323400649625759,0.5448355603801768,0.009820152769168611,388,0.5964912280701754,0.52046783625731,0.5882352941176471,0.5683981194817108,0.034059009075775026,419
0.05599363644917806,0.0008422462056696526,0.013866265614827475,0.008308731408601616,,1.0,200,2,l2,42,lbfgs,0.0001,,SelectKBest(score_func=<function mutual_info_classif at 0x7e3bb6fd3420>),5,,"{'balance': None, 'classify__C': 1.0, 'classify__max_iter': 200, 'classify__n_jobs': 2, 'classify__penalty': 'l2', 'classify__random_state': 42, 'classify__solver': 'lbfgs', 'classify__tol': 0.0001, 'impute': None, 'select': SelectKBest(score_func=<function mutual_info_classif at 0x7e3bb6fd3420>), 'select__k': 5, 'transform': None}",0.4995900141748282,0.428230867022629,0.5374855824682815,0.48843548788857954,0.045295075554859024,363,0.5880626223091977,0.5458344942881026,0.5323400649625759,0.5554123938532921,0.02373538805767359,316,0.5964912280701754,0.52046783625731,0.5882352941176471,0.5683981194817108,0.034059009075775026,419
0.05280510584513346,0.0015614023017042138,0.008115132649739584,8.674556379558743e-05,,0.1,100,2,l2,42,lbfgs,0.0001,SimpleImputer(strategy='median'),SelectKBest(score_func=<function mutual_info_classif at 0x7e3bb6fd3420>),5,,"{'balance': None, 'classify__C': 0.1, 'classify__max_iter': 100, 'classify__n_jobs': 2, 'classify__penalty': 'l2', 'classify__random_state': 42, 'classify__solver': 'lbfgs', 'classify__tol': 0.0001, 'impute': SimpleImputer(strategy='median'), 'select': SelectKBest(score_func=<function mutual_info_classif at 0x7e3bb6fd3420>), 'select__k': 5, 'transform': None}",0.4995900141748282,0.4738416682220415,0.4918731142705268,0.4884349322224655,0.010789196808932073,366,0.5879228403690243,0.5759264419058233,0.5679988702160711,0.5772827174969729,0.008190268993275041,106,0.5964912280701754,0.5614035087719298,0.5588235294117647,0.5722394220846233,0.017180932135080543,396
0.05726313591003418,0.0014290893691482562,0.008937994639078775,0.0016982108741522004,,1.0,1000,2,l2,42,lbfgs,1e-08,SimpleImputer(strategy='median'),SelectKBest(score_func=<function mutual_info_classif at 0x7e3bb6fd3420>),5,,"{'balance': None, 'classify__C': 1.0, 'classify__max_iter': 1000, 'classify__n_jobs': 2, 'classify__penalty': 'l2', 'classify__random_state': 42, 'classify__solver': 'lbfgs', 'classify__tol': 1e-08, 'impute': SimpleImputer(strategy='median'), 'select': SelectKBest(score_func=<function mutual_info_classif at 0x7e3bb6fd3420>), 'select__k': 5, 'transform': None}",0.4995900141748282,0.43630361557362973,0.5286309925602455,0.4881748741029011,0.03854707254300428,367,0.5563321218898518,0.5670103092783505,0.5196299957633103,0.5476574756438376,0.020292209388761223,376,0.5964912280701754,0.5614035087719298,0.5823529411764706,0.5800825593395253,0.014414182521675607,238
0.05579050381978353,0.00022053193037398556,0.00879510243733724,0.0001389030997886452,,0.1,2000,2,l2,42,lbfgs,0.0001,SimpleImputer(strategy='median'),SelectKBest(score_func=<function mutual_info_classif at 0x7e3bb6fd3420>),5,,"{'balance': None, 'classify__C': 0.1, 'classify__max_iter': 2000, 'classify__n_jobs': 2, 'classify__penalty': 'l2', 'classify__random_state': 42, 'classify__solver': 'lbfgs', 'classify__tol': 0.0001, 'impute': SimpleImputer(strategy='median'), 'select': SelectKBest(score_func=<function mutual_info_classif at 0x7e3bb6fd3420>), 'select__k': 5, 'transform': None}",0.4995900141748282,0.43630361557362973,0.5286309925602455,0.4881748741029011,0.03854707254300428,367,0.5549343024881186,0.5674282529952632,0.5197712187544132,0.5473779247459317,0.02017626264690516,382,0.5964912280701754,0.5614035087719298,0.5823529411764706,0.5800825593395253,0.014414182521675607,238
0.05469663937886556,0.001473447424207168,0.008112112681070963,0.0003430041811656107,,0.1,1000,2,l2,42,lbfgs,1e-06,,SelectKBest(score_func=<function mutual_info_classif at 0x7e3bb6fd3420>),5,,"{'balance': None, 'classify__C': 0.1, 'classify__max_iter': 1000, 'classify__n_jobs': 2, 'classify__penalty': 'l2', 'classify__random_state': 42, 'classify__solver': 'lbfgs', 'classify__tol': 1e-06, 'impute': None, 'select': SelectKBest(score_func=<function mutual_info_classif at 0x7e3bb6fd3420>), 'select__k': 5, 'transform': None}",0.4995900141748282,0.43630361557362973,0.5286309925602455,0.4881748741029011,0.03854707254300428,367,0.5549343024881186,0.5674282529952632,0.5197712187544132,0.5473779247459317,0.02017626264690516,382,0.5964912280701754,0.5614035087719298,0.5823529411764706,0.5800825593395253,0.014414182521675607,238
0.05011439323425293,0.004589313331310348,0.0071595509847005205,0.00026213153888957503,,10.0,500,2,l2,42,lbfgs,1e-06,SimpleImputer(strategy='median'),SelectKBest(score_func=<function mutual_info_classif at 0x7e3bb6fd3420>),5,,"{'balance': None, 'classify__C': 10.0, 'classify__max_iter': 500, 'classify__n_jobs': 2, 'classify__penalty': 'l2', 'classify__random_state': 42, 'classify__solver': 'lbfgs', 'classify__tol': 1e-06, 'impute': SimpleImputer(strategy='median'), 'select': SelectKBest(score_func=<function mutual_info_classif at 0x7e3bb6fd3420>), 'select__k': 5, 'transform': None}",0.4995900141748282,0.43630361557362973,0.5286309925602455,0.4881748741029011,0.03854707254300428,367,0.5567514677103719,0.5668709947060462,0.5196299957633103,0.5477508193932428,0.02030905787858172,375,0.5964912280701754,0.5614035087719298,0.5823529411764706,0.5800825593395253,0.014414182521675607,238
0.037397146224975586,0.008076109319119213,0.005310455958048503,0.001011060311551287,,0.01,100,2,l2,42,lbfgs,1e-08,,SelectKBest(score_func=<function mutual_info_classif at 0x7e3bb6fd3420>),7,,"{'balance': None, 'classify__C': 0.01, 'classify__max_iter': 100, 'classify__n_jobs': 2, 'classify__penalty': 'l2', 'classify__random_state': 42, 'classify__solver': 'lbfgs', 'classify__tol': 1e-08, 'impute': None, 'select': SelectKBest(score_func=<function mutual_info_classif at 0x7e3bb6fd3420>), 'select__k': 7, 'transform': None}",0.5228070175438597,0.4169104302337995,0.523939418594044,0.487885622123901,0.05018916869147613,371,0.6052558009505172,0.536500417943717,0.5497104928682389,0.5638222372541577,0.029790173663061928,241,0.6023391812865497,0.5263157894736842,0.5823529411764706,0.5703359706455683,0.03217861309667806,405
0.06411226590474446,0.0034164071658733066,0.00886392593383789,0.0004120515034541484,,0.1,1000,2,l2,42,lbfgs,1e-08,,SelectKBest(score_func=<function mutual_info_classif at 0x7e3bb6fd3420>),5,,"{'balance': None, 'classify__C': 0.1, 'classify__max_iter': 1000, 'classify__n_jobs': 2, 'classify__penalty': 'l2', 'classify__random_state': 42, 'classify__solver': 'lbfgs', 'classify__tol': 1e-08, 'impute': None, 'select': SelectKBest(score_func=<function mutual_info_classif at 0x7e3bb6fd3420>), 'select__k': 5, 'transform': None}",0.4995900141748282,0.43467271011831904,0.5286309925602455,0.48763123895113086,0.03927933246630169,372,0.5549343024881186,0.5246586792978545,0.5197712187544132,0.5331214001801288,0.015552574234176468,448,0.5964912280701754,0.543859649122807,0.5823529411764706,0.574234606123151,0.02224037317810016,361
0.05630628267923991,0.0010482880444773791,0.008963346481323242,0.0003452990855535777,,1.0,200,2,l2,42,lbfgs,1e-06,SimpleImputer(strategy='median'),SelectKBest(score_func=<function mutual_info_classif at 0x7e3bb6fd3420>),5,,"{'balance': None, 'classify__C': 1.0, 'classify__max_iter': 200, 'classify__n_jobs': 2, 'classify__penalty': 'l2', 'classify__random_state': 42, 'classify__solver': 'lbfgs', 'classify__tol': 1e-06, 'impute': SimpleImputer(strategy='median'), 'select': SelectKBest(score_func=<function mutual_info_classif at 0x7e3bb6fd3420>), 'select__k': 5, 'transform': None}",0.4995900141748282,0.46721947158274874,0.49594784635165534,0.48758577736974407,0.014477710573385769,373,0.5563321218898518,0.6407077180273056,0.5437791272419149,0.5802729890530242,0.04303999510768196,72,0.5964912280701754,0.5730994152046783,0.5647058823529412,0.5780988418759316,0.01344923172209611,303
0.08222262064615886,0.013120643980224455,0.009336551030476889,0.0005202023258959794,,1.0,2000,2,l2,42,lbfgs,1e-08,SimpleImputer(strategy='median'),SelectKBest(score_func=<function mutual_info_classif at 0x7e3bb6fd3420>),5,,"{'balance': None, 'classify__C': 1.0, 'classify__max_iter': 2000, 'classify__n_jobs': 2, 'classify__penalty': 'l2', 'classify__random_state': 42, 'classify__solver': 'lbfgs', 'classify__tol': 1e-08, 'impute': SimpleImputer(strategy='median'), 'select': SelectKBest(score_func=<function mutual_info_classif at 0x7e3bb6fd3420>), 'select__k': 5, 'transform': None}",0.4995900141748282,0.5058479532163743,0.4570622188269247,0.487500062072709,0.0216739040684588,374,0.5563321218898518,0.6224575090554472,0.5326225109447817,0.5704707139633602,0.03801321314798861,193,0.5964912280701754,0.5906432748538012,0.5529411764705883,0.580025226464855,0.019299550293105767,256
0.049689531326293945,0.010877961285315697,0.00748133659362793,0.0013167731136386814,,0.01,100,2,l2,42,lbfgs,1e-08,SimpleImputer(strategy='median'),SelectKBest(score_func=<function mutual_info_classif at 0x7e3bb6fd3420>),5,,"{'balance': None, 'classify__C': 0.01, 'classify__max_iter': 100, 'classify__n_jobs': 2, 'classify__penalty': 'l2', 'classify__random_state': 42, 'classify__solver': 'lbfgs', 'classify__tol': 1e-08, 'impute': SimpleImputer(strategy='median'), 'select': SelectKBest(score_func=<function mutual_info_classif at 0x7e3bb6fd3420>), 'select__k': 5, 'transform': None}",0.4995900141748282,0.43874894264424513,0.523939418594044,0.48742612513770583,0.035826660887472106,375,0.5524182275649987,0.52646976873781,0.5753424657534247,0.5514101540187445,0.019964924035267645,346,0.5964912280701754,0.5380116959064327,0.5823529411764706,0.5722852883843595,0.024912943691709467,386
0.050692478815714516,0.0005823294714320553,0.0080718994140625,6.440509185400993e-05,,0.01,2000,2,l2,42,lbfgs,0.0001,SimpleImputer(strategy='median'),SelectKBest(score_func=<function mutual_info_classif at 0x7e3bb6fd3420>),5,,"{'balance': None, 'classify__C': 0.01, 'classify__max_iter': 2000, 'classify__n_jobs': 2, 'classify__penalty': 'l2', 'classify__random_state': 42, 'classify__solver': 'lbfgs', 'classify__tol': 0.0001, 'impute': SimpleImputer(strategy='median'), 'select': SelectKBest(score_func=<function mutual_info_classif at 0x7e3bb6fd3420>), 'select__k': 5, 'transform': None}",0.4995900141748282,0.43874894264424513,0.523939418594044,0.48742612513770583,0.035826660887472106,375,0.5524182275649987,0.52646976873781,0.5753424657534247,0.5514101540187445,0.019964924035267645,346,0.5964912280701754,0.5380116959064327,0.5823529411764706,0.5722852883843595,0.024912943691709467,386
0.05852842330932617,0.002573434973605968,0.00809931755065918,0.0004625304458039997,,0.01,200,2,l2,42,lbfgs,1e-06,,SelectKBest(score_func=<function mutual_info_classif at 0x7e3bb6fd3420>),7,,"{'balance': None, 'classify__C': 0.01, 'classify__max_iter': 200, 'classify__n_jobs': 2, 'classify__penalty': 'l2', 'classify__random_state': 42, 'classify__solver': 'lbfgs', 'classify__tol': 1e-06, 'impute': None, 'select': SelectKBest(score_func=<function mutual_info_classif at 0x7e3bb6fd3420>), 'select__k': 7, 'transform': None}",0.4995900141748282,0.43802601797084456,0.523939418594044,0.4871851502465723,0.03615419374908441,377,0.5868045848476378,0.566731680133742,0.5497104928682389,0.5677489192832063,0.015160672732642337,220,0.5964912280701754,0.5497076023391813,0.5823529411764706,0.5761839238619424,0.019591145790971425,316
0.0654592514038086,0.004597541639411722,0.010154962539672852,8.233418949418596e-05,,0.01,200,2,l2,42,lbfgs,1e-08,SimpleImputer(strategy='median'),SelectKBest(score_func=<function mutual_info_classif at 0x7e3bb6fd3420>),7,,"{'balance': None, 'classify__C': 0.01, 'classify__max_iter': 200, 'classify__n_jobs': 2, 'classify__penalty': 'l2', 'classify__random_state': 42, 'classify__solver': 'lbfgs', 'classify__tol': 1e-08, 'impute': SimpleImputer(strategy='median'), 'select': SelectKBest(score_func=<function mutual_info_classif at 0x7e3bb6fd3420>), 'select__k': 7, 'transform': None}",0.4995900141748282,0.43802601797084456,0.523939418594044,0.4871851502465723,0.03615419374908441,377,0.5868045848476378,0.566731680133742,0.5497104928682389,0.5677489192832063,0.015160672732642337,220,0.5964912280701754,0.5497076023391813,0.5823529411764706,0.5761839238619424,0.019591145790971425,316
0.057513157526652016,0.002731049321337614,0.007932583491007486,0.0002651392788162869,,0.01,200,2,l2,42,lbfgs,1e-08,,SelectKBest(score_func=<function mutual_info_classif at 0x7e3bb6fd3420>),7,,"{'balance': None, 'classify__C': 0.01, 'classify__max_iter': 200, 'classify__n_jobs': 2, 'classify__penalty': 'l2', 'classify__random_state': 42, 'classify__solver': 'lbfgs', 'classify__tol': 1e-08, 'impute': None, 'select': SelectKBest(score_func=<function mutual_info_classif at 0x7e3bb6fd3420>), 'select__k': 7, 'transform': None}",0.5206584186406968,0.4169104302337995,0.523939418594044,0.4871694224895135,0.049698663528407704,379,0.5859658932065978,0.536500417943717,0.5497104928682389,0.5573922680061845,0.02091196727073022,300,0.6081871345029239,0.5263157894736842,0.5823529411764706,0.5722852883843595,0.0341735522373768,386
0.046512762705485024,0.0009028833698303491,0.007175048192342122,0.00013971373941683264,,0.01,100,2,l2,42,lbfgs,0.0001,SimpleImputer(strategy='median'),SelectKBest(score_func=<function mutual_info_classif at 0x7e3bb6fd3420>),7,,"{'balance': None, 'classify__C': 0.01, 'classify__max_iter': 100, 'classify__n_jobs': 2, 'classify__penalty': 'l2', 'classify__random_state': 42, 'classify__solver': 'lbfgs', 'classify__tol': 0.0001, 'impute': SimpleImputer(strategy='median'), 'select': SelectKBest(score_func=<function mutual_info_classif at 0x7e3bb6fd3420>), 'select__k': 7, 'transform': None}",0.5206584186406968,0.4169104302337995,0.523939418594044,0.4871694224895135,0.049698663528407704,379,0.5859658932065978,0.536500417943717,0.5497104928682389,0.5573922680061845,0.02091196727073022,300,0.6081871345029239,0.5263157894736842,0.5823529411764706,0.5722852883843595,0.0341735522373768,386
0.06748056411743164,0.015062757694935907,0.01345666249593099,0.00589311004238276,,0.01,1000,2,l2,42,lbfgs,1e-08,SimpleImputer(strategy='median'),SelectKBest(score_func=<function mutual_info_classif at 0x7e3bb6fd3420>),7,,"{'balance': None, 'classify__C': 0.01, 'classify__max_iter': 1000, 'classify__n_jobs': 2, 'classify__penalty': 'l2', 'classify__random_state': 42, 'classify__solver': 'lbfgs', 'classify__tol': 1e-08, 'impute': SimpleImputer(strategy='median'), 'select': SelectKBest(score_func=<function mutual_info_classif at 0x7e3bb6fd3420>), 'select__k': 7, 'transform': None}",0.5206584186406968,0.4169104302337995,0.523939418594044,0.4871694224895135,0.049698663528407704,379,0.5859658932065978,0.536500417943717,0.5497104928682389,0.5573922680061845,0.02091196727073022,300,0.6081871345029239,0.5263157894736842,0.5823529411764706,0.5722852883843595,0.0341735522373768,386
0.04195626576741537,0.0003326827693588649,0.00626675287882487,0.0002659751572469197,,0.01,100,2,l2,42,lbfgs,1e-08,SimpleImputer(strategy='median'),SelectKBest(score_func=<function mutual_info_classif at 0x7e3bb6fd3420>),7,,"{'balance': None, 'classify__C': 0.01, 'classify__max_iter': 100, 'classify__n_jobs': 2, 'classify__penalty': 'l2', 'classify__random_state': 42, 'classify__solver': 'lbfgs', 'classify__tol': 1e-08, 'impute': SimpleImputer(strategy='median'), 'select': SelectKBest(score_func=<function mutual_info_classif at 0x7e3bb6fd3420>), 'select__k': 7, 'transform': None}",0.5206584186406968,0.4169104302337995,0.523939418594044,0.4871694224895135,0.049698663528407704,379,0.5859658932065978,0.536500417943717,0.5497104928682389,0.5573922680061845,0.02091196727073022,300,0.6081871345029239,0.5263157894736842,0.5823529411764706,0.5722852883843595,0.0341735522373768,386
0.05564618110656738,0.0017374676810017545,0.007897297541300455,4.756688003439431e-05,,1.0,200,2,l2,42,lbfgs,1e-08,,SelectKBest(score_func=<function mutual_info_classif at 0x7e3bb6fd3420>),5,,"{'balance': None, 'classify__C': 1.0, 'classify__max_iter': 200, 'classify__n_jobs': 2, 'classify__penalty': 'l2', 'classify__random_state': 42, 'classify__solver': 'lbfgs', 'classify__tol': 1e-08, 'impute': None, 'select': SelectKBest(score_func=<function mutual_info_classif at 0x7e3bb6fd3420>), 'select__k': 5, 'transform': None}",0.4995900141748282,0.46721947158274874,0.4918731142705268,0.48622753334270125,0.01380500983787838,383,0.5563321218898518,0.6407077180273056,0.5677164242338653,0.5882520880503409,0.037381772939719865,19,0.5964912280701754,0.5730994152046783,0.5588235294117647,0.5761380575622062,0.015527156663685086,344
0.04073206583658854,0.0013520311888833016,0.0065233707427978516,0.0002148949947109249,,0.01,2000,2,l2,42,lbfgs,1e-08,SimpleImputer(strategy='median'),SelectKBest(score_func=<function mutual_info_classif at 0x7e3bb6fd3420>),5,,"{'balance': None, 'classify__C': 0.01, 'classify__max_iter': 2000, 'classify__n_jobs': 2, 'classify__penalty': 'l2', 'classify__random_state': 42, 'classify__solver': 'lbfgs', 'classify__tol': 1e-08, 'impute': SimpleImputer(strategy='median'), 'select': SelectKBest(score_func=<function mutual_info_classif at 0x7e3bb6fd3420>), 'select__k': 5, 'transform': None}",0.4844848869223436,0.46366385318917447,0.510529261371341,0.4862260004942864,0.019172293000978845,384,0.5781381045568913,0.5735580941766509,0.52344301652309,0.5583797384188774,0.024774651378488603,296,0.5730994152046783,0.5672514619883041,0.5705882352941176,0.5703130374957001,0.0023953342948902136,413
0.05862092971801758,0.0015445855597044878,0.008939584096272787,6.325969743582198e-05,,1.0,200,2,l2,42,lbfgs,1e-08,SimpleImputer(strategy='median'),SelectKBest(score_func=<function mutual_info_classif at 0x7e3bb6fd3420>),5,,"{'balance': None, 'classify__C': 1.0, 'classify__max_iter': 200, 'classify__n_jobs': 2, 'classify__penalty': 'l2', 'classify__random_state': 42, 'classify__solver': 'lbfgs', 'classify__tol': 1e-08, 'impute': SimpleImputer(strategy='median'), 'select': SelectKBest(score_func=<function mutual_info_classif at 0x7e3bb6fd3420>), 'select__k': 5, 'transform': None}",0.4995900141748282,0.4304413909677068,0.5286309925602455,0.48622079923426015,0.041185364684725084,385,0.5563321218898518,0.5494566731680134,0.5196299957633103,0.5418062636070585,0.015930224739781163,410,0.5964912280701754,0.5672514619883041,0.5823529411764706,0.5820318770783167,0.01193924318503146,206
0.05494149525960287,0.0010856676045265883,0.007982254028320312,6.567584425624605e-05,,0.1,1000,2,l2,42,lbfgs,0.0001,,SelectKBest(score_func=<function mutual_info_classif at 0x7e3bb6fd3420>),5,,"{'balance': None, 'classify__C': 0.1, 'classify__max_iter': 1000, 'classify__n_jobs': 2, 'classify__penalty': 'l2', 'classify__random_state': 42, 'classify__solver': 'lbfgs', 'classify__tol': 0.0001, 'impute': None, 'select': SelectKBest(score_func=<function mutual_info_classif at 0x7e3bb6fd3420>), 'select__k': 5, 'transform': None}",0.4995900141748282,0.4304413909677068,0.5286309925602455,0.48622079923426015,0.041185364684725084,385,0.5549343024881186,0.5500139314572304,0.5197712187544132,0.5415731508999208,0.015546611564976389,411,0.5964912280701754,0.5672514619883041,0.5823529411764706,0.5820318770783167,0.01193924318503146,206
0.05560167630513509,0.0006142306224165295,0.007853190104166666,5.75316541157821e-05,,1.0,500,2,l2,42,lbfgs,0.0001,,SelectKBest(score_func=<function mutual_info_classif at 0x7e3bb6fd3420>),5,,"{'balance': None, 'classify__C': 1.0, 'classify__max_iter': 500, 'classify__n_jobs': 2, 'classify__penalty': 'l2', 'classify__random_state': 42, 'classify__solver': 'lbfgs', 'classify__tol': 0.0001, 'impute': None, 'select': SelectKBest(score_func=<function mutual_info_classif at 0x7e3bb6fd3420>), 'select__k': 5, 'transform': None}",0.4995900141748282,0.428230867022629,0.5286309925602455,0.4854839579192342,0.04218437245637119,387,0.5563321218898518,0.5458344942881026,0.5196299957633103,0.5405988706470882,0.015434168409406935,414,0.5964912280701754,0.52046783625731,0.5823529411764706,0.5664373351679853,0.03301382449465793,435
0.04264259338378906,0.0014564669342681355,0.006513675053914388,4.534774578953206e-05,,100.0,1000,2,l2,42,lbfgs,1e-06,SimpleImputer(strategy='median'),SelectKBest(score_func=<function mutual_info_classif at 0x7e3bb6fd3420>),5,,"{'balance': None, 'classify__C': 100.0, 'classify__max_iter': 1000, 'classify__n_jobs': 2, 'classify__penalty': 'l2', 'classify__random_state': 42, 'classify__solver': 'lbfgs', 'classify__tol': 1e-06, 'impute': SimpleImputer(strategy='median'), 'select': SelectKBest(score_func=<function mutual_info_classif at 0x7e3bb6fd3420>), 'select__k': 5, 'transform': None}",0.4995900141748282,0.43630361557362973,0.5196470588235294,0.48518022952399575,0.035517730815747356,388,0.5567514677103719,0.5668709947060462,0.5216071176387516,0.5484098600183899,0.019397447528923147,370,0.5964912280701754,0.5614035087719298,0.5764705882352941,0.5781217750257998,0.014372005769341424,282
0.061032374699910484,0.0010724800964071995,0.00908970832824707,0.00010686206898906256,,10.0,200,2,l2,42,lbfgs,0.0001,SimpleImputer(strategy='median'),SelectKBest(score_func=<function mutual_info_classif at 0x7e3bb6fd3420>),5,,"{'balance': None, 'classify__C': 10.0, 'classify__max_iter': 200, 'classify__n_jobs': 2, 'classify__penalty': 'l2', 'classify__random_state': 42, 'classify__solver': 'lbfgs', 'classify__tol': 0.0001, 'impute': SimpleImputer(strategy='median'), 'select': SelectKBest(score_func=<function mutual_info_classif at 0x7e3bb6fd3420>), 'select__k': 5, 'transform': None}",0.4995900141748282,0.4598107793746293,0.49594784635165534,0.48511621330037097,0.01795531650590054,389,0.5570310315907185,0.523265533574812,0.5437791272419149,0.5413585641358152,0.013890561744784499,412,0.5964912280701754,0.5497076023391813,0.5647058823529412,0.5703015709207659,0.019504883269675456,417
0.05819471677144369,0.00384125589862846,0.008723179499308268,6.065284097296727e-05,,1.0,100,2,l2,42,lbfgs,0.0001,SimpleImputer(strategy='median'),SelectKBest(score_func=<function mutual_info_classif at 0x7e3bb6fd3420>),5,,"{'balance': None, 'classify__C': 1.0, 'classify__max_iter': 100, 'classify__n_jobs': 2, 'classify__penalty': 'l2', 'classify__random_state': 42, 'classify__solver': 'lbfgs', 'classify__tol': 0.0001, 'impute': SimpleImputer(strategy='median'), 'select': SelectKBest(score_func=<function mutual_info_classif at 0x7e3bb6fd3420>), 'select__k': 5, 'transform': None}",0.4995900141748282,0.4598107793746293,0.49594784635165534,0.48511621330037097,0.01795531650590054,389,0.5563321218898518,0.5234048481471162,0.5437791272419149,0.5411720324262944,0.013568322091437556,413,0.5964912280701754,0.5497076023391813,0.5647058823529412,0.5703015709207659,0.019504883269675456,417
0.05445988972981771,0.01175919372272283,0.006947517395019531,4.3672053824275364e-05,,10.0,500,2,l2,42,lbfgs,1e-08,SimpleImputer(strategy='median'),SelectKBest(score_func=<function mutual_info_classif at 0x7e3bb6fd3420>),5,,"{'balance': None, 'classify__C': 10.0, 'classify__max_iter': 500, 'classify__n_jobs': 2, 'classify__penalty': 'l2', 'classify__random_state': 42, 'classify__solver': 'lbfgs', 'classify__tol': 1e-08, 'impute': SimpleImputer(strategy='median'), 'select': SelectKBest(score_func=<function mutual_info_classif at 0x7e3bb6fd3420>), 'select__k': 5, 'transform': None}",0.4995900141748282,0.45950815386452676,0.49594784635165534,0.48501533813033676,0.018097489392924604,391,0.5880626223091977,0.5580941766508777,0.5437791272419149,0.5633119754006635,0.01845130621732897,245,0.5964912280701754,0.5730994152046783,0.5647058823529412,0.5780988418759316,0.01344923172209611,303
0.05478549003601074,0.008802934947959548,0.007242520650227864,0.0008873627837853259,,10.0,2000,2,l2,42,lbfgs,1e-08,SimpleImputer(strategy='median'),SelectKBest(score_func=<function mutual_info_classif at 0x7e3bb6fd3420>),5,,"{'balance': None, 'classify__C': 10.0, 'classify__max_iter': 2000, 'classify__n_jobs': 2, 'classify__penalty': 'l2', 'classify__random_state': 42, 'classify__solver': 'lbfgs', 'classify__tol': 1e-08, 'impute': SimpleImputer(strategy='median'), 'select': SelectKBest(score_func=<function mutual_info_classif at 0x7e3bb6fd3420>), 'select__k': 5, 'transform': None}",0.4995900141748282,0.45950815386452676,0.49594784635165534,0.48501533813033676,0.018097489392924604,391,0.5880626223091977,0.5580941766508777,0.5437791272419149,0.5633119754006635,0.01845130621732897,245,0.5964912280701754,0.5730994152046783,0.5647058823529412,0.5780988418759316,0.01344923172209611,303
0.08222039540608723,0.0206314552460423,0.010555426279703775,0.0036901257503616455,,0.1,100,2,l2,42,lbfgs,0.0001,,SelectKBest(score_func=<function mutual_info_classif at 0x7e3bb6fd3420>),5,,"{'balance': None, 'classify__C': 0.1, 'classify__max_iter': 100, 'classify__n_jobs': 2, 'classify__penalty': 'l2', 'classify__random_state': 42, 'classify__solver': 'lbfgs', 'classify__tol': 0.0001, 'impute': None, 'select': SelectKBest(score_func=<function mutual_info_classif at 0x7e3bb6fd3420>), 'select__k': 5, 'transform': None}",0.4995900141748282,0.45950815386452676,0.49594784635165534,0.48501533813033676,0.018097489392924604,391,0.5549343024881186,0.5568403455001393,0.5551475780257026,0.5556407420046535,0.0008527047255720027,315,0.5964912280701754,0.5730994152046783,0.5647058823529412,0.5780988418759316,0.01344923172209611,303
0.0523067315419515,0.006063503834708026,0.007609446843465169,0.000822867715295061,,10.0,500,2,l2,42,lbfgs,0.0001,,SelectKBest(score_func=<function mutual_info_classif at 0x7e3bb6fd3420>),5,,"{'balance': None, 'classify__C': 10.0, 'classify__max_iter': 500, 'classify__n_jobs': 2, 'classify__penalty': 'l2', 'classify__random_state': 42, 'classify__solver': 'lbfgs', 'classify__tol': 0.0001, 'impute': None, 'select': SelectKBest(score_func=<function mutual_info_classif at 0x7e3bb6fd3420>), 'select__k': 5, 'transform': None}",0.4995900141748282,0.45950815386452676,0.49594784635165534,0.48501533813033676,0.018097489392924604,391,0.5570310315907185,0.5580941766508777,0.5437791272419149,0.5529681118278371,0.006512073281987909,337,0.5964912280701754,0.5730994152046783,0.5647058823529412,0.5780988418759316,0.01344923172209611,303
0.05846492449442545,0.004798621414803255,0.008320252100626627,0.0004413831477723095,,1.0,1000,2,l2,42,lbfgs,0.0001,,SelectKBest(score_func=<function mutual_info_classif at 0x7e3bb6fd3420>),5,,"{'balance': None, 'classify__C': 1.0, 'classify__max_iter': 1000, 'classify__n_jobs': 2, 'classify__penalty': 'l2', 'classify__random_state': 42, 'classify__solver': 'lbfgs', 'classify__tol': 0.0001, 'impute': None, 'select': SelectKBest(score_func=<function mutual_info_classif at 0x7e3bb6fd3420>), 'select__k': 5, 'transform': None}",0.4995900141748282,0.45950815386452676,0.49594784635165534,0.48501533813033676,0.018097489392924604,391,0.5563321218898518,0.5579548620785735,0.5437791272419149,0.5526887037367801,0.006334757896895162,340,0.5964912280701754,0.5730994152046783,0.5647058823529412,0.5780988418759316,0.01344923172209611,303
0.07221690813700359,0.025244052871633393,0.00809915860493978,9.61873124071271e-05,,100.0,2000,2,l2,42,lbfgs,1e-08,,SelectKBest(score_func=<function mutual_info_classif at 0x7e3bb6fd3420>),5,,"{'balance': None, 'classify__C': 100.0, 'classify__max_iter': 2000, 'classify__n_jobs': 2, 'classify__penalty': 'l2', 'classify__random_state': 42, 'classify__solver': 'lbfgs', 'classify__tol': 1e-08, 'impute': None, 'select': SelectKBest(score_func=<function mutual_info_classif at 0x7e3bb6fd3420>), 'select__k': 5, 'transform': None}",0.4995900141748282,0.45950815386452676,0.49594784635165534,0.48501533813033676,0.018097489392924604,391,0.5567514677103719,0.5580941766508777,0.543779127241915,0.5528749238677215,0.006455016344841343,338,0.5964912280701754,0.5730994152046783,0.5647058823529412,0.5780988418759316,0.01344923172209611,303
0.05767321586608887,0.0011700291628319165,0.009495099385579428,0.0003757643379944969,,0.01,200,2,l2,42,lbfgs,0.0001,SimpleImputer(strategy='median'),SelectKBest(score_func=<function mutual_info_classif at 0x7e3bb6fd3420>),5,,"{'balance': None, 'classify__C': 0.01, 'classify__max_iter': 200, 'classify__n_jobs': 2, 'classify__penalty': 'l2', 'classify__random_state': 42, 'classify__solver': 'lbfgs', 'classify__tol': 0.0001, 'impute': SimpleImputer(strategy='median'), 'select': SelectKBest(score_func=<function mutual_info_classif at 0x7e3bb6fd3420>), 'select__k': 5, 'transform': None}",0.4995900141748282,0.43130770356136,0.523939418594044,0.48494571211007736,0.039208845470521426,397,0.5524182275649987,0.5604625243800502,0.5753424657534247,0.5627410725661579,0.009496455847919744,251,0.5964912280701754,0.5380116959064327,0.5823529411764706,0.5722852883843595,0.024912943691709467,386
0.06953748067220052,0.004259571651934158,0.012392600377400717,0.004228502109238998,,100.0,2000,2,l2,42,lbfgs,1e-08,SimpleImputer(strategy='median'),SelectKBest(score_func=<function mutual_info_classif at 0x7e3bb6fd3420>),5,,"{'balance': None, 'classify__C': 100.0, 'classify__max_iter': 2000, 'classify__n_jobs': 2, 'classify__penalty': 'l2', 'classify__random_state': 42, 'classify__solver': 'lbfgs', 'classify__tol': 1e-08, 'impute': SimpleImputer(strategy='median'), 'select': SelectKBest(score_func=<function mutual_info_classif at 0x7e3bb6fd3420>), 'select__k': 5, 'transform': None}",0.4995900141748282,0.4598107793746293,0.4918731142705268,0.4837579692733281,0.01722379292464368,398,0.5567514677103719,0.5234048481471162,0.5281033752294874,0.5360865636956585,0.014737655458924085,428,0.5964912280701754,0.5497076023391813,0.5588235294117647,0.5683407866070405,0.0202502765005848,431
0.07194908459981282,0.037262006084000224,0.010535399119059244,0.005236154983522764,,10.0,200,2,l2,42,lbfgs,1e-06,SimpleImputer(strategy='median'),SelectKBest(score_func=<function mutual_info_classif at 0x7e3bb6fd3420>),5,,"{'balance': None, 'classify__C': 10.0, 'classify__max_iter': 200, 'classify__n_jobs': 2, 'classify__penalty': 'l2', 'classify__random_state': 42, 'classify__solver': 'lbfgs', 'classify__tol': 1e-06, 'impute': SimpleImputer(strategy='median'), 'select': SelectKBest(score_func=<function mutual_info_classif at 0x7e3bb6fd3420>), 'select__k': 5, 'transform': None}",0.4995900141748282,0.4598107793746293,0.4918731142705268,0.4837579692733281,0.01722379292464368,398,0.5567514677103719,0.5234048481471162,0.5677164242338653,0.5492909133637844,0.018843634596183517,359,0.5964912280701754,0.5497076023391813,0.5588235294117647,0.5683407866070405,0.0202502765005848,431
0.053941965103149414,0.0010993524029553289,0.008309761683146158,4.250735747365479e-05,,0.1,1000,2,l2,42,lbfgs,0.0001,SimpleImputer(strategy='median'),SelectKBest(score_func=<function mutual_info_classif at 0x7e3bb6fd3420>),5,,"{'balance': None, 'classify__C': 0.1, 'classify__max_iter': 1000, 'classify__n_jobs': 2, 'classify__penalty': 'l2', 'classify__random_state': 42, 'classify__solver': 'lbfgs', 'classify__tol': 0.0001, 'impute': SimpleImputer(strategy='median'), 'select': SelectKBest(score_func=<function mutual_info_classif at 0x7e3bb6fd3420>), 'select__k': 5, 'transform': None}",0.4995900141748282,0.43174900167980473,0.5196470588235294,0.48366202489272075,0.03761021797631211,400,0.5549343024881186,0.5440234048481472,0.5334698488913996,0.5441425187425551,0.008763231258742656,400,0.5964912280701754,0.5263157894736842,0.5764705882352941,0.5664258685930512,0.029516327008069304,438
0.04697044690450033,0.005750287609609248,0.007409413655598958,0.0008078087149363052,,100.0,100,2,l2,42,lbfgs,1e-06,SimpleImputer(strategy='median'),SelectKBest(score_func=<function mutual_info_classif at 0x7e3bb6fd3420>),5,,"{'balance': None, 'classify__C': 100.0, 'classify__max_iter': 100, 'classify__n_jobs': 2, 'classify__penalty': 'l2', 'classify__random_state': 42, 'classify__solver': 'lbfgs', 'classify__tol': 1e-06, 'impute': SimpleImputer(strategy='median'), 'select': SelectKBest(score_func=<function mutual_info_classif at 0x7e3bb6fd3420>), 'select__k': 5, 'transform': None}",0.4995900141748282,0.45950815386452676,0.4918731142705268,0.4836570941032939,0.01736406484716664,401,0.5567514677103719,0.5580941766508777,0.5281033752294874,0.5476496731969123,0.013832185655160673,377,0.5964912280701754,0.5730994152046783,0.5588235294117647,0.5761380575622062,0.015527156663685086,344
0.05407595634460449,0.0005311927775297814,0.008304913838704428,0.00015436988783162694,,0.1,2000,2,l2,42,lbfgs,1e-08,SimpleImputer(strategy='median'),SelectKBest(score_func=<function mutual_info_classif at 0x7e3bb6fd3420>),5,,"{'balance': None, 'classify__C': 0.1, 'classify__max_iter': 2000, 'classify__n_jobs': 2, 'classify__penalty': 'l2', 'classify__random_state': 42, 'classify__solver': 'lbfgs', 'classify__tol': 1e-08, 'impute': SimpleImputer(strategy='median'), 'select': SelectKBest(score_func=<function mutual_info_classif at 0x7e3bb6fd3420>), 'select__k': 5, 'transform': None}",0.4995900141748282,0.45950815386452676,0.4918731142705268,0.4836570941032939,0.01736406484716664,401,0.5549343024881186,0.5568403455001393,0.543779127241915,0.5518512584100576,0.005760655413387888,345,0.5964912280701754,0.5730994152046783,0.5588235294117647,0.5761380575622062,0.015527156663685086,344
0.08992457389831543,0.003938151212938974,0.013631025950113932,0.002107342689290297,,10.0,500,2,l2,42,lbfgs,0.0001,SimpleImputer(strategy='median'),SelectKBest(score_func=<function mutual_info_classif at 0x7e3bb6fd3420>),5,,"{'balance': None, 'classify__C': 10.0, 'classify__max_iter': 500, 'classify__n_jobs': 2, 'classify__penalty': 'l2', 'classify__random_state': 42, 'classify__solver': 'lbfgs', 'classify__tol': 0.0001, 'impute': SimpleImputer(strategy='median'), 'select': SelectKBest(score_func=<function mutual_info_classif at 0x7e3bb6fd3420>), 'select__k': 5, 'transform': None}",0.4995900141748282,0.45950815386452676,0.4918731142705268,0.4836570941032939,0.01736406484716664,401,0.5570310315907185,0.5580941766508777,0.5677164242338653,0.5609472108251539,0.004806194404740905,277,0.5964912280701754,0.5730994152046783,0.5588235294117647,0.5761380575622062,0.015527156663685086,344
0.056196371714274086,0.004644226871219555,0.009349584579467773,0.0008579320442302046,,1.0,2000,2,l2,42,lbfgs,0.0001,SimpleImputer(strategy='median'),SelectKBest(score_func=<function mutual_info_classif at 0x7e3bb6fd3420>),5,,"{'balance': None, 'classify__C': 1.0, 'classify__max_iter': 2000, 'classify__n_jobs': 2, 'classify__penalty': 'l2', 'classify__random_state': 42, 'classify__solver': 'lbfgs', 'classify__tol': 0.0001, 'impute': SimpleImputer(strategy='median'), 'select': SelectKBest(score_func=<function mutual_info_classif at 0x7e3bb6fd3420>), 'select__k': 5, 'transform': None}",0.4995900141748282,0.45950815386452676,0.4918731142705268,0.4836570941032939,0.01736406484716664,401,0.5563321218898518,0.5579548620785735,0.5282445982205903,0.5475105273963385,0.013639167659935184,381,0.5964912280701754,0.5730994152046783,0.5588235294117647,0.5761380575622062,0.015527156663685086,344
0.05917151769002279,0.001380237783803855,0.00880273183186849,2.929887451582751e-05,,0.01,500,2,l2,42,lbfgs,1e-08,SimpleImputer(strategy='median'),SelectKBest(score_func=<function mutual_info_classif at 0x7e3bb6fd3420>),5,,"{'balance': None, 'classify__C': 0.01, 'classify__max_iter': 500, 'classify__n_jobs': 2, 'classify__penalty': 'l2', 'classify__random_state': 42, 'classify__solver': 'lbfgs', 'classify__tol': 1e-08, 'impute': SimpleImputer(strategy='median'), 'select': SelectKBest(score_func=<function mutual_info_classif at 0x7e3bb6fd3420>), 'select__k': 5, 'transform': None}",0.4995900141748282,0.43874894264424513,0.510529261371341,0.4829560727301381,0.03157656879322495,405,0.5524182275649987,0.52646976873781,0.52344301652309,0.5341103376086328,0.013004471877861287,434,0.5964912280701754,0.5380116959064327,0.5705882352941176,0.5683637197569086,0.02392593115643941,422
0.051855882008870445,0.0011808538286689773,0.0074702103932698565,1.7128936464876476e-05,,0.01,2000,2,l2,42,lbfgs,1e-06,,SelectKBest(score_func=<function mutual_info_classif at 0x7e3bb6fd3420>),5,,"{'balance': None, 'classify__C': 0.01, 'classify__max_iter': 2000, 'classify__n_jobs': 2, 'classify__penalty': 'l2', 'classify__random_state': 42, 'classify__solver': 'lbfgs', 'classify__tol': 1e-06, 'impute': None, 'select': SelectKBest(score_func=<function mutual_info_classif at 0x7e3bb6fd3420>), 'select__k': 5, 'transform': None}",0.4995900141748282,0.43874894264424513,0.510529261371341,0.4829560727301381,0.03157656879322495,405,0.5524182275649987,0.52646976873781,0.52344301652309,0.5341103376086328,0.013004471877861287,434,0.5964912280701754,0.5380116959064327,0.5705882352941176,0.5683637197569086,0.02392593115643941,422
0.0388030211130778,0.00010453765834496496,0.005735635757446289,0.00015353650525051215,,0.01,2000,2,l2,42,lbfgs,1e-08,,SelectKBest(score_func=<function mutual_info_classif at 0x7e3bb6fd3420>),5,,"{'balance': None, 'classify__C': 0.01, 'classify__max_iter': 2000, 'classify__n_jobs': 2, 'classify__penalty': 'l2', 'classify__random_state': 42, 'classify__solver': 'lbfgs', 'classify__tol': 1e-08, 'impute': None, 'select': SelectKBest(score_func=<function mutual_info_classif at 0x7e3bb6fd3420>), 'select__k': 5, 'transform': None}",0.4995900141748282,0.43874894264424513,0.510529261371341,0.4829560727301381,0.03157656879322495,405,0.5524182275649987,0.52646976873781,0.52344301652309,0.5341103376086328,0.013004471877861287,434,0.5964912280701754,0.5380116959064327,0.5705882352941176,0.5683637197569086,0.02392593115643941,422
0.05079531669616699,0.005682319026441027,0.007873217264811197,0.0008719768178230575,,0.1,500,2,l2,42,lbfgs,1e-08,SimpleImputer(strategy='median'),SelectKBest(score_func=<function mutual_info_classif at 0x7e3bb6fd3420>),5,,"{'balance': None, 'classify__C': 0.1, 'classify__max_iter': 500, 'classify__n_jobs': 2, 'classify__penalty': 'l2', 'classify__random_state': 42, 'classify__solver': 'lbfgs', 'classify__tol': 1e-08, 'impute': SimpleImputer(strategy='median'), 'select': SelectKBest(score_func=<function mutual_info_classif at 0x7e3bb6fd3420>), 'select__k': 5, 'transform': None}",0.4995900141748282,0.4662877126313214,0.4823248151719704,0.4827341806593733,0.013598688836314843,408,0.5549343024881186,0.560323209807746,0.5307866120604434,0.548681374785436,0.012843337579272276,369,0.5964912280701754,0.5497076023391813,0.5529411764705883,0.566380002293315,0.02133273601384539,443
0.05440640449523926,0.00320961468515455,0.007831970850626627,7.110294234234296e-05,,0.01,200,2,l2,42,lbfgs,0.0001,,SelectKBest(score_func=<function mutual_info_classif at 0x7e3bb6fd3420>),5,,"{'balance': None, 'classify__C': 0.01, 'classify__max_iter': 200, 'classify__n_jobs': 2, 'classify__penalty': 'l2', 'classify__random_state': 42, 'classify__solver': 'lbfgs', 'classify__tol': 0.0001, 'impute': None, 'select': SelectKBest(score_func=<function mutual_info_classif at 0x7e3bb6fd3420>), 'select__k': 5, 'transform': None}",0.4995900141748282,0.43630361557362973,0.510529261371341,0.48214096370659965,0.03271812591621464,409,0.5524182275649987,0.5606018389523544,0.523584239514193,0.545534768677182,0.01587686307673819,387,0.5964912280701754,0.5614035087719298,0.5705882352941176,0.5761609907120743,0.014856619480877726,338
0.05706930160522461,0.00028741772564454715,0.009140253067016602,0.0004612763473537726,,0.1,1000,2,l2,42,lbfgs,1e-06,SimpleImputer(strategy='median'),SelectKBest(score_func=<function mutual_info_classif at 0x7e3bb6fd3420>),5,,"{'balance': None, 'classify__C': 0.1, 'classify__max_iter': 1000, 'classify__n_jobs': 2, 'classify__penalty': 'l2', 'classify__random_state': 42, 'classify__solver': 'lbfgs', 'classify__tol': 1e-06, 'impute': SimpleImputer(strategy='median'), 'select': SelectKBest(score_func=<function mutual_info_classif at 0x7e3bb6fd3420>), 'select__k': 5, 'transform': None}",0.4995900141748282,0.4598107793746293,0.48563789152024445,0.4816795616899006,0.01647924273354576,410,0.5549343024881186,0.523265533574812,0.5389775455444146,0.5390591272024484,0.012928849466633382,415,0.5964912280701754,0.5497076023391813,0.5764705882352941,0.5742231395482169,0.019165336388650877,363
0.05555168787638346,0.0004853540732275667,0.008722146352132162,9.345609576398204e-05,,100.0,100,2,l2,42,lbfgs,1e-08,SimpleImputer(strategy='median'),SelectKBest(score_func=<function mutual_info_classif at 0x7e3bb6fd3420>),5,,"{'balance': None, 'classify__C': 100.0, 'classify__max_iter': 100, 'classify__n_jobs': 2, 'classify__penalty': 'l2', 'classify__random_state': 42, 'classify__solver': 'lbfgs', 'classify__tol': 1e-08, 'impute': SimpleImputer(strategy='median'), 'select': SelectKBest(score_func=<function mutual_info_classif at 0x7e3bb6fd3420>), 'select__k': 5, 'transform': None}",0.4995900141748282,0.4598107793746293,0.48563789152024445,0.4816795616899006,0.01647924273354576,410,0.5567514677103719,0.5234048481471162,0.5011297839288236,0.5270953665954372,0.022856915386620404,450,0.5964912280701754,0.5497076023391813,0.5764705882352941,0.5742231395482169,0.019165336388650877,363
0.0476388136545817,0.008947012040628055,0.0074198246002197266,0.0014028739230971278,,0.1,200,2,l2,42,lbfgs,1e-06,SimpleImputer(strategy='median'),SelectKBest(score_func=<function mutual_info_classif at 0x7e3bb6fd3420>),5,,"{'balance': None, 'classify__C': 0.1, 'classify__max_iter': 200, 'classify__n_jobs': 2, 'classify__penalty': 'l2', 'classify__random_state': 42, 'classify__solver': 'lbfgs', 'classify__tol': 1e-06, 'impute': SimpleImputer(strategy='median'), 'select': SelectKBest(score_func=<function mutual_info_classif at 0x7e3bb6fd3420>), 'select__k': 5, 'transform': None}",0.4995900141748282,0.45950815386452676,0.48563789152024445,0.4815786865198664,0.01661318232428592,412,0.5549343024881186,0.5568403455001393,0.5389775455444146,0.5502507311775574,0.008009235740917813,351,0.5964912280701754,0.5730994152046783,0.5764705882352941,0.5820204105033826,0.01032455399163041,215
0.054293314615885414,0.0008324032091942173,0.00788426399230957,9.256374247242905e-05,,0.1,2000,2,l2,42,lbfgs,0.0001,,SelectKBest(score_func=<function mutual_info_classif at 0x7e3bb6fd3420>),5,,"{'balance': None, 'classify__C': 0.1, 'classify__max_iter': 2000, 'classify__n_jobs': 2, 'classify__penalty': 'l2', 'classify__random_state': 42, 'classify__solver': 'lbfgs', 'classify__tol': 0.0001, 'impute': None, 'select': SelectKBest(score_func=<function mutual_info_classif at 0x7e3bb6fd3420>), 'select__k': 5, 'transform': None}",0.4995900141748282,0.4598107793746293,0.4823248151719704,0.4805752029071426,0.01628686050430972,413,0.5549343024881186,0.523265533574812,0.5307866120604434,0.5363288160411247,0.013509620025342757,427,0.5964912280701754,0.5497076023391813,0.5529411764705883,0.566380002293315,0.02133273601384539,443
0.05984369913736979,0.0019735816508162215,0.009369293848673502,0.00012198340986657631,,10.0,100,2,l2,42,lbfgs,1e-06,SimpleImputer(strategy='median'),SelectKBest(score_func=<function mutual_info_classif at 0x7e3bb6fd3420>),5,,"{'balance': None, 'classify__C': 10.0, 'classify__max_iter': 100, 'classify__n_jobs': 2, 'classify__penalty': 'l2', 'classify__random_state': 42, 'classify__solver': 'lbfgs', 'classify__tol': 1e-06, 'impute': SimpleImputer(strategy='median'), 'select': SelectKBest(score_func=<function mutual_info_classif at 0x7e3bb6fd3420>), 'select__k': 5, 'transform': None}",0.4995900141748282,0.4598107793746293,0.4823248151719704,0.4805752029071426,0.01628686050430972,413,0.5567514677103719,0.5234048481471162,0.5324812879536788,0.5375458679370556,0.01407685421487208,419,0.5964912280701754,0.5497076023391813,0.5529411764705883,0.566380002293315,0.02133273601384539,443
0.055639187494913735,0.00034275384924480637,0.008618831634521484,0.00012981185552347988,,100.0,200,2,l2,42,lbfgs,1e-06,SimpleImputer(strategy='median'),SelectKBest(score_func=<function mutual_info_classif at 0x7e3bb6fd3420>),5,,"{'balance': None, 'classify__C': 100.0, 'classify__max_iter': 200, 'classify__n_jobs': 2, 'classify__penalty': 'l2', 'classify__random_state': 42, 'classify__solver': 'lbfgs', 'classify__tol': 1e-06, 'impute': SimpleImputer(strategy='median'), 'select': SelectKBest(score_func=<function mutual_info_classif at 0x7e3bb6fd3420>), 'select__k': 5, 'transform': None}",0.4995900141748282,0.45950815386452676,0.4823248151719704,0.4804743277371084,0.01641558424777231,415,0.5567514677103719,0.5580941766508777,0.5324812879536788,0.5491089774383094,0.011770323134128522,363,0.5964912280701754,0.5730994152046783,0.5529411764705883,0.5741772732484807,0.017795562781278137,377
0.06447498003641765,0.006723739529786963,0.009013732274373373,0.00015137812910999055,,1.0,200,2,l2,42,lbfgs,0.0001,SimpleImputer(strategy='median'),SelectKBest(score_func=<function mutual_info_classif at 0x7e3bb6fd3420>),5,,"{'balance': None, 'classify__C': 1.0, 'classify__max_iter': 200, 'classify__n_jobs': 2, 'classify__penalty': 'l2', 'classify__random_state': 42, 'classify__solver': 'lbfgs', 'classify__tol': 0.0001, 'impute': SimpleImputer(strategy='median'), 'select': SelectKBest(score_func=<function mutual_info_classif at 0x7e3bb6fd3420>), 'select__k': 5, 'transform': None}",0.4995900141748282,0.45950815386452676,0.4823248151719704,0.4804743277371084,0.01641558424777231,415,0.5563321218898518,0.5579548620785735,0.5324812879536788,0.5489227573073681,0.011644734355385706,366,0.5964912280701754,0.5730994152046783,0.5529411764705883,0.5741772732484807,0.017795562781278137,377
0.054599761962890625,0.0007810461651049323,0.008483648300170898,8.624910868090798e-06,,0.1,100,2,l2,42,lbfgs,1e-06,SimpleImputer(strategy='median'),SelectKBest(score_func=<function mutual_info_classif at 0x7e3bb6fd3420>),5,,"{'balance': None, 'classify__C': 0.1, 'classify__max_iter': 100, 'classify__n_jobs': 2, 'classify__penalty': 'l2', 'classify__random_state': 42, 'classify__solver': 'lbfgs', 'classify__tol': 1e-06, 'impute': SimpleImputer(strategy='median'), 'select': SelectKBest(score_func=<function mutual_info_classif at 0x7e3bb6fd3420>), 'select__k': 5, 'transform': None}",0.4995900141748282,0.45950815386452676,0.4823248151719704,0.4804743277371084,0.01641558424777231,415,0.5549343024881186,0.5568403455001393,0.5307866120604434,0.5475204200162337,0.011858147593304006,379,0.5964912280701754,0.5730994152046783,0.5529411764705883,0.5741772732484807,0.017795562781278137,377
0.053888956705729164,0.0022405213701690305,0.007837772369384766,0.00032374703088085006,,10.0,1000,2,l2,42,lbfgs,0.0001,,SelectKBest(score_func=<function mutual_info_classif at 0x7e3bb6fd3420>),5,,"{'balance': None, 'classify__C': 10.0, 'classify__max_iter': 1000, 'classify__n_jobs': 2, 'classify__penalty': 'l2', 'classify__random_state': 42, 'classify__solver': 'lbfgs', 'classify__tol': 0.0001, 'impute': None, 'select': SelectKBest(score_func=<function mutual_info_classif at 0x7e3bb6fd3420>), 'select__k': 5, 'transform': None}",0.4995900141748282,0.45950815386452676,0.4823248151719704,0.4804743277371084,0.01641558424777231,415,0.5570310315907185,0.5580941766508777,0.5324812879536788,0.549202165398425,0.011831409503137612,361,0.5964912280701754,0.5730994152046783,0.5529411764705883,0.5741772732484807,0.017795562781278137,377
0.052112579345703125,0.0010129432683143001,0.007524808247884114,2.2568333231847177e-05,,0.1,2000,2,l2,42,lbfgs,1e-08,,SelectKBest(score_func=<function mutual_info_classif at 0x7e3bb6fd3420>),5,,"{'balance': None, 'classify__C': 0.1, 'classify__max_iter': 2000, 'classify__n_jobs': 2, 'classify__penalty': 'l2', 'classify__random_state': 42, 'classify__solver': 'lbfgs', 'classify__tol': 1e-08, 'impute': None, 'select': SelectKBest(score_func=<function mutual_info_classif at 0x7e3bb6fd3420>), 'select__k': 5, 'transform': None}",0.4995900141748282,0.45950815386452676,0.4823248151719704,0.4804743277371084,0.01641558424777231,415,0.5549343024881186,0.5568403455001393,0.5307866120604434,0.5475204200162337,0.011858147593304006,379,0.5964912280701754,0.5730994152046783,0.5529411764705883,0.5741772732484807,0.017795562781278137,377
0.048942009607950844,0.00026032108864011173,0.007364034652709961,4.110260702383473e-05,,0.01,2000,2,l2,42,lbfgs,0.0001,,SelectKBest(score_func=<function mutual_info_classif at 0x7e3bb6fd3420>),5,,"{'balance': None, 'classify__C': 0.01, 'classify__max_iter': 2000, 'classify__n_jobs': 2, 'classify__penalty': 'l2', 'classify__random_state': 42, 'classify__solver': 'lbfgs', 'classify__tol': 0.0001, 'impute': None, 'select': SelectKBest(score_func=<function mutual_info_classif at 0x7e3bb6fd3420>), 'select__k': 5, 'transform': None}",0.4995900141748282,0.4304413909677068,0.510529261371341,0.4801868888379586,0.03545774669543107,420,0.5524182275649987,0.557676232933965,0.523584239514193,0.5445595666710522,0.014986325258225177,397,0.5964912280701754,0.5672514619883041,0.5705882352941176,0.5781103084508658,0.01306846506065244,284
0.058598597844441734,0.0009725294291379939,0.009205023447672525,0.0011502136169678062,,0.01,200,2,l2,42,lbfgs,1e-06,,SelectKBest(score_func=<function mutual_info_classif at 0x7e3bb6fd3420>),5,,"{'balance': None, 'classify__C': 0.01, 'classify__max_iter': 200, 'classify__n_jobs': 2, 'classify__penalty': 'l2', 'classify__random_state': 42, 'classify__solver': 'lbfgs', 'classify__tol': 1e-06, 'impute': None, 'select': SelectKBest(score_func=<function mutual_info_classif at 0x7e3bb6fd3420>), 'select__k': 5, 'transform': None}",0.4995900141748282,0.43874894264424513,0.5012729058565575,0.4798706208918769,0.029085533030809026,421,0.5524182275649987,0.52646976873781,0.5344584098291202,0.5377821353773097,0.010850990508285153,418,0.5964912280701754,0.5380116959064327,0.5647058823529412,0.5664029354431831,0.023904308013631886,441
0.046152353286743164,0.005741361900579896,0.006572405497233073,0.0007936360239957533,,100.0,500,2,l2,42,lbfgs,1e-06,,SelectKBest(score_func=<function mutual_info_classif at 0x7e3bb6fd3420>),5,,"{'balance': None, 'classify__C': 100.0, 'classify__max_iter': 500, 'classify__n_jobs': 2, 'classify__penalty': 'l2', 'classify__random_state': 42, 'classify__solver': 'lbfgs', 'classify__tol': 1e-06, 'impute': None, 'select': SelectKBest(score_func=<function mutual_info_classif at 0x7e3bb6fd3420>), 'select__k': 5, 'transform': None}",0.46300326959806987,0.43630361557362973,0.5374855824682815,0.47893082254666036,0.042815206125590595,422,0.5616438356164384,0.5668709947060462,0.5770371416466601,0.5685173239897149,0.006391205818295107,210,0.5730994152046783,0.5614035087719298,0.5882352941176471,0.574246072698085,0.01098399726162419,358
0.07109212875366211,0.010016382145212605,0.008547623952229818,0.00010637002147821995,,0.1,200,2,l2,42,lbfgs,0.0001,SimpleImputer(strategy='median'),SelectKBest(score_func=<function mutual_info_classif at 0x7e3bb6fd3420>),5,,"{'balance': None, 'classify__C': 0.1, 'classify__max_iter': 200, 'classify__n_jobs': 2, 'classify__penalty': 'l2', 'classify__random_state': 42, 'classify__solver': 'lbfgs', 'classify__tol': 0.0001, 'impute': SimpleImputer(strategy='median'), 'select': SelectKBest(score_func=<function mutual_info_classif at 0x7e3bb6fd3420>), 'select__k': 5, 'transform': None}",0.4995900141748282,0.43174900167980473,0.5024205631071168,0.47791985965391653,0.03266817101669172,423,0.5549343024881186,0.5440234048481472,0.4937861883914701,0.5309146319092453,0.026628968065710572,449,0.5964912280701754,0.5263157894736842,0.5470588235294118,0.5566219470244238,0.029436236668298425,450
0.06263271967569987,0.002060175740638518,0.009939908981323242,0.001006442908362202,,0.01,200,2,l2,42,lbfgs,1e-08,SimpleImputer(strategy='median'),SelectKBest(score_func=<function mutual_info_classif at 0x7e3bb6fd3420>),5,,"{'balance': None, 'classify__C': 0.01, 'classify__max_iter': 200, 'classify__n_jobs': 2, 'classify__penalty': 'l2', 'classify__random_state': 42, 'classify__solver': 'lbfgs', 'classify__tol': 1e-08, 'impute': SimpleImputer(strategy='median'), 'select': SelectKBest(score_func=<function mutual_info_classif at 0x7e3bb6fd3420>), 'select__k': 5, 'transform': None}",0.4995900141748282,0.4234292911648924,0.510529261371341,0.47784952223702054,0.03873919586813394,424,0.5524182275649987,0.528559487322374,0.52344301652309,0.5348069104701542,0.012627045991874005,431,0.5964912280701754,0.5380116959064327,0.5705882352941176,0.5683637197569086,0.02392593115643941,422
0.060838778813680015,0.0064359409940964105,0.009696722030639648,0.0008935260603568767,,0.01,1000,2,l2,42,lbfgs,1e-06,,SelectKBest(score_func=<function mutual_info_classif at 0x7e3bb6fd3420>),5,,"{'balance': None, 'classify__C': 0.01, 'classify__max_iter': 1000, 'classify__n_jobs': 2, 'classify__penalty': 'l2', 'classify__random_state': 42, 'classify__solver': 'lbfgs', 'classify__tol': 1e-06, 'impute': None, 'select': SelectKBest(score_func=<function mutual_info_classif at 0x7e3bb6fd3420>), 'select__k': 5, 'transform': None}",0.4995900141748282,0.4234292911648924,0.510529261371341,0.47784952223702054,0.03873919586813394,424,0.5524182275649987,0.528559487322374,0.52344301652309,0.5348069104701542,0.012627045991874005,431,0.5964912280701754,0.5380116959064327,0.5705882352941176,0.5683637197569086,0.02392593115643941,422
0.04125746091206869,0.0007296401214890175,0.0065305233001708984,2.6196405251489146e-05,,0.01,1000,2,l2,42,lbfgs,0.0001,SimpleImputer(strategy='median'),SelectKBest(score_func=<function mutual_info_classif at 0x7e3bb6fd3420>),5,,"{'balance': None, 'classify__C': 0.01, 'classify__max_iter': 1000, 'classify__n_jobs': 2, 'classify__penalty': 'l2', 'classify__random_state': 42, 'classify__solver': 'lbfgs', 'classify__tol': 0.0001, 'impute': SimpleImputer(strategy='median'), 'select': SelectKBest(score_func=<function mutual_info_classif at 0x7e3bb6fd3420>), 'select__k': 5, 'transform': None}",0.4995900141748282,0.4234292911648924,0.510529261371341,0.47784952223702054,0.03873919586813394,424,0.5524182275649987,0.5286988018946781,0.523584239514193,0.5349004229912899,0.012561708877854622,429,0.5964912280701754,0.5380116959064327,0.5705882352941176,0.5683637197569086,0.02392593115643941,422
0.048849900563557945,0.01095549918554685,0.00699313481648763,0.000968311698566403,,0.01,100,2,l2,42,lbfgs,1e-06,,SelectKBest(score_func=<function mutual_info_classif at 0x7e3bb6fd3420>),5,,"{'balance': None, 'classify__C': 0.01, 'classify__max_iter': 100, 'classify__n_jobs': 2, 'classify__penalty': 'l2', 'classify__random_state': 42, 'classify__solver': 'lbfgs', 'classify__tol': 1e-06, 'impute': None, 'select': SelectKBest(score_func=<function mutual_info_classif at 0x7e3bb6fd3420>), 'select__k': 5, 'transform': None}",0.4995900141748282,0.4234292911648924,0.510529261371341,0.47784952223702054,0.03873919586813394,424,0.5524182275649987,0.528559487322374,0.52344301652309,0.5348069104701542,0.012627045991874005,431,0.5964912280701754,0.5380116959064327,0.5705882352941176,0.5683637197569086,0.02392593115643941,422
0.05222217241923014,0.0003403133455728806,0.0077351729075113935,0.00011789942708265128,,0.01,500,2,l2,42,lbfgs,0.0001,,SelectKBest(score_func=<function mutual_info_classif at 0x7e3bb6fd3420>),5,,"{'balance': None, 'classify__C': 0.01, 'classify__max_iter': 500, 'classify__n_jobs': 2, 'classify__penalty': 'l2', 'classify__random_state': 42, 'classify__solver': 'lbfgs', 'classify__tol': 0.0001, 'impute': None, 'select': SelectKBest(score_func=<function mutual_info_classif at 0x7e3bb6fd3420>), 'select__k': 5, 'transform': None}",0.4995900141748282,0.4234292911648924,0.510529261371341,0.47784952223702054,0.03873919586813394,424,0.5524182275649987,0.5286988018946781,0.523584239514193,0.5349004229912899,0.012561708877854622,429,0.5964912280701754,0.5380116959064327,0.5705882352941176,0.5683637197569086,0.02392593115643941,422
0.05563251177469889,0.001495806894315655,0.008488814036051432,3.629308933824043e-05,,100.0,100,2,l2,42,lbfgs,0.0001,SimpleImputer(strategy='median'),SelectKBest(score_func=<function mutual_info_classif at 0x7e3bb6fd3420>),5,,"{'balance': None, 'classify__C': 100.0, 'classify__max_iter': 100, 'classify__n_jobs': 2, 'classify__penalty': 'l2', 'classify__random_state': 42, 'classify__solver': 'lbfgs', 'classify__tol': 0.0001, 'impute': SimpleImputer(strategy='median'), 'select': SelectKBest(score_func=<function mutual_info_classif at 0x7e3bb6fd3420>), 'select__k': 5, 'transform': None}",0.4995900141748282,0.43630361557362973,0.49594784635165534,0.4772804920333711,0.02901315391232877,429,0.5880626223091977,0.5670103092783505,0.543779127241915,0.566284019609821,0.018085954151504272,233,0.5964912280701754,0.5614035087719298,0.5647058823529412,0.5742002063983488,0.015819685062131154,373
0.052984158198038735,0.0003508224591775239,0.007772922515869141,9.111791244088327e-05,,10.0,2000,2,l2,42,lbfgs,1e-08,,SelectKBest(score_func=<function mutual_info_classif at 0x7e3bb6fd3420>),5,,"{'balance': None, 'classify__C': 10.0, 'classify__max_iter': 2000, 'classify__n_jobs': 2, 'classify__penalty': 'l2', 'classify__random_state': 42, 'classify__solver': 'lbfgs', 'classify__tol': 1e-08, 'impute': None, 'select': SelectKBest(score_func=<function mutual_info_classif at 0x7e3bb6fd3420>), 'select__k': 5, 'transform': None}",0.4995900141748282,0.43630361557362973,0.49594784635165534,0.4772804920333711,0.02901315391232877,429,0.5567514677103719,0.5668709947060462,0.5437791272419149,0.5558005298861111,0.0094511656354991,313,0.5964912280701754,0.5614035087719298,0.5647058823529412,0.5742002063983488,0.015819685062131154,373
0.06178744633992513,0.024853221785481237,0.006844758987426758,0.0011345140675369327,,10.0,500,2,l2,42,lbfgs,1e-08,,SelectKBest(score_func=<function mutual_info_classif at 0x7e3bb6fd3420>),5,,"{'balance': None, 'classify__C': 10.0, 'classify__max_iter': 500, 'classify__n_jobs': 2, 'classify__penalty': 'l2', 'classify__random_state': 42, 'classify__solver': 'lbfgs', 'classify__tol': 1e-08, 'impute': None, 'select': SelectKBest(score_func=<function mutual_info_classif at 0x7e3bb6fd3420>), 'select__k': 5, 'transform': None}",0.4995900141748282,0.43630361557362973,0.49594784635165534,0.4772804920333711,0.02901315391232877,429,0.5567514677103719,0.5668709947060462,0.5437791272419149,0.5558005298861111,0.0094511656354991,313,0.5964912280701754,0.5614035087719298,0.5647058823529412,0.5742002063983488,0.015819685062131154,373
0.045498053232828774,0.005678866747334014,0.0065267086029052734,0.0009034670224871264,,0.01,1000,2,l2,42,lbfgs,1e-08,,SelectKBest(score_func=<function mutual_info_classif at 0x7e3bb6fd3420>),5,,"{'balance': None, 'classify__C': 0.01, 'classify__max_iter': 1000, 'classify__n_jobs': 2, 'classify__penalty': 'l2', 'classify__random_state': 42, 'classify__solver': 'lbfgs', 'classify__tol': 1e-08, 'impute': None, 'select': SelectKBest(score_func=<function mutual_info_classif at 0x7e3bb6fd3420>), 'select__k': 5, 'transform': None}",0.4995900141748282,0.43874894264424513,0.4918731142705268,0.4767373570298667,0.02704597760214418,432,0.5524182275649987,0.52646976873781,0.5473097020194888,0.5420658994407658,0.011223597996781675,409,0.5964912280701754,0.5380116959064327,0.5588235294117647,0.5644421511294576,0.024202487517160316,446
0.059552907943725586,0.0006595000087827259,0.009369770685831705,0.00026407268321795976,,0.01,100,2,l2,42,lbfgs,0.0001,SimpleImputer(strategy='median'),SelectKBest(score_func=<function mutual_info_classif at 0x7e3bb6fd3420>),5,,"{'balance': None, 'classify__C': 0.01, 'classify__max_iter': 100, 'classify__n_jobs': 2, 'classify__penalty': 'l2', 'classify__random_state': 42, 'classify__solver': 'lbfgs', 'classify__tol': 0.0001, 'impute': SimpleImputer(strategy='median'), 'select': SelectKBest(score_func=<function mutual_info_classif at 0x7e3bb6fd3420>), 'select__k': 5, 'transform': None}",0.4995900141748282,0.43630361557362973,0.4918731142705268,0.47592224800632826,0.028191188492283713,433,0.5524182275649987,0.5606018389523544,0.5473097020194888,0.5534432561789473,0.005474683479743968,328,0.5964912280701754,0.5614035087719298,0.5588235294117647,0.5722394220846233,0.017180932135080543,396
0.04009127616882324,0.0006469113137427583,0.006117900212605794,0.0004966186829256834,,0.01,1000,2,l2,42,lbfgs,1e-06,SimpleImputer(strategy='median'),SelectKBest(score_func=<function mutual_info_classif at 0x7e3bb6fd3420>),5,,"{'balance': None, 'classify__C': 0.01, 'classify__max_iter': 1000, 'classify__n_jobs': 2, 'classify__penalty': 'l2', 'classify__random_state': 42, 'classify__solver': 'lbfgs', 'classify__tol': 1e-06, 'impute': SimpleImputer(strategy='median'), 'select': SelectKBest(score_func=<function mutual_info_classif at 0x7e3bb6fd3420>), 'select__k': 5, 'transform': None}",0.4995900141748282,0.43630361557362973,0.4918731142705268,0.47592224800632826,0.028191188492283713,433,0.5524182275649987,0.5606018389523544,0.5473097020194888,0.5534432561789473,0.005474683479743968,328,0.5964912280701754,0.5614035087719298,0.5588235294117647,0.5722394220846233,0.017180932135080543,396
0.05694230397542318,0.006384527334840675,0.008912245432535807,0.0003975575930624177,,0.01,200,2,l2,42,lbfgs,1e-08,,SelectKBest(score_func=<function mutual_info_classif at 0x7e3bb6fd3420>),5,,"{'balance': None, 'classify__C': 0.01, 'classify__max_iter': 200, 'classify__n_jobs': 2, 'classify__penalty': 'l2', 'classify__random_state': 42, 'classify__solver': 'lbfgs', 'classify__tol': 1e-08, 'impute': None, 'select': SelectKBest(score_func=<function mutual_info_classif at 0x7e3bb6fd3420>), 'select__k': 5, 'transform': None}",0.4995900141748282,0.43630361557362973,0.4918731142705268,0.47592224800632826,0.028191188492283713,433,0.5524182275649987,0.5606018389523544,0.5473097020194888,0.5534432561789473,0.005474683479743968,328,0.5964912280701754,0.5614035087719298,0.5588235294117647,0.5722394220846233,0.017180932135080543,396
0.06028254826863607,0.0022582834999761055,0.008858919143676758,0.0007118761167906482,,0.01,500,2,l2,42,lbfgs,1e-08,,SelectKBest(score_func=<function mutual_info_classif at 0x7e3bb6fd3420>),5,,"{'balance': None, 'classify__C': 0.01, 'classify__max_iter': 500, 'classify__n_jobs': 2, 'classify__penalty': 'l2', 'classify__random_state': 42, 'classify__solver': 'lbfgs', 'classify__tol': 1e-08, 'impute': None, 'select': SelectKBest(score_func=<function mutual_info_classif at 0x7e3bb6fd3420>), 'select__k': 5, 'transform': None}",0.4995900141748282,0.43630361557362973,0.4918731142705268,0.47592224800632826,0.028191188492283713,433,0.5524182275649987,0.5606018389523544,0.5473097020194888,0.5534432561789473,0.005474683479743968,328,0.5964912280701754,0.5614035087719298,0.5588235294117647,0.5722394220846233,0.017180932135080543,396
0.05896949768066406,0.0043179173522664765,0.010702689488728842,0.0043219478299341965,,10.0,200,2,l2,42,lbfgs,1e-08,SimpleImputer(strategy='median'),SelectKBest(score_func=<function mutual_info_classif at 0x7e3bb6fd3420>),5,,"{'balance': None, 'classify__C': 10.0, 'classify__max_iter': 200, 'classify__n_jobs': 2, 'classify__penalty': 'l2', 'classify__random_state': 42, 'classify__solver': 'lbfgs', 'classify__tol': 1e-08, 'impute': SimpleImputer(strategy='median'), 'select': SelectKBest(score_func=<function mutual_info_classif at 0x7e3bb6fd3420>), 'select__k': 5, 'transform': None}",0.4995900141748282,0.43630361557362973,0.4918731142705268,0.47592224800632826,0.028191188492283713,433,0.5567514677103719,0.5668709947060462,0.5677164242338653,0.5637796288834278,0.004981631250736044,242,0.5964912280701754,0.5614035087719298,0.5588235294117647,0.5722394220846233,0.017180932135080543,396
0.045583883921305336,0.008466933583930589,0.0065072377522786455,0.00086920400021381,,0.01,1000,2,l2,42,lbfgs,0.0001,,SelectKBest(score_func=<function mutual_info_classif at 0x7e3bb6fd3420>),5,,"{'balance': None, 'classify__C': 0.01, 'classify__max_iter': 1000, 'classify__n_jobs': 2, 'classify__penalty': 'l2', 'classify__random_state': 42, 'classify__solver': 'lbfgs', 'classify__tol': 0.0001, 'impute': None, 'select': SelectKBest(score_func=<function mutual_info_classif at 0x7e3bb6fd3420>), 'select__k': 5, 'transform': None}",0.4995900141748282,0.43874894264424513,0.487793795204032,0.47537758400770175,0.02634426846711681,438,0.5524182275649987,0.52646976873781,0.5312102810337523,0.5366994257788537,0.011282099727771765,426,0.5964912280701754,0.5380116959064327,0.5529411764705883,0.5624813668157321,0.024808941189132277,448
0.06840682029724121,0.006041750327317842,0.009877522786458334,0.00013879229046847072,,100.0,2000,2,l2,42,lbfgs,1e-06,SimpleImputer(strategy='median'),SelectKBest(score_func=<function mutual_info_classif at 0x7e3bb6fd3420>),5,,"{'balance': None, 'classify__C': 100.0, 'classify__max_iter': 2000, 'classify__n_jobs': 2, 'classify__penalty': 'l2', 'classify__random_state': 42, 'classify__solver': 'lbfgs', 'classify__tol': 1e-06, 'impute': SimpleImputer(strategy='median'), 'select': SelectKBest(score_func=<function mutual_info_classif at 0x7e3bb6fd3420>), 'select__k': 5, 'transform': None}",0.4995900141748282,0.4304413909677068,0.49594784635165534,0.47532641716473006,0.031773317203209375,439,0.5567514677103719,0.5497353023126219,0.543779127241915,0.5500886324216362,0.005301825844734556,353,0.5964912280701754,0.5672514619883041,0.5647058823529412,0.5761495241371403,0.014421250132921618,343
0.052269697189331055,0.0009963587633378338,0.008176724116007486,0.00018352866249146348,,0.01,2000,2,l2,42,lbfgs,1e-06,SimpleImputer(strategy='median'),SelectKBest(score_func=<function mutual_info_classif at 0x7e3bb6fd3420>),5,,"{'balance': None, 'classify__C': 0.01, 'classify__max_iter': 2000, 'classify__n_jobs': 2, 'classify__penalty': 'l2', 'classify__random_state': 42, 'classify__solver': 'lbfgs', 'classify__tol': 1e-06, 'impute': SimpleImputer(strategy='median'), 'select': SelectKBest(score_func=<function mutual_info_classif at 0x7e3bb6fd3420>), 'select__k': 5, 'transform': None}",0.4995900141748282,0.4234292911648924,0.5012729058565575,0.4747640703987594,0.0363056717363876,440,0.5524182275649987,0.528559487322374,0.5344584098291202,0.538478708238831,0.010146656952533742,416,0.5964912280701754,0.5380116959064327,0.5647058823529412,0.5664029354431831,0.023904308013631886,441
0.06084426244099935,0.001016482251511046,0.008668343226114908,0.00012313872743959024,,10.0,100,2,l2,42,lbfgs,0.0001,,SelectKBest(score_func=<function mutual_info_classif at 0x7e3bb6fd3420>),5,,"{'balance': None, 'classify__C': 10.0, 'classify__max_iter': 100, 'classify__n_jobs': 2, 'classify__penalty': 'l2', 'classify__random_state': 42, 'classify__solver': 'lbfgs', 'classify__tol': 0.0001, 'impute': None, 'select': SelectKBest(score_func=<function mutual_info_classif at 0x7e3bb6fd3420>), 'select__k': 5, 'transform': None}",0.4995900141748282,0.428230867022629,0.49594784635165534,0.4745895758497041,0.032814262749584884,441,0.5570310315907185,0.5465310671496239,0.5437791272419149,0.5491137419940858,0.005709985360846526,362,0.5964912280701754,0.52046783625731,0.5647058823529412,0.5605549822268089,0.031174899139916584,449
0.0647133191426595,0.01187884637862664,0.008872032165527344,0.0011310508540460177,,0.01,100,2,l2,42,lbfgs,0.0001,,SelectKBest(score_func=<function mutual_info_classif at 0x7e3bb6fd3420>),5,,"{'balance': None, 'classify__C': 0.01, 'classify__max_iter': 100, 'classify__n_jobs': 2, 'classify__penalty': 'l2', 'classify__random_state': 42, 'classify__solver': 'lbfgs', 'classify__tol': 0.0001, 'impute': None, 'select': SelectKBest(score_func=<function mutual_info_classif at 0x7e3bb6fd3420>), 'select__k': 5, 'transform': None}",0.4995900141748282,0.41212969694615653,0.510529261371341,0.47408299083077526,0.04403464355612184,442,0.5524182275649987,0.568821398718306,0.5177940968789718,0.5463445743874255,0.02126990566413357,384,0.5964912280701754,0.5497076023391813,0.5705882352941176,0.5722623552344914,0.019135985599832626,395
0.05808901786804199,0.004151900439718782,0.00811926523844401,0.00013508109293546795,,1.0,2000,2,l2,42,lbfgs,1e-06,,SelectKBest(score_func=<function mutual_info_classif at 0x7e3bb6fd3420>),5,,"{'balance': None, 'classify__C': 1.0, 'classify__max_iter': 2000, 'classify__n_jobs': 2, 'classify__penalty': 'l2', 'classify__random_state': 42, 'classify__solver': 'lbfgs', 'classify__tol': 1e-06, 'impute': None, 'select': SelectKBest(score_func=<function mutual_info_classif at 0x7e3bb6fd3420>), 'select__k': 5, 'transform': None}",0.4995900141748282,0.4304413909677068,0.4918731142705268,0.47396817313768724,0.030938899038674594,443,0.5563321218898518,0.5494566731680134,0.5281033752294874,0.5446307234291176,0.01201895385534923,396,0.5964912280701754,0.5672514619883041,0.5588235294117647,0.5741887398234148,0.01614121532756743,376
0.0421593983968099,0.0058283035896603205,0.006126721700032552,0.0008320221414176328,,0.1,100,2,l2,42,lbfgs,1e-08,,SelectKBest(score_func=<function mutual_info_classif at 0x7e3bb6fd3420>),5,,"{'balance': None, 'classify__C': 0.1, 'classify__max_iter': 100, 'classify__n_jobs': 2, 'classify__penalty': 'l2', 'classify__random_state': 42, 'classify__solver': 'lbfgs', 'classify__tol': 1e-08, 'impute': None, 'select': SelectKBest(score_func=<function mutual_info_classif at 0x7e3bb6fd3420>), 'select__k': 5, 'transform': None}",0.4995900141748282,0.43174900167980473,0.48563789152024445,0.47232563579162573,0.029251927099202508,444,0.5549343024881186,0.5440234048481472,0.5389775455444146,0.5459784176268935,0.0066593833179911174,386,0.5964912280701754,0.5263157894736842,0.5764705882352941,0.5664258685930512,0.029516327008069304,438
0.04994432131449381,0.008031587392402917,0.007787942886352539,0.0008721028555379782,,10.0,2000,2,l2,42,lbfgs,0.0001,SimpleImputer(strategy='median'),SelectKBest(score_func=<function mutual_info_classif at 0x7e3bb6fd3420>),5,,"{'balance': None, 'classify__C': 10.0, 'classify__max_iter': 2000, 'classify__n_jobs': 2, 'classify__penalty': 'l2', 'classify__random_state': 42, 'classify__solver': 'lbfgs', 'classify__tol': 0.0001, 'impute': SimpleImputer(strategy='median'), 'select': SelectKBest(score_func=<function mutual_info_classif at 0x7e3bb6fd3420>), 'select__k': 5, 'transform': None}",0.4995900141748282,0.43630361557362973,0.47875092904768574,0.4715481862653812,0.0263337766587384,445,0.5570310315907185,0.5670103092783505,0.5022595678576471,0.5421003029089054,0.028464710582990722,408,0.5964912280701754,0.5614035087719298,0.5764705882352941,0.5781217750257998,0.014372005769341424,282
0.05841819445292155,0.002166386692733446,0.009044408798217773,9.348582704679936e-05,,0.01,200,2,l2,42,lbfgs,1e-06,SimpleImputer(strategy='median'),SelectKBest(score_func=<function mutual_info_classif at 0x7e3bb6fd3420>),5,,"{'balance': None, 'classify__C': 0.01, 'classify__max_iter': 200, 'classify__n_jobs': 2, 'classify__penalty': 'l2', 'classify__random_state': 42, 'classify__solver': 'lbfgs', 'classify__tol': 1e-06, 'impute': SimpleImputer(strategy='median'), 'select': SelectKBest(score_func=<function mutual_info_classif at 0x7e3bb6fd3420>), 'select__k': 5, 'transform': None}",0.4777155087871638,0.41212969694615653,0.523939418594044,0.4712615414424548,0.0458736942383428,446,0.5855465473860777,0.5689607132906103,0.5753424657534247,0.5766165754767042,0.00683081204791002,109,0.5847953216374269,0.5497076023391813,0.5823529411764706,0.5722852883843595,0.015995941900890476,386
0.057120720545450844,0.0008194578554969039,0.00874034563700358,5.783222035166106e-05,,0.1,2000,2,l2,42,lbfgs,1e-06,SimpleImputer(strategy='median'),SelectKBest(score_func=<function mutual_info_classif at 0x7e3bb6fd3420>),5,,"{'balance': None, 'classify__C': 0.1, 'classify__max_iter': 2000, 'classify__n_jobs': 2, 'classify__penalty': 'l2', 'classify__random_state': 42, 'classify__solver': 'lbfgs', 'classify__tol': 1e-06, 'impute': SimpleImputer(strategy='median'), 'select': SelectKBest(score_func=<function mutual_info_classif at 0x7e3bb6fd3420>), 'select__k': 5, 'transform': None}",0.4995900141748282,0.43174900167980473,0.47875092904768574,0.4700299816341062,0.028374189409042114,447,0.588202404249371,0.5440234048481472,0.5014122299110295,0.5445460130028492,0.035433867320050806,398,0.5964912280701754,0.5263157894736842,0.5764705882352941,0.5664258685930512,0.029516327008069304,438
0.047041893005371094,0.011510141352772483,0.0069285233815511065,0.00017803439007441953,,0.01,500,2,l2,42,lbfgs,0.0001,SimpleImputer(strategy='median'),SelectKBest(score_func=<function mutual_info_classif at 0x7e3bb6fd3420>),5,,"{'balance': None, 'classify__C': 0.01, 'classify__max_iter': 500, 'classify__n_jobs': 2, 'classify__penalty': 'l2', 'classify__random_state': 42, 'classify__solver': 'lbfgs', 'classify__tol': 0.0001, 'impute': SimpleImputer(strategy='median'), 'select': SelectKBest(score_func=<function mutual_info_classif at 0x7e3bb6fd3420>), 'select__k': 5, 'transform': None}",0.4995900141748282,0.41212969694615653,0.4918731142705268,0.4678642751305038,0.03953601767227444,448,0.5524182275649987,0.568821398718306,0.5473097020194888,0.5561831094342645,0.009176746893920515,310,0.5964912280701754,0.5497076023391813,0.5588235294117647,0.5683407866070405,0.0202502765005848,431
0.05269638697306315,0.004740212272941408,0.008203983306884766,0.0006446267877255643,,0.01,100,2,l2,42,lbfgs,1e-06,SimpleImputer(strategy='median'),SelectKBest(score_func=<function mutual_info_classif at 0x7e3bb6fd3420>),5,,"{'balance': None, 'classify__C': 0.01, 'classify__max_iter': 100, 'classify__n_jobs': 2, 'classify__penalty': 'l2', 'classify__random_state': 42, 'classify__solver': 'lbfgs', 'classify__tol': 1e-06, 'impute': SimpleImputer(strategy='median'), 'select': SelectKBest(score_func=<function mutual_info_classif at 0x7e3bb6fd3420>), 'select__k': 5, 'transform': None}",0.44644902271883524,0.4304413909677068,0.510529261371341,0.4624732250192944,0.03460344916307099,449,0.5651383841207717,0.557676232933965,0.52344301652309,0.5487525445259421,0.01815397258414918,368,0.5730994152046783,0.5672514619883041,0.5705882352941176,0.5703130374957001,0.0023953342948902136,413
0.057296435038248696,0.006439663284077462,0.007209380467732747,0.0008327329082101834,,0.01,500,2,l2,42,lbfgs,1e-06,,SelectKBest(score_func=<function mutual_info_classif at 0x7e3bb6fd3420>),5,,"{'balance': None, 'classify__C': 0.01, 'classify__max_iter': 500, 'classify__n_jobs': 2, 'classify__penalty': 'l2', 'classify__random_state': 42, 'classify__solver': 'lbfgs', 'classify__tol': 1e-06, 'impute': None, 'select': SelectKBest(score_func=<function mutual_info_classif at 0x7e3bb6fd3420>), 'select__k': 5, 'transform': None}",0.4995900141748282,0.43630361557362973,0.44546324460120185,0.4604522914498866,0.027926041682170576,450,0.5524182275649987,0.5606018389523544,0.5353057477757378,0.549441938097697,0.010539347906735127,358,0.5964912280701754,0.5614035087719298,0.5588235294117647,0.5722394220846233,0.017180932135080543,396
0.0006628831227620443,2.1862115580440328e-05,0.0,0.0,SMOTE(random_state=42),100.0,2000,2,l2,42,lbfgs,0.0001,SimpleImputer(strategy='median'),SelectKBest(score_func=<function mutual_info_classif at 0x7e3bb6fd3420>),9,,"{'balance': SMOTE(random_state=42), 'classify__C': 100.0, 'classify__max_iter': 2000, 'classify__n_jobs': 2, 'classify__penalty': 'l2', 'classify__random_state': 42, 'classify__solver': 'lbfgs', 'classify__tol': 0.0001, 'impute': SimpleImputer(strategy='median'), 'select': SelectKBest(score_func=<function mutual_info_classif at 0x7e3bb6fd3420>), 'select__k': 9, 'transform': None}",,,,,,451,,,,,,451,,,,,,451
0.0006353855133056641,3.0594470588239285e-06,0.0,0.0,SMOTE(random_state=42),100.0,2000,2,l2,42,lbfgs,0.0001,SimpleImputer(strategy='median'),SelectKBest(score_func=<function mutual_info_classif at 0x7e3bb6fd3420>),7,,"{'balance': SMOTE(random_state=42), 'classify__C': 100.0, 'classify__max_iter': 2000, 'classify__n_jobs': 2, 'classify__penalty': 'l2', 'classify__random_state': 42, 'classify__solver': 'lbfgs', 'classify__tol': 0.0001, 'impute': SimpleImputer(strategy='median'), 'select': SelectKBest(score_func=<function mutual_info_classif at 0x7e3bb6fd3420>), 'select__k': 7, 'transform': None}",,,,,,451,,,,,,451,,,,,,451
0.0006441275278727213,2.1969323012138808e-05,0.0,0.0,SMOTE(random_state=42),100.0,2000,2,l2,42,lbfgs,0.0001,SimpleImputer(strategy='median'),SelectKBest(score_func=<function mutual_info_classif at 0x7e3bb6fd3420>),5,,"{'balance': SMOTE(random_state=42), 'classify__C': 100.0, 'classify__max_iter': 2000, 'classify__n_jobs': 2, 'classify__penalty': 'l2', 'classify__random_state': 42, 'classify__solver': 'lbfgs', 'classify__tol': 0.0001, 'impute': SimpleImputer(strategy='median'), 'select': SelectKBest(score_func=<function mutual_info_classif at 0x7e3bb6fd3420>), 'select__k': 5, 'transform': None}",,,,,,451,,,,,,451,,,,,,451
0.0005759398142496744,1.9857403674750537e-05,0.0,0.0,SMOTE(random_state=42),100.0,2000,2,l2,42,lbfgs,0.0001,,SelectKBest(score_func=<function mutual_info_classif at 0x7e3bb6fd3420>),9,,"{'balance': SMOTE(random_state=42), 'classify__C': 100.0, 'classify__max_iter': 2000, 'classify__n_jobs': 2, 'classify__penalty': 'l2', 'classify__random_state': 42, 'classify__solver': 'lbfgs', 'classify__tol': 0.0001, 'impute': None, 'select': SelectKBest(score_func=<function mutual_info_classif at 0x7e3bb6fd3420>), 'select__k': 9, 'transform': None}",,,,,,451,,,,,,451,,,,,,451
0.0005852381388346354,2.8660738476565946e-05,0.0,0.0,SMOTE(random_state=42),100.0,2000,2,l2,42,lbfgs,0.0001,,SelectKBest(score_func=<function mutual_info_classif at 0x7e3bb6fd3420>),7,,"{'balance': SMOTE(random_state=42), 'classify__C': 100.0, 'classify__max_iter': 2000, 'classify__n_jobs': 2, 'classify__penalty': 'l2', 'classify__random_state': 42, 'classify__solver': 'lbfgs', 'classify__tol': 0.0001, 'impute': None, 'select': SelectKBest(score_func=<function mutual_info_classif at 0x7e3bb6fd3420>), 'select__k': 7, 'transform': None}",,,,,,451,,,,,,451,,,,,,451
0.0005728403727213541,1.632582234078577e-06,0.0,0.0,SMOTE(random_state=42),100.0,2000,2,l2,42,lbfgs,0.0001,,SelectKBest(score_func=<function mutual_info_classif at 0x7e3bb6fd3420>),5,,"{'balance': SMOTE(random_state=42), 'classify__C': 100.0, 'classify__max_iter': 2000, 'classify__n_jobs': 2, 'classify__penalty': 'l2', 'classify__random_state': 42, 'classify__solver': 'lbfgs', 'classify__tol': 0.0001, 'impute': None, 'select': SelectKBest(score_func=<function mutual_info_classif at 0x7e3bb6fd3420>), 'select__k': 5, 'transform': None}",,,,,,451,,,,,,451,,,,,,451
0.0005799134572347006,0.00014373263754556654,0.0,0.0,SMOTE(random_state=42),100.0,2000,2,l2,42,lbfgs,1e-06,SimpleImputer(strategy='median'),SelectKBest(score_func=<function mutual_info_classif at 0x7e3bb6fd3420>),9,,"{'balance': SMOTE(random_state=42), 'classify__C': 100.0, 'classify__max_iter': 2000, 'classify__n_jobs': 2, 'classify__penalty': 'l2', 'classify__random_state': 42, 'classify__solver': 'lbfgs', 'classify__tol': 1e-06, 'impute': SimpleImputer(strategy='median'), 'select': SelectKBest(score_func=<function mutual_info_classif at 0x7e3bb6fd3420>), 'select__k': 9, 'transform': None}",,,,,,451,,,,,,451,,,,,,451
0.0006400744120279948,2.296284357878425e-05,0.0,0.0,SMOTE(random_state=42),100.0,2000,2,l2,42,lbfgs,1e-06,SimpleImputer(strategy='median'),SelectKBest(score_func=<function mutual_info_classif at 0x7e3bb6fd3420>),7,,"{'balance': SMOTE(random_state=42), 'classify__C': 100.0, 'classify__max_iter': 2000, 'classify__n_jobs': 2, 'classify__penalty': 'l2', 'classify__random_state': 42, 'classify__solver': 'lbfgs', 'classify__tol': 1e-06, 'impute': SimpleImputer(strategy='median'), 'select': SelectKBest(score_func=<function mutual_info_classif at 0x7e3bb6fd3420>), 'select__k': 7, 'transform': None}",,,,,,451,,,,,,451,,,,,,451
0.0006686051686604818,3.7539297822986285e-05,0.0,0.0,SMOTE(random_state=42),100.0,2000,2,l2,42,lbfgs,1e-06,SimpleImputer(strategy='median'),SelectKBest(score_func=<function mutual_info_classif at 0x7e3bb6fd3420>),5,,"{'balance': SMOTE(random_state=42), 'classify__C': 100.0, 'classify__max_iter': 2000, 'classify__n_jobs': 2, 'classify__penalty': 'l2', 'classify__random_state': 42, 'classify__solver': 'lbfgs', 'classify__tol': 1e-06, 'impute': SimpleImputer(strategy='median'), 'select': SelectKBest(score_func=<function mutual_info_classif at 0x7e3bb6fd3420>), 'select__k': 5, 'transform': None}",,,,,,451,,,,,,451,,,,,,451
0.0005774497985839844,7.97188448777222e-06,0.0,0.0,SMOTE(random_state=42),100.0,2000,2,l2,42,lbfgs,1e-06,,SelectKBest(score_func=<function mutual_info_classif at 0x7e3bb6fd3420>),9,,"{'balance': SMOTE(random_state=42), 'classify__C': 100.0, 'classify__max_iter': 2000, 'classify__n_jobs': 2, 'classify__penalty': 'l2', 'classify__random_state': 42, 'classify__solver': 'lbfgs', 'classify__tol': 1e-06, 'impute': None, 'select': SelectKBest(score_func=<function mutual_info_classif at 0x7e3bb6fd3420>), 'select__k': 9, 'transform': None}",,,,,,451,,,,,,451,,,,,,451
0.0006040732065836588,3.653660466433729e-05,0.0,0.0,SMOTE(random_state=42),100.0,2000,2,l2,42,lbfgs,1e-06,,SelectKBest(score_func=<function mutual_info_classif at 0x7e3bb6fd3420>),7,,"{'balance': SMOTE(random_state=42), 'classify__C': 100.0, 'classify__max_iter': 2000, 'classify__n_jobs': 2, 'classify__penalty': 'l2', 'classify__random_state': 42, 'classify__solver': 'lbfgs', 'classify__tol': 1e-06, 'impute': None, 'select': SelectKBest(score_func=<function mutual_info_classif at 0x7e3bb6fd3420>), 'select__k': 7, 'transform': None}",,,,,,451,,,,,,451,,,,,,451
0.000594933827718099,2.0888817942775513e-05,0.0,0.0,SMOTE(random_state=42),100.0,2000,2,l2,42,lbfgs,1e-06,,SelectKBest(score_func=<function mutual_info_classif at 0x7e3bb6fd3420>),5,,"{'balance': SMOTE(random_state=42), 'classify__C': 100.0, 'classify__max_iter': 2000, 'classify__n_jobs': 2, 'classify__penalty': 'l2', 'classify__random_state': 42, 'classify__solver': 'lbfgs', 'classify__tol': 1e-06, 'impute': None, 'select': SelectKBest(score_func=<function mutual_info_classif at 0x7e3bb6fd3420>), 'select__k': 5, 'transform': None}",,,,,,451,,,,,,451,,,,,,451
0.0005546410878499349,0.00016167526205584085,0.0,0.0,SMOTE(random_state=42),100.0,2000,2,l2,42,lbfgs,1e-08,SimpleImputer(strategy='median'),SelectKBest(score_func=<function mutual_info_classif at 0x7e3bb6fd3420>),9,,"{'balance': SMOTE(random_state=42), 'classify__C': 100.0, 'classify__max_iter': 2000, 'classify__n_jobs': 2, 'classify__penalty': 'l2', 'classify__random_state': 42, 'classify__solver': 'lbfgs', 'classify__tol': 1e-08, 'impute': SimpleImputer(strategy='median'), 'select': SelectKBest(score_func=<function mutual_info_classif at 0x7e3bb6fd3420>), 'select__k': 9, 'transform': None}",,,,,,451,,,,,,451,,,,,,451
0.00034817059834798175,4.414858631239303e-06,0.0,0.0,SMOTE(random_state=42),100.0,2000,2,l2,42,lbfgs,1e-08,SimpleImputer(strategy='median'),SelectKBest(score_func=<function mutual_info_classif at 0x7e3bb6fd3420>),7,,"{'balance': SMOTE(random_state=42), 'classify__C': 100.0, 'classify__max_iter': 2000, 'classify__n_jobs': 2, 'classify__penalty': 'l2', 'classify__random_state': 42, 'classify__solver': 'lbfgs', 'classify__tol': 1e-08, 'impute': SimpleImputer(strategy='median'), 'select': SelectKBest(score_func=<function mutual_info_classif at 0x7e3bb6fd3420>), 'select__k': 7, 'transform': None}",,,,,,451,,,,,,451,,,,,,451
0.000469207763671875,0.0001615922264072491,0.0,0.0,SMOTE(random_state=42),100.0,2000,2,l2,42,lbfgs,1e-08,SimpleImputer(strategy='median'),SelectKBest(score_func=<function mutual_info_classif at 0x7e3bb6fd3420>),5,,"{'balance': SMOTE(random_state=42), 'classify__C': 100.0, 'classify__max_iter': 2000, 'classify__n_jobs': 2, 'classify__penalty': 'l2', 'classify__random_state': 42, 'classify__solver': 'lbfgs', 'classify__tol': 1e-08, 'impute': SimpleImputer(strategy='median'), 'select': SelectKBest(score_func=<function mutual_info_classif at 0x7e3bb6fd3420>), 'select__k': 5, 'transform': None}",,,,,,451,,,,,,451,,,,,,451
0.00030382474263509113,8.497280378102403e-06,0.0,0.0,SMOTE(random_state=42),100.0,2000,2,l2,42,lbfgs,1e-08,,SelectKBest(score_func=<function mutual_info_classif at 0x7e3bb6fd3420>),9,,"{'balance': SMOTE(random_state=42), 'classify__C': 100.0, 'classify__max_iter': 2000, 'classify__n_jobs': 2, 'classify__penalty': 'l2', 'classify__random_state': 42, 'classify__solver': 'lbfgs', 'classify__tol': 1e-08, 'impute': None, 'select': SelectKBest(score_func=<function mutual_info_classif at 0x7e3bb6fd3420>), 'select__k': 9, 'transform': None}",,,,,,451,,,,,,451,,,,,,451
0.0006198883056640625,1.163619455519908e-05,0.0,0.0,RandomUnderSampler(random_state=42),0.01,200,2,l2,42,lbfgs,1e-08,,SelectKBest(score_func=<function mutual_info_classif at 0x7e3bb6fd3420>),7,,"{'balance': RandomUnderSampler(random_state=42), 'classify__C': 0.01, 'classify__max_iter': 200, 'classify__n_jobs': 2, 'classify__penalty': 'l2', 'classify__random_state': 42, 'classify__solver': 'lbfgs', 'classify__tol': 1e-08, 'impute': None, 'select': SelectKBest(score_func=<function mutual_info_classif at 0x7e3bb6fd3420>), 'select__k': 7, 'transform': None}",,,,,,451,,,,,,451,,,,,,451
0.0006361802419026693,1.1714633797129491e-05,0.0,0.0,RandomUnderSampler(random_state=42),0.01,200,2,l2,42,lbfgs,1e-08,,SelectKBest(score_func=<function mutual_info_classif at 0x7e3bb6fd3420>),5,,"{'balance': RandomUnderSampler(random_state=42), 'classify__C': 0.01, 'classify__max_iter': 200, 'classify__n_jobs': 2, 'classify__penalty': 'l2', 'classify__random_state': 42, 'classify__solver': 'lbfgs', 'classify__tol': 1e-08, 'impute': None, 'select': SelectKBest(score_func=<function mutual_info_classif at 0x7e3bb6fd3420>), 'select__k': 5, 'transform': None}",,,,,,451,,,,,,451,,,,,,451
0.0006508032480875651,1.538903229072524e-05,0.0,0.0,RandomUnderSampler(random_state=42),0.01,100,2,l2,42,lbfgs,0.0001,SimpleImputer(strategy='median'),SelectKBest(score_func=<function mutual_info_classif at 0x7e3bb6fd3420>),9,,"{'balance': RandomUnderSampler(random_state=42), 'classify__C': 0.01, 'classify__max_iter': 100, 'classify__n_jobs': 2, 'classify__penalty': 'l2', 'classify__random_state': 42, 'classify__solver': 'lbfgs', 'classify__tol': 0.0001, 'impute': SimpleImputer(strategy='median'), 'select': SelectKBest(score_func=<function mutual_info_classif at 0x7e3bb6fd3420>), 'select__k': 9, 'transform': None}",,,,,,451,,,,,,451,,,,,,451
0.0006364981333414713,2.135440324551964e-06,0.0,0.0,RandomUnderSampler(random_state=42),0.01,100,2,l2,42,lbfgs,0.0001,SimpleImputer(strategy='median'),SelectKBest(score_func=<function mutual_info_classif at 0x7e3bb6fd3420>),7,,"{'balance': RandomUnderSampler(random_state=42), 'classify__C': 0.01, 'classify__max_iter': 100, 'classify__n_jobs': 2, 'classify__penalty': 'l2', 'classify__random_state': 42, 'classify__solver': 'lbfgs', 'classify__tol': 0.0001, 'impute': SimpleImputer(strategy='median'), 'select': SelectKBest(score_func=<function mutual_info_classif at 0x7e3bb6fd3420>), 'select__k': 7, 'transform': None}",,,,,,451,,,,,,451,,,,,,451
0.0006964206695556641,6.539018010028494e-05,0.0,0.0,RandomUnderSampler(random_state=42),0.01,100,2,l2,42,lbfgs,0.0001,SimpleImputer(strategy='median'),SelectKBest(score_func=<function mutual_info_classif at 0x7e3bb6fd3420>),5,,"{'balance': RandomUnderSampler(random_state=42), 'classify__C': 0.01, 'classify__max_iter': 100, 'classify__n_jobs': 2, 'classify__penalty': 'l2', 'classify__random_state': 42, 'classify__solver': 'lbfgs', 'classify__tol': 0.0001, 'impute': SimpleImputer(strategy='median'), 'select': SelectKBest(score_func=<function mutual_info_classif at 0x7e3bb6fd3420>), 'select__k': 5, 'transform': None}",,,,,,451,,,,,,451,,,,,,451
0.0005776882171630859,1.8144891348305174e-05,0.0,0.0,RandomUnderSampler(random_state=42),0.01,100,2,l2,42,lbfgs,0.0001,,SelectKBest(score_func=<function mutual_info_classif at 0x7e3bb6fd3420>),9,,"{'balance': RandomUnderSampler(random_state=42), 'classify__C': 0.01, 'classify__max_iter': 100, 'classify__n_jobs': 2, 'classify__penalty': 'l2', 'classify__random_state': 42, 'classify__solver': 'lbfgs', 'classify__tol': 0.0001, 'impute': None, 'select': SelectKBest(score_func=<function mutual_info_classif at 0x7e3bb6fd3420>), 'select__k': 9, 'transform': None}",,,,,,451,,,,,,451,,,,,,451
0.0006004969278971354,7.1693153453470304e-06,0.0,0.0,RandomUnderSampler(random_state=42),0.01,100,2,l2,42,lbfgs,0.0001,,SelectKBest(score_func=<function mutual_info_classif at 0x7e3bb6fd3420>),7,,"{'balance': RandomUnderSampler(random_state=42), 'classify__C': 0.01, 'classify__max_iter': 100, 'classify__n_jobs': 2, 'classify__penalty': 'l2', 'classify__random_state': 42, 'classify__solver': 'lbfgs', 'classify__tol': 0.0001, 'impute': None, 'select': SelectKBest(score_func=<function mutual_info_classif at 0x7e3bb6fd3420>), 'select__k': 7, 'transform': None}",,,,,,451,,,,,,451,,,,,,451
0.000606536865234375,2.95157964056663e-05,0.0,0.0,RandomUnderSampler(random_state=42),0.01,100,2,l2,42,lbfgs,0.0001,,SelectKBest(score_func=<function mutual_info_classif at 0x7e3bb6fd3420>),5,,"{'balance': RandomUnderSampler(random_state=42), 'classify__C': 0.01, 'classify__max_iter': 100, 'classify__n_jobs': 2, 'classify__penalty': 'l2', 'classify__random_state': 42, 'classify__solver': 'lbfgs', 'classify__tol': 0.0001, 'impute': None, 'select': SelectKBest(score_func=<function mutual_info_classif at 0x7e3bb6fd3420>), 'select__k': 5, 'transform': None}",,,,,,451,,,,,,451,,,,,,451
0.000660101572672526,1.649210245279653e-05,0.0,0.0,RandomUnderSampler(random_state=42),0.01,100,2,l2,42,lbfgs,1e-06,SimpleImputer(strategy='median'),SelectKBest(score_func=<function mutual_info_classif at 0x7e3bb6fd3420>),9,,"{'balance': RandomUnderSampler(random_state=42), 'classify__C': 0.01, 'classify__max_iter': 100, 'classify__n_jobs': 2, 'classify__penalty': 'l2', 'classify__random_state': 42, 'classify__solver': 'lbfgs', 'classify__tol': 1e-06, 'impute': SimpleImputer(strategy='median'), 'select': SelectKBest(score_func=<function mutual_info_classif at 0x7e3bb6fd3420>), 'select__k': 9, 'transform': None}",,,,,,451,,,,,,451,,,,,,451
0.0006805260976155599,3.113308071284919e-05,0.0,0.0,RandomUnderSampler(random_state=42),0.01,100,2,l2,42,lbfgs,1e-06,SimpleImputer(strategy='median'),SelectKBest(score_func=<function mutual_info_classif at 0x7e3bb6fd3420>),7,,"{'balance': RandomUnderSampler(random_state=42), 'classify__C': 0.01, 'classify__max_iter': 100, 'classify__n_jobs': 2, 'classify__penalty': 'l2', 'classify__random_state': 42, 'classify__solver': 'lbfgs', 'classify__tol': 1e-06, 'impute': SimpleImputer(strategy='median'), 'select': SelectKBest(score_func=<function mutual_info_classif at 0x7e3bb6fd3420>), 'select__k': 7, 'transform': None}",,,,,,451,,,,,,451,,,,,,451
0.0006535053253173828,2.7605124039713936e-05,0.0,0.0,RandomUnderSampler(random_state=42),0.01,100,2,l2,42,lbfgs,1e-06,SimpleImputer(strategy='median'),SelectKBest(score_func=<function mutual_info_classif at 0x7e3bb6fd3420>),5,,"{'balance': RandomUnderSampler(random_state=42), 'classify__C': 0.01, 'classify__max_iter': 100, 'classify__n_jobs': 2, 'classify__penalty': 'l2', 'classify__random_state': 42, 'classify__solver': 'lbfgs', 'classify__tol': 1e-06, 'impute': SimpleImputer(strategy='median'), 'select': SelectKBest(score_func=<function mutual_info_classif at 0x7e3bb6fd3420>), 'select__k': 5, 'transform': None}",,,,,,451,,,,,,451,,,,,,451
0.0006014506022135416,2.8808445762287406e-05,0.0,0.0,RandomUnderSampler(random_state=42),0.01,100,2,l2,42,lbfgs,1e-06,,SelectKBest(score_func=<function mutual_info_classif at 0x7e3bb6fd3420>),9,,"{'balance': RandomUnderSampler(random_state=42), 'classify__C': 0.01, 'classify__max_iter': 100, 'classify__n_jobs': 2, 'classify__penalty': 'l2', 'classify__random_state': 42, 'classify__solver': 'lbfgs', 'classify__tol': 1e-06, 'impute': None, 'select': SelectKBest(score_func=<function mutual_info_classif at 0x7e3bb6fd3420>), 'select__k': 9, 'transform': None}",,,,,,451,,,,,,451,,,,,,451
0.0005994637807210287,2.814371742107565e-05,0.0,0.0,RandomUnderSampler(random_state=42),0.01,100,2,l2,42,lbfgs,1e-06,,SelectKBest(score_func=<function mutual_info_classif at 0x7e3bb6fd3420>),7,,"{'balance': RandomUnderSampler(random_state=42), 'classify__C': 0.01, 'classify__max_iter': 100, 'classify__n_jobs': 2, 'classify__penalty': 'l2', 'classify__random_state': 42, 'classify__solver': 'lbfgs', 'classify__tol': 1e-06, 'impute': None, 'select': SelectKBest(score_func=<function mutual_info_classif at 0x7e3bb6fd3420>), 'select__k': 7, 'transform': None}",,,,,,451,,,,,,451,,,,,,451
0.0006016095479329427,2.7114341515219856e-05,0.0,0.0,RandomUnderSampler(random_state=42),0.01,100,2,l2,42,lbfgs,1e-06,,SelectKBest(score_func=<function mutual_info_classif at 0x7e3bb6fd3420>),5,,"{'balance': RandomUnderSampler(random_state=42), 'classify__C': 0.01, 'classify__max_iter': 100, 'classify__n_jobs': 2, 'classify__penalty': 'l2', 'classify__random_state': 42, 'classify__solver': 'lbfgs', 'classify__tol': 1e-06, 'impute': None, 'select': SelectKBest(score_func=<function mutual_info_classif at 0x7e3bb6fd3420>), 'select__k': 5, 'transform': None}",,,,,,451,,,,,,451,,,,,,451
0.0006364981333414713,9.964895223453312e-06,0.0,0.0,RandomUnderSampler(random_state=42),0.01,100,2,l2,42,lbfgs,1e-08,SimpleImputer(strategy='median'),SelectKBest(score_func=<function mutual_info_classif at 0x7e3bb6fd3420>),9,,"{'balance': RandomUnderSampler(random_state=42), 'classify__C': 0.01, 'classify__max_iter': 100, 'classify__n_jobs': 2, 'classify__penalty': 'l2', 'classify__random_state': 42, 'classify__solver': 'lbfgs', 'classify__tol': 1e-08, 'impute': SimpleImputer(strategy='median'), 'select': SelectKBest(score_func=<function mutual_info_classif at 0x7e3bb6fd3420>), 'select__k': 9, 'transform': None}",,,,,,451,,,,,,451,,,,,,451
0.0006595452626546224,2.6521559095469793e-05,0.0,0.0,RandomUnderSampler(random_state=42),0.01,100,2,l2,42,lbfgs,1e-08,SimpleImputer(strategy='median'),SelectKBest(score_func=<function mutual_info_classif at 0x7e3bb6fd3420>),7,,"{'balance': RandomUnderSampler(random_state=42), 'classify__C': 0.01, 'classify__max_iter': 100, 'classify__n_jobs': 2, 'classify__penalty': 'l2', 'classify__random_state': 42, 'classify__solver': 'lbfgs', 'classify__tol': 1e-08, 'impute': SimpleImputer(strategy='median'), 'select': SelectKBest(score_func=<function mutual_info_classif at 0x7e3bb6fd3420>), 'select__k': 7, 'transform': None}",,,,,,451,,,,,,451,,,,,,451
0.0006748835245768229,1.4300257246618725e-05,0.0,0.0,RandomUnderSampler(random_state=42),0.01,200,2,l2,42,lbfgs,0.0001,SimpleImputer(strategy='median'),SelectKBest(score_func=<function mutual_info_classif at 0x7e3bb6fd3420>),9,,"{'balance': RandomUnderSampler(random_state=42), 'classify__C': 0.01, 'classify__max_iter': 200, 'classify__n_jobs': 2, 'classify__penalty': 'l2', 'classify__random_state': 42, 'classify__solver': 'lbfgs', 'classify__tol': 0.0001, 'impute': SimpleImputer(strategy='median'), 'select': SelectKBest(score_func=<function mutual_info_classif at 0x7e3bb6fd3420>), 'select__k': 9, 'transform': None}",,,,,,451,,,,,,451,,,,,,451
0.000702063242594401,2.2135153192116135e-05,0.0,0.0,RandomUnderSampler(random_state=42),0.01,200,2,l2,42,lbfgs,0.0001,SimpleImputer(strategy='median'),SelectKBest(score_func=<function mutual_info_classif at 0x7e3bb6fd3420>),7,,"{'balance': RandomUnderSampler(random_state=42), 'classify__C': 0.01, 'classify__max_iter': 200, 'classify__n_jobs': 2, 'classify__penalty': 'l2', 'classify__random_state': 42, 'classify__solver': 'lbfgs', 'classify__tol': 0.0001, 'impute': SimpleImputer(strategy='median'), 'select': SelectKBest(score_func=<function mutual_info_classif at 0x7e3bb6fd3420>), 'select__k': 7, 'transform': None}",,,,,,451,,,,,,451,,,,,,451
0.0006702740987141927,1.9371499363171105e-05,0.0,0.0,RandomUnderSampler(random_state=42),0.01,200,2,l2,42,lbfgs,0.0001,SimpleImputer(strategy='median'),SelectKBest(score_func=<function mutual_info_classif at 0x7e3bb6fd3420>),5,,"{'balance': RandomUnderSampler(random_state=42), 'classify__C': 0.01, 'classify__max_iter': 200, 'classify__n_jobs': 2, 'classify__penalty': 'l2', 'classify__random_state': 42, 'classify__solver': 'lbfgs', 'classify__tol': 0.0001, 'impute': SimpleImputer(strategy='median'), 'select': SelectKBest(score_func=<function mutual_info_classif at 0x7e3bb6fd3420>), 'select__k': 5, 'transform': None}",,,,,,451,,,,,,451,,,,,,451
0.0005981922149658203,3.459014564575959e-05,0.0,0.0,RandomUnderSampler(random_state=42),0.01,200,2,l2,42,lbfgs,0.0001,,SelectKBest(score_func=<function mutual_info_classif at 0x7e3bb6fd3420>),9,,"{'balance': RandomUnderSampler(random_state=42), 'classify__C': 0.01, 'classify__max_iter': 200, 'classify__n_jobs': 2, 'classify__penalty': 'l2', 'classify__random_state': 42, 'classify__solver': 'lbfgs', 'classify__tol': 0.0001, 'impute': None, 'select': SelectKBest(score_func=<function mutual_info_classif at 0x7e3bb6fd3420>), 'select__k': 9, 'transform': None}",,,,,,451,,,,,,451,,,,,,451
0.0005803108215332031,6.581389304085856e-06,0.0,0.0,RandomUnderSampler(random_state=42),0.01,200,2,l2,42,lbfgs,0.0001,,SelectKBest(score_func=<function mutual_info_classif at 0x7e3bb6fd3420>),7,,"{'balance': RandomUnderSampler(random_state=42), 'classify__C': 0.01, 'classify__max_iter': 200, 'classify__n_jobs': 2, 'classify__penalty': 'l2', 'classify__random_state': 42, 'classify__solver': 'lbfgs', 'classify__tol': 0.0001, 'impute': None, 'select': SelectKBest(score_func=<function mutual_info_classif at 0x7e3bb6fd3420>), 'select__k': 7, 'transform': None}",,,,,,451,,,,,,451,,,,,,451
0.0006124178568522135,1.7999506208918334e-05,0.0,0.0,RandomUnderSampler(random_state=42),0.01,200,2,l2,42,lbfgs,0.0001,,SelectKBest(score_func=<function mutual_info_classif at 0x7e3bb6fd3420>),5,,"{'balance': RandomUnderSampler(random_state=42), 'classify__C': 0.01, 'classify__max_iter': 200, 'classify__n_jobs': 2, 'classify__penalty': 'l2', 'classify__random_state': 42, 'classify__solver': 'lbfgs', 'classify__tol': 0.0001, 'impute': None, 'select': SelectKBest(score_func=<function mutual_info_classif at 0x7e3bb6fd3420>), 'select__k': 5, 'transform': None}",,,,,,451,,,,,,451,,,,,,451
0.0006723403930664062,2.7380447468018302e-05,0.0,0.0,RandomUnderSampler(random_state=42),0.01,200,2,l2,42,lbfgs,1e-06,SimpleImputer(strategy='median'),SelectKBest(score_func=<function mutual_info_classif at 0x7e3bb6fd3420>),9,,"{'balance': RandomUnderSampler(random_state=42), 'classify__C': 0.01, 'classify__max_iter': 200, 'classify__n_jobs': 2, 'classify__penalty': 'l2', 'classify__random_state': 42, 'classify__solver': 'lbfgs', 'classify__tol': 1e-06, 'impute': SimpleImputer(strategy='median'), 'select': SelectKBest(score_func=<function mutual_info_classif at 0x7e3bb6fd3420>), 'select__k': 9, 'transform': None}",,,,,,451,,,,,,451,,,,,,451
0.000697930653889974,5.762182419138801e-05,0.0,0.0,RandomUnderSampler(random_state=42),0.01,200,2,l2,42,lbfgs,1e-06,SimpleImputer(strategy='median'),SelectKBest(score_func=<function mutual_info_classif at 0x7e3bb6fd3420>),7,,"{'balance': RandomUnderSampler(random_state=42), 'classify__C': 0.01, 'classify__max_iter': 200, 'classify__n_jobs': 2, 'classify__penalty': 'l2', 'classify__random_state': 42, 'classify__solver': 'lbfgs', 'classify__tol': 1e-06, 'impute': SimpleImputer(strategy='median'), 'select': SelectKBest(score_func=<function mutual_info_classif at 0x7e3bb6fd3420>), 'select__k': 7, 'transform': None}",,,,,,451,,,,,,451,,,,,,451
0.0006554921468098959,5.619579801452538e-06,0.0,0.0,RandomUnderSampler(random_state=42),0.01,200,2,l2,42,lbfgs,1e-06,SimpleImputer(strategy='median'),SelectKBest(score_func=<function mutual_info_classif at 0x7e3bb6fd3420>),5,,"{'balance': RandomUnderSampler(random_state=42), 'classify__C': 0.01, 'classify__max_iter': 200, 'classify__n_jobs': 2, 'classify__penalty': 'l2', 'classify__random_state': 42, 'classify__solver': 'lbfgs', 'classify__tol': 1e-06, 'impute': SimpleImputer(strategy='median'), 'select': SelectKBest(score_func=<function mutual_info_classif at 0x7e3bb6fd3420>), 'select__k': 5, 'transform': None}",,,,,,451,,,,,,451,,,,,,451
0.0005983511606852213,1.0184936106110124e-05,0.0,0.0,RandomUnderSampler(random_state=42),0.01,200,2,l2,42,lbfgs,1e-06,,SelectKBest(score_func=<function mutual_info_classif at 0x7e3bb6fd3420>),9,,"{'balance': RandomUnderSampler(random_state=42), 'classify__C': 0.01, 'classify__max_iter': 200, 'classify__n_jobs': 2, 'classify__penalty': 'l2', 'classify__random_state': 42, 'classify__solver': 'lbfgs', 'classify__tol': 1e-06, 'impute': None, 'select': SelectKBest(score_func=<function mutual_info_classif at 0x7e3bb6fd3420>), 'select__k': 9, 'transform': None}",,,,,,451,,,,,,451,,,,,,451
0.0006162325541178385,8.904507475172234e-06,0.0,0.0,RandomUnderSampler(random_state=42),0.01,200,2,l2,42,lbfgs,1e-06,,SelectKBest(score_func=<function mutual_info_classif at 0x7e3bb6fd3420>),7,,"{'balance': RandomUnderSampler(random_state=42), 'classify__C': 0.01, 'classify__max_iter': 200, 'classify__n_jobs': 2, 'classify__penalty': 'l2', 'classify__random_state': 42, 'classify__solver': 'lbfgs', 'classify__tol': 1e-06, 'impute': None, 'select': SelectKBest(score_func=<function mutual_info_classif at 0x7e3bb6fd3420>), 'select__k': 7, 'transform': None}",,,,,,451,,,,,,451,,,,,,451
0.0006388028462727865,1.7429396497383837e-05,0.0,0.0,RandomUnderSampler(random_state=42),0.01,200,2,l2,42,lbfgs,1e-06,,SelectKBest(score_func=<function mutual_info_classif at 0x7e3bb6fd3420>),5,,"{'balance': RandomUnderSampler(random_state=42), 'classify__C': 0.01, 'classify__max_iter': 200, 'classify__n_jobs': 2, 'classify__penalty': 'l2', 'classify__random_state': 42, 'classify__solver': 'lbfgs', 'classify__tol': 1e-06, 'impute': None, 'select': SelectKBest(score_func=<function mutual_info_classif at 0x7e3bb6fd3420>), 'select__k': 5, 'transform': None}",,,,,,451,,,,,,451,,,,,,451
0.0007356007893880209,6.235768948634855e-05,0.0,0.0,RandomUnderSampler(random_state=42),0.01,200,2,l2,42,lbfgs,1e-08,SimpleImputer(strategy='median'),SelectKBest(score_func=<function mutual_info_classif at 0x7e3bb6fd3420>),9,,"{'balance': RandomUnderSampler(random_state=42), 'classify__C': 0.01, 'classify__max_iter': 200, 'classify__n_jobs': 2, 'classify__penalty': 'l2', 'classify__random_state': 42, 'classify__solver': 'lbfgs', 'classify__tol': 1e-08, 'impute': SimpleImputer(strategy='median'), 'select': SelectKBest(score_func=<function mutual_info_classif at 0x7e3bb6fd3420>), 'select__k': 9, 'transform': None}",,,,,,451,,,,,,451,,,,,,451
0.0007000764211018881,1.4903651135420536e-05,0.0,0.0,RandomUnderSampler(random_state=42),0.01,200,2,l2,42,lbfgs,1e-08,SimpleImputer(strategy='median'),SelectKBest(score_func=<function mutual_info_classif at 0x7e3bb6fd3420>),7,,"{'balance': RandomUnderSampler(random_state=42), 'classify__C': 0.01, 'classify__max_iter': 200, 'classify__n_jobs': 2, 'classify__penalty': 'l2', 'classify__random_state': 42, 'classify__solver': 'lbfgs', 'classify__tol': 1e-08, 'impute': SimpleImputer(strategy='median'), 'select': SelectKBest(score_func=<function mutual_info_classif at 0x7e3bb6fd3420>), 'select__k': 7, 'transform': None}",,,,,,451,,,,,,451,,,,,,451
0.0007099310557047526,2.907294919196364e-05,0.0,0.0,RandomUnderSampler(random_state=42),0.01,200,2,l2,42,lbfgs,1e-08,SimpleImputer(strategy='median'),SelectKBest(score_func=<function mutual_info_classif at 0x7e3bb6fd3420>),5,,"{'balance': RandomUnderSampler(random_state=42), 'classify__C': 0.01, 'classify__max_iter': 200, 'classify__n_jobs': 2, 'classify__penalty': 'l2', 'classify__random_state': 42, 'classify__solver': 'lbfgs', 'classify__tol': 1e-08, 'impute': SimpleImputer(strategy='median'), 'select': SelectKBest(score_func=<function mutual_info_classif at 0x7e3bb6fd3420>), 'select__k': 5, 'transform': None}",,,,,,451,,,,,,451,,,,,,451
0.0006499290466308594,2.713017661244239e-05,0.0,0.0,RandomUnderSampler(random_state=42),0.01,200,2,l2,42,lbfgs,1e-08,,SelectKBest(score_func=<function mutual_info_classif at 0x7e3bb6fd3420>),9,,"{'balance': RandomUnderSampler(random_state=42), 'classify__C': 0.01, 'classify__max_iter': 200, 'classify__n_jobs': 2, 'classify__penalty': 'l2', 'classify__random_state': 42, 'classify__solver': 'lbfgs', 'classify__tol': 1e-08, 'impute': None, 'select': SelectKBest(score_func=<function mutual_info_classif at 0x7e3bb6fd3420>), 'select__k': 9, 'transform': None}",,,,,,451,,,,,,451,,,,,,451
0.0006572405497233073,3.0235846103639077e-05,0.0,0.0,RandomUnderSampler(random_state=42),0.01,500,2,l2,42,lbfgs,0.0001,SimpleImputer(strategy='median'),SelectKBest(score_func=<function mutual_info_classif at 0x7e3bb6fd3420>),5,,"{'balance': RandomUnderSampler(random_state=42), 'classify__C': 0.01, 'classify__max_iter': 500, 'classify__n_jobs': 2, 'classify__penalty': 'l2', 'classify__random_state': 42, 'classify__solver': 'lbfgs', 'classify__tol': 0.0001, 'impute': SimpleImputer(strategy='median'), 'select': SelectKBest(score_func=<function mutual_info_classif at 0x7e3bb6fd3420>), 'select__k': 5, 'transform': None}",,,,,,451,,,,,,451,,,,,,451
0.0006280740102132162,1.9468093209715015e-05,0.0,0.0,RandomUnderSampler(random_state=42),0.01,500,2,l2,42,lbfgs,0.0001,,SelectKBest(score_func=<function mutual_info_classif at 0x7e3bb6fd3420>),9,,"{'balance': RandomUnderSampler(random_state=42), 'classify__C': 0.01, 'classify__max_iter': 500, 'classify__n_jobs': 2, 'classify__penalty': 'l2', 'classify__random_state': 42, 'classify__solver': 'lbfgs', 'classify__tol': 0.0001, 'impute': None, 'select': SelectKBest(score_func=<function mutual_info_classif at 0x7e3bb6fd3420>), 'select__k': 9, 'transform': None}",,,,,,451,,,,,,451,,,,,,451
0.0006742477416992188,4.2528599752704806e-05,0.0,0.0,RandomUnderSampler(random_state=42),0.01,500,2,l2,42,lbfgs,0.0001,,SelectKBest(score_func=<function mutual_info_classif at 0x7e3bb6fd3420>),7,,"{'balance': RandomUnderSampler(random_state=42), 'classify__C': 0.01, 'classify__max_iter': 500, 'classify__n_jobs': 2, 'classify__penalty': 'l2', 'classify__random_state': 42, 'classify__solver': 'lbfgs', 'classify__tol': 0.0001, 'impute': None, 'select': SelectKBest(score_func=<function mutual_info_classif at 0x7e3bb6fd3420>), 'select__k': 7, 'transform': None}",,,,,,451,,,,,,451,,,,,,451
0.0005883375803629557,4.979594611428751e-06,0.0,0.0,RandomUnderSampler(random_state=42),0.01,500,2,l2,42,lbfgs,0.0001,,SelectKBest(score_func=<function mutual_info_classif at 0x7e3bb6fd3420>),5,,"{'balance': RandomUnderSampler(random_state=42), 'classify__C': 0.01, 'classify__max_iter': 500, 'classify__n_jobs': 2, 'classify__penalty': 'l2', 'classify__random_state': 42, 'classify__solver': 'lbfgs', 'classify__tol': 0.0001, 'impute': None, 'select': SelectKBest(score_func=<function mutual_info_classif at 0x7e3bb6fd3420>), 'select__k': 5, 'transform': None}",,,,,,451,,,,,,451,,,,,,451
0.0007327397664388021,2.7172978255247994e-05,0.0,0.0,RandomUnderSampler(random_state=42),0.01,500,2,l2,42,lbfgs,1e-06,SimpleImputer(strategy='median'),SelectKBest(score_func=<function mutual_info_classif at 0x7e3bb6fd3420>),9,,"{'balance': RandomUnderSampler(random_state=42), 'classify__C': 0.01, 'classify__max_iter': 500, 'classify__n_jobs': 2, 'classify__penalty': 'l2', 'classify__random_state': 42, 'classify__solver': 'lbfgs', 'classify__tol': 1e-06, 'impute': SimpleImputer(strategy='median'), 'select': SelectKBest(score_func=<function mutual_info_classif at 0x7e3bb6fd3420>), 'select__k': 9, 'transform': None}",,,,,,451,,,,,,451,,,,,,451
0.0006779829661051432,2.3425223626265014e-05,0.0,0.0,RandomUnderSampler(random_state=42),0.01,500,2,l2,42,lbfgs,1e-06,SimpleImputer(strategy='median'),SelectKBest(score_func=<function mutual_info_classif at 0x7e3bb6fd3420>),7,,"{'balance': RandomUnderSampler(random_state=42), 'classify__C': 0.01, 'classify__max_iter': 500, 'classify__n_jobs': 2, 'classify__penalty': 'l2', 'classify__random_state': 42, 'classify__solver': 'lbfgs', 'classify__tol': 1e-06, 'impute': SimpleImputer(strategy='median'), 'select': SelectKBest(score_func=<function mutual_info_classif at 0x7e3bb6fd3420>), 'select__k': 7, 'transform': None}",,,,,,451,,,,,,451,,,,,,451
0.0006883939107259115,8.319256002236514e-06,0.0,0.0,RandomUnderSampler(random_state=42),0.01,500,2,l2,42,lbfgs,1e-06,SimpleImputer(strategy='median'),SelectKBest(score_func=<function mutual_info_classif at 0x7e3bb6fd3420>),5,,"{'balance': RandomUnderSampler(random_state=42), 'classify__C': 0.01, 'classify__max_iter': 500, 'classify__n_jobs': 2, 'classify__penalty': 'l2', 'classify__random_state': 42, 'classify__solver': 'lbfgs', 'classify__tol': 1e-06, 'impute': SimpleImputer(strategy='median'), 'select': SelectKBest(score_func=<function mutual_info_classif at 0x7e3bb6fd3420>), 'select__k': 5, 'transform': None}",,,,,,451,,,,,,451,,,,,,451
0.0006608963012695312,1.1993821131333339e-05,0.0,0.0,RandomUnderSampler(random_state=42),0.01,500,2,l2,42,lbfgs,1e-06,,SelectKBest(score_func=<function mutual_info_classif at 0x7e3bb6fd3420>),9,,"{'balance': RandomUnderSampler(random_state=42), 'classify__C': 0.01, 'classify__max_iter': 500, 'classify__n_jobs': 2, 'classify__penalty': 'l2', 'classify__random_state': 42, 'classify__solver': 'lbfgs', 'classify__tol': 1e-06, 'impute': None, 'select': SelectKBest(score_func=<function mutual_info_classif at 0x7e3bb6fd3420>), 'select__k': 9, 'transform': None}",,,,,,451,,,,,,451,,,,,,451
0.0006093184153238932,1.8449688994922824e-05,0.0,0.0,RandomUnderSampler(random_state=42),0.01,500,2,l2,42,lbfgs,1e-06,,SelectKBest(score_func=<function mutual_info_classif at 0x7e3bb6fd3420>),7,,"{'balance': RandomUnderSampler(random_state=42), 'classify__C': 0.01, 'classify__max_iter': 500, 'classify__n_jobs': 2, 'classify__penalty': 'l2', 'classify__random_state': 42, 'classify__solver': 'lbfgs', 'classify__tol': 1e-06, 'impute': None, 'select': SelectKBest(score_func=<function mutual_info_classif at 0x7e3bb6fd3420>), 'select__k': 7, 'transform': None}",,,,,,451,,,,,,451,,,,,,451
0.0006399949391682943,3.498033828122037e-05,0.0,0.0,RandomUnderSampler(random_state=42),0.01,500,2,l2,42,lbfgs,1e-06,,SelectKBest(score_func=<function mutual_info_classif at 0x7e3bb6fd3420>),5,,"{'balance': RandomUnderSampler(random_state=42), 'classify__C': 0.01, 'classify__max_iter': 500, 'classify__n_jobs': 2, 'classify__penalty': 'l2', 'classify__random_state': 42, 'classify__solver': 'lbfgs', 'classify__tol': 1e-06, 'impute': None, 'select': SelectKBest(score_func=<function mutual_info_classif at 0x7e3bb6fd3420>), 'select__k': 5, 'transform': None}",,,,,,451,,,,,,451,,,,,,451
0.0006954669952392578,2.6611899740163612e-05,0.0,0.0,RandomUnderSampler(random_state=42),0.01,500,2,l2,42,lbfgs,1e-08,SimpleImputer(strategy='median'),SelectKBest(score_func=<function mutual_info_classif at 0x7e3bb6fd3420>),9,,"{'balance': RandomUnderSampler(random_state=42), 'classify__C': 0.01, 'classify__max_iter': 500, 'classify__n_jobs': 2, 'classify__penalty': 'l2', 'classify__random_state': 42, 'classify__solver': 'lbfgs', 'classify__tol': 1e-08, 'impute': SimpleImputer(strategy='median'), 'select': SelectKBest(score_func=<function mutual_info_classif at 0x7e3bb6fd3420>), 'select__k': 9, 'transform': None}",,,,,,451,,,,,,451,,,,,,451
0.0006840229034423828,1.0583923221961016e-05,0.0,0.0,RandomUnderSampler(random_state=42),0.01,500,2,l2,42,lbfgs,1e-08,SimpleImputer(strategy='median'),SelectKBest(score_func=<function mutual_info_classif at 0x7e3bb6fd3420>),7,,"{'balance': RandomUnderSampler(random_state=42), 'classify__C': 0.01, 'classify__max_iter': 500, 'classify__n_jobs': 2, 'classify__penalty': 'l2', 'classify__random_state': 42, 'classify__solver': 'lbfgs', 'classify__tol': 1e-08, 'impute': SimpleImputer(strategy='median'), 'select': SelectKBest(score_func=<function mutual_info_classif at 0x7e3bb6fd3420>), 'select__k': 7, 'transform': None}",,,,,,451,,,,,,451,,,,,,451
0.0007429917653401693,3.62241095522547e-05,0.0,0.0,RandomUnderSampler(random_state=42),0.01,500,2,l2,42,lbfgs,1e-08,SimpleImputer(strategy='median'),SelectKBest(score_func=<function mutual_info_classif at 0x7e3bb6fd3420>),5,,"{'balance': RandomUnderSampler(random_state=42), 'classify__C': 0.01, 'classify__max_iter': 500, 'classify__n_jobs': 2, 'classify__penalty': 'l2', 'classify__random_state': 42, 'classify__solver': 'lbfgs', 'classify__tol': 1e-08, 'impute': SimpleImputer(strategy='median'), 'select': SelectKBest(score_func=<function mutual_info_classif at 0x7e3bb6fd3420>), 'select__k': 5, 'transform': None}",,,,,,451,,,,,,451,,,,,,451
0.0006200472513834635,1.691745542416883e-05,0.0,0.0,RandomUnderSampler(random_state=42),0.01,500,2,l2,42,lbfgs,1e-08,,SelectKBest(score_func=<function mutual_info_classif at 0x7e3bb6fd3420>),9,,"{'balance': RandomUnderSampler(random_state=42), 'classify__C': 0.01, 'classify__max_iter': 500, 'classify__n_jobs': 2, 'classify__penalty': 'l2', 'classify__random_state': 42, 'classify__solver': 'lbfgs', 'classify__tol': 1e-08, 'impute': None, 'select': SelectKBest(score_func=<function mutual_info_classif at 0x7e3bb6fd3420>), 'select__k': 9, 'transform': None}",,,,,,451,,,,,,451,,,,,,451
0.0005855560302734375,8.377510040985386e-06,0.0,0.0,RandomUnderSampler(random_state=42),0.01,500,2,l2,42,lbfgs,1e-08,,SelectKBest(score_func=<function mutual_info_classif at 0x7e3bb6fd3420>),7,,"{'balance': RandomUnderSampler(random_state=42), 'classify__C': 0.01, 'classify__max_iter': 500, 'classify__n_jobs': 2, 'classify__penalty': 'l2', 'classify__random_state': 42, 'classify__solver': 'lbfgs', 'classify__tol': 1e-08, 'impute': None, 'select': SelectKBest(score_func=<function mutual_info_classif at 0x7e3bb6fd3420>), 'select__k': 7, 'transform': None}",,,,,,451,,,,,,451,,,,,,451
0.0005826950073242188,4.936281888729583e-06,0.0,0.0,RandomUnderSampler(random_state=42),0.01,500,2,l2,42,lbfgs,1e-08,,SelectKBest(score_func=<function mutual_info_classif at 0x7e3bb6fd3420>),5,,"{'balance': RandomUnderSampler(random_state=42), 'classify__C': 0.01, 'classify__max_iter': 500, 'classify__n_jobs': 2, 'classify__penalty': 'l2', 'classify__random_state': 42, 'classify__solver': 'lbfgs', 'classify__tol': 1e-08, 'impute': None, 'select': SelectKBest(score_func=<function mutual_info_classif at 0x7e3bb6fd3420>), 'select__k': 5, 'transform': None}",,,,,,451,,,,,,451,,,,,,451
0.0006103515625,3.523812618752683e-05,0.0,0.0,RandomUnderSampler(random_state=42),0.01,1000,2,l2,42,lbfgs,0.0001,,SelectKBest(score_func=<function mutual_info_classif at 0x7e3bb6fd3420>),7,,"{'balance': RandomUnderSampler(random_state=42), 'classify__C': 0.01, 'classify__max_iter': 1000, 'classify__n_jobs': 2, 'classify__penalty': 'l2', 'classify__random_state': 42, 'classify__solver': 'lbfgs', 'classify__tol': 0.0001, 'impute': None, 'select': SelectKBest(score_func=<function mutual_info_classif at 0x7e3bb6fd3420>), 'select__k': 7, 'transform': None}",,,,,,451,,,,,,451,,,,,,451
0.0006833076477050781,5.91556806393863e-05,0.0,0.0,RandomUnderSampler(random_state=42),0.01,1000,2,l2,42,lbfgs,0.0001,,SelectKBest(score_func=<function mutual_info_classif at 0x7e3bb6fd3420>),5,,"{'balance': RandomUnderSampler(random_state=42), 'classify__C': 0.01, 'classify__max_iter': 1000, 'classify__n_jobs': 2, 'classify__penalty': 'l2', 'classify__random_state': 42, 'classify__solver': 'lbfgs', 'classify__tol': 0.0001, 'impute': None, 'select': SelectKBest(score_func=<function mutual_info_classif at 0x7e3bb6fd3420>), 'select__k': 5, 'transform': None}",,,,,,451,,,,,,451,,,,,,451
0.0003801981608072917,1.7040211718516446e-05,0.0,0.0,RandomUnderSampler(random_state=42),0.01,1000,2,l2,42,lbfgs,1e-06,SimpleImputer(strategy='median'),SelectKBest(score_func=<function mutual_info_classif at 0x7e3bb6fd3420>),9,,"{'balance': RandomUnderSampler(random_state=42), 'classify__C': 0.01, 'classify__max_iter': 1000, 'classify__n_jobs': 2, 'classify__penalty': 'l2', 'classify__random_state': 42, 'classify__solver': 'lbfgs', 'classify__tol': 1e-06, 'impute': SimpleImputer(strategy='median'), 'select': SelectKBest(score_func=<function mutual_info_classif at 0x7e3bb6fd3420>), 'select__k': 9, 'transform': None}",,,,,,451,,,,,,451,,,,,,451
0.0004030863444010417,1.1358225965014002e-05,0.0,0.0,RandomUnderSampler(random_state=42),0.01,1000,2,l2,42,lbfgs,1e-06,SimpleImputer(strategy='median'),SelectKBest(score_func=<function mutual_info_classif at 0x7e3bb6fd3420>),7,,"{'balance': RandomUnderSampler(random_state=42), 'classify__C': 0.01, 'classify__max_iter': 1000, 'classify__n_jobs': 2, 'classify__penalty': 'l2', 'classify__random_state': 42, 'classify__solver': 'lbfgs', 'classify__tol': 1e-06, 'impute': SimpleImputer(strategy='median'), 'select': SelectKBest(score_func=<function mutual_info_classif at 0x7e3bb6fd3420>), 'select__k': 7, 'transform': None}",,,,,,451,,,,,,451,,,,,,451
0.0003902117411295573,1.1122226005255251e-05,0.0,0.0,RandomUnderSampler(random_state=42),0.01,1000,2,l2,42,lbfgs,1e-06,SimpleImputer(strategy='median'),SelectKBest(score_func=<function mutual_info_classif at 0x7e3bb6fd3420>),5,,"{'balance': RandomUnderSampler(random_state=42), 'classify__C': 0.01, 'classify__max_iter': 1000, 'classify__n_jobs': 2, 'classify__penalty': 'l2', 'classify__random_state': 42, 'classify__solver': 'lbfgs', 'classify__tol': 1e-06, 'impute': SimpleImputer(strategy='median'), 'select': SelectKBest(score_func=<function mutual_info_classif at 0x7e3bb6fd3420>), 'select__k': 5, 'transform': None}",,,,,,451,,,,,,451,,,,,,451
0.0003548463185628255,2.9953783653653036e-05,0.0,0.0,RandomUnderSampler(random_state=42),0.01,1000,2,l2,42,lbfgs,1e-06,,SelectKBest(score_func=<function mutual_info_classif at 0x7e3bb6fd3420>),9,,"{'balance': RandomUnderSampler(random_state=42), 'classify__C': 0.01, 'classify__max_iter': 1000, 'classify__n_jobs': 2, 'classify__penalty': 'l2', 'classify__random_state': 42, 'classify__solver': 'lbfgs', 'classify__tol': 1e-06, 'impute': None, 'select': SelectKBest(score_func=<function mutual_info_classif at 0x7e3bb6fd3420>), 'select__k': 9, 'transform': None}",,,,,,451,,,,,,451,,,,,,451
0.0003466606140136719,1.2282606956855066e-05,0.0,0.0,RandomUnderSampler(random_state=42),0.01,1000,2,l2,42,lbfgs,1e-06,,SelectKBest(score_func=<function mutual_info_classif at 0x7e3bb6fd3420>),7,,"{'balance': RandomUnderSampler(random_state=42), 'classify__C': 0.01, 'classify__max_iter': 1000, 'classify__n_jobs': 2, 'classify__penalty': 'l2', 'classify__random_state': 42, 'classify__solver': 'lbfgs', 'classify__tol': 1e-06, 'impute': None, 'select': SelectKBest(score_func=<function mutual_info_classif at 0x7e3bb6fd3420>), 'select__k': 7, 'transform': None}",,,,,,451,,,,,,451,,,,,,451
0.000354766845703125,1.746487290555233e-05,0.0,0.0,RandomUnderSampler(random_state=42),0.01,1000,2,l2,42,lbfgs,1e-06,,SelectKBest(score_func=<function mutual_info_classif at 0x7e3bb6fd3420>),5,,"{'balance': RandomUnderSampler(random_state=42), 'classify__C': 0.01, 'classify__max_iter': 1000, 'classify__n_jobs': 2, 'classify__penalty': 'l2', 'classify__random_state': 42, 'classify__solver': 'lbfgs', 'classify__tol': 1e-06, 'impute': None, 'select': SelectKBest(score_func=<function mutual_info_classif at 0x7e3bb6fd3420>), 'select__k': 5, 'transform': None}",,,,,,451,,,,,,451,,,,,,451
0.0003956158955891927,2.5137304468212175e-05,0.0,0.0,RandomUnderSampler(random_state=42),0.01,1000,2,l2,42,lbfgs,1e-08,SimpleImputer(strategy='median'),SelectKBest(score_func=<function mutual_info_classif at 0x7e3bb6fd3420>),9,,"{'balance': RandomUnderSampler(random_state=42), 'classify__C': 0.01, 'classify__max_iter': 1000, 'classify__n_jobs': 2, 'classify__penalty': 'l2', 'classify__random_state': 42, 'classify__solver': 'lbfgs', 'classify__tol': 1e-08, 'impute': SimpleImputer(strategy='median'), 'select': SelectKBest(score_func=<function mutual_info_classif at 0x7e3bb6fd3420>), 'select__k': 9, 'transform': None}",,,,,,451,,,,,,451,,,,,,451
0.00047206878662109375,5.158223289114869e-05,0.0,0.0,RandomUnderSampler(random_state=42),0.01,1000,2,l2,42,lbfgs,1e-08,SimpleImputer(strategy='median'),SelectKBest(score_func=<function mutual_info_classif at 0x7e3bb6fd3420>),7,,"{'balance': RandomUnderSampler(random_state=42), 'classify__C': 0.01, 'classify__max_iter': 1000, 'classify__n_jobs': 2, 'classify__penalty': 'l2', 'classify__random_state': 42, 'classify__solver': 'lbfgs', 'classify__tol': 1e-08, 'impute': SimpleImputer(strategy='median'), 'select': SelectKBest(score_func=<function mutual_info_classif at 0x7e3bb6fd3420>), 'select__k': 7, 'transform': None}",,,,,,451,,,,,,451,,,,,,451
0.0004074573516845703,6.652974935040903e-06,0.0,0.0,RandomUnderSampler(random_state=42),0.01,1000,2,l2,42,lbfgs,1e-08,SimpleImputer(strategy='median'),SelectKBest(score_func=<function mutual_info_classif at 0x7e3bb6fd3420>),5,,"{'balance': RandomUnderSampler(random_state=42), 'classify__C': 0.01, 'classify__max_iter': 1000, 'classify__n_jobs': 2, 'classify__penalty': 'l2', 'classify__random_state': 42, 'classify__solver': 'lbfgs', 'classify__tol': 1e-08, 'impute': SimpleImputer(strategy='median'), 'select': SelectKBest(score_func=<function mutual_info_classif at 0x7e3bb6fd3420>), 'select__k': 5, 'transform': None}",,,,,,451,,,,,,451,,,,,,451
0.00048120816548665363,9.946834041597184e-05,0.0,0.0,RandomUnderSampler(random_state=42),0.01,1000,2,l2,42,lbfgs,1e-08,,SelectKBest(score_func=<function mutual_info_classif at 0x7e3bb6fd3420>),9,,"{'balance': RandomUnderSampler(random_state=42), 'classify__C': 0.01, 'classify__max_iter': 1000, 'classify__n_jobs': 2, 'classify__penalty': 'l2', 'classify__random_state': 42, 'classify__solver': 'lbfgs', 'classify__tol': 1e-08, 'impute': None, 'select': SelectKBest(score_func=<function mutual_info_classif at 0x7e3bb6fd3420>), 'select__k': 9, 'transform': None}",,,,,,451,,,,,,451,,,,,,451
0.0006863276163736979,7.399951789569553e-05,0.0,0.0,RandomUnderSampler(random_state=42),0.01,1000,2,l2,42,lbfgs,1e-08,,SelectKBest(score_func=<function mutual_info_classif at 0x7e3bb6fd3420>),7,,"{'balance': RandomUnderSampler(random_state=42), 'classify__C': 0.01, 'classify__max_iter': 1000, 'classify__n_jobs': 2, 'classify__penalty': 'l2', 'classify__random_state': 42, 'classify__solver': 'lbfgs', 'classify__tol': 1e-08, 'impute': None, 'select': SelectKBest(score_func=<function mutual_info_classif at 0x7e3bb6fd3420>), 'select__k': 7, 'transform': None}",,,,,,451,,,,,,451,,,,,,451
0.0005698204040527344,1.4721583077576066e-05,0.0,0.0,RandomUnderSampler(random_state=42),0.01,1000,2,l2,42,lbfgs,1e-08,,SelectKBest(score_func=<function mutual_info_classif at 0x7e3bb6fd3420>),5,,"{'balance': RandomUnderSampler(random_state=42), 'classify__C': 0.01, 'classify__max_iter': 1000, 'classify__n_jobs': 2, 'classify__penalty': 'l2', 'classify__random_state': 42, 'classify__solver': 'lbfgs', 'classify__tol': 1e-08, 'impute': None, 'select': SelectKBest(score_func=<function mutual_info_classif at 0x7e3bb6fd3420>), 'select__k': 5, 'transform': None}",,,,,,451,,,,,,451,,,,,,451
0.0006518363952636719,1.7842674721943982e-05,0.0,0.0,RandomUnderSampler(random_state=42),0.01,500,2,l2,42,lbfgs,0.0001,SimpleImputer(strategy='median'),SelectKBest(score_func=<function mutual_info_classif at 0x7e3bb6fd3420>),9,,"{'balance': RandomUnderSampler(random_state=42), 'classify__C': 0.01, 'classify__max_iter': 500, 'classify__n_jobs': 2, 'classify__penalty': 'l2', 'classify__random_state': 42, 'classify__solver': 'lbfgs', 'classify__tol': 0.0001, 'impute': SimpleImputer(strategy='median'), 'select': SelectKBest(score_func=<function mutual_info_classif at 0x7e3bb6fd3420>), 'select__k': 9, 'transform': None}",,,,,,451,,,,,,451,,,,,,451
0.0006963411966959635,3.592577632998055e-05,0.0,0.0,RandomUnderSampler(random_state=42),0.01,500,2,l2,42,lbfgs,0.0001,SimpleImputer(strategy='median'),SelectKBest(score_func=<function mutual_info_classif at 0x7e3bb6fd3420>),7,,"{'balance': RandomUnderSampler(random_state=42), 'classify__C': 0.01, 'classify__max_iter': 500, 'classify__n_jobs': 2, 'classify__penalty': 'l2', 'classify__random_state': 42, 'classify__solver': 'lbfgs', 'classify__tol': 0.0001, 'impute': SimpleImputer(strategy='median'), 'select': SelectKBest(score_func=<function mutual_info_classif at 0x7e3bb6fd3420>), 'select__k': 7, 'transform': None}",,,,,,451,,,,,,451,,,,,,451
0.0003914038340250651,1.1630222403161822e-05,0.0,0.0,RandomUnderSampler(random_state=42),0.01,2000,2,l2,42,lbfgs,1e-06,SimpleImputer(strategy='median'),SelectKBest(score_func=<function mutual_info_classif at 0x7e3bb6fd3420>),9,,"{'balance': RandomUnderSampler(random_state=42), 'classify__C': 0.01, 'classify__max_iter': 2000, 'classify__n_jobs': 2, 'classify__penalty': 'l2', 'classify__random_state': 42, 'classify__solver': 'lbfgs', 'classify__tol': 1e-06, 'impute': SimpleImputer(strategy='median'), 'select': SelectKBest(score_func=<function mutual_info_classif at 0x7e3bb6fd3420>), 'select__k': 9, 'transform': None}",,,,,,451,,,,,,451,,,,,,451
0.00038584073384602863,1.8315692571529284e-05,0.0,0.0,RandomUnderSampler(random_state=42),0.01,2000,2,l2,42,lbfgs,1e-06,SimpleImputer(strategy='median'),SelectKBest(score_func=<function mutual_info_classif at 0x7e3bb6fd3420>),7,,"{'balance': RandomUnderSampler(random_state=42), 'classify__C': 0.01, 'classify__max_iter': 2000, 'classify__n_jobs': 2, 'classify__penalty': 'l2', 'classify__random_state': 42, 'classify__solver': 'lbfgs', 'classify__tol': 1e-06, 'impute': SimpleImputer(strategy='median'), 'select': SelectKBest(score_func=<function mutual_info_classif at 0x7e3bb6fd3420>), 'select__k': 7, 'transform': None}",,,,,,451,,,,,,451,,,,,,451
0.0004017353057861328,2.0932915902751867e-05,0.0,0.0,RandomUnderSampler(random_state=42),0.01,2000,2,l2,42,lbfgs,1e-06,SimpleImputer(strategy='median'),SelectKBest(score_func=<function mutual_info_classif at 0x7e3bb6fd3420>),5,,"{'balance': RandomUnderSampler(random_state=42), 'classify__C': 0.01, 'classify__max_iter': 2000, 'classify__n_jobs': 2, 'classify__penalty': 'l2', 'classify__random_state': 42, 'classify__solver': 'lbfgs', 'classify__tol': 1e-06, 'impute': SimpleImputer(strategy='median'), 'select': SelectKBest(score_func=<function mutual_info_classif at 0x7e3bb6fd3420>), 'select__k': 5, 'transform': None}",,,,,,451,,,,,,451,,,,,,451
0.00035858154296875,1.2484576665483519e-05,0.0,0.0,RandomUnderSampler(random_state=42),0.01,2000,2,l2,42,lbfgs,1e-06,,SelectKBest(score_func=<function mutual_info_classif at 0x7e3bb6fd3420>),9,,"{'balance': RandomUnderSampler(random_state=42), 'classify__C': 0.01, 'classify__max_iter': 2000, 'classify__n_jobs': 2, 'classify__penalty': 'l2', 'classify__random_state': 42, 'classify__solver': 'lbfgs', 'classify__tol': 1e-06, 'impute': None, 'select': SelectKBest(score_func=<function mutual_info_classif at 0x7e3bb6fd3420>), 'select__k': 9, 'transform': None}",,,,,,451,,,,,,451,,,,,,451
0.0003650188446044922,2.1813237070126408e-05,0.0,0.0,RandomUnderSampler(random_state=42),0.01,2000,2,l2,42,lbfgs,1e-06,,SelectKBest(score_func=<function mutual_info_classif at 0x7e3bb6fd3420>),7,,"{'balance': RandomUnderSampler(random_state=42), 'classify__C': 0.01, 'classify__max_iter': 2000, 'classify__n_jobs': 2, 'classify__penalty': 'l2', 'classify__random_state': 42, 'classify__solver': 'lbfgs', 'classify__tol': 1e-06, 'impute': None, 'select': SelectKBest(score_func=<function mutual_info_classif at 0x7e3bb6fd3420>), 'select__k': 7, 'transform': None}",,,,,,451,,,,,,451,,,,,,451
0.00034848848978678387,8.887468057597012e-06,0.0,0.0,RandomUnderSampler(random_state=42),0.01,2000,2,l2,42,lbfgs,1e-06,,SelectKBest(score_func=<function mutual_info_classif at 0x7e3bb6fd3420>),5,,"{'balance': RandomUnderSampler(random_state=42), 'classify__C': 0.01, 'classify__max_iter': 2000, 'classify__n_jobs': 2, 'classify__penalty': 'l2', 'classify__random_state': 42, 'classify__solver': 'lbfgs', 'classify__tol': 1e-06, 'impute': None, 'select': SelectKBest(score_func=<function mutual_info_classif at 0x7e3bb6fd3420>), 'select__k': 5, 'transform': None}",,,,,,451,,,,,,451,,,,,,451
0.0004177093505859375,1.5452516132590433e-05,0.0,0.0,RandomUnderSampler(random_state=42),0.01,2000,2,l2,42,lbfgs,1e-08,SimpleImputer(strategy='median'),SelectKBest(score_func=<function mutual_info_classif at 0x7e3bb6fd3420>),9,,"{'balance': RandomUnderSampler(random_state=42), 'classify__C': 0.01, 'classify__max_iter': 2000, 'classify__n_jobs': 2, 'classify__penalty': 'l2', 'classify__random_state': 42, 'classify__solver': 'lbfgs', 'classify__tol': 1e-08, 'impute': SimpleImputer(strategy='median'), 'select': SelectKBest(score_func=<function mutual_info_classif at 0x7e3bb6fd3420>), 'select__k': 9, 'transform': None}",,,,,,451,,,,,,451,,,,,,451
0.0004092852274576823,1.534093823579911e-05,0.0,0.0,RandomUnderSampler(random_state=42),0.01,2000,2,l2,42,lbfgs,1e-08,SimpleImputer(strategy='median'),SelectKBest(score_func=<function mutual_info_classif at 0x7e3bb6fd3420>),7,,"{'balance': RandomUnderSampler(random_state=42), 'classify__C': 0.01, 'classify__max_iter': 2000, 'classify__n_jobs': 2, 'classify__penalty': 'l2', 'classify__random_state': 42, 'classify__solver': 'lbfgs', 'classify__tol': 1e-08, 'impute': SimpleImputer(strategy='median'), 'select': SelectKBest(score_func=<function mutual_info_classif at 0x7e3bb6fd3420>), 'select__k': 7, 'transform': None}",,,,,,451,,,,,,451,,,,,,451
0.0004050731658935547,1.6226481940434985e-05,0.0,0.0,RandomUnderSampler(random_state=42),0.01,2000,2,l2,42,lbfgs,1e-08,SimpleImputer(strategy='median'),SelectKBest(score_func=<function mutual_info_classif at 0x7e3bb6fd3420>),5,,"{'balance': RandomUnderSampler(random_state=42), 'classify__C': 0.01, 'classify__max_iter': 2000, 'classify__n_jobs': 2, 'classify__penalty': 'l2', 'classify__random_state': 42, 'classify__solver': 'lbfgs', 'classify__tol': 1e-08, 'impute': SimpleImputer(strategy='median'), 'select': SelectKBest(score_func=<function mutual_info_classif at 0x7e3bb6fd3420>), 'select__k': 5, 'transform': None}",,,,,,451,,,,,,451,,,,,,451
0.00035190582275390625,1.504243007889981e-05,0.0,0.0,RandomUnderSampler(random_state=42),0.01,2000,2,l2,42,lbfgs,1e-08,,SelectKBest(score_func=<function mutual_info_classif at 0x7e3bb6fd3420>),9,,"{'balance': RandomUnderSampler(random_state=42), 'classify__C': 0.01, 'classify__max_iter': 2000, 'classify__n_jobs': 2, 'classify__penalty': 'l2', 'classify__random_state': 42, 'classify__solver': 'lbfgs', 'classify__tol': 1e-08, 'impute': None, 'select': SelectKBest(score_func=<function mutual_info_classif at 0x7e3bb6fd3420>), 'select__k': 9, 'transform': None}",,,,,,451,,,,,,451,,,,,,451
0.00035953521728515625,2.0326727820604242e-05,0.0,0.0,RandomUnderSampler(random_state=42),0.01,2000,2,l2,42,lbfgs,1e-08,,SelectKBest(score_func=<function mutual_info_classif at 0x7e3bb6fd3420>),7,,"{'balance': RandomUnderSampler(random_state=42), 'classify__C': 0.01, 'classify__max_iter': 2000, 'classify__n_jobs': 2, 'classify__penalty': 'l2', 'classify__random_state': 42, 'classify__solver': 'lbfgs', 'classify__tol': 1e-08, 'impute': None, 'select': SelectKBest(score_func=<function mutual_info_classif at 0x7e3bb6fd3420>), 'select__k': 7, 'transform': None}",,,,,,451,,,,,,451,,,,,,451
0.0003737608591715495,9.602742174144245e-07,0.0,0.0,RandomUnderSampler(random_state=42),0.01,2000,2,l2,42,lbfgs,1e-08,,SelectKBest(score_func=<function mutual_info_classif at 0x7e3bb6fd3420>),5,,"{'balance': RandomUnderSampler(random_state=42), 'classify__C': 0.01, 'classify__max_iter': 2000, 'classify__n_jobs': 2, 'classify__penalty': 'l2', 'classify__random_state': 42, 'classify__solver': 'lbfgs', 'classify__tol': 1e-08, 'impute': None, 'select': SelectKBest(score_func=<function mutual_info_classif at 0x7e3bb6fd3420>), 'select__k': 5, 'transform': None}",,,,,,451,,,,,,451,,,,,,451
0.00040404001871744793,4.354358524259798e-06,0.0,0.0,RandomUnderSampler(random_state=42),0.01,1000,2,l2,42,lbfgs,0.0001,SimpleImputer(strategy='median'),SelectKBest(score_func=<function mutual_info_classif at 0x7e3bb6fd3420>),9,,"{'balance': RandomUnderSampler(random_state=42), 'classify__C': 0.01, 'classify__max_iter': 1000, 'classify__n_jobs': 2, 'classify__penalty': 'l2', 'classify__random_state': 42, 'classify__solver': 'lbfgs', 'classify__tol': 0.0001, 'impute': SimpleImputer(strategy='median'), 'select': SelectKBest(score_func=<function mutual_info_classif at 0x7e3bb6fd3420>), 'select__k': 9, 'transform': None}",,,,,,451,,,,,,451,,,,,,451
0.0004054705301920573,1.0929757669029196e-05,0.0,0.0,RandomUnderSampler(random_state=42),0.01,1000,2,l2,42,lbfgs,0.0001,SimpleImputer(strategy='median'),SelectKBest(score_func=<function mutual_info_classif at 0x7e3bb6fd3420>),7,,"{'balance': RandomUnderSampler(random_state=42), 'classify__C': 0.01, 'classify__max_iter': 1000, 'classify__n_jobs': 2, 'classify__penalty': 'l2', 'classify__random_state': 42, 'classify__solver': 'lbfgs', 'classify__tol': 0.0001, 'impute': SimpleImputer(strategy='median'), 'select': SelectKBest(score_func=<function mutual_info_classif at 0x7e3bb6fd3420>), 'select__k': 7, 'transform': None}",,,,,,451,,,,,,451,,,,,,451
0.0006757577260335287,0.00017479581700724595,0.0,0.0,RandomUnderSampler(random_state=42),0.01,1000,2,l2,42,lbfgs,0.0001,SimpleImputer(strategy='median'),SelectKBest(score_func=<function mutual_info_classif at 0x7e3bb6fd3420>),5,,"{'balance': RandomUnderSampler(random_state=42), 'classify__C': 0.01, 'classify__max_iter': 1000, 'classify__n_jobs': 2, 'classify__penalty': 'l2', 'classify__random_state': 42, 'classify__solver': 'lbfgs', 'classify__tol': 0.0001, 'impute': SimpleImputer(strategy='median'), 'select': SelectKBest(score_func=<function mutual_info_classif at 0x7e3bb6fd3420>), 'select__k': 5, 'transform': None}",,,,,,451,,,,,,451,,,,,,451
0.0006589889526367188,4.74259242724591e-05,0.0,0.0,RandomUnderSampler(random_state=42),0.01,1000,2,l2,42,lbfgs,0.0001,,SelectKBest(score_func=<function mutual_info_classif at 0x7e3bb6fd3420>),9,,"{'balance': RandomUnderSampler(random_state=42), 'classify__C': 0.01, 'classify__max_iter': 1000, 'classify__n_jobs': 2, 'classify__penalty': 'l2', 'classify__random_state': 42, 'classify__solver': 'lbfgs', 'classify__tol': 0.0001, 'impute': None, 'select': SelectKBest(score_func=<function mutual_info_classif at 0x7e3bb6fd3420>), 'select__k': 9, 'transform': None}",,,,,,451,,,,,,451,,,,,,451
0.00036915143330891925,9.00606699835972e-06,0.0,0.0,RandomUnderSampler(random_state=42),0.1,100,2,l2,42,lbfgs,1e-06,SimpleImputer(strategy='median'),SelectKBest(score_func=<function mutual_info_classif at 0x7e3bb6fd3420>),5,,"{'balance': RandomUnderSampler(random_state=42), 'classify__C': 0.1, 'classify__max_iter': 100, 'classify__n_jobs': 2, 'classify__penalty': 'l2', 'classify__random_state': 42, 'classify__solver': 'lbfgs', 'classify__tol': 1e-06, 'impute': SimpleImputer(strategy='median'), 'select': SelectKBest(score_func=<function mutual_info_classif at 0x7e3bb6fd3420>), 'select__k': 5, 'transform': None}",,,,,,451,,,,,,451,,,,,,451
0.0003477732340494792,1.3266493759238709e-05,0.0,0.0,RandomUnderSampler(random_state=42),0.1,100,2,l2,42,lbfgs,1e-06,,SelectKBest(score_func=<function mutual_info_classif at 0x7e3bb6fd3420>),9,,"{'balance': RandomUnderSampler(random_state=42), 'classify__C': 0.1, 'classify__max_iter': 100, 'classify__n_jobs': 2, 'classify__penalty': 'l2', 'classify__random_state': 42, 'classify__solver': 'lbfgs', 'classify__tol': 1e-06, 'impute': None, 'select': SelectKBest(score_func=<function mutual_info_classif at 0x7e3bb6fd3420>), 'select__k': 9, 'transform': None}",,,,,,451,,,,,,451,,,,,,451
0.0003414154052734375,9.011675634742283e-06,0.0,0.0,RandomUnderSampler(random_state=42),0.1,100,2,l2,42,lbfgs,1e-06,,SelectKBest(score_func=<function mutual_info_classif at 0x7e3bb6fd3420>),7,,"{'balance': RandomUnderSampler(random_state=42), 'classify__C': 0.1, 'classify__max_iter': 100, 'classify__n_jobs': 2, 'classify__penalty': 'l2', 'classify__random_state': 42, 'classify__solver': 'lbfgs', 'classify__tol': 1e-06, 'impute': None, 'select': SelectKBest(score_func=<function mutual_info_classif at 0x7e3bb6fd3420>), 'select__k': 7, 'transform': None}",,,,,,451,,,,,,451,,,,,,451
0.00033346811930338543,8.723933855732341e-06,0.0,0.0,RandomUnderSampler(random_state=42),0.1,100,2,l2,42,lbfgs,1e-06,,SelectKBest(score_func=<function mutual_info_classif at 0x7e3bb6fd3420>),5,,"{'balance': RandomUnderSampler(random_state=42), 'classify__C': 0.1, 'classify__max_iter': 100, 'classify__n_jobs': 2, 'classify__penalty': 'l2', 'classify__random_state': 42, 'classify__solver': 'lbfgs', 'classify__tol': 1e-06, 'impute': None, 'select': SelectKBest(score_func=<function mutual_info_classif at 0x7e3bb6fd3420>), 'select__k': 5, 'transform': None}",,,,,,451,,,,,,451,,,,,,451
0.00039203961690266925,9.695037444696154e-06,0.0,0.0,RandomUnderSampler(random_state=42),0.1,100,2,l2,42,lbfgs,1e-08,SimpleImputer(strategy='median'),SelectKBest(score_func=<function mutual_info_classif at 0x7e3bb6fd3420>),9,,"{'balance': RandomUnderSampler(random_state=42), 'classify__C': 0.1, 'classify__max_iter': 100, 'classify__n_jobs': 2, 'classify__penalty': 'l2', 'classify__random_state': 42, 'classify__solver': 'lbfgs', 'classify__tol': 1e-08, 'impute': SimpleImputer(strategy='median'), 'select': SelectKBest(score_func=<function mutual_info_classif at 0x7e3bb6fd3420>), 'select__k': 9, 'transform': None}",,,,,,451,,,,,,451,,,,,,451
0.00039259592692057293,8.036588560871823e-06,0.0,0.0,RandomUnderSampler(random_state=42),0.1,100,2,l2,42,lbfgs,1e-08,SimpleImputer(strategy='median'),SelectKBest(score_func=<function mutual_info_classif at 0x7e3bb6fd3420>),7,,"{'balance': RandomUnderSampler(random_state=42), 'classify__C': 0.1, 'classify__max_iter': 100, 'classify__n_jobs': 2, 'classify__penalty': 'l2', 'classify__random_state': 42, 'classify__solver': 'lbfgs', 'classify__tol': 1e-08, 'impute': SimpleImputer(strategy='median'), 'select': SelectKBest(score_func=<function mutual_info_classif at 0x7e3bb6fd3420>), 'select__k': 7, 'transform': None}",,,,,,451,,,,,,451,,,,,,451
0.0006696383158365885,0.00015764214494580549,0.0,0.0,RandomUnderSampler(random_state=42),0.1,100,2,l2,42,lbfgs,1e-08,SimpleImputer(strategy='median'),SelectKBest(score_func=<function mutual_info_classif at 0x7e3bb6fd3420>),5,,"{'balance': RandomUnderSampler(random_state=42), 'classify__C': 0.1, 'classify__max_iter': 100, 'classify__n_jobs': 2, 'classify__penalty': 'l2', 'classify__random_state': 42, 'classify__solver': 'lbfgs', 'classify__tol': 1e-08, 'impute': SimpleImputer(strategy='median'), 'select': SelectKBest(score_func=<function mutual_info_classif at 0x7e3bb6fd3420>), 'select__k': 5, 'transform': None}",,,,,,451,,,,,,451,,,,,,451
0.0005954901377360026,1.0123357559160294e-05,0.0,0.0,RandomUnderSampler(random_state=42),0.1,100,2,l2,42,lbfgs,1e-08,,SelectKBest(score_func=<function mutual_info_classif at 0x7e3bb6fd3420>),9,,"{'balance': RandomUnderSampler(random_state=42), 'classify__C': 0.1, 'classify__max_iter': 100, 'classify__n_jobs': 2, 'classify__penalty': 'l2', 'classify__random_state': 42, 'classify__solver': 'lbfgs', 'classify__tol': 1e-08, 'impute': None, 'select': SelectKBest(score_func=<function mutual_info_classif at 0x7e3bb6fd3420>), 'select__k': 9, 'transform': None}",,,,,,451,,,,,,451,,,,,,451
0.0005899270375569662,1.9979167127571954e-06,0.0,0.0,RandomUnderSampler(random_state=42),0.1,100,2,l2,42,lbfgs,1e-08,,SelectKBest(score_func=<function mutual_info_classif at 0x7e3bb6fd3420>),7,,"{'balance': RandomUnderSampler(random_state=42), 'classify__C': 0.1, 'classify__max_iter': 100, 'classify__n_jobs': 2, 'classify__penalty': 'l2', 'classify__random_state': 42, 'classify__solver': 'lbfgs', 'classify__tol': 1e-08, 'impute': None, 'select': SelectKBest(score_func=<function mutual_info_classif at 0x7e3bb6fd3420>), 'select__k': 7, 'transform': None}",,,,,,451,,,,,,451,,,,,,451
0.0005899270375569662,3.914391312924941e-06,0.0,0.0,RandomUnderSampler(random_state=42),0.1,100,2,l2,42,lbfgs,1e-08,,SelectKBest(score_func=<function mutual_info_classif at 0x7e3bb6fd3420>),5,,"{'balance': RandomUnderSampler(random_state=42), 'classify__C': 0.1, 'classify__max_iter': 100, 'classify__n_jobs': 2, 'classify__penalty': 'l2', 'classify__random_state': 42, 'classify__solver': 'lbfgs', 'classify__tol': 1e-08, 'impute': None, 'select': SelectKBest(score_func=<function mutual_info_classif at 0x7e3bb6fd3420>), 'select__k': 5, 'transform': None}",,,,,,451,,,,,,451,,,,,,451
0.0006894270579020182,2.546382852223538e-05,0.0,0.0,RandomUnderSampler(random_state=42),0.01,2000,2,l2,42,lbfgs,0.0001,SimpleImputer(strategy='median'),SelectKBest(score_func=<function mutual_info_classif at 0x7e3bb6fd3420>),9,,"{'balance': RandomUnderSampler(random_state=42), 'classify__C': 0.01, 'classify__max_iter': 2000, 'classify__n_jobs': 2, 'classify__penalty': 'l2', 'classify__random_state': 42, 'classify__solver': 'lbfgs', 'classify__tol': 0.0001, 'impute': SimpleImputer(strategy='median'), 'select': SelectKBest(score_func=<function mutual_info_classif at 0x7e3bb6fd3420>), 'select__k': 9, 'transform': None}",,,,,,451,,,,,,451,,,,,,451
0.0006746451059977213,1.2448606013743892e-05,0.0,0.0,RandomUnderSampler(random_state=42),0.01,2000,2,l2,42,lbfgs,0.0001,SimpleImputer(strategy='median'),SelectKBest(score_func=<function mutual_info_classif at 0x7e3bb6fd3420>),7,,"{'balance': RandomUnderSampler(random_state=42), 'classify__C': 0.01, 'classify__max_iter': 2000, 'classify__n_jobs': 2, 'classify__penalty': 'l2', 'classify__random_state': 42, 'classify__solver': 'lbfgs', 'classify__tol': 0.0001, 'impute': SimpleImputer(strategy='median'), 'select': SelectKBest(score_func=<function mutual_info_classif at 0x7e3bb6fd3420>), 'select__k': 7, 'transform': None}",,,,,,451,,,,,,451,,,,,,451
0.0006298224131266276,0.00014949261069567986,0.0,0.0,RandomUnderSampler(random_state=42),0.01,2000,2,l2,42,lbfgs,0.0001,SimpleImputer(strategy='median'),SelectKBest(score_func=<function mutual_info_classif at 0x7e3bb6fd3420>),5,,"{'balance': RandomUnderSampler(random_state=42), 'classify__C': 0.01, 'classify__max_iter': 2000, 'classify__n_jobs': 2, 'classify__penalty': 'l2', 'classify__random_state': 42, 'classify__solver': 'lbfgs', 'classify__tol': 0.0001, 'impute': SimpleImputer(strategy='median'), 'select': SelectKBest(score_func=<function mutual_info_classif at 0x7e3bb6fd3420>), 'select__k': 5, 'transform': None}",,,,,,451,,,,,,451,,,,,,451
0.00034554799397786457,1.4728445886912215e-05,0.0,0.0,RandomUnderSampler(random_state=42),0.01,2000,2,l2,42,lbfgs,0.0001,,SelectKBest(score_func=<function mutual_info_classif at 0x7e3bb6fd3420>),9,,"{'balance': RandomUnderSampler(random_state=42), 'classify__C': 0.01, 'classify__max_iter': 2000, 'classify__n_jobs': 2, 'classify__penalty': 'l2', 'classify__random_state': 42, 'classify__solver': 'lbfgs', 'classify__tol': 0.0001, 'impute': None, 'select': SelectKBest(score_func=<function mutual_info_classif at 0x7e3bb6fd3420>), 'select__k': 9, 'transform': None}",,,,,,451,,,,,,451,,,,,,451
0.00034197171529134113,9.056419683336069e-06,0.0,0.0,RandomUnderSampler(random_state=42),0.01,2000,2,l2,42,lbfgs,0.0001,,SelectKBest(score_func=<function mutual_info_classif at 0x7e3bb6fd3420>),7,,"{'balance': RandomUnderSampler(random_state=42), 'classify__C': 0.01, 'classify__max_iter': 2000, 'classify__n_jobs': 2, 'classify__penalty': 'l2', 'classify__random_state': 42, 'classify__solver': 'lbfgs', 'classify__tol': 0.0001, 'impute': None, 'select': SelectKBest(score_func=<function mutual_info_classif at 0x7e3bb6fd3420>), 'select__k': 7, 'transform': None}",,,,,,451,,,,,,451,,,,,,451
0.00035699208577473957,7.4135868581255845e-06,0.0,0.0,RandomUnderSampler(random_state=42),0.01,2000,2,l2,42,lbfgs,0.0001,,SelectKBest(score_func=<function mutual_info_classif at 0x7e3bb6fd3420>),5,,"{'balance': RandomUnderSampler(random_state=42), 'classify__C': 0.01, 'classify__max_iter': 2000, 'classify__n_jobs': 2, 'classify__penalty': 'l2', 'classify__random_state': 42, 'classify__solver': 'lbfgs', 'classify__tol': 0.0001, 'impute': None, 'select': SelectKBest(score_func=<function mutual_info_classif at 0x7e3bb6fd3420>), 'select__k': 5, 'transform': None}",,,,,,451,,,,,,451,,,,,,451
0.00035182634989420575,7.1162609753683835e-06,0.0,0.0,RandomUnderSampler(random_state=42),0.1,200,2,l2,42,lbfgs,1e-06,,SelectKBest(score_func=<function mutual_info_classif at 0x7e3bb6fd3420>),7,,"{'balance': RandomUnderSampler(random_state=42), 'classify__C': 0.1, 'classify__max_iter': 200, 'classify__n_jobs': 2, 'classify__penalty': 'l2', 'classify__random_state': 42, 'classify__solver': 'lbfgs', 'classify__tol': 1e-06, 'impute': None, 'select': SelectKBest(score_func=<function mutual_info_classif at 0x7e3bb6fd3420>), 'select__k': 7, 'transform': None}",,,,,,451,,,,,,451,,,,,,451
0.0003407796223958333,7.570389559497744e-06,0.0,0.0,RandomUnderSampler(random_state=42),0.1,200,2,l2,42,lbfgs,1e-06,,SelectKBest(score_func=<function mutual_info_classif at 0x7e3bb6fd3420>),5,,"{'balance': RandomUnderSampler(random_state=42), 'classify__C': 0.1, 'classify__max_iter': 200, 'classify__n_jobs': 2, 'classify__penalty': 'l2', 'classify__random_state': 42, 'classify__solver': 'lbfgs', 'classify__tol': 1e-06, 'impute': None, 'select': SelectKBest(score_func=<function mutual_info_classif at 0x7e3bb6fd3420>), 'select__k': 5, 'transform': None}",,,,,,451,,,,,,451,,,,,,451
0.00042136510213216144,2.316575924785241e-05,0.0,0.0,RandomUnderSampler(random_state=42),0.1,200,2,l2,42,lbfgs,1e-08,SimpleImputer(strategy='median'),SelectKBest(score_func=<function mutual_info_classif at 0x7e3bb6fd3420>),9,,"{'balance': RandomUnderSampler(random_state=42), 'classify__C': 0.1, 'classify__max_iter': 200, 'classify__n_jobs': 2, 'classify__penalty': 'l2', 'classify__random_state': 42, 'classify__solver': 'lbfgs', 'classify__tol': 1e-08, 'impute': SimpleImputer(strategy='median'), 'select': SelectKBest(score_func=<function mutual_info_classif at 0x7e3bb6fd3420>), 'select__k': 9, 'transform': None}",,,,,,451,,,,,,451,,,,,,451
0.0006340344746907552,0.00012155518728904106,0.0,0.0,RandomUnderSampler(random_state=42),0.1,200,2,l2,42,lbfgs,1e-08,SimpleImputer(strategy='median'),SelectKBest(score_func=<function mutual_info_classif at 0x7e3bb6fd3420>),7,,"{'balance': RandomUnderSampler(random_state=42), 'classify__C': 0.1, 'classify__max_iter': 200, 'classify__n_jobs': 2, 'classify__penalty': 'l2', 'classify__random_state': 42, 'classify__solver': 'lbfgs', 'classify__tol': 1e-08, 'impute': SimpleImputer(strategy='median'), 'select': SelectKBest(score_func=<function mutual_info_classif at 0x7e3bb6fd3420>), 'select__k': 7, 'transform': None}",,,,,,451,,,,,,451,,,,,,451
0.0006565252939860026,4.4998765522295844e-06,0.0,0.0,RandomUnderSampler(random_state=42),0.1,200,2,l2,42,lbfgs,1e-08,SimpleImputer(strategy='median'),SelectKBest(score_func=<function mutual_info_classif at 0x7e3bb6fd3420>),5,,"{'balance': RandomUnderSampler(random_state=42), 'classify__C': 0.1, 'classify__max_iter': 200, 'classify__n_jobs': 2, 'classify__penalty': 'l2', 'classify__random_state': 42, 'classify__solver': 'lbfgs', 'classify__tol': 1e-08, 'impute': SimpleImputer(strategy='median'), 'select': SelectKBest(score_func=<function mutual_info_classif at 0x7e3bb6fd3420>), 'select__k': 5, 'transform': None}",,,,,,451,,,,,,451,,,,,,451
0.0005861918131510416,5.886358956381863e-06,0.0,0.0,RandomUnderSampler(random_state=42),0.1,200,2,l2,42,lbfgs,1e-08,,SelectKBest(score_func=<function mutual_info_classif at 0x7e3bb6fd3420>),9,,"{'balance': RandomUnderSampler(random_state=42), 'classify__C': 0.1, 'classify__max_iter': 200, 'classify__n_jobs': 2, 'classify__penalty': 'l2', 'classify__random_state': 42, 'classify__solver': 'lbfgs', 'classify__tol': 1e-08, 'impute': None, 'select': SelectKBest(score_func=<function mutual_info_classif at 0x7e3bb6fd3420>), 'select__k': 9, 'transform': None}",,,,,,451,,,,,,451,,,,,,451
0.0006575584411621094,2.4725129363497844e-05,0.0,0.0,RandomUnderSampler(random_state=42),0.1,200,2,l2,42,lbfgs,1e-08,,SelectKBest(score_func=<function mutual_info_classif at 0x7e3bb6fd3420>),7,,"{'balance': RandomUnderSampler(random_state=42), 'classify__C': 0.1, 'classify__max_iter': 200, 'classify__n_jobs': 2, 'classify__penalty': 'l2', 'classify__random_state': 42, 'classify__solver': 'lbfgs', 'classify__tol': 1e-08, 'impute': None, 'select': SelectKBest(score_func=<function mutual_info_classif at 0x7e3bb6fd3420>), 'select__k': 7, 'transform': None}",,,,,,451,,,,,,451,,,,,,451
0.00047707557678222656,0.00018106296585043908,0.0,0.0,RandomUnderSampler(random_state=42),0.1,200,2,l2,42,lbfgs,1e-08,,SelectKBest(score_func=<function mutual_info_classif at 0x7e3bb6fd3420>),5,,"{'balance': RandomUnderSampler(random_state=42), 'classify__C': 0.1, 'classify__max_iter': 200, 'classify__n_jobs': 2, 'classify__penalty': 'l2', 'classify__random_state': 42, 'classify__solver': 'lbfgs', 'classify__tol': 1e-08, 'impute': None, 'select': SelectKBest(score_func=<function mutual_info_classif at 0x7e3bb6fd3420>), 'select__k': 5, 'transform': None}",,,,,,451,,,,,,451,,,,,,451
0.0003666877746582031,3.216442480857859e-06,0.0,0.0,RandomUnderSampler(random_state=42),0.1,100,2,l2,42,lbfgs,0.0001,SimpleImputer(strategy='median'),SelectKBest(score_func=<function mutual_info_classif at 0x7e3bb6fd3420>),9,,"{'balance': RandomUnderSampler(random_state=42), 'classify__C': 0.1, 'classify__max_iter': 100, 'classify__n_jobs': 2, 'classify__penalty': 'l2', 'classify__random_state': 42, 'classify__solver': 'lbfgs', 'classify__tol': 0.0001, 'impute': SimpleImputer(strategy='median'), 'select': SelectKBest(score_func=<function mutual_info_classif at 0x7e3bb6fd3420>), 'select__k': 9, 'transform': None}",,,,,,451,,,,,,451,,,,,,451
0.00035913785298665363,1.0959189208945083e-05,0.0,0.0,RandomUnderSampler(random_state=42),0.1,100,2,l2,42,lbfgs,0.0001,SimpleImputer(strategy='median'),SelectKBest(score_func=<function mutual_info_classif at 0x7e3bb6fd3420>),7,,"{'balance': RandomUnderSampler(random_state=42), 'classify__C': 0.1, 'classify__max_iter': 100, 'classify__n_jobs': 2, 'classify__penalty': 'l2', 'classify__random_state': 42, 'classify__solver': 'lbfgs', 'classify__tol': 0.0001, 'impute': SimpleImputer(strategy='median'), 'select': SelectKBest(score_func=<function mutual_info_classif at 0x7e3bb6fd3420>), 'select__k': 7, 'transform': None}",,,,,,451,,,,,,451,,,,,,451
0.0003528594970703125,8.465258612540551e-06,0.0,0.0,RandomUnderSampler(random_state=42),0.1,100,2,l2,42,lbfgs,0.0001,SimpleImputer(strategy='median'),SelectKBest(score_func=<function mutual_info_classif at 0x7e3bb6fd3420>),5,,"{'balance': RandomUnderSampler(random_state=42), 'classify__C': 0.1, 'classify__max_iter': 100, 'classify__n_jobs': 2, 'classify__penalty': 'l2', 'classify__random_state': 42, 'classify__solver': 'lbfgs', 'classify__tol': 0.0001, 'impute': SimpleImputer(strategy='median'), 'select': SelectKBest(score_func=<function mutual_info_classif at 0x7e3bb6fd3420>), 'select__k': 5, 'transform': None}",,,,,,451,,,,,,451,,,,,,451
0.0003268718719482422,4.08802704798752e-06,0.0,0.0,RandomUnderSampler(random_state=42),0.1,100,2,l2,42,lbfgs,0.0001,,SelectKBest(score_func=<function mutual_info_classif at 0x7e3bb6fd3420>),9,,"{'balance': RandomUnderSampler(random_state=42), 'classify__C': 0.1, 'classify__max_iter': 100, 'classify__n_jobs': 2, 'classify__penalty': 'l2', 'classify__random_state': 42, 'classify__solver': 'lbfgs', 'classify__tol': 0.0001, 'impute': None, 'select': SelectKBest(score_func=<function mutual_info_classif at 0x7e3bb6fd3420>), 'select__k': 9, 'transform': None}",,,,,,451,,,,,,451,,,,,,451
0.0003215471903483073,9.387221692551549e-06,0.0,0.0,RandomUnderSampler(random_state=42),0.1,100,2,l2,42,lbfgs,0.0001,,SelectKBest(score_func=<function mutual_info_classif at 0x7e3bb6fd3420>),7,,"{'balance': RandomUnderSampler(random_state=42), 'classify__C': 0.1, 'classify__max_iter': 100, 'classify__n_jobs': 2, 'classify__penalty': 'l2', 'classify__random_state': 42, 'classify__solver': 'lbfgs', 'classify__tol': 0.0001, 'impute': None, 'select': SelectKBest(score_func=<function mutual_info_classif at 0x7e3bb6fd3420>), 'select__k': 7, 'transform': None}",,,,,,451,,,,,,451,,,,,,451
0.00032901763916015625,1.1807538213331139e-05,0.0,0.0,RandomUnderSampler(random_state=42),0.1,100,2,l2,42,lbfgs,0.0001,,SelectKBest(score_func=<function mutual_info_classif at 0x7e3bb6fd3420>),5,,"{'balance': RandomUnderSampler(random_state=42), 'classify__C': 0.1, 'classify__max_iter': 100, 'classify__n_jobs': 2, 'classify__penalty': 'l2', 'classify__random_state': 42, 'classify__solver': 'lbfgs', 'classify__tol': 0.0001, 'impute': None, 'select': SelectKBest(score_func=<function mutual_info_classif at 0x7e3bb6fd3420>), 'select__k': 5, 'transform': None}",,,,,,451,,,,,,451,,,,,,451
0.0003561973571777344,5.645370685316099e-06,0.0,0.0,RandomUnderSampler(random_state=42),0.1,100,2,l2,42,lbfgs,1e-06,SimpleImputer(strategy='median'),SelectKBest(score_func=<function mutual_info_classif at 0x7e3bb6fd3420>),9,,"{'balance': RandomUnderSampler(random_state=42), 'classify__C': 0.1, 'classify__max_iter': 100, 'classify__n_jobs': 2, 'classify__penalty': 'l2', 'classify__random_state': 42, 'classify__solver': 'lbfgs', 'classify__tol': 1e-06, 'impute': SimpleImputer(strategy='median'), 'select': SelectKBest(score_func=<function mutual_info_classif at 0x7e3bb6fd3420>), 'select__k': 9, 'transform': None}",,,,,,451,,,,,,451,,,,,,451
0.00036780039469401043,4.483001955722318e-06,0.0,0.0,RandomUnderSampler(random_state=42),0.1,100,2,l2,42,lbfgs,1e-06,SimpleImputer(strategy='median'),SelectKBest(score_func=<function mutual_info_classif at 0x7e3bb6fd3420>),7,,"{'balance': RandomUnderSampler(random_state=42), 'classify__C': 0.1, 'classify__max_iter': 100, 'classify__n_jobs': 2, 'classify__penalty': 'l2', 'classify__random_state': 42, 'classify__solver': 'lbfgs', 'classify__tol': 1e-06, 'impute': SimpleImputer(strategy='median'), 'select': SelectKBest(score_func=<function mutual_info_classif at 0x7e3bb6fd3420>), 'select__k': 7, 'transform': None}",,,,,,451,,,,,,451,,,,,,451
0.0005695025126139323,9.79426179779289e-05,0.0,0.0,RandomUnderSampler(random_state=42),0.1,500,2,l2,42,lbfgs,1e-08,SimpleImputer(strategy='median'),SelectKBest(score_func=<function mutual_info_classif at 0x7e3bb6fd3420>),9,,"{'balance': RandomUnderSampler(random_state=42), 'classify__C': 0.1, 'classify__max_iter': 500, 'classify__n_jobs': 2, 'classify__penalty': 'l2', 'classify__random_state': 42, 'classify__solver': 'lbfgs', 'classify__tol': 1e-08, 'impute': SimpleImputer(strategy='median'), 'select': SelectKBest(score_func=<function mutual_info_classif at 0x7e3bb6fd3420>), 'select__k': 9, 'transform': None}",,,,,,451,,,,,,451,,,,,,451
0.0007026990254720052,3.082973387553226e-05,0.0,0.0,RandomUnderSampler(random_state=42),0.1,500,2,l2,42,lbfgs,1e-08,SimpleImputer(strategy='median'),SelectKBest(score_func=<function mutual_info_classif at 0x7e3bb6fd3420>),7,,"{'balance': RandomUnderSampler(random_state=42), 'classify__C': 0.1, 'classify__max_iter': 500, 'classify__n_jobs': 2, 'classify__penalty': 'l2', 'classify__random_state': 42, 'classify__solver': 'lbfgs', 'classify__tol': 1e-08, 'impute': SimpleImputer(strategy='median'), 'select': SelectKBest(score_func=<function mutual_info_classif at 0x7e3bb6fd3420>), 'select__k': 7, 'transform': None}",,,,,,451,,,,,,451,,,,,,451
0.0003647804260253906,9.637538400367611e-06,0.0,0.0,RandomUnderSampler(random_state=42),0.1,500,2,l2,42,lbfgs,1e-08,SimpleImputer(strategy='median'),SelectKBest(score_func=<function mutual_info_classif at 0x7e3bb6fd3420>),5,,"{'balance': RandomUnderSampler(random_state=42), 'classify__C': 0.1, 'classify__max_iter': 500, 'classify__n_jobs': 2, 'classify__penalty': 'l2', 'classify__random_state': 42, 'classify__solver': 'lbfgs', 'classify__tol': 1e-08, 'impute': SimpleImputer(strategy='median'), 'select': SelectKBest(score_func=<function mutual_info_classif at 0x7e3bb6fd3420>), 'select__k': 5, 'transform': None}",,,,,,451,,,,,,451,,,,,,451
0.00035127003987630207,1.0472942979871682e-05,0.0,0.0,RandomUnderSampler(random_state=42),0.1,500,2,l2,42,lbfgs,1e-08,,SelectKBest(score_func=<function mutual_info_classif at 0x7e3bb6fd3420>),9,,"{'balance': RandomUnderSampler(random_state=42), 'classify__C': 0.1, 'classify__max_iter': 500, 'classify__n_jobs': 2, 'classify__penalty': 'l2', 'classify__random_state': 42, 'classify__solver': 'lbfgs', 'classify__tol': 1e-08, 'impute': None, 'select': SelectKBest(score_func=<function mutual_info_classif at 0x7e3bb6fd3420>), 'select__k': 9, 'transform': None}",,,,,,451,,,,,,451,,,,,,451
0.0003495216369628906,7.420399252724615e-06,0.0,0.0,RandomUnderSampler(random_state=42),0.1,500,2,l2,42,lbfgs,1e-08,,SelectKBest(score_func=<function mutual_info_classif at 0x7e3bb6fd3420>),7,,"{'balance': RandomUnderSampler(random_state=42), 'classify__C': 0.1, 'classify__max_iter': 500, 'classify__n_jobs': 2, 'classify__penalty': 'l2', 'classify__random_state': 42, 'classify__solver': 'lbfgs', 'classify__tol': 1e-08, 'impute': None, 'select': SelectKBest(score_func=<function mutual_info_classif at 0x7e3bb6fd3420>), 'select__k': 7, 'transform': None}",,,,,,451,,,,,,451,,,,,,451
0.0003459453582763672,1.0004114793803397e-05,0.0,0.0,RandomUnderSampler(random_state=42),0.1,500,2,l2,42,lbfgs,1e-08,,SelectKBest(score_func=<function mutual_info_classif at 0x7e3bb6fd3420>),5,,"{'balance': RandomUnderSampler(random_state=42), 'classify__C': 0.1, 'classify__max_iter': 500, 'classify__n_jobs': 2, 'classify__penalty': 'l2', 'classify__random_state': 42, 'classify__solver': 'lbfgs', 'classify__tol': 1e-08, 'impute': None, 'select': SelectKBest(score_func=<function mutual_info_classif at 0x7e3bb6fd3420>), 'select__k': 5, 'transform': None}",,,,,,451,,,,,,451,,,,,,451
0.00037384033203125,1.7027604993148472e-05,0.0,0.0,RandomUnderSampler(random_state=42),0.1,200,2,l2,42,lbfgs,0.0001,SimpleImputer(strategy='median'),SelectKBest(score_func=<function mutual_info_classif at 0x7e3bb6fd3420>),9,,"{'balance': RandomUnderSampler(random_state=42), 'classify__C': 0.1, 'classify__max_iter': 200, 'classify__n_jobs': 2, 'classify__penalty': 'l2', 'classify__random_state': 42, 'classify__solver': 'lbfgs', 'classify__tol': 0.0001, 'impute': SimpleImputer(strategy='median'), 'select': SelectKBest(score_func=<function mutual_info_classif at 0x7e3bb6fd3420>), 'select__k': 9, 'transform': None}",,,,,,451,,,,,,451,,,,,,451
0.0003515879313151042,1.195954320719027e-05,0.0,0.0,RandomUnderSampler(random_state=42),0.1,200,2,l2,42,lbfgs,0.0001,SimpleImputer(strategy='median'),SelectKBest(score_func=<function mutual_info_classif at 0x7e3bb6fd3420>),7,,"{'balance': RandomUnderSampler(random_state=42), 'classify__C': 0.1, 'classify__max_iter': 200, 'classify__n_jobs': 2, 'classify__penalty': 'l2', 'classify__random_state': 42, 'classify__solver': 'lbfgs', 'classify__tol': 0.0001, 'impute': SimpleImputer(strategy='median'), 'select': SelectKBest(score_func=<function mutual_info_classif at 0x7e3bb6fd3420>), 'select__k': 7, 'transform': None}",,,,,,451,,,,,,451,,,,,,451
0.00036589304606119793,8.316978106149756e-06,0.0,0.0,RandomUnderSampler(random_state=42),0.1,200,2,l2,42,lbfgs,0.0001,SimpleImputer(strategy='median'),SelectKBest(score_func=<function mutual_info_classif at 0x7e3bb6fd3420>),5,,"{'balance': RandomUnderSampler(random_state=42), 'classify__C': 0.1, 'classify__max_iter': 200, 'classify__n_jobs': 2, 'classify__penalty': 'l2', 'classify__random_state': 42, 'classify__solver': 'lbfgs', 'classify__tol': 0.0001, 'impute': SimpleImputer(strategy='median'), 'select': SelectKBest(score_func=<function mutual_info_classif at 0x7e3bb6fd3420>), 'select__k': 5, 'transform': None}",,,,,,451,,,,,,451,,,,,,451
0.0003383954366048177,1.056301639155867e-05,0.0,0.0,RandomUnderSampler(random_state=42),0.1,200,2,l2,42,lbfgs,0.0001,,SelectKBest(score_func=<function mutual_info_classif at 0x7e3bb6fd3420>),9,,"{'balance': RandomUnderSampler(random_state=42), 'classify__C': 0.1, 'classify__max_iter': 200, 'classify__n_jobs': 2, 'classify__penalty': 'l2', 'classify__random_state': 42, 'classify__solver': 'lbfgs', 'classify__tol': 0.0001, 'impute': None, 'select': SelectKBest(score_func=<function mutual_info_classif at 0x7e3bb6fd3420>), 'select__k': 9, 'transform': None}",,,,,,451,,,,,,451,,,,,,451
0.0003360907236735026,7.3158209946092336e-06,0.0,0.0,RandomUnderSampler(random_state=42),0.1,200,2,l2,42,lbfgs,0.0001,,SelectKBest(score_func=<function mutual_info_classif at 0x7e3bb6fd3420>),7,,"{'balance': RandomUnderSampler(random_state=42), 'classify__C': 0.1, 'classify__max_iter': 200, 'classify__n_jobs': 2, 'classify__penalty': 'l2', 'classify__random_state': 42, 'classify__solver': 'lbfgs', 'classify__tol': 0.0001, 'impute': None, 'select': SelectKBest(score_func=<function mutual_info_classif at 0x7e3bb6fd3420>), 'select__k': 7, 'transform': None}",,,,,,451,,,,,,451,,,,,,451
0.0003317991892496745,7.552849051486157e-06,0.0,0.0,RandomUnderSampler(random_state=42),0.1,200,2,l2,42,lbfgs,0.0001,,SelectKBest(score_func=<function mutual_info_classif at 0x7e3bb6fd3420>),5,,"{'balance': RandomUnderSampler(random_state=42), 'classify__C': 0.1, 'classify__max_iter': 200, 'classify__n_jobs': 2, 'classify__penalty': 'l2', 'classify__random_state': 42, 'classify__solver': 'lbfgs', 'classify__tol': 0.0001, 'impute': None, 'select': SelectKBest(score_func=<function mutual_info_classif at 0x7e3bb6fd3420>), 'select__k': 5, 'transform': None}",,,,,,451,,,,,,451,,,,,,451
0.0003959337870279948,7.469603308047728e-06,0.0,0.0,RandomUnderSampler(random_state=42),0.1,200,2,l2,42,lbfgs,1e-06,SimpleImputer(strategy='median'),SelectKBest(score_func=<function mutual_info_classif at 0x7e3bb6fd3420>),9,,"{'balance': RandomUnderSampler(random_state=42), 'classify__C': 0.1, 'classify__max_iter': 200, 'classify__n_jobs': 2, 'classify__penalty': 'l2', 'classify__random_state': 42, 'classify__solver': 'lbfgs', 'classify__tol': 1e-06, 'impute': SimpleImputer(strategy='median'), 'select': SelectKBest(score_func=<function mutual_info_classif at 0x7e3bb6fd3420>), 'select__k': 9, 'transform': None}",,,,,,451,,,,,,451,,,,,,451
0.000394741694132487,7.434005313662572e-06,0.0,0.0,RandomUnderSampler(random_state=42),0.1,200,2,l2,42,lbfgs,1e-06,SimpleImputer(strategy='median'),SelectKBest(score_func=<function mutual_info_classif at 0x7e3bb6fd3420>),7,,"{'balance': RandomUnderSampler(random_state=42), 'classify__C': 0.1, 'classify__max_iter': 200, 'classify__n_jobs': 2, 'classify__penalty': 'l2', 'classify__random_state': 42, 'classify__solver': 'lbfgs', 'classify__tol': 1e-06, 'impute': SimpleImputer(strategy='median'), 'select': SelectKBest(score_func=<function mutual_info_classif at 0x7e3bb6fd3420>), 'select__k': 7, 'transform': None}",,,,,,451,,,,,,451,,,,,,451
0.00038631757100423175,1.2780560318868902e-05,0.0,0.0,RandomUnderSampler(random_state=42),0.1,200,2,l2,42,lbfgs,1e-06,SimpleImputer(strategy='median'),SelectKBest(score_func=<function mutual_info_classif at 0x7e3bb6fd3420>),5,,"{'balance': RandomUnderSampler(random_state=42), 'classify__C': 0.1, 'classify__max_iter': 200, 'classify__n_jobs': 2, 'classify__penalty': 'l2', 'classify__random_state': 42, 'classify__solver': 'lbfgs', 'classify__tol': 1e-06, 'impute': SimpleImputer(strategy='median'), 'select': SelectKBest(score_func=<function mutual_info_classif at 0x7e3bb6fd3420>), 'select__k': 5, 'transform': None}",,,,,,451,,,,,,451,,,,,,451
0.0003465016682942708,1.4922709249828929e-05,0.0,0.0,RandomUnderSampler(random_state=42),0.1,200,2,l2,42,lbfgs,1e-06,,SelectKBest(score_func=<function mutual_info_classif at 0x7e3bb6fd3420>),9,,"{'balance': RandomUnderSampler(random_state=42), 'classify__C': 0.1, 'classify__max_iter': 200, 'classify__n_jobs': 2, 'classify__penalty': 'l2', 'classify__random_state': 42, 'classify__solver': 'lbfgs', 'classify__tol': 1e-06, 'impute': None, 'select': SelectKBest(score_func=<function mutual_info_classif at 0x7e3bb6fd3420>), 'select__k': 9, 'transform': None}",,,,,,451,,,,,,451,,,,,,451
0.00036915143330891925,1.1346542547591366e-05,0.0,0.0,RandomUnderSampler(random_state=42),0.1,1000,2,l2,42,lbfgs,1e-08,SimpleImputer(strategy='median'),SelectKBest(score_func=<function mutual_info_classif at 0x7e3bb6fd3420>),5,,"{'balance': RandomUnderSampler(random_state=42), 'classify__C': 0.1, 'classify__max_iter': 1000, 'classify__n_jobs': 2, 'classify__penalty': 'l2', 'classify__random_state': 42, 'classify__solver': 'lbfgs', 'classify__tol': 1e-08, 'impute': SimpleImputer(strategy='median'), 'select': SelectKBest(score_func=<function mutual_info_classif at 0x7e3bb6fd3420>), 'select__k': 5, 'transform': None}",,,,,,451,,,,,,451,,,,,,451
0.00032250086466471356,9.97629743391033e-06,0.0,0.0,RandomUnderSampler(random_state=42),0.1,1000,2,l2,42,lbfgs,1e-08,,SelectKBest(score_func=<function mutual_info_classif at 0x7e3bb6fd3420>),9,,"{'balance': RandomUnderSampler(random_state=42), 'classify__C': 0.1, 'classify__max_iter': 1000, 'classify__n_jobs': 2, 'classify__penalty': 'l2', 'classify__random_state': 42, 'classify__solver': 'lbfgs', 'classify__tol': 1e-08, 'impute': None, 'select': SelectKBest(score_func=<function mutual_info_classif at 0x7e3bb6fd3420>), 'select__k': 9, 'transform': None}",,,,,,451,,,,,,451,,,,,,451
0.0003486474355061849,3.860925339962801e-05,0.0,0.0,RandomUnderSampler(random_state=42),0.1,1000,2,l2,42,lbfgs,1e-08,,SelectKBest(score_func=<function mutual_info_classif at 0x7e3bb6fd3420>),7,,"{'balance': RandomUnderSampler(random_state=42), 'classify__C': 0.1, 'classify__max_iter': 1000, 'classify__n_jobs': 2, 'classify__penalty': 'l2', 'classify__random_state': 42, 'classify__solver': 'lbfgs', 'classify__tol': 1e-08, 'impute': None, 'select': SelectKBest(score_func=<function mutual_info_classif at 0x7e3bb6fd3420>), 'select__k': 7, 'transform': None}",,,,,,451,,,,,,451,,,,,,451
0.00033394495646158856,8.673835531643074e-06,0.0,0.0,RandomUnderSampler(random_state=42),0.1,1000,2,l2,42,lbfgs,1e-08,,SelectKBest(score_func=<function mutual_info_classif at 0x7e3bb6fd3420>),5,,"{'balance': RandomUnderSampler(random_state=42), 'classify__C': 0.1, 'classify__max_iter': 1000, 'classify__n_jobs': 2, 'classify__penalty': 'l2', 'classify__random_state': 42, 'classify__solver': 'lbfgs', 'classify__tol': 1e-08, 'impute': None, 'select': SelectKBest(score_func=<function mutual_info_classif at 0x7e3bb6fd3420>), 'select__k': 5, 'transform': None}",,,,,,451,,,,,,451,,,,,,451
0.00036517779032389325,1.3240760387439608e-05,0.0,0.0,RandomUnderSampler(random_state=42),0.1,500,2,l2,42,lbfgs,0.0001,SimpleImputer(strategy='median'),SelectKBest(score_func=<function mutual_info_classif at 0x7e3bb6fd3420>),9,,"{'balance': RandomUnderSampler(random_state=42), 'classify__C': 0.1, 'classify__max_iter': 500, 'classify__n_jobs': 2, 'classify__penalty': 'l2', 'classify__random_state': 42, 'classify__solver': 'lbfgs', 'classify__tol': 0.0001, 'impute': SimpleImputer(strategy='median'), 'select': SelectKBest(score_func=<function mutual_info_classif at 0x7e3bb6fd3420>), 'select__k': 9, 'transform': None}",,,,,,451,,,,,,451,,,,,,451
0.0003731250762939453,1.779801745995874e-05,0.0,0.0,RandomUnderSampler(random_state=42),0.1,500,2,l2,42,lbfgs,0.0001,SimpleImputer(strategy='median'),SelectKBest(score_func=<function mutual_info_classif at 0x7e3bb6fd3420>),7,,"{'balance': RandomUnderSampler(random_state=42), 'classify__C': 0.1, 'classify__max_iter': 500, 'classify__n_jobs': 2, 'classify__penalty': 'l2', 'classify__random_state': 42, 'classify__solver': 'lbfgs', 'classify__tol': 0.0001, 'impute': SimpleImputer(strategy='median'), 'select': SelectKBest(score_func=<function mutual_info_classif at 0x7e3bb6fd3420>), 'select__k': 7, 'transform': None}",,,,,,451,,,,,,451,,,,,,451
0.00036644935607910156,4.651708802115725e-06,0.0,0.0,RandomUnderSampler(random_state=42),0.1,500,2,l2,42,lbfgs,0.0001,SimpleImputer(strategy='median'),SelectKBest(score_func=<function mutual_info_classif at 0x7e3bb6fd3420>),5,,"{'balance': RandomUnderSampler(random_state=42), 'classify__C': 0.1, 'classify__max_iter': 500, 'classify__n_jobs': 2, 'classify__penalty': 'l2', 'classify__random_state': 42, 'classify__solver': 'lbfgs', 'classify__tol': 0.0001, 'impute': SimpleImputer(strategy='median'), 'select': SelectKBest(score_func=<function mutual_info_classif at 0x7e3bb6fd3420>), 'select__k': 5, 'transform': None}",,,,,,451,,,,,,451,,,,,,451
0.0003266334533691406,9.122431979040619e-06,0.0,0.0,RandomUnderSampler(random_state=42),0.1,500,2,l2,42,lbfgs,0.0001,,SelectKBest(score_func=<function mutual_info_classif at 0x7e3bb6fd3420>),9,,"{'balance': RandomUnderSampler(random_state=42), 'classify__C': 0.1, 'classify__max_iter': 500, 'classify__n_jobs': 2, 'classify__penalty': 'l2', 'classify__random_state': 42, 'classify__solver': 'lbfgs', 'classify__tol': 0.0001, 'impute': None, 'select': SelectKBest(score_func=<function mutual_info_classif at 0x7e3bb6fd3420>), 'select__k': 9, 'transform': None}",,,,,,451,,,,,,451,,,,,,451
0.00032981236775716144,1.4217870070439217e-05,0.0,0.0,RandomUnderSampler(random_state=42),0.1,500,2,l2,42,lbfgs,0.0001,,SelectKBest(score_func=<function mutual_info_classif at 0x7e3bb6fd3420>),7,,"{'balance': RandomUnderSampler(random_state=42), 'classify__C': 0.1, 'classify__max_iter': 500, 'classify__n_jobs': 2, 'classify__penalty': 'l2', 'classify__random_state': 42, 'classify__solver': 'lbfgs', 'classify__tol': 0.0001, 'impute': None, 'select': SelectKBest(score_func=<function mutual_info_classif at 0x7e3bb6fd3420>), 'select__k': 7, 'transform': None}",,,,,,451,,,,,,451,,,,,,451
0.00033156077067057293,8.017704833438611e-06,0.0,0.0,RandomUnderSampler(random_state=42),0.1,500,2,l2,42,lbfgs,0.0001,,SelectKBest(score_func=<function mutual_info_classif at 0x7e3bb6fd3420>),5,,"{'balance': RandomUnderSampler(random_state=42), 'classify__C': 0.1, 'classify__max_iter': 500, 'classify__n_jobs': 2, 'classify__penalty': 'l2', 'classify__random_state': 42, 'classify__solver': 'lbfgs', 'classify__tol': 0.0001, 'impute': None, 'select': SelectKBest(score_func=<function mutual_info_classif at 0x7e3bb6fd3420>), 'select__k': 5, 'transform': None}",,,,,,451,,,,,,451,,,,,,451
0.000383297602335612,2.4911667615408366e-05,0.0,0.0,RandomUnderSampler(random_state=42),0.1,500,2,l2,42,lbfgs,1e-06,SimpleImputer(strategy='median'),SelectKBest(score_func=<function mutual_info_classif at 0x7e3bb6fd3420>),9,,"{'balance': RandomUnderSampler(random_state=42), 'classify__C': 0.1, 'classify__max_iter': 500, 'classify__n_jobs': 2, 'classify__penalty': 'l2', 'classify__random_state': 42, 'classify__solver': 'lbfgs', 'classify__tol': 1e-06, 'impute': SimpleImputer(strategy='median'), 'select': SelectKBest(score_func=<function mutual_info_classif at 0x7e3bb6fd3420>), 'select__k': 9, 'transform': None}",,,,,,451,,,,,,451,,,,,,451
0.0003619194030761719,4.52786112888467e-06,0.0,0.0,RandomUnderSampler(random_state=42),0.1,500,2,l2,42,lbfgs,1e-06,SimpleImputer(strategy='median'),SelectKBest(score_func=<function mutual_info_classif at 0x7e3bb6fd3420>),7,,"{'balance': RandomUnderSampler(random_state=42), 'classify__C': 0.1, 'classify__max_iter': 500, 'classify__n_jobs': 2, 'classify__penalty': 'l2', 'classify__random_state': 42, 'classify__solver': 'lbfgs', 'classify__tol': 1e-06, 'impute': SimpleImputer(strategy='median'), 'select': SelectKBest(score_func=<function mutual_info_classif at 0x7e3bb6fd3420>), 'select__k': 7, 'transform': None}",,,,,,451,,,,,,451,,,,,,451
0.0003661314646402995,1.2000664967057934e-05,0.0,0.0,RandomUnderSampler(random_state=42),0.1,500,2,l2,42,lbfgs,1e-06,SimpleImputer(strategy='median'),SelectKBest(score_func=<function mutual_info_classif at 0x7e3bb6fd3420>),5,,"{'balance': RandomUnderSampler(random_state=42), 'classify__C': 0.1, 'classify__max_iter': 500, 'classify__n_jobs': 2, 'classify__penalty': 'l2', 'classify__random_state': 42, 'classify__solver': 'lbfgs', 'classify__tol': 1e-06, 'impute': SimpleImputer(strategy='median'), 'select': SelectKBest(score_func=<function mutual_info_classif at 0x7e3bb6fd3420>), 'select__k': 5, 'transform': None}",,,,,,451,,,,,,451,,,,,,451
0.00034228960673014325,4.745800853358464e-06,0.0,0.0,RandomUnderSampler(random_state=42),0.1,500,2,l2,42,lbfgs,1e-06,,SelectKBest(score_func=<function mutual_info_classif at 0x7e3bb6fd3420>),9,,"{'balance': RandomUnderSampler(random_state=42), 'classify__C': 0.1, 'classify__max_iter': 500, 'classify__n_jobs': 2, 'classify__penalty': 'l2', 'classify__random_state': 42, 'classify__solver': 'lbfgs', 'classify__tol': 1e-06, 'impute': None, 'select': SelectKBest(score_func=<function mutual_info_classif at 0x7e3bb6fd3420>), 'select__k': 9, 'transform': None}",,,,,,451,,,,,,451,,,,,,451
0.0003465016682942708,5.985314173305108e-06,0.0,0.0,RandomUnderSampler(random_state=42),0.1,500,2,l2,42,lbfgs,1e-06,,SelectKBest(score_func=<function mutual_info_classif at 0x7e3bb6fd3420>),7,,"{'balance': RandomUnderSampler(random_state=42), 'classify__C': 0.1, 'classify__max_iter': 500, 'classify__n_jobs': 2, 'classify__penalty': 'l2', 'classify__random_state': 42, 'classify__solver': 'lbfgs', 'classify__tol': 1e-06, 'impute': None, 'select': SelectKBest(score_func=<function mutual_info_classif at 0x7e3bb6fd3420>), 'select__k': 7, 'transform': None}",,,,,,451,,,,,,451,,,,,,451
0.0003421306610107422,1.1285705731622804e-05,0.0,0.0,RandomUnderSampler(random_state=42),0.1,500,2,l2,42,lbfgs,1e-06,,SelectKBest(score_func=<function mutual_info_classif at 0x7e3bb6fd3420>),5,,"{'balance': RandomUnderSampler(random_state=42), 'classify__C': 0.1, 'classify__max_iter': 500, 'classify__n_jobs': 2, 'classify__penalty': 'l2', 'classify__random_state': 42, 'classify__solver': 'lbfgs', 'classify__tol': 1e-06, 'impute': None, 'select': SelectKBest(score_func=<function mutual_info_classif at 0x7e3bb6fd3420>), 'select__k': 5, 'transform': None}",,,,,,451,,,,,,451,,,,,,451
0.00032591819763183594,6.652974935040903e-06,0.0,0.0,RandomUnderSampler(random_state=42),0.1,2000,2,l2,42,lbfgs,1e-08,,SelectKBest(score_func=<function mutual_info_classif at 0x7e3bb6fd3420>),7,,"{'balance': RandomUnderSampler(random_state=42), 'classify__C': 0.1, 'classify__max_iter': 2000, 'classify__n_jobs': 2, 'classify__penalty': 'l2', 'classify__random_state': 42, 'classify__solver': 'lbfgs', 'classify__tol': 1e-08, 'impute': None, 'select': SelectKBest(score_func=<function mutual_info_classif at 0x7e3bb6fd3420>), 'select__k': 7, 'transform': None}",,,,,,451,,,,,,451,,,,,,451
0.0003379980723063151,5.458807869299062e-06,0.0,0.0,RandomUnderSampler(random_state=42),0.1,2000,2,l2,42,lbfgs,1e-08,,SelectKBest(score_func=<function mutual_info_classif at 0x7e3bb6fd3420>),5,,"{'balance': RandomUnderSampler(random_state=42), 'classify__C': 0.1, 'classify__max_iter': 2000, 'classify__n_jobs': 2, 'classify__penalty': 'l2', 'classify__random_state': 42, 'classify__solver': 'lbfgs', 'classify__tol': 1e-08, 'impute': None, 'select': SelectKBest(score_func=<function mutual_info_classif at 0x7e3bb6fd3420>), 'select__k': 5, 'transform': None}",,,,,,451,,,,,,451,,,,,,451
0.0003639062245686849,6.613937464257298e-06,0.0,0.0,RandomUnderSampler(random_state=42),0.1,1000,2,l2,42,lbfgs,0.0001,SimpleImputer(strategy='median'),SelectKBest(score_func=<function mutual_info_classif at 0x7e3bb6fd3420>),9,,"{'balance': RandomUnderSampler(random_state=42), 'classify__C': 0.1, 'classify__max_iter': 1000, 'classify__n_jobs': 2, 'classify__penalty': 'l2', 'classify__random_state': 42, 'classify__solver': 'lbfgs', 'classify__tol': 0.0001, 'impute': SimpleImputer(strategy='median'), 'select': SelectKBest(score_func=<function mutual_info_classif at 0x7e3bb6fd3420>), 'select__k': 9, 'transform': None}",,,,,,451,,,,,,451,,,,,,451
0.0003903706868489583,1.1500796483447191e-05,0.0,0.0,RandomUnderSampler(random_state=42),0.1,1000,2,l2,42,lbfgs,0.0001,SimpleImputer(strategy='median'),SelectKBest(score_func=<function mutual_info_classif at 0x7e3bb6fd3420>),7,,"{'balance': RandomUnderSampler(random_state=42), 'classify__C': 0.1, 'classify__max_iter': 1000, 'classify__n_jobs': 2, 'classify__penalty': 'l2', 'classify__random_state': 42, 'classify__solver': 'lbfgs', 'classify__tol': 0.0001, 'impute': SimpleImputer(strategy='median'), 'select': SelectKBest(score_func=<function mutual_info_classif at 0x7e3bb6fd3420>), 'select__k': 7, 'transform': None}",,,,,,451,,,,,,451,,,,,,451
0.00036716461181640625,1.013208835643567e-05,0.0,0.0,RandomUnderSampler(random_state=42),0.1,1000,2,l2,42,lbfgs,0.0001,SimpleImputer(strategy='median'),SelectKBest(score_func=<function mutual_info_classif at 0x7e3bb6fd3420>),5,,"{'balance': RandomUnderSampler(random_state=42), 'classify__C': 0.1, 'classify__max_iter': 1000, 'classify__n_jobs': 2, 'classify__penalty': 'l2', 'classify__random_state': 42, 'classify__solver': 'lbfgs', 'classify__tol': 0.0001, 'impute': SimpleImputer(strategy='median'), 'select': SelectKBest(score_func=<function mutual_info_classif at 0x7e3bb6fd3420>), 'select__k': 5, 'transform': None}",,,,,,451,,,,,,451,,,,,,451
0.00033283233642578125,1.4531151133396652e-05,0.0,0.0,RandomUnderSampler(random_state=42),0.1,1000,2,l2,42,lbfgs,0.0001,,SelectKBest(score_func=<function mutual_info_classif at 0x7e3bb6fd3420>),9,,"{'balance': RandomUnderSampler(random_state=42), 'classify__C': 0.1, 'classify__max_iter': 1000, 'classify__n_jobs': 2, 'classify__penalty': 'l2', 'classify__random_state': 42, 'classify__solver': 'lbfgs', 'classify__tol': 0.0001, 'impute': None, 'select': SelectKBest(score_func=<function mutual_info_classif at 0x7e3bb6fd3420>), 'select__k': 9, 'transform': None}",,,,,,451,,,,,,451,,,,,,451
0.0003352959950764974,1.632582234078577e-06,0.0,0.0,RandomUnderSampler(random_state=42),0.1,1000,2,l2,42,lbfgs,0.0001,,SelectKBest(score_func=<function mutual_info_classif at 0x7e3bb6fd3420>),7,,"{'balance': RandomUnderSampler(random_state=42), 'classify__C': 0.1, 'classify__max_iter': 1000, 'classify__n_jobs': 2, 'classify__penalty': 'l2', 'classify__random_state': 42, 'classify__solver': 'lbfgs', 'classify__tol': 0.0001, 'impute': None, 'select': SelectKBest(score_func=<function mutual_info_classif at 0x7e3bb6fd3420>), 'select__k': 7, 'transform': None}",,,,,,451,,,,,,451,,,,,,451
0.00032981236775716144,9.892376030893461e-06,0.0,0.0,RandomUnderSampler(random_state=42),0.1,1000,2,l2,42,lbfgs,0.0001,,SelectKBest(score_func=<function mutual_info_classif at 0x7e3bb6fd3420>),5,,"{'balance': RandomUnderSampler(random_state=42), 'classify__C': 0.1, 'classify__max_iter': 1000, 'classify__n_jobs': 2, 'classify__penalty': 'l2', 'classify__random_state': 42, 'classify__solver': 'lbfgs', 'classify__tol': 0.0001, 'impute': None, 'select': SelectKBest(score_func=<function mutual_info_classif at 0x7e3bb6fd3420>), 'select__k': 5, 'transform': None}",,,,,,451,,,,,,451,,,,,,451
0.00037678082784016925,4.895166903951802e-06,0.0,0.0,RandomUnderSampler(random_state=42),0.1,1000,2,l2,42,lbfgs,1e-06,SimpleImputer(strategy='median'),SelectKBest(score_func=<function mutual_info_classif at 0x7e3bb6fd3420>),9,,"{'balance': RandomUnderSampler(random_state=42), 'classify__C': 0.1, 'classify__max_iter': 1000, 'classify__n_jobs': 2, 'classify__penalty': 'l2', 'classify__random_state': 42, 'classify__solver': 'lbfgs', 'classify__tol': 1e-06, 'impute': SimpleImputer(strategy='median'), 'select': SelectKBest(score_func=<function mutual_info_classif at 0x7e3bb6fd3420>), 'select__k': 9, 'transform': None}",,,,,,451,,,,,,451,,,,,,451
0.0003803571065266927,1.8501991791443532e-06,0.0,0.0,RandomUnderSampler(random_state=42),0.1,1000,2,l2,42,lbfgs,1e-06,SimpleImputer(strategy='median'),SelectKBest(score_func=<function mutual_info_classif at 0x7e3bb6fd3420>),7,,"{'balance': RandomUnderSampler(random_state=42), 'classify__C': 0.1, 'classify__max_iter': 1000, 'classify__n_jobs': 2, 'classify__penalty': 'l2', 'classify__random_state': 42, 'classify__solver': 'lbfgs', 'classify__tol': 1e-06, 'impute': SimpleImputer(strategy='median'), 'select': SelectKBest(score_func=<function mutual_info_classif at 0x7e3bb6fd3420>), 'select__k': 7, 'transform': None}",,,,,,451,,,,,,451,,,,,,451
0.0005193551381429037,0.00015350778937461672,0.0,0.0,RandomUnderSampler(random_state=42),0.1,1000,2,l2,42,lbfgs,1e-06,SimpleImputer(strategy='median'),SelectKBest(score_func=<function mutual_info_classif at 0x7e3bb6fd3420>),5,,"{'balance': RandomUnderSampler(random_state=42), 'classify__C': 0.1, 'classify__max_iter': 1000, 'classify__n_jobs': 2, 'classify__penalty': 'l2', 'classify__random_state': 42, 'classify__solver': 'lbfgs', 'classify__tol': 1e-06, 'impute': SimpleImputer(strategy='median'), 'select': SelectKBest(score_func=<function mutual_info_classif at 0x7e3bb6fd3420>), 'select__k': 5, 'transform': None}",,,,,,451,,,,,,451,,,,,,451
0.0006090005238850912,2.085068582369217e-05,0.0,0.0,RandomUnderSampler(random_state=42),0.1,1000,2,l2,42,lbfgs,1e-06,,SelectKBest(score_func=<function mutual_info_classif at 0x7e3bb6fd3420>),9,,"{'balance': RandomUnderSampler(random_state=42), 'classify__C': 0.1, 'classify__max_iter': 1000, 'classify__n_jobs': 2, 'classify__penalty': 'l2', 'classify__random_state': 42, 'classify__solver': 'lbfgs', 'classify__tol': 1e-06, 'impute': None, 'select': SelectKBest(score_func=<function mutual_info_classif at 0x7e3bb6fd3420>), 'select__k': 9, 'transform': None}",,,,,,451,,,,,,451,,,,,,451
0.0005587736765543619,0.0001604919328138697,0.0,0.0,RandomUnderSampler(random_state=42),0.1,1000,2,l2,42,lbfgs,1e-06,,SelectKBest(score_func=<function mutual_info_classif at 0x7e3bb6fd3420>),7,,"{'balance': RandomUnderSampler(random_state=42), 'classify__C': 0.1, 'classify__max_iter': 1000, 'classify__n_jobs': 2, 'classify__penalty': 'l2', 'classify__random_state': 42, 'classify__solver': 'lbfgs', 'classify__tol': 1e-06, 'impute': None, 'select': SelectKBest(score_func=<function mutual_info_classif at 0x7e3bb6fd3420>), 'select__k': 7, 'transform': None}",,,,,,451,,,,,,451,,,,,,451
0.0003265539805094401,1.1067576596058067e-05,0.0,0.0,RandomUnderSampler(random_state=42),0.1,1000,2,l2,42,lbfgs,1e-06,,SelectKBest(score_func=<function mutual_info_classif at 0x7e3bb6fd3420>),5,,"{'balance': RandomUnderSampler(random_state=42), 'classify__C': 0.1, 'classify__max_iter': 1000, 'classify__n_jobs': 2, 'classify__penalty': 'l2', 'classify__random_state': 42, 'classify__solver': 'lbfgs', 'classify__tol': 1e-06, 'impute': None, 'select': SelectKBest(score_func=<function mutual_info_classif at 0x7e3bb6fd3420>), 'select__k': 5, 'transform': None}",,,,,,451,,,,,,451,,,,,,451
0.00037026405334472656,2.0438281175328595e-05,0.0,0.0,RandomUnderSampler(random_state=42),0.1,1000,2,l2,42,lbfgs,1e-08,SimpleImputer(strategy='median'),SelectKBest(score_func=<function mutual_info_classif at 0x7e3bb6fd3420>),9,,"{'balance': RandomUnderSampler(random_state=42), 'classify__C': 0.1, 'classify__max_iter': 1000, 'classify__n_jobs': 2, 'classify__penalty': 'l2', 'classify__random_state': 42, 'classify__solver': 'lbfgs', 'classify__tol': 1e-08, 'impute': SimpleImputer(strategy='median'), 'select': SelectKBest(score_func=<function mutual_info_classif at 0x7e3bb6fd3420>), 'select__k': 9, 'transform': None}",,,,,,451,,,,,,451,,,,,,451
0.0003687540690104167,3.440357974674442e-06,0.0,0.0,RandomUnderSampler(random_state=42),0.1,1000,2,l2,42,lbfgs,1e-08,SimpleImputer(strategy='median'),SelectKBest(score_func=<function mutual_info_classif at 0x7e3bb6fd3420>),7,,"{'balance': RandomUnderSampler(random_state=42), 'classify__C': 0.1, 'classify__max_iter': 1000, 'classify__n_jobs': 2, 'classify__penalty': 'l2', 'classify__random_state': 42, 'classify__solver': 'lbfgs', 'classify__tol': 1e-08, 'impute': SimpleImputer(strategy='median'), 'select': SelectKBest(score_func=<function mutual_info_classif at 0x7e3bb6fd3420>), 'select__k': 7, 'transform': None}",,,,,,451,,,,,,451,,,,,,451
0.0006724198659261068,3.386122097482501e-05,0.0,0.0,RandomUnderSampler(random_state=42),0.1,2000,2,l2,42,lbfgs,0.0001,SimpleImputer(strategy='median'),SelectKBest(score_func=<function mutual_info_classif at 0x7e3bb6fd3420>),9,,"{'balance': RandomUnderSampler(random_state=42), 'classify__C': 0.1, 'classify__max_iter': 2000, 'classify__n_jobs': 2, 'classify__penalty': 'l2', 'classify__random_state': 42, 'classify__solver': 'lbfgs', 'classify__tol': 0.0001, 'impute': SimpleImputer(strategy='median'), 'select': SelectKBest(score_func=<function mutual_info_classif at 0x7e3bb6fd3420>), 'select__k': 9, 'transform': None}",,,,,,451,,,,,,451,,,,,,451
0.0006600220998128256,5.002789690462374e-05,0.0,0.0,RandomUnderSampler(random_state=42),0.1,2000,2,l2,42,lbfgs,0.0001,SimpleImputer(strategy='median'),SelectKBest(score_func=<function mutual_info_classif at 0x7e3bb6fd3420>),7,,"{'balance': RandomUnderSampler(random_state=42), 'classify__C': 0.1, 'classify__max_iter': 2000, 'classify__n_jobs': 2, 'classify__penalty': 'l2', 'classify__random_state': 42, 'classify__solver': 'lbfgs', 'classify__tol': 0.0001, 'impute': SimpleImputer(strategy='median'), 'select': SelectKBest(score_func=<function mutual_info_classif at 0x7e3bb6fd3420>), 'select__k': 7, 'transform': None}",,,,,,451,,,,,,451,,,,,,451
0.0006339550018310547,2.517396133056658e-05,0.0,0.0,RandomUnderSampler(random_state=42),0.1,2000,2,l2,42,lbfgs,0.0001,SimpleImputer(strategy='median'),SelectKBest(score_func=<function mutual_info_classif at 0x7e3bb6fd3420>),5,,"{'balance': RandomUnderSampler(random_state=42), 'classify__C': 0.1, 'classify__max_iter': 2000, 'classify__n_jobs': 2, 'classify__penalty': 'l2', 'classify__random_state': 42, 'classify__solver': 'lbfgs', 'classify__tol': 0.0001, 'impute': SimpleImputer(strategy='median'), 'select': SelectKBest(score_func=<function mutual_info_classif at 0x7e3bb6fd3420>), 'select__k': 5, 'transform': None}",,,,,,451,,,,,,451,,,,,,451
0.0005973180135091146,3.732670255677343e-05,0.0,0.0,RandomUnderSampler(random_state=42),0.1,2000,2,l2,42,lbfgs,0.0001,,SelectKBest(score_func=<function mutual_info_classif at 0x7e3bb6fd3420>),9,,"{'balance': RandomUnderSampler(random_state=42), 'classify__C': 0.1, 'classify__max_iter': 2000, 'classify__n_jobs': 2, 'classify__penalty': 'l2', 'classify__random_state': 42, 'classify__solver': 'lbfgs', 'classify__tol': 0.0001, 'impute': None, 'select': SelectKBest(score_func=<function mutual_info_classif at 0x7e3bb6fd3420>), 'select__k': 9, 'transform': None}",,,,,,451,,,,,,451,,,,,,451
0.0005661646525065104,2.699738780889992e-06,0.0,0.0,RandomUnderSampler(random_state=42),0.1,2000,2,l2,42,lbfgs,0.0001,,SelectKBest(score_func=<function mutual_info_classif at 0x7e3bb6fd3420>),7,,"{'balance': RandomUnderSampler(random_state=42), 'classify__C': 0.1, 'classify__max_iter': 2000, 'classify__n_jobs': 2, 'classify__penalty': 'l2', 'classify__random_state': 42, 'classify__solver': 'lbfgs', 'classify__tol': 0.0001, 'impute': None, 'select': SelectKBest(score_func=<function mutual_info_classif at 0x7e3bb6fd3420>), 'select__k': 7, 'transform': None}",,,,,,451,,,,,,451,,,,,,451
0.0006023248036702474,4.682334248769143e-05,0.0,0.0,RandomUnderSampler(random_state=42),0.1,2000,2,l2,42,lbfgs,0.0001,,SelectKBest(score_func=<function mutual_info_classif at 0x7e3bb6fd3420>),5,,"{'balance': RandomUnderSampler(random_state=42), 'classify__C': 0.1, 'classify__max_iter': 2000, 'classify__n_jobs': 2, 'classify__penalty': 'l2', 'classify__random_state': 42, 'classify__solver': 'lbfgs', 'classify__tol': 0.0001, 'impute': None, 'select': SelectKBest(score_func=<function mutual_info_classif at 0x7e3bb6fd3420>), 'select__k': 5, 'transform': None}",,,,,,451,,,,,,451,,,,,,451
0.0007231235504150391,7.642521096077079e-05,0.0,0.0,RandomUnderSampler(random_state=42),0.1,2000,2,l2,42,lbfgs,1e-06,SimpleImputer(strategy='median'),SelectKBest(score_func=<function mutual_info_classif at 0x7e3bb6fd3420>),9,,"{'balance': RandomUnderSampler(random_state=42), 'classify__C': 0.1, 'classify__max_iter': 2000, 'classify__n_jobs': 2, 'classify__penalty': 'l2', 'classify__random_state': 42, 'classify__solver': 'lbfgs', 'classify__tol': 1e-06, 'impute': SimpleImputer(strategy='median'), 'select': SelectKBest(score_func=<function mutual_info_classif at 0x7e3bb6fd3420>), 'select__k': 9, 'transform': None}",,,,,,451,,,,,,451,,,,,,451
0.0004938443501790365,0.00015811140916543055,0.0,0.0,RandomUnderSampler(random_state=42),0.1,2000,2,l2,42,lbfgs,1e-06,SimpleImputer(strategy='median'),SelectKBest(score_func=<function mutual_info_classif at 0x7e3bb6fd3420>),7,,"{'balance': RandomUnderSampler(random_state=42), 'classify__C': 0.1, 'classify__max_iter': 2000, 'classify__n_jobs': 2, 'classify__penalty': 'l2', 'classify__random_state': 42, 'classify__solver': 'lbfgs', 'classify__tol': 1e-06, 'impute': SimpleImputer(strategy='median'), 'select': SelectKBest(score_func=<function mutual_info_classif at 0x7e3bb6fd3420>), 'select__k': 7, 'transform': None}",,,,,,451,,,,,,451,,,,,,451
0.00036072731018066406,1.0610742903160633e-05,0.0,0.0,RandomUnderSampler(random_state=42),0.1,2000,2,l2,42,lbfgs,1e-06,SimpleImputer(strategy='median'),SelectKBest(score_func=<function mutual_info_classif at 0x7e3bb6fd3420>),5,,"{'balance': RandomUnderSampler(random_state=42), 'classify__C': 0.1, 'classify__max_iter': 2000, 'classify__n_jobs': 2, 'classify__penalty': 'l2', 'classify__random_state': 42, 'classify__solver': 'lbfgs', 'classify__tol': 1e-06, 'impute': SimpleImputer(strategy='median'), 'select': SelectKBest(score_func=<function mutual_info_classif at 0x7e3bb6fd3420>), 'select__k': 5, 'transform': None}",,,,,,451,,,,,,451,,,,,,451
0.00034332275390625,8.045228789548088e-06,0.0,0.0,RandomUnderSampler(random_state=42),0.1,2000,2,l2,42,lbfgs,1e-06,,SelectKBest(score_func=<function mutual_info_classif at 0x7e3bb6fd3420>),9,,"{'balance': RandomUnderSampler(random_state=42), 'classify__C': 0.1, 'classify__max_iter': 2000, 'classify__n_jobs': 2, 'classify__penalty': 'l2', 'classify__random_state': 42, 'classify__solver': 'lbfgs', 'classify__tol': 1e-06, 'impute': None, 'select': SelectKBest(score_func=<function mutual_info_classif at 0x7e3bb6fd3420>), 'select__k': 9, 'transform': None}",,,,,,451,,,,,,451,,,,,,451
0.0003250439961751302,7.065490331933616e-06,0.0,0.0,RandomUnderSampler(random_state=42),0.1,2000,2,l2,42,lbfgs,1e-06,,SelectKBest(score_func=<function mutual_info_classif at 0x7e3bb6fd3420>),7,,"{'balance': RandomUnderSampler(random_state=42), 'classify__C': 0.1, 'classify__max_iter': 2000, 'classify__n_jobs': 2, 'classify__penalty': 'l2', 'classify__random_state': 42, 'classify__solver': 'lbfgs', 'classify__tol': 1e-06, 'impute': None, 'select': SelectKBest(score_func=<function mutual_info_classif at 0x7e3bb6fd3420>), 'select__k': 7, 'transform': None}",,,,,,451,,,,,,451,,,,,,451
0.00032703081766764325,6.0482971161017256e-06,0.0,0.0,RandomUnderSampler(random_state=42),0.1,2000,2,l2,42,lbfgs,1e-06,,SelectKBest(score_func=<function mutual_info_classif at 0x7e3bb6fd3420>),5,,"{'balance': RandomUnderSampler(random_state=42), 'classify__C': 0.1, 'classify__max_iter': 2000, 'classify__n_jobs': 2, 'classify__penalty': 'l2', 'classify__random_state': 42, 'classify__solver': 'lbfgs', 'classify__tol': 1e-06, 'impute': None, 'select': SelectKBest(score_func=<function mutual_info_classif at 0x7e3bb6fd3420>), 'select__k': 5, 'transform': None}",,,,,,451,,,,,,451,,,,,,451
0.00035754839579264325,7.905852073317138e-06,0.0,0.0,RandomUnderSampler(random_state=42),0.1,2000,2,l2,42,lbfgs,1e-08,SimpleImputer(strategy='median'),SelectKBest(score_func=<function mutual_info_classif at 0x7e3bb6fd3420>),9,,"{'balance': RandomUnderSampler(random_state=42), 'classify__C': 0.1, 'classify__max_iter': 2000, 'classify__n_jobs': 2, 'classify__penalty': 'l2', 'classify__random_state': 42, 'classify__solver': 'lbfgs', 'classify__tol': 1e-08, 'impute': SimpleImputer(strategy='median'), 'select': SelectKBest(score_func=<function mutual_info_classif at 0x7e3bb6fd3420>), 'select__k': 9, 'transform': None}",,,,,,451,,,,,,451,,,,,,451
0.00038806597391764325,2.8366356368978416e-06,0.0,0.0,RandomUnderSampler(random_state=42),0.1,2000,2,l2,42,lbfgs,1e-08,SimpleImputer(strategy='median'),SelectKBest(score_func=<function mutual_info_classif at 0x7e3bb6fd3420>),7,,"{'balance': RandomUnderSampler(random_state=42), 'classify__C': 0.1, 'classify__max_iter': 2000, 'classify__n_jobs': 2, 'classify__penalty': 'l2', 'classify__random_state': 42, 'classify__solver': 'lbfgs', 'classify__tol': 1e-08, 'impute': SimpleImputer(strategy='median'), 'select': SelectKBest(score_func=<function mutual_info_classif at 0x7e3bb6fd3420>), 'select__k': 7, 'transform': None}",,,,,,451,,,,,,451,,,,,,451
0.00036374727884928387,4.094202318951689e-06,0.0,0.0,RandomUnderSampler(random_state=42),0.1,2000,2,l2,42,lbfgs,1e-08,SimpleImputer(strategy='median'),SelectKBest(score_func=<function mutual_info_classif at 0x7e3bb6fd3420>),5,,"{'balance': RandomUnderSampler(random_state=42), 'classify__C': 0.1, 'classify__max_iter': 2000, 'classify__n_jobs': 2, 'classify__penalty': 'l2', 'classify__random_state': 42, 'classify__solver': 'lbfgs', 'classify__tol': 1e-08, 'impute': SimpleImputer(strategy='median'), 'select': SelectKBest(score_func=<function mutual_info_classif at 0x7e3bb6fd3420>), 'select__k': 5, 'transform': None}",,,,,,451,,,,,,451,,,,,,451
0.0003255208333333333,1.1152848619895542e-05,0.0,0.0,RandomUnderSampler(random_state=42),0.1,2000,2,l2,42,lbfgs,1e-08,,SelectKBest(score_func=<function mutual_info_classif at 0x7e3bb6fd3420>),9,,"{'balance': RandomUnderSampler(random_state=42), 'classify__C': 0.1, 'classify__max_iter': 2000, 'classify__n_jobs': 2, 'classify__penalty': 'l2', 'classify__random_state': 42, 'classify__solver': 'lbfgs', 'classify__tol': 1e-08, 'impute': None, 'select': SelectKBest(score_func=<function mutual_info_classif at 0x7e3bb6fd3420>), 'select__k': 9, 'transform': None}",,,,,,451,,,,,,451,,,,,,451
0.0004096825917561849,3.901639897483232e-05,0.0,0.0,RandomUnderSampler(random_state=42),1.0,100,2,l2,42,lbfgs,0.0001,SimpleImputer(strategy='median'),SelectKBest(score_func=<function mutual_info_classif at 0x7e3bb6fd3420>),5,,"{'balance': RandomUnderSampler(random_state=42), 'classify__C': 1.0, 'classify__max_iter': 100, 'classify__n_jobs': 2, 'classify__penalty': 'l2', 'classify__random_state': 42, 'classify__solver': 'lbfgs', 'classify__tol': 0.0001, 'impute': SimpleImputer(strategy='median'), 'select': SelectKBest(score_func=<function mutual_info_classif at 0x7e3bb6fd3420>), 'select__k': 5, 'transform': None}",,,,,,451,,,,,,451,,,,,,451
0.0003227392832438151,4.745800853358464e-06,0.0,0.0,RandomUnderSampler(random_state=42),1.0,100,2,l2,42,lbfgs,0.0001,,SelectKBest(score_func=<function mutual_info_classif at 0x7e3bb6fd3420>),9,,"{'balance': RandomUnderSampler(random_state=42), 'classify__C': 1.0, 'classify__max_iter': 100, 'classify__n_jobs': 2, 'classify__penalty': 'l2', 'classify__random_state': 42, 'classify__solver': 'lbfgs', 'classify__tol': 0.0001, 'impute': None, 'select': SelectKBest(score_func=<function mutual_info_classif at 0x7e3bb6fd3420>), 'select__k': 9, 'transform': None}",,,,,,451,,,,,,451,,,,,,451
0.0003445943196614583,3.321490185325586e-05,0.0,0.0,RandomUnderSampler(random_state=42),1.0,100,2,l2,42,lbfgs,0.0001,,SelectKBest(score_func=<function mutual_info_classif at 0x7e3bb6fd3420>),7,,"{'balance': RandomUnderSampler(random_state=42), 'classify__C': 1.0, 'classify__max_iter': 100, 'classify__n_jobs': 2, 'classify__penalty': 'l2', 'classify__random_state': 42, 'classify__solver': 'lbfgs', 'classify__tol': 0.0001, 'impute': None, 'select': SelectKBest(score_func=<function mutual_info_classif at 0x7e3bb6fd3420>), 'select__k': 7, 'transform': None}",,,,,,451,,,,,,451,,,,,,451
0.0003329912821451823,7.0116504033765094e-06,0.0,0.0,RandomUnderSampler(random_state=42),1.0,100,2,l2,42,lbfgs,0.0001,,SelectKBest(score_func=<function mutual_info_classif at 0x7e3bb6fd3420>),5,,"{'balance': RandomUnderSampler(random_state=42), 'classify__C': 1.0, 'classify__max_iter': 100, 'classify__n_jobs': 2, 'classify__penalty': 'l2', 'classify__random_state': 42, 'classify__solver': 'lbfgs', 'classify__tol': 0.0001, 'impute': None, 'select': SelectKBest(score_func=<function mutual_info_classif at 0x7e3bb6fd3420>), 'select__k': 5, 'transform': None}",,,,,,451,,,,,,451,,,,,,451
0.0003742376963297526,1.775787217259002e-05,0.0,0.0,RandomUnderSampler(random_state=42),1.0,100,2,l2,42,lbfgs,1e-06,SimpleImputer(strategy='median'),SelectKBest(score_func=<function mutual_info_classif at 0x7e3bb6fd3420>),9,,"{'balance': RandomUnderSampler(random_state=42), 'classify__C': 1.0, 'classify__max_iter': 100, 'classify__n_jobs': 2, 'classify__penalty': 'l2', 'classify__random_state': 42, 'classify__solver': 'lbfgs', 'classify__tol': 1e-06, 'impute': SimpleImputer(strategy='median'), 'select': SelectKBest(score_func=<function mutual_info_classif at 0x7e3bb6fd3420>), 'select__k': 9, 'transform': None}",,,,,,451,,,,,,451,,,,,,451
0.0003933906555175781,2.3570905284811137e-05,0.0,0.0,RandomUnderSampler(random_state=42),1.0,100,2,l2,42,lbfgs,1e-06,SimpleImputer(strategy='median'),SelectKBest(score_func=<function mutual_info_classif at 0x7e3bb6fd3420>),7,,"{'balance': RandomUnderSampler(random_state=42), 'classify__C': 1.0, 'classify__max_iter': 100, 'classify__n_jobs': 2, 'classify__penalty': 'l2', 'classify__random_state': 42, 'classify__solver': 'lbfgs', 'classify__tol': 1e-06, 'impute': SimpleImputer(strategy='median'), 'select': SelectKBest(score_func=<function mutual_info_classif at 0x7e3bb6fd3420>), 'select__k': 7, 'transform': None}",,,,,,451,,,,,,451,,,,,,451
0.00038250287373860675,3.073925561538182e-05,0.0,0.0,RandomUnderSampler(random_state=42),1.0,100,2,l2,42,lbfgs,1e-06,SimpleImputer(strategy='median'),SelectKBest(score_func=<function mutual_info_classif at 0x7e3bb6fd3420>),5,,"{'balance': RandomUnderSampler(random_state=42), 'classify__C': 1.0, 'classify__max_iter': 100, 'classify__n_jobs': 2, 'classify__penalty': 'l2', 'classify__random_state': 42, 'classify__solver': 'lbfgs', 'classify__tol': 1e-06, 'impute': SimpleImputer(strategy='median'), 'select': SelectKBest(score_func=<function mutual_info_classif at 0x7e3bb6fd3420>), 'select__k': 5, 'transform': None}",,,,,,451,,,,,,451,,,,,,451
0.00035039583841959637,1.6747479229128326e-05,0.0,0.0,RandomUnderSampler(random_state=42),1.0,100,2,l2,42,lbfgs,1e-06,,SelectKBest(score_func=<function mutual_info_classif at 0x7e3bb6fd3420>),9,,"{'balance': RandomUnderSampler(random_state=42), 'classify__C': 1.0, 'classify__max_iter': 100, 'classify__n_jobs': 2, 'classify__penalty': 'l2', 'classify__random_state': 42, 'classify__solver': 'lbfgs', 'classify__tol': 1e-06, 'impute': None, 'select': SelectKBest(score_func=<function mutual_info_classif at 0x7e3bb6fd3420>), 'select__k': 9, 'transform': None}",,,,,,451,,,,,,451,,,,,,451
0.0003478527069091797,2.078758452008945e-05,0.0,0.0,RandomUnderSampler(random_state=42),1.0,100,2,l2,42,lbfgs,1e-06,,SelectKBest(score_func=<function mutual_info_classif at 0x7e3bb6fd3420>),7,,"{'balance': RandomUnderSampler(random_state=42), 'classify__C': 1.0, 'classify__max_iter': 100, 'classify__n_jobs': 2, 'classify__penalty': 'l2', 'classify__random_state': 42, 'classify__solver': 'lbfgs', 'classify__tol': 1e-06, 'impute': None, 'select': SelectKBest(score_func=<function mutual_info_classif at 0x7e3bb6fd3420>), 'select__k': 7, 'transform': None}",,,,,,451,,,,,,451,,,,,,451
0.0003458658854166667,1.9327433482268523e-05,0.0,0.0,RandomUnderSampler(random_state=42),1.0,100,2,l2,42,lbfgs,1e-06,,SelectKBest(score_func=<function mutual_info_classif at 0x7e3bb6fd3420>),5,,"{'balance': RandomUnderSampler(random_state=42), 'classify__C': 1.0, 'classify__max_iter': 100, 'classify__n_jobs': 2, 'classify__penalty': 'l2', 'classify__random_state': 42, 'classify__solver': 'lbfgs', 'classify__tol': 1e-06, 'impute': None, 'select': SelectKBest(score_func=<function mutual_info_classif at 0x7e3bb6fd3420>), 'select__k': 5, 'transform': None}",,,,,,451,,,,,,451,,,,,,451
0.0003777345021565755,1.750965840881776e-05,0.0,0.0,RandomUnderSampler(random_state=42),1.0,100,2,l2,42,lbfgs,1e-08,SimpleImputer(strategy='median'),SelectKBest(score_func=<function mutual_info_classif at 0x7e3bb6fd3420>),9,,"{'balance': RandomUnderSampler(random_state=42), 'classify__C': 1.0, 'classify__max_iter': 100, 'classify__n_jobs': 2, 'classify__penalty': 'l2', 'classify__random_state': 42, 'classify__solver': 'lbfgs', 'classify__tol': 1e-08, 'impute': SimpleImputer(strategy='median'), 'select': SelectKBest(score_func=<function mutual_info_classif at 0x7e3bb6fd3420>), 'select__k': 9, 'transform': None}",,,,,,451,,,,,,451,,,,,,451
0.0006089210510253906,8.541265873515865e-05,0.0,0.0,RandomUnderSampler(random_state=42),1.0,100,2,l2,42,lbfgs,1e-08,SimpleImputer(strategy='median'),SelectKBest(score_func=<function mutual_info_classif at 0x7e3bb6fd3420>),7,,"{'balance': RandomUnderSampler(random_state=42), 'classify__C': 1.0, 'classify__max_iter': 100, 'classify__n_jobs': 2, 'classify__penalty': 'l2', 'classify__random_state': 42, 'classify__solver': 'lbfgs', 'classify__tol': 1e-08, 'impute': SimpleImputer(strategy='median'), 'select': SelectKBest(score_func=<function mutual_info_classif at 0x7e3bb6fd3420>), 'select__k': 7, 'transform': None}",,,,,,451,,,,,,451,,,,,,451
0.0007243156433105469,6.473873004793922e-05,0.0,0.0,RandomUnderSampler(random_state=42),1.0,100,2,l2,42,lbfgs,1e-08,SimpleImputer(strategy='median'),SelectKBest(score_func=<function mutual_info_classif at 0x7e3bb6fd3420>),5,,"{'balance': RandomUnderSampler(random_state=42), 'classify__C': 1.0, 'classify__max_iter': 100, 'classify__n_jobs': 2, 'classify__penalty': 'l2', 'classify__random_state': 42, 'classify__solver': 'lbfgs', 'classify__tol': 1e-08, 'impute': SimpleImputer(strategy='median'), 'select': SelectKBest(score_func=<function mutual_info_classif at 0x7e3bb6fd3420>), 'select__k': 5, 'transform': None}",,,,,,451,,,,,,451,,,,,,451
0.0006513595581054688,4.4406487092473365e-05,0.0,0.0,RandomUnderSampler(random_state=42),1.0,100,2,l2,42,lbfgs,1e-08,,SelectKBest(score_func=<function mutual_info_classif at 0x7e3bb6fd3420>),9,,"{'balance': RandomUnderSampler(random_state=42), 'classify__C': 1.0, 'classify__max_iter': 100, 'classify__n_jobs': 2, 'classify__penalty': 'l2', 'classify__random_state': 42, 'classify__solver': 'lbfgs', 'classify__tol': 1e-08, 'impute': None, 'select': SelectKBest(score_func=<function mutual_info_classif at 0x7e3bb6fd3420>), 'select__k': 9, 'transform': None}",,,,,,451,,,,,,451,,,,,,451
0.0006355444590250651,7.784828055846588e-05,0.0,0.0,RandomUnderSampler(random_state=42),1.0,100,2,l2,42,lbfgs,1e-08,,SelectKBest(score_func=<function mutual_info_classif at 0x7e3bb6fd3420>),7,,"{'balance': RandomUnderSampler(random_state=42), 'classify__C': 1.0, 'classify__max_iter': 100, 'classify__n_jobs': 2, 'classify__penalty': 'l2', 'classify__random_state': 42, 'classify__solver': 'lbfgs', 'classify__tol': 1e-08, 'impute': None, 'select': SelectKBest(score_func=<function mutual_info_classif at 0x7e3bb6fd3420>), 'select__k': 7, 'transform': None}",,,,,,451,,,,,,451,,,,,,451
0.0005751450856526693,1.215285291901606e-05,0.0,0.0,RandomUnderSampler(random_state=42),1.0,100,2,l2,42,lbfgs,1e-08,,SelectKBest(score_func=<function mutual_info_classif at 0x7e3bb6fd3420>),5,,"{'balance': RandomUnderSampler(random_state=42), 'classify__C': 1.0, 'classify__max_iter': 100, 'classify__n_jobs': 2, 'classify__penalty': 'l2', 'classify__random_state': 42, 'classify__solver': 'lbfgs', 'classify__tol': 1e-08, 'impute': None, 'select': SelectKBest(score_func=<function mutual_info_classif at 0x7e3bb6fd3420>), 'select__k': 5, 'transform': None}",,,,,,451,,,,,,451,,,,,,451
0.0003364880879720052,9.774838677420169e-06,0.0,0.0,RandomUnderSampler(random_state=42),1.0,200,2,l2,42,lbfgs,0.0001,,SelectKBest(score_func=<function mutual_info_classif at 0x7e3bb6fd3420>),7,,"{'balance': RandomUnderSampler(random_state=42), 'classify__C': 1.0, 'classify__max_iter': 200, 'classify__n_jobs': 2, 'classify__penalty': 'l2', 'classify__random_state': 42, 'classify__solver': 'lbfgs', 'classify__tol': 0.0001, 'impute': None, 'select': SelectKBest(score_func=<function mutual_info_classif at 0x7e3bb6fd3420>), 'select__k': 7, 'transform': None}",,,,,,451,,,,,,451,,,,,,451
0.00034681955973307293,3.512898176330231e-05,0.0,0.0,RandomUnderSampler(random_state=42),1.0,200,2,l2,42,lbfgs,0.0001,,SelectKBest(score_func=<function mutual_info_classif at 0x7e3bb6fd3420>),5,,"{'balance': RandomUnderSampler(random_state=42), 'classify__C': 1.0, 'classify__max_iter': 200, 'classify__n_jobs': 2, 'classify__penalty': 'l2', 'classify__random_state': 42, 'classify__solver': 'lbfgs', 'classify__tol': 0.0001, 'impute': None, 'select': SelectKBest(score_func=<function mutual_info_classif at 0x7e3bb6fd3420>), 'select__k': 5, 'transform': None}",,,,,,451,,,,,,451,,,,,,451
0.0003478527069091797,1.2045841628767827e-05,0.0,0.0,RandomUnderSampler(random_state=42),1.0,200,2,l2,42,lbfgs,1e-06,SimpleImputer(strategy='median'),SelectKBest(score_func=<function mutual_info_classif at 0x7e3bb6fd3420>),9,,"{'balance': RandomUnderSampler(random_state=42), 'classify__C': 1.0, 'classify__max_iter': 200, 'classify__n_jobs': 2, 'classify__penalty': 'l2', 'classify__random_state': 42, 'classify__solver': 'lbfgs', 'classify__tol': 1e-06, 'impute': SimpleImputer(strategy='median'), 'select': SelectKBest(score_func=<function mutual_info_classif at 0x7e3bb6fd3420>), 'select__k': 9, 'transform': None}",,,,,,451,,,,,,451,,,,,,451
0.000372012456258138,1.5948917940308265e-05,0.0,0.0,RandomUnderSampler(random_state=42),1.0,200,2,l2,42,lbfgs,1e-06,SimpleImputer(strategy='median'),SelectKBest(score_func=<function mutual_info_classif at 0x7e3bb6fd3420>),7,,"{'balance': RandomUnderSampler(random_state=42), 'classify__C': 1.0, 'classify__max_iter': 200, 'classify__n_jobs': 2, 'classify__penalty': 'l2', 'classify__random_state': 42, 'classify__solver': 'lbfgs', 'classify__tol': 1e-06, 'impute': SimpleImputer(strategy='median'), 'select': SelectKBest(score_func=<function mutual_info_classif at 0x7e3bb6fd3420>), 'select__k': 7, 'transform': None}",,,,,,451,,,,,,451,,,,,,451
0.0003628730773925781,8.86327280780845e-06,0.0,0.0,RandomUnderSampler(random_state=42),1.0,200,2,l2,42,lbfgs,1e-06,SimpleImputer(strategy='median'),SelectKBest(score_func=<function mutual_info_classif at 0x7e3bb6fd3420>),5,,"{'balance': RandomUnderSampler(random_state=42), 'classify__C': 1.0, 'classify__max_iter': 200, 'classify__n_jobs': 2, 'classify__penalty': 'l2', 'classify__random_state': 42, 'classify__solver': 'lbfgs', 'classify__tol': 1e-06, 'impute': SimpleImputer(strategy='median'), 'select': SelectKBest(score_func=<function mutual_info_classif at 0x7e3bb6fd3420>), 'select__k': 5, 'transform': None}",,,,,,451,,,,,,451,,,,,,451
0.00037280718485514325,1.6154312738539534e-05,0.0,0.0,RandomUnderSampler(random_state=42),1.0,200,2,l2,42,lbfgs,1e-06,,SelectKBest(score_func=<function mutual_info_classif at 0x7e3bb6fd3420>),9,,"{'balance': RandomUnderSampler(random_state=42), 'classify__C': 1.0, 'classify__max_iter': 200, 'classify__n_jobs': 2, 'classify__penalty': 'l2', 'classify__random_state': 42, 'classify__solver': 'lbfgs', 'classify__tol': 1e-06, 'impute': None, 'select': SelectKBest(score_func=<function mutual_info_classif at 0x7e3bb6fd3420>), 'select__k': 9, 'transform': None}",,,,,,451,,,,,,451,,,,,,451
0.0003524621327718099,2.0530164025585925e-05,0.0,0.0,RandomUnderSampler(random_state=42),1.0,200,2,l2,42,lbfgs,1e-06,,SelectKBest(score_func=<function mutual_info_classif at 0x7e3bb6fd3420>),7,,"{'balance': RandomUnderSampler(random_state=42), 'classify__C': 1.0, 'classify__max_iter': 200, 'classify__n_jobs': 2, 'classify__penalty': 'l2', 'classify__random_state': 42, 'classify__solver': 'lbfgs', 'classify__tol': 1e-06, 'impute': None, 'select': SelectKBest(score_func=<function mutual_info_classif at 0x7e3bb6fd3420>), 'select__k': 7, 'transform': None}",,,,,,451,,,,,,451,,,,,,451
0.00032337506612141925,4.16304297565104e-06,0.0,0.0,RandomUnderSampler(random_state=42),1.0,200,2,l2,42,lbfgs,1e-06,,SelectKBest(score_func=<function mutual_info_classif at 0x7e3bb6fd3420>),5,,"{'balance': RandomUnderSampler(random_state=42), 'classify__C': 1.0, 'classify__max_iter': 200, 'classify__n_jobs': 2, 'classify__penalty': 'l2', 'classify__random_state': 42, 'classify__solver': 'lbfgs', 'classify__tol': 1e-06, 'impute': None, 'select': SelectKBest(score_func=<function mutual_info_classif at 0x7e3bb6fd3420>), 'select__k': 5, 'transform': None}",,,,,,451,,,,,,451,,,,,,451
0.0003521442413330078,1.2557214815391248e-05,0.0,0.0,RandomUnderSampler(random_state=42),1.0,200,2,l2,42,lbfgs,1e-08,SimpleImputer(strategy='median'),SelectKBest(score_func=<function mutual_info_classif at 0x7e3bb6fd3420>),9,,"{'balance': RandomUnderSampler(random_state=42), 'classify__C': 1.0, 'classify__max_iter': 200, 'classify__n_jobs': 2, 'classify__penalty': 'l2', 'classify__random_state': 42, 'classify__solver': 'lbfgs', 'classify__tol': 1e-08, 'impute': SimpleImputer(strategy='median'), 'select': SelectKBest(score_func=<function mutual_info_classif at 0x7e3bb6fd3420>), 'select__k': 9, 'transform': None}",,,,,,451,,,,,,451,,,,,,451
0.00037868817647298175,3.019696775544469e-05,0.0,0.0,RandomUnderSampler(random_state=42),1.0,200,2,l2,42,lbfgs,1e-08,SimpleImputer(strategy='median'),SelectKBest(score_func=<function mutual_info_classif at 0x7e3bb6fd3420>),7,,"{'balance': RandomUnderSampler(random_state=42), 'classify__C': 1.0, 'classify__max_iter': 200, 'classify__n_jobs': 2, 'classify__penalty': 'l2', 'classify__random_state': 42, 'classify__solver': 'lbfgs', 'classify__tol': 1e-08, 'impute': SimpleImputer(strategy='median'), 'select': SelectKBest(score_func=<function mutual_info_classif at 0x7e3bb6fd3420>), 'select__k': 7, 'transform': None}",,,,,,451,,,,,,451,,,,,,451
0.00036724408467610675,7.62525419636471e-06,0.0,0.0,RandomUnderSampler(random_state=42),1.0,200,2,l2,42,lbfgs,1e-08,SimpleImputer(strategy='median'),SelectKBest(score_func=<function mutual_info_classif at 0x7e3bb6fd3420>),5,,"{'balance': RandomUnderSampler(random_state=42), 'classify__C': 1.0, 'classify__max_iter': 200, 'classify__n_jobs': 2, 'classify__penalty': 'l2', 'classify__random_state': 42, 'classify__solver': 'lbfgs', 'classify__tol': 1e-08, 'impute': SimpleImputer(strategy='median'), 'select': SelectKBest(score_func=<function mutual_info_classif at 0x7e3bb6fd3420>), 'select__k': 5, 'transform': None}",,,,,,451,,,,,,451,,,,,,451
0.0003476142883300781,2.1711368561341175e-05,0.0,0.0,RandomUnderSampler(random_state=42),1.0,200,2,l2,42,lbfgs,1e-08,,SelectKBest(score_func=<function mutual_info_classif at 0x7e3bb6fd3420>),9,,"{'balance': RandomUnderSampler(random_state=42), 'classify__C': 1.0, 'classify__max_iter': 200, 'classify__n_jobs': 2, 'classify__penalty': 'l2', 'classify__random_state': 42, 'classify__solver': 'lbfgs', 'classify__tol': 1e-08, 'impute': None, 'select': SelectKBest(score_func=<function mutual_info_classif at 0x7e3bb6fd3420>), 'select__k': 9, 'transform': None}",,,,,,451,,,,,,451,,,,,,451
0.0003219445546468099,6.305959836602965e-06,0.0,0.0,RandomUnderSampler(random_state=42),1.0,200,2,l2,42,lbfgs,1e-08,,SelectKBest(score_func=<function mutual_info_classif at 0x7e3bb6fd3420>),7,,"{'balance': RandomUnderSampler(random_state=42), 'classify__C': 1.0, 'classify__max_iter': 200, 'classify__n_jobs': 2, 'classify__penalty': 'l2', 'classify__random_state': 42, 'classify__solver': 'lbfgs', 'classify__tol': 1e-08, 'impute': None, 'select': SelectKBest(score_func=<function mutual_info_classif at 0x7e3bb6fd3420>), 'select__k': 7, 'transform': None}",,,,,,451,,,,,,451,,,,,,451
0.0003185272216796875,7.458603036658011e-06,0.0,0.0,RandomUnderSampler(random_state=42),1.0,200,2,l2,42,lbfgs,1e-08,,SelectKBest(score_func=<function mutual_info_classif at 0x7e3bb6fd3420>),5,,"{'balance': RandomUnderSampler(random_state=42), 'classify__C': 1.0, 'classify__max_iter': 200, 'classify__n_jobs': 2, 'classify__penalty': 'l2', 'classify__random_state': 42, 'classify__solver': 'lbfgs', 'classify__tol': 1e-08, 'impute': None, 'select': SelectKBest(score_func=<function mutual_info_classif at 0x7e3bb6fd3420>), 'select__k': 5, 'transform': None}",,,,,,451,,,,,,451,,,,,,451
0.00039259592692057293,2.9776137822913964e-05,0.0,0.0,RandomUnderSampler(random_state=42),1.0,100,2,l2,42,lbfgs,0.0001,SimpleImputer(strategy='median'),SelectKBest(score_func=<function mutual_info_classif at 0x7e3bb6fd3420>),9,,"{'balance': RandomUnderSampler(random_state=42), 'classify__C': 1.0, 'classify__max_iter': 100, 'classify__n_jobs': 2, 'classify__penalty': 'l2', 'classify__random_state': 42, 'classify__solver': 'lbfgs', 'classify__tol': 0.0001, 'impute': SimpleImputer(strategy='median'), 'select': SelectKBest(score_func=<function mutual_info_classif at 0x7e3bb6fd3420>), 'select__k': 9, 'transform': None}",,,,,,451,,,,,,451,,,,,,451
0.00036915143330891925,8.715241790615879e-06,0.0,0.0,RandomUnderSampler(random_state=42),1.0,100,2,l2,42,lbfgs,0.0001,SimpleImputer(strategy='median'),SelectKBest(score_func=<function mutual_info_classif at 0x7e3bb6fd3420>),7,,"{'balance': RandomUnderSampler(random_state=42), 'classify__C': 1.0, 'classify__max_iter': 100, 'classify__n_jobs': 2, 'classify__penalty': 'l2', 'classify__random_state': 42, 'classify__solver': 'lbfgs', 'classify__tol': 0.0001, 'impute': SimpleImputer(strategy='median'), 'select': SelectKBest(score_func=<function mutual_info_classif at 0x7e3bb6fd3420>), 'select__k': 7, 'transform': None}",,,,,,451,,,,,,451,,,,,,451
0.0005767345428466797,4.022614394774044e-06,0.0,0.0,RandomUnderSampler(random_state=42),1.0,500,2,l2,42,lbfgs,1e-06,SimpleImputer(strategy='median'),SelectKBest(score_func=<function mutual_info_classif at 0x7e3bb6fd3420>),9,,"{'balance': RandomUnderSampler(random_state=42), 'classify__C': 1.0, 'classify__max_iter': 500, 'classify__n_jobs': 2, 'classify__penalty': 'l2', 'classify__random_state': 42, 'classify__solver': 'lbfgs', 'classify__tol': 1e-06, 'impute': SimpleImputer(strategy='median'), 'select': SelectKBest(score_func=<function mutual_info_classif at 0x7e3bb6fd3420>), 'select__k': 9, 'transform': None}",,,,,,451,,,,,,451,,,,,,451
0.0006248950958251953,3.53058123315747e-05,0.0,0.0,RandomUnderSampler(random_state=42),1.0,500,2,l2,42,lbfgs,1e-06,SimpleImputer(strategy='median'),SelectKBest(score_func=<function mutual_info_classif at 0x7e3bb6fd3420>),7,,"{'balance': RandomUnderSampler(random_state=42), 'classify__C': 1.0, 'classify__max_iter': 500, 'classify__n_jobs': 2, 'classify__penalty': 'l2', 'classify__random_state': 42, 'classify__solver': 'lbfgs', 'classify__tol': 1e-06, 'impute': SimpleImputer(strategy='median'), 'select': SelectKBest(score_func=<function mutual_info_classif at 0x7e3bb6fd3420>), 'select__k': 7, 'transform': None}",,,,,,451,,,,,,451,,,,,,451
0.0006249745686848959,1.949143781058557e-05,0.0,0.0,RandomUnderSampler(random_state=42),1.0,500,2,l2,42,lbfgs,1e-06,SimpleImputer(strategy='median'),SelectKBest(score_func=<function mutual_info_classif at 0x7e3bb6fd3420>),5,,"{'balance': RandomUnderSampler(random_state=42), 'classify__C': 1.0, 'classify__max_iter': 500, 'classify__n_jobs': 2, 'classify__penalty': 'l2', 'classify__random_state': 42, 'classify__solver': 'lbfgs', 'classify__tol': 1e-06, 'impute': SimpleImputer(strategy='median'), 'select': SelectKBest(score_func=<function mutual_info_classif at 0x7e3bb6fd3420>), 'select__k': 5, 'transform': None}",,,,,,451,,,,,,451,,,,,,451
0.0005476474761962891,1.4938783834286252e-05,0.0,0.0,RandomUnderSampler(random_state=42),1.0,500,2,l2,42,lbfgs,1e-06,,SelectKBest(score_func=<function mutual_info_classif at 0x7e3bb6fd3420>),9,,"{'balance': RandomUnderSampler(random_state=42), 'classify__C': 1.0, 'classify__max_iter': 500, 'classify__n_jobs': 2, 'classify__penalty': 'l2', 'classify__random_state': 42, 'classify__solver': 'lbfgs', 'classify__tol': 1e-06, 'impute': None, 'select': SelectKBest(score_func=<function mutual_info_classif at 0x7e3bb6fd3420>), 'select__k': 9, 'transform': None}",,,,,,451,,,,,,451,,,,,,451
0.0005514621734619141,1.2937732441923224e-05,0.0,0.0,RandomUnderSampler(random_state=42),1.0,500,2,l2,42,lbfgs,1e-06,,SelectKBest(score_func=<function mutual_info_classif at 0x7e3bb6fd3420>),7,,"{'balance': RandomUnderSampler(random_state=42), 'classify__C': 1.0, 'classify__max_iter': 500, 'classify__n_jobs': 2, 'classify__penalty': 'l2', 'classify__random_state': 42, 'classify__solver': 'lbfgs', 'classify__tol': 1e-06, 'impute': None, 'select': SelectKBest(score_func=<function mutual_info_classif at 0x7e3bb6fd3420>), 'select__k': 7, 'transform': None}",,,,,,451,,,,,,451,,,,,,451
0.0005859533945719401,2.680368734048216e-05,0.0,0.0,RandomUnderSampler(random_state=42),1.0,500,2,l2,42,lbfgs,1e-06,,SelectKBest(score_func=<function mutual_info_classif at 0x7e3bb6fd3420>),5,,"{'balance': RandomUnderSampler(random_state=42), 'classify__C': 1.0, 'classify__max_iter': 500, 'classify__n_jobs': 2, 'classify__penalty': 'l2', 'classify__random_state': 42, 'classify__solver': 'lbfgs', 'classify__tol': 1e-06, 'impute': None, 'select': SelectKBest(score_func=<function mutual_info_classif at 0x7e3bb6fd3420>), 'select__k': 5, 'transform': None}",,,,,,451,,,,,,451,,,,,,451
0.0006128946940104166,2.3846890660091962e-05,0.0,0.0,RandomUnderSampler(random_state=42),1.0,500,2,l2,42,lbfgs,1e-08,SimpleImputer(strategy='median'),SelectKBest(score_func=<function mutual_info_classif at 0x7e3bb6fd3420>),9,,"{'balance': RandomUnderSampler(random_state=42), 'classify__C': 1.0, 'classify__max_iter': 500, 'classify__n_jobs': 2, 'classify__penalty': 'l2', 'classify__random_state': 42, 'classify__solver': 'lbfgs', 'classify__tol': 1e-08, 'impute': SimpleImputer(strategy='median'), 'select': SelectKBest(score_func=<function mutual_info_classif at 0x7e3bb6fd3420>), 'select__k': 9, 'transform': None}",,,,,,451,,,,,,451,,,,,,451
0.0006775856018066406,2.336339880056094e-05,0.0,0.0,RandomUnderSampler(random_state=42),1.0,500,2,l2,42,lbfgs,1e-08,SimpleImputer(strategy='median'),SelectKBest(score_func=<function mutual_info_classif at 0x7e3bb6fd3420>),7,,"{'balance': RandomUnderSampler(random_state=42), 'classify__C': 1.0, 'classify__max_iter': 500, 'classify__n_jobs': 2, 'classify__penalty': 'l2', 'classify__random_state': 42, 'classify__solver': 'lbfgs', 'classify__tol': 1e-08, 'impute': SimpleImputer(strategy='median'), 'select': SelectKBest(score_func=<function mutual_info_classif at 0x7e3bb6fd3420>), 'select__k': 7, 'transform': None}",,,,,,451,,,,,,451,,,,,,451
0.0006848176320393881,3.378054643867224e-05,0.0,0.0,RandomUnderSampler(random_state=42),1.0,500,2,l2,42,lbfgs,1e-08,SimpleImputer(strategy='median'),SelectKBest(score_func=<function mutual_info_classif at 0x7e3bb6fd3420>),5,,"{'balance': RandomUnderSampler(random_state=42), 'classify__C': 1.0, 'classify__max_iter': 500, 'classify__n_jobs': 2, 'classify__penalty': 'l2', 'classify__random_state': 42, 'classify__solver': 'lbfgs', 'classify__tol': 1e-08, 'impute': SimpleImputer(strategy='median'), 'select': SelectKBest(score_func=<function mutual_info_classif at 0x7e3bb6fd3420>), 'select__k': 5, 'transform': None}",,,,,,451,,,,,,451,,,,,,451
0.0005977153778076172,2.60855059252537e-05,0.0,0.0,RandomUnderSampler(random_state=42),1.0,500,2,l2,42,lbfgs,1e-08,,SelectKBest(score_func=<function mutual_info_classif at 0x7e3bb6fd3420>),9,,"{'balance': RandomUnderSampler(random_state=42), 'classify__C': 1.0, 'classify__max_iter': 500, 'classify__n_jobs': 2, 'classify__penalty': 'l2', 'classify__random_state': 42, 'classify__solver': 'lbfgs', 'classify__tol': 1e-08, 'impute': None, 'select': SelectKBest(score_func=<function mutual_info_classif at 0x7e3bb6fd3420>), 'select__k': 9, 'transform': None}",,,,,,451,,,,,,451,,,,,,451
0.0006266434987386068,1.6614580158973072e-05,0.0,0.0,RandomUnderSampler(random_state=42),1.0,500,2,l2,42,lbfgs,1e-08,,SelectKBest(score_func=<function mutual_info_classif at 0x7e3bb6fd3420>),7,,"{'balance': RandomUnderSampler(random_state=42), 'classify__C': 1.0, 'classify__max_iter': 500, 'classify__n_jobs': 2, 'classify__penalty': 'l2', 'classify__random_state': 42, 'classify__solver': 'lbfgs', 'classify__tol': 1e-08, 'impute': None, 'select': SelectKBest(score_func=<function mutual_info_classif at 0x7e3bb6fd3420>), 'select__k': 7, 'transform': None}",,,,,,451,,,,,,451,,,,,,451
0.0006386439005533854,2.61292936759059e-05,0.0,0.0,RandomUnderSampler(random_state=42),1.0,500,2,l2,42,lbfgs,1e-08,,SelectKBest(score_func=<function mutual_info_classif at 0x7e3bb6fd3420>),5,,"{'balance': RandomUnderSampler(random_state=42), 'classify__C': 1.0, 'classify__max_iter': 500, 'classify__n_jobs': 2, 'classify__penalty': 'l2', 'classify__random_state': 42, 'classify__solver': 'lbfgs', 'classify__tol': 1e-08, 'impute': None, 'select': SelectKBest(score_func=<function mutual_info_classif at 0x7e3bb6fd3420>), 'select__k': 5, 'transform': None}",,,,,,451,,,,,,451,,,,,,451
0.0006097157796223959,0.00016027951892529451,0.0,0.0,RandomUnderSampler(random_state=42),1.0,200,2,l2,42,lbfgs,0.0001,SimpleImputer(strategy='median'),SelectKBest(score_func=<function mutual_info_classif at 0x7e3bb6fd3420>),9,,"{'balance': RandomUnderSampler(random_state=42), 'classify__C': 1.0, 'classify__max_iter': 200, 'classify__n_jobs': 2, 'classify__penalty': 'l2', 'classify__random_state': 42, 'classify__solver': 'lbfgs', 'classify__tol': 0.0001, 'impute': SimpleImputer(strategy='median'), 'select': SelectKBest(score_func=<function mutual_info_classif at 0x7e3bb6fd3420>), 'select__k': 9, 'transform': None}",,,,,,451,,,,,,451,,,,,,451
0.000370025634765625,1.5252578981634557e-05,0.0,0.0,RandomUnderSampler(random_state=42),1.0,200,2,l2,42,lbfgs,0.0001,SimpleImputer(strategy='median'),SelectKBest(score_func=<function mutual_info_classif at 0x7e3bb6fd3420>),7,,"{'balance': RandomUnderSampler(random_state=42), 'classify__C': 1.0, 'classify__max_iter': 200, 'classify__n_jobs': 2, 'classify__penalty': 'l2', 'classify__random_state': 42, 'classify__solver': 'lbfgs', 'classify__tol': 0.0001, 'impute': SimpleImputer(strategy='median'), 'select': SelectKBest(score_func=<function mutual_info_classif at 0x7e3bb6fd3420>), 'select__k': 7, 'transform': None}",,,,,,451,,,,,,451,,,,,,451
0.00040340423583984375,2.5327041557156482e-05,0.0,0.0,RandomUnderSampler(random_state=42),1.0,200,2,l2,42,lbfgs,0.0001,SimpleImputer(strategy='median'),SelectKBest(score_func=<function mutual_info_classif at 0x7e3bb6fd3420>),5,,"{'balance': RandomUnderSampler(random_state=42), 'classify__C': 1.0, 'classify__max_iter': 200, 'classify__n_jobs': 2, 'classify__penalty': 'l2', 'classify__random_state': 42, 'classify__solver': 'lbfgs', 'classify__tol': 0.0001, 'impute': SimpleImputer(strategy='median'), 'select': SelectKBest(score_func=<function mutual_info_classif at 0x7e3bb6fd3420>), 'select__k': 5, 'transform': None}",,,,,,451,,,,,,451,,,,,,451
0.000326236089070638,3.311263188679959e-06,0.0,0.0,RandomUnderSampler(random_state=42),1.0,200,2,l2,42,lbfgs,0.0001,,SelectKBest(score_func=<function mutual_info_classif at 0x7e3bb6fd3420>),9,,"{'balance': RandomUnderSampler(random_state=42), 'classify__C': 1.0, 'classify__max_iter': 200, 'classify__n_jobs': 2, 'classify__penalty': 'l2', 'classify__random_state': 42, 'classify__solver': 'lbfgs', 'classify__tol': 0.0001, 'impute': None, 'select': SelectKBest(score_func=<function mutual_info_classif at 0x7e3bb6fd3420>), 'select__k': 9, 'transform': None}",,,,,,451,,,,,,451,,,,,,451
0.00037741661071777344,1.4546790044972166e-05,0.0,0.0,RandomUnderSampler(random_state=42),1.0,1000,2,l2,42,lbfgs,1e-06,SimpleImputer(strategy='median'),SelectKBest(score_func=<function mutual_info_classif at 0x7e3bb6fd3420>),5,,"{'balance': RandomUnderSampler(random_state=42), 'classify__C': 1.0, 'classify__max_iter': 1000, 'classify__n_jobs': 2, 'classify__penalty': 'l2', 'classify__random_state': 42, 'classify__solver': 'lbfgs', 'classify__tol': 1e-06, 'impute': SimpleImputer(strategy='median'), 'select': SelectKBest(score_func=<function mutual_info_classif at 0x7e3bb6fd3420>), 'select__k': 5, 'transform': None}",,,,,,451,,,,,,451,,,,,,451
0.0003394285837809245,6.35087109375224e-06,0.0,0.0,RandomUnderSampler(random_state=42),1.0,1000,2,l2,42,lbfgs,1e-06,,SelectKBest(score_func=<function mutual_info_classif at 0x7e3bb6fd3420>),9,,"{'balance': RandomUnderSampler(random_state=42), 'classify__C': 1.0, 'classify__max_iter': 1000, 'classify__n_jobs': 2, 'classify__penalty': 'l2', 'classify__random_state': 42, 'classify__solver': 'lbfgs', 'classify__tol': 1e-06, 'impute': None, 'select': SelectKBest(score_func=<function mutual_info_classif at 0x7e3bb6fd3420>), 'select__k': 9, 'transform': None}",,,,,,451,,,,,,451,,,,,,451
0.000349124272664388,8.418873284709696e-06,0.0,0.0,RandomUnderSampler(random_state=42),1.0,1000,2,l2,42,lbfgs,1e-06,,SelectKBest(score_func=<function mutual_info_classif at 0x7e3bb6fd3420>),7,,"{'balance': RandomUnderSampler(random_state=42), 'classify__C': 1.0, 'classify__max_iter': 1000, 'classify__n_jobs': 2, 'classify__penalty': 'l2', 'classify__random_state': 42, 'classify__solver': 'lbfgs', 'classify__tol': 1e-06, 'impute': None, 'select': SelectKBest(score_func=<function mutual_info_classif at 0x7e3bb6fd3420>), 'select__k': 7, 'transform': None}",,,,,,451,,,,,,451,,,,,,451
0.0003403027852376302,7.377718585507187e-06,0.0,0.0,RandomUnderSampler(random_state=42),1.0,1000,2,l2,42,lbfgs,1e-06,,SelectKBest(score_func=<function mutual_info_classif at 0x7e3bb6fd3420>),5,,"{'balance': RandomUnderSampler(random_state=42), 'classify__C': 1.0, 'classify__max_iter': 1000, 'classify__n_jobs': 2, 'classify__penalty': 'l2', 'classify__random_state': 42, 'classify__solver': 'lbfgs', 'classify__tol': 1e-06, 'impute': None, 'select': SelectKBest(score_func=<function mutual_info_classif at 0x7e3bb6fd3420>), 'select__k': 5, 'transform': None}",,,,,,451,,,,,,451,,,,,,451
0.0003711382548014323,7.552849051486157e-06,0.0,0.0,RandomUnderSampler(random_state=42),1.0,1000,2,l2,42,lbfgs,1e-08,SimpleImputer(strategy='median'),SelectKBest(score_func=<function mutual_info_classif at 0x7e3bb6fd3420>),9,,"{'balance': RandomUnderSampler(random_state=42), 'classify__C': 1.0, 'classify__max_iter': 1000, 'classify__n_jobs': 2, 'classify__penalty': 'l2', 'classify__random_state': 42, 'classify__solver': 'lbfgs', 'classify__tol': 1e-08, 'impute': SimpleImputer(strategy='median'), 'select': SelectKBest(score_func=<function mutual_info_classif at 0x7e3bb6fd3420>), 'select__k': 9, 'transform': None}",,,,,,451,,,,,,451,,,,,,451
0.00037415822347005207,2.053939120429817e-05,0.0,0.0,RandomUnderSampler(random_state=42),1.0,1000,2,l2,42,lbfgs,1e-08,SimpleImputer(strategy='median'),SelectKBest(score_func=<function mutual_info_classif at 0x7e3bb6fd3420>),7,,"{'balance': RandomUnderSampler(random_state=42), 'classify__C': 1.0, 'classify__max_iter': 1000, 'classify__n_jobs': 2, 'classify__penalty': 'l2', 'classify__random_state': 42, 'classify__solver': 'lbfgs', 'classify__tol': 1e-08, 'impute': SimpleImputer(strategy='median'), 'select': SelectKBest(score_func=<function mutual_info_classif at 0x7e3bb6fd3420>), 'select__k': 7, 'transform': None}",,,,,,451,,,,,,451,,,,,,451
0.00047397613525390625,9.62992681165851e-05,0.0,0.0,RandomUnderSampler(random_state=42),1.0,1000,2,l2,42,lbfgs,1e-08,SimpleImputer(strategy='median'),SelectKBest(score_func=<function mutual_info_classif at 0x7e3bb6fd3420>),5,,"{'balance': RandomUnderSampler(random_state=42), 'classify__C': 1.0, 'classify__max_iter': 1000, 'classify__n_jobs': 2, 'classify__penalty': 'l2', 'classify__random_state': 42, 'classify__solver': 'lbfgs', 'classify__tol': 1e-08, 'impute': SimpleImputer(strategy='median'), 'select': SelectKBest(score_func=<function mutual_info_classif at 0x7e3bb6fd3420>), 'select__k': 5, 'transform': None}",,,,,,451,,,,,,451,,,,,,451
0.000568230946858724,2.6873580347455322e-05,0.0,0.0,RandomUnderSampler(random_state=42),1.0,1000,2,l2,42,lbfgs,1e-08,,SelectKBest(score_func=<function mutual_info_classif at 0x7e3bb6fd3420>),9,,"{'balance': RandomUnderSampler(random_state=42), 'classify__C': 1.0, 'classify__max_iter': 1000, 'classify__n_jobs': 2, 'classify__penalty': 'l2', 'classify__random_state': 42, 'classify__solver': 'lbfgs', 'classify__tol': 1e-08, 'impute': None, 'select': SelectKBest(score_func=<function mutual_info_classif at 0x7e3bb6fd3420>), 'select__k': 9, 'transform': None}",,,,,,451,,,,,,451,,,,,,451
0.0005428791046142578,1.3284572547000597e-05,0.0,0.0,RandomUnderSampler(random_state=42),1.0,1000,2,l2,42,lbfgs,1e-08,,SelectKBest(score_func=<function mutual_info_classif at 0x7e3bb6fd3420>),7,,"{'balance': RandomUnderSampler(random_state=42), 'classify__C': 1.0, 'classify__max_iter': 1000, 'classify__n_jobs': 2, 'classify__penalty': 'l2', 'classify__random_state': 42, 'classify__solver': 'lbfgs', 'classify__tol': 1e-08, 'impute': None, 'select': SelectKBest(score_func=<function mutual_info_classif at 0x7e3bb6fd3420>), 'select__k': 7, 'transform': None}",,,,,,451,,,,,,451,,,,,,451
0.0005446275075276693,2.4098236428271524e-05,0.0,0.0,RandomUnderSampler(random_state=42),1.0,1000,2,l2,42,lbfgs,1e-08,,SelectKBest(score_func=<function mutual_info_classif at 0x7e3bb6fd3420>),5,,"{'balance': RandomUnderSampler(random_state=42), 'classify__C': 1.0, 'classify__max_iter': 1000, 'classify__n_jobs': 2, 'classify__penalty': 'l2', 'classify__random_state': 42, 'classify__solver': 'lbfgs', 'classify__tol': 1e-08, 'impute': None, 'select': SelectKBest(score_func=<function mutual_info_classif at 0x7e3bb6fd3420>), 'select__k': 5, 'transform': None}",,,,,,451,,,,,,451,,,,,,451
0.0005923906962076823,6.8170853659335265e-06,0.0,0.0,RandomUnderSampler(random_state=42),1.0,500,2,l2,42,lbfgs,0.0001,SimpleImputer(strategy='median'),SelectKBest(score_func=<function mutual_info_classif at 0x7e3bb6fd3420>),9,,"{'balance': RandomUnderSampler(random_state=42), 'classify__C': 1.0, 'classify__max_iter': 500, 'classify__n_jobs': 2, 'classify__penalty': 'l2', 'classify__random_state': 42, 'classify__solver': 'lbfgs', 'classify__tol': 0.0001, 'impute': SimpleImputer(strategy='median'), 'select': SelectKBest(score_func=<function mutual_info_classif at 0x7e3bb6fd3420>), 'select__k': 9, 'transform': None}",,,,,,451,,,,,,451,,,,,,451
0.0006505648295084635,8.081330905489307e-05,0.0,0.0,RandomUnderSampler(random_state=42),1.0,500,2,l2,42,lbfgs,0.0001,SimpleImputer(strategy='median'),SelectKBest(score_func=<function mutual_info_classif at 0x7e3bb6fd3420>),7,,"{'balance': RandomUnderSampler(random_state=42), 'classify__C': 1.0, 'classify__max_iter': 500, 'classify__n_jobs': 2, 'classify__penalty': 'l2', 'classify__random_state': 42, 'classify__solver': 'lbfgs', 'classify__tol': 0.0001, 'impute': SimpleImputer(strategy='median'), 'select': SelectKBest(score_func=<function mutual_info_classif at 0x7e3bb6fd3420>), 'select__k': 7, 'transform': None}",,,,,,451,,,,,,451,,,,,,451
0.0006016095479329427,2.6805807987897792e-05,0.0,0.0,RandomUnderSampler(random_state=42),1.0,500,2,l2,42,lbfgs,0.0001,SimpleImputer(strategy='median'),SelectKBest(score_func=<function mutual_info_classif at 0x7e3bb6fd3420>),5,,"{'balance': RandomUnderSampler(random_state=42), 'classify__C': 1.0, 'classify__max_iter': 500, 'classify__n_jobs': 2, 'classify__penalty': 'l2', 'classify__random_state': 42, 'classify__solver': 'lbfgs', 'classify__tol': 0.0001, 'impute': SimpleImputer(strategy='median'), 'select': SelectKBest(score_func=<function mutual_info_classif at 0x7e3bb6fd3420>), 'select__k': 5, 'transform': None}",,,,,,451,,,,,,451,,,,,,451
0.0005258719126383463,1.9884103144322716e-06,0.0,0.0,RandomUnderSampler(random_state=42),1.0,500,2,l2,42,lbfgs,0.0001,,SelectKBest(score_func=<function mutual_info_classif at 0x7e3bb6fd3420>),9,,"{'balance': RandomUnderSampler(random_state=42), 'classify__C': 1.0, 'classify__max_iter': 500, 'classify__n_jobs': 2, 'classify__penalty': 'l2', 'classify__random_state': 42, 'classify__solver': 'lbfgs', 'classify__tol': 0.0001, 'impute': None, 'select': SelectKBest(score_func=<function mutual_info_classif at 0x7e3bb6fd3420>), 'select__k': 9, 'transform': None}",,,,,,451,,,,,,451,,,,,,451
0.0005488395690917969,1.5923553112662313e-05,0.0,0.0,RandomUnderSampler(random_state=42),1.0,500,2,l2,42,lbfgs,0.0001,,SelectKBest(score_func=<function mutual_info_classif at 0x7e3bb6fd3420>),7,,"{'balance': RandomUnderSampler(random_state=42), 'classify__C': 1.0, 'classify__max_iter': 500, 'classify__n_jobs': 2, 'classify__penalty': 'l2', 'classify__random_state': 42, 'classify__solver': 'lbfgs', 'classify__tol': 0.0001, 'impute': None, 'select': SelectKBest(score_func=<function mutual_info_classif at 0x7e3bb6fd3420>), 'select__k': 7, 'transform': None}",,,,,,451,,,,,,451,,,,,,451
0.0005591710408528646,2.4585517127449575e-05,0.0,0.0,RandomUnderSampler(random_state=42),1.0,500,2,l2,42,lbfgs,0.0001,,SelectKBest(score_func=<function mutual_info_classif at 0x7e3bb6fd3420>),5,,"{'balance': RandomUnderSampler(random_state=42), 'classify__C': 1.0, 'classify__max_iter': 500, 'classify__n_jobs': 2, 'classify__penalty': 'l2', 'classify__random_state': 42, 'classify__solver': 'lbfgs', 'classify__tol': 0.0001, 'impute': None, 'select': SelectKBest(score_func=<function mutual_info_classif at 0x7e3bb6fd3420>), 'select__k': 5, 'transform': None}",,,,,,451,,,,,,451,,,,,,451
0.0006002585093180338,3.489193433186343e-05,0.0,0.0,RandomUnderSampler(random_state=42),1.0,2000,2,l2,42,lbfgs,1e-06,,SelectKBest(score_func=<function mutual_info_classif at 0x7e3bb6fd3420>),7,,"{'balance': RandomUnderSampler(random_state=42), 'classify__C': 1.0, 'classify__max_iter': 2000, 'classify__n_jobs': 2, 'classify__penalty': 'l2', 'classify__random_state': 42, 'classify__solver': 'lbfgs', 'classify__tol': 1e-06, 'impute': None, 'select': SelectKBest(score_func=<function mutual_info_classif at 0x7e3bb6fd3420>), 'select__k': 7, 'transform': None}",,,,,,451,,,,,,451,,,,,,451
0.0006329218546549479,4.391319589035748e-05,0.0,0.0,RandomUnderSampler(random_state=42),1.0,2000,2,l2,42,lbfgs,1e-06,,SelectKBest(score_func=<function mutual_info_classif at 0x7e3bb6fd3420>),5,,"{'balance': RandomUnderSampler(random_state=42), 'classify__C': 1.0, 'classify__max_iter': 2000, 'classify__n_jobs': 2, 'classify__penalty': 'l2', 'classify__random_state': 42, 'classify__solver': 'lbfgs', 'classify__tol': 1e-06, 'impute': None, 'select': SelectKBest(score_func=<function mutual_info_classif at 0x7e3bb6fd3420>), 'select__k': 5, 'transform': None}",,,,,,451,,,,,,451,,,,,,451
0.00038313865661621094,2.676241912918526e-06,0.0,0.0,RandomUnderSampler(random_state=42),1.0,2000,2,l2,42,lbfgs,1e-08,SimpleImputer(strategy='median'),SelectKBest(score_func=<function mutual_info_classif at 0x7e3bb6fd3420>),9,,"{'balance': RandomUnderSampler(random_state=42), 'classify__C': 1.0, 'classify__max_iter': 2000, 'classify__n_jobs': 2, 'classify__penalty': 'l2', 'classify__random_state': 42, 'classify__solver': 'lbfgs', 'classify__tol': 1e-08, 'impute': SimpleImputer(strategy='median'), 'select': SelectKBest(score_func=<function mutual_info_classif at 0x7e3bb6fd3420>), 'select__k': 9, 'transform': None}",,,,,,451,,,,,,451,,,,,,451
0.00036215782165527344,2.047162864684807e-05,0.0,0.0,RandomUnderSampler(random_state=42),1.0,2000,2,l2,42,lbfgs,1e-08,SimpleImputer(strategy='median'),SelectKBest(score_func=<function mutual_info_classif at 0x7e3bb6fd3420>),7,,"{'balance': RandomUnderSampler(random_state=42), 'classify__C': 1.0, 'classify__max_iter': 2000, 'classify__n_jobs': 2, 'classify__penalty': 'l2', 'classify__random_state': 42, 'classify__solver': 'lbfgs', 'classify__tol': 1e-08, 'impute': SimpleImputer(strategy='median'), 'select': SelectKBest(score_func=<function mutual_info_classif at 0x7e3bb6fd3420>), 'select__k': 7, 'transform': None}",,,,,,451,,,,,,451,,,,,,451
0.0003711382548014323,1.4082626618281482e-06,0.0,0.0,RandomUnderSampler(random_state=42),1.0,2000,2,l2,42,lbfgs,1e-08,SimpleImputer(strategy='median'),SelectKBest(score_func=<function mutual_info_classif at 0x7e3bb6fd3420>),5,,"{'balance': RandomUnderSampler(random_state=42), 'classify__C': 1.0, 'classify__max_iter': 2000, 'classify__n_jobs': 2, 'classify__penalty': 'l2', 'classify__random_state': 42, 'classify__solver': 'lbfgs', 'classify__tol': 1e-08, 'impute': SimpleImputer(strategy='median'), 'select': SelectKBest(score_func=<function mutual_info_classif at 0x7e3bb6fd3420>), 'select__k': 5, 'transform': None}",,,,,,451,,,,,,451,,,,,,451
0.0003655751546223958,6.132298063869612e-06,0.0,0.0,RandomUnderSampler(random_state=42),1.0,2000,2,l2,42,lbfgs,1e-08,,SelectKBest(score_func=<function mutual_info_classif at 0x7e3bb6fd3420>),9,,"{'balance': RandomUnderSampler(random_state=42), 'classify__C': 1.0, 'classify__max_iter': 2000, 'classify__n_jobs': 2, 'classify__penalty': 'l2', 'classify__random_state': 42, 'classify__solver': 'lbfgs', 'classify__tol': 1e-08, 'impute': None, 'select': SelectKBest(score_func=<function mutual_info_classif at 0x7e3bb6fd3420>), 'select__k': 9, 'transform': None}",,,,,,451,,,,,,451,,,,,,451
0.00032138824462890625,1.116925944694574e-05,0.0,0.0,RandomUnderSampler(random_state=42),1.0,2000,2,l2,42,lbfgs,1e-08,,SelectKBest(score_func=<function mutual_info_classif at 0x7e3bb6fd3420>),7,,"{'balance': RandomUnderSampler(random_state=42), 'classify__C': 1.0, 'classify__max_iter': 2000, 'classify__n_jobs': 2, 'classify__penalty': 'l2', 'classify__random_state': 42, 'classify__solver': 'lbfgs', 'classify__tol': 1e-08, 'impute': None, 'select': SelectKBest(score_func=<function mutual_info_classif at 0x7e3bb6fd3420>), 'select__k': 7, 'transform': None}",,,,,,451,,,,,,451,,,,,,451
0.0003211498260498047,1.0720885827978667e-05,0.0,0.0,RandomUnderSampler(random_state=42),1.0,2000,2,l2,42,lbfgs,1e-08,,SelectKBest(score_func=<function mutual_info_classif at 0x7e3bb6fd3420>),5,,"{'balance': RandomUnderSampler(random_state=42), 'classify__C': 1.0, 'classify__max_iter': 2000, 'classify__n_jobs': 2, 'classify__penalty': 'l2', 'classify__random_state': 42, 'classify__solver': 'lbfgs', 'classify__tol': 1e-08, 'impute': None, 'select': SelectKBest(score_func=<function mutual_info_classif at 0x7e3bb6fd3420>), 'select__k': 5, 'transform': None}",,,,,,451,,,,,,451,,,,,,451
0.0003578662872314453,1.0791349194586777e-05,0.0,0.0,RandomUnderSampler(random_state=42),1.0,1000,2,l2,42,lbfgs,0.0001,SimpleImputer(strategy='median'),SelectKBest(score_func=<function mutual_info_classif at 0x7e3bb6fd3420>),9,,"{'balance': RandomUnderSampler(random_state=42), 'classify__C': 1.0, 'classify__max_iter': 1000, 'classify__n_jobs': 2, 'classify__penalty': 'l2', 'classify__random_state': 42, 'classify__solver': 'lbfgs', 'classify__tol': 0.0001, 'impute': SimpleImputer(strategy='median'), 'select': SelectKBest(score_func=<function mutual_info_classif at 0x7e3bb6fd3420>), 'select__k': 9, 'transform': None}",,,,,,451,,,,,,451,,,,,,451
0.0003662109375,4.224787985484445e-06,0.0,0.0,RandomUnderSampler(random_state=42),1.0,1000,2,l2,42,lbfgs,0.0001,SimpleImputer(strategy='median'),SelectKBest(score_func=<function mutual_info_classif at 0x7e3bb6fd3420>),7,,"{'balance': RandomUnderSampler(random_state=42), 'classify__C': 1.0, 'classify__max_iter': 1000, 'classify__n_jobs': 2, 'classify__penalty': 'l2', 'classify__random_state': 42, 'classify__solver': 'lbfgs', 'classify__tol': 0.0001, 'impute': SimpleImputer(strategy='median'), 'select': SelectKBest(score_func=<function mutual_info_classif at 0x7e3bb6fd3420>), 'select__k': 7, 'transform': None}",,,,,,451,,,,,,451,,,,,,451
0.0003751118977864583,3.0176881913494683e-05,0.0,0.0,RandomUnderSampler(random_state=42),1.0,1000,2,l2,42,lbfgs,0.0001,SimpleImputer(strategy='median'),SelectKBest(score_func=<function mutual_info_classif at 0x7e3bb6fd3420>),5,,"{'balance': RandomUnderSampler(random_state=42), 'classify__C': 1.0, 'classify__max_iter': 1000, 'classify__n_jobs': 2, 'classify__penalty': 'l2', 'classify__random_state': 42, 'classify__solver': 'lbfgs', 'classify__tol': 0.0001, 'impute': SimpleImputer(strategy='median'), 'select': SelectKBest(score_func=<function mutual_info_classif at 0x7e3bb6fd3420>), 'select__k': 5, 'transform': None}",,,,,,451,,,,,,451,,,,,,451
0.00033934911092122394,3.096036589438789e-05,0.0,0.0,RandomUnderSampler(random_state=42),1.0,1000,2,l2,42,lbfgs,0.0001,,SelectKBest(score_func=<function mutual_info_classif at 0x7e3bb6fd3420>),9,,"{'balance': RandomUnderSampler(random_state=42), 'classify__C': 1.0, 'classify__max_iter': 1000, 'classify__n_jobs': 2, 'classify__penalty': 'l2', 'classify__random_state': 42, 'classify__solver': 'lbfgs', 'classify__tol': 0.0001, 'impute': None, 'select': SelectKBest(score_func=<function mutual_info_classif at 0x7e3bb6fd3420>), 'select__k': 9, 'transform': None}",,,,,,451,,,,,,451,,,,,,451
0.0003311634063720703,4.215808617234181e-06,0.0,0.0,RandomUnderSampler(random_state=42),1.0,1000,2,l2,42,lbfgs,0.0001,,SelectKBest(score_func=<function mutual_info_classif at 0x7e3bb6fd3420>),7,,"{'balance': RandomUnderSampler(random_state=42), 'classify__C': 1.0, 'classify__max_iter': 1000, 'classify__n_jobs': 2, 'classify__penalty': 'l2', 'classify__random_state': 42, 'classify__solver': 'lbfgs', 'classify__tol': 0.0001, 'impute': None, 'select': SelectKBest(score_func=<function mutual_info_classif at 0x7e3bb6fd3420>), 'select__k': 7, 'transform': None}",,,,,,451,,,,,,451,,,,,,451
0.000337521235148112,8.68475105531893e-06,0.0,0.0,RandomUnderSampler(random_state=42),1.0,1000,2,l2,42,lbfgs,0.0001,,SelectKBest(score_func=<function mutual_info_classif at 0x7e3bb6fd3420>),5,,"{'balance': RandomUnderSampler(random_state=42), 'classify__C': 1.0, 'classify__max_iter': 1000, 'classify__n_jobs': 2, 'classify__penalty': 'l2', 'classify__random_state': 42, 'classify__solver': 'lbfgs', 'classify__tol': 0.0001, 'impute': None, 'select': SelectKBest(score_func=<function mutual_info_classif at 0x7e3bb6fd3420>), 'select__k': 5, 'transform': None}",,,,,,451,,,,,,451,,,,,,451
0.0003714561462402344,7.646759457540463e-06,0.0,0.0,RandomUnderSampler(random_state=42),1.0,1000,2,l2,42,lbfgs,1e-06,SimpleImputer(strategy='median'),SelectKBest(score_func=<function mutual_info_classif at 0x7e3bb6fd3420>),9,,"{'balance': RandomUnderSampler(random_state=42), 'classify__C': 1.0, 'classify__max_iter': 1000, 'classify__n_jobs': 2, 'classify__penalty': 'l2', 'classify__random_state': 42, 'classify__solver': 'lbfgs', 'classify__tol': 1e-06, 'impute': SimpleImputer(strategy='median'), 'select': SelectKBest(score_func=<function mutual_info_classif at 0x7e3bb6fd3420>), 'select__k': 9, 'transform': None}",,,,,,451,,,,,,451,,,,,,451
0.000375668207804362,6.020036336391966e-06,0.0,0.0,RandomUnderSampler(random_state=42),1.0,1000,2,l2,42,lbfgs,1e-06,SimpleImputer(strategy='median'),SelectKBest(score_func=<function mutual_info_classif at 0x7e3bb6fd3420>),7,,"{'balance': RandomUnderSampler(random_state=42), 'classify__C': 1.0, 'classify__max_iter': 1000, 'classify__n_jobs': 2, 'classify__penalty': 'l2', 'classify__random_state': 42, 'classify__solver': 'lbfgs', 'classify__tol': 1e-06, 'impute': SimpleImputer(strategy='median'), 'select': SelectKBest(score_func=<function mutual_info_classif at 0x7e3bb6fd3420>), 'select__k': 7, 'transform': None}",,,,,,451,,,,,,451,,,,,,451
0.0003821055094401042,1.9058910734651684e-05,0.0,0.0,RandomUnderSampler(random_state=42),10.0,100,2,l2,42,lbfgs,1e-08,SimpleImputer(strategy='median'),SelectKBest(score_func=<function mutual_info_classif at 0x7e3bb6fd3420>),9,,"{'balance': RandomUnderSampler(random_state=42), 'classify__C': 10.0, 'classify__max_iter': 100, 'classify__n_jobs': 2, 'classify__penalty': 'l2', 'classify__random_state': 42, 'classify__solver': 'lbfgs', 'classify__tol': 1e-08, 'impute': SimpleImputer(strategy='median'), 'select': SelectKBest(score_func=<function mutual_info_classif at 0x7e3bb6fd3420>), 'select__k': 9, 'transform': None}",,,,,,451,,,,,,451,,,,,,451
0.0003558794657389323,1.1690346907266713e-05,0.0,0.0,RandomUnderSampler(random_state=42),10.0,100,2,l2,42,lbfgs,1e-08,SimpleImputer(strategy='median'),SelectKBest(score_func=<function mutual_info_classif at 0x7e3bb6fd3420>),7,,"{'balance': RandomUnderSampler(random_state=42), 'classify__C': 10.0, 'classify__max_iter': 100, 'classify__n_jobs': 2, 'classify__penalty': 'l2', 'classify__random_state': 42, 'classify__solver': 'lbfgs', 'classify__tol': 1e-08, 'impute': SimpleImputer(strategy='median'), 'select': SelectKBest(score_func=<function mutual_info_classif at 0x7e3bb6fd3420>), 'select__k': 7, 'transform': None}",,,,,,451,,,,,,451,,,,,,451
0.00040849049886067707,1.865395793187469e-05,0.0,0.0,RandomUnderSampler(random_state=42),10.0,100,2,l2,42,lbfgs,1e-08,SimpleImputer(strategy='median'),SelectKBest(score_func=<function mutual_info_classif at 0x7e3bb6fd3420>),5,,"{'balance': RandomUnderSampler(random_state=42), 'classify__C': 10.0, 'classify__max_iter': 100, 'classify__n_jobs': 2, 'classify__penalty': 'l2', 'classify__random_state': 42, 'classify__solver': 'lbfgs', 'classify__tol': 1e-08, 'impute': SimpleImputer(strategy='median'), 'select': SelectKBest(score_func=<function mutual_info_classif at 0x7e3bb6fd3420>), 'select__k': 5, 'transform': None}",,,,,,451,,,,,,451,,,,,,451
0.000337680180867513,2.306986378066235e-05,0.0,0.0,RandomUnderSampler(random_state=42),10.0,100,2,l2,42,lbfgs,1e-08,,SelectKBest(score_func=<function mutual_info_classif at 0x7e3bb6fd3420>),9,,"{'balance': RandomUnderSampler(random_state=42), 'classify__C': 10.0, 'classify__max_iter': 100, 'classify__n_jobs': 2, 'classify__penalty': 'l2', 'classify__random_state': 42, 'classify__solver': 'lbfgs', 'classify__tol': 1e-08, 'impute': None, 'select': SelectKBest(score_func=<function mutual_info_classif at 0x7e3bb6fd3420>), 'select__k': 9, 'transform': None}",,,,,,451,,,,,,451,,,,,,451
0.000339508056640625,2.8855543652357613e-05,0.0,0.0,RandomUnderSampler(random_state=42),10.0,100,2,l2,42,lbfgs,1e-08,,SelectKBest(score_func=<function mutual_info_classif at 0x7e3bb6fd3420>),7,,"{'balance': RandomUnderSampler(random_state=42), 'classify__C': 10.0, 'classify__max_iter': 100, 'classify__n_jobs': 2, 'classify__penalty': 'l2', 'classify__random_state': 42, 'classify__solver': 'lbfgs', 'classify__tol': 1e-08, 'impute': None, 'select': SelectKBest(score_func=<function mutual_info_classif at 0x7e3bb6fd3420>), 'select__k': 7, 'transform': None}",,,,,,451,,,,,,451,,,,,,451
0.0003279844919840495,1.2661400912155675e-05,0.0,0.0,RandomUnderSampler(random_state=42),10.0,100,2,l2,42,lbfgs,1e-08,,SelectKBest(score_func=<function mutual_info_classif at 0x7e3bb6fd3420>),5,,"{'balance': RandomUnderSampler(random_state=42), 'classify__C': 10.0, 'classify__max_iter': 100, 'classify__n_jobs': 2, 'classify__penalty': 'l2', 'classify__random_state': 42, 'classify__solver': 'lbfgs', 'classify__tol': 1e-08, 'impute': None, 'select': SelectKBest(score_func=<function mutual_info_classif at 0x7e3bb6fd3420>), 'select__k': 5, 'transform': None}",,,,,,451,,,,,,451,,,,,,451
0.00034817059834798175,6.805958450955277e-06,0.0,0.0,RandomUnderSampler(random_state=42),1.0,2000,2,l2,42,lbfgs,0.0001,SimpleImputer(strategy='median'),SelectKBest(score_func=<function mutual_info_classif at 0x7e3bb6fd3420>),9,,"{'balance': RandomUnderSampler(random_state=42), 'classify__C': 1.0, 'classify__max_iter': 2000, 'classify__n_jobs': 2, 'classify__penalty': 'l2', 'classify__random_state': 42, 'classify__solver': 'lbfgs', 'classify__tol': 0.0001, 'impute': SimpleImputer(strategy='median'), 'select': SelectKBest(score_func=<function mutual_info_classif at 0x7e3bb6fd3420>), 'select__k': 9, 'transform': None}",,,,,,451,,,,,,451,,,,,,451
0.0003819465637207031,1.926426053436593e-05,0.0,0.0,RandomUnderSampler(random_state=42),1.0,2000,2,l2,42,lbfgs,0.0001,SimpleImputer(strategy='median'),SelectKBest(score_func=<function mutual_info_classif at 0x7e3bb6fd3420>),7,,"{'balance': RandomUnderSampler(random_state=42), 'classify__C': 1.0, 'classify__max_iter': 2000, 'classify__n_jobs': 2, 'classify__penalty': 'l2', 'classify__random_state': 42, 'classify__solver': 'lbfgs', 'classify__tol': 0.0001, 'impute': SimpleImputer(strategy='median'), 'select': SelectKBest(score_func=<function mutual_info_classif at 0x7e3bb6fd3420>), 'select__k': 7, 'transform': None}",,,,,,451,,,,,,451,,,,,,451
0.000375668207804362,3.5224322323530964e-05,0.0,0.0,RandomUnderSampler(random_state=42),1.0,2000,2,l2,42,lbfgs,0.0001,SimpleImputer(strategy='median'),SelectKBest(score_func=<function mutual_info_classif at 0x7e3bb6fd3420>),5,,"{'balance': RandomUnderSampler(random_state=42), 'classify__C': 1.0, 'classify__max_iter': 2000, 'classify__n_jobs': 2, 'classify__penalty': 'l2', 'classify__random_state': 42, 'classify__solver': 'lbfgs', 'classify__tol': 0.0001, 'impute': SimpleImputer(strategy='median'), 'select': SelectKBest(score_func=<function mutual_info_classif at 0x7e3bb6fd3420>), 'select__k': 5, 'transform': None}",,,,,,451,,,,,,451,,,,,,451
0.00036795934041341144,2.4657855543539474e-05,0.0,0.0,RandomUnderSampler(random_state=42),1.0,2000,2,l2,42,lbfgs,0.0001,,SelectKBest(score_func=<function mutual_info_classif at 0x7e3bb6fd3420>),9,,"{'balance': RandomUnderSampler(random_state=42), 'classify__C': 1.0, 'classify__max_iter': 2000, 'classify__n_jobs': 2, 'classify__penalty': 'l2', 'classify__random_state': 42, 'classify__solver': 'lbfgs', 'classify__tol': 0.0001, 'impute': None, 'select': SelectKBest(score_func=<function mutual_info_classif at 0x7e3bb6fd3420>), 'select__k': 9, 'transform': None}",,,,,,451,,,,,,451,,,,,,451
0.0006117026011149088,7.263810681561163e-05,0.0,0.0,RandomUnderSampler(random_state=42),1.0,2000,2,l2,42,lbfgs,0.0001,,SelectKBest(score_func=<function mutual_info_classif at 0x7e3bb6fd3420>),7,,"{'balance': RandomUnderSampler(random_state=42), 'classify__C': 1.0, 'classify__max_iter': 2000, 'classify__n_jobs': 2, 'classify__penalty': 'l2', 'classify__random_state': 42, 'classify__solver': 'lbfgs', 'classify__tol': 0.0001, 'impute': None, 'select': SelectKBest(score_func=<function mutual_info_classif at 0x7e3bb6fd3420>), 'select__k': 7, 'transform': None}",,,,,,451,,,,,,451,,,,,,451
0.0005468527475992838,6.622526377359918e-06,0.0,0.0,RandomUnderSampler(random_state=42),1.0,2000,2,l2,42,lbfgs,0.0001,,SelectKBest(score_func=<function mutual_info_classif at 0x7e3bb6fd3420>),5,,"{'balance': RandomUnderSampler(random_state=42), 'classify__C': 1.0, 'classify__max_iter': 2000, 'classify__n_jobs': 2, 'classify__penalty': 'l2', 'classify__random_state': 42, 'classify__solver': 'lbfgs', 'classify__tol': 0.0001, 'impute': None, 'select': SelectKBest(score_func=<function mutual_info_classif at 0x7e3bb6fd3420>), 'select__k': 5, 'transform': None}",,,,,,451,,,,,,451,,,,,,451
0.0006274382273356119,4.0543467080099724e-05,0.0,0.0,RandomUnderSampler(random_state=42),1.0,2000,2,l2,42,lbfgs,1e-06,SimpleImputer(strategy='median'),SelectKBest(score_func=<function mutual_info_classif at 0x7e3bb6fd3420>),9,,"{'balance': RandomUnderSampler(random_state=42), 'classify__C': 1.0, 'classify__max_iter': 2000, 'classify__n_jobs': 2, 'classify__penalty': 'l2', 'classify__random_state': 42, 'classify__solver': 'lbfgs', 'classify__tol': 1e-06, 'impute': SimpleImputer(strategy='median'), 'select': SelectKBest(score_func=<function mutual_info_classif at 0x7e3bb6fd3420>), 'select__k': 9, 'transform': None}",,,,,,451,,,,,,451,,,,,,451
0.0006415843963623047,3.713568684130908e-05,0.0,0.0,RandomUnderSampler(random_state=42),1.0,2000,2,l2,42,lbfgs,1e-06,SimpleImputer(strategy='median'),SelectKBest(score_func=<function mutual_info_classif at 0x7e3bb6fd3420>),7,,"{'balance': RandomUnderSampler(random_state=42), 'classify__C': 1.0, 'classify__max_iter': 2000, 'classify__n_jobs': 2, 'classify__penalty': 'l2', 'classify__random_state': 42, 'classify__solver': 'lbfgs', 'classify__tol': 1e-06, 'impute': SimpleImputer(strategy='median'), 'select': SelectKBest(score_func=<function mutual_info_classif at 0x7e3bb6fd3420>), 'select__k': 7, 'transform': None}",,,,,,451,,,,,,451,,,,,,451
0.0006129741668701172,2.4029470422547555e-05,0.0,0.0,RandomUnderSampler(random_state=42),1.0,2000,2,l2,42,lbfgs,1e-06,SimpleImputer(strategy='median'),SelectKBest(score_func=<function mutual_info_classif at 0x7e3bb6fd3420>),5,,"{'balance': RandomUnderSampler(random_state=42), 'classify__C': 1.0, 'classify__max_iter': 2000, 'classify__n_jobs': 2, 'classify__penalty': 'l2', 'classify__random_state': 42, 'classify__solver': 'lbfgs', 'classify__tol': 1e-06, 'impute': SimpleImputer(strategy='median'), 'select': SelectKBest(score_func=<function mutual_info_classif at 0x7e3bb6fd3420>), 'select__k': 5, 'transform': None}",,,,,,451,,,,,,451,,,,,,451
0.0005821386973063151,5.1818376628423365e-05,0.0,0.0,RandomUnderSampler(random_state=42),1.0,2000,2,l2,42,lbfgs,1e-06,,SelectKBest(score_func=<function mutual_info_classif at 0x7e3bb6fd3420>),9,,"{'balance': RandomUnderSampler(random_state=42), 'classify__C': 1.0, 'classify__max_iter': 2000, 'classify__n_jobs': 2, 'classify__penalty': 'l2', 'classify__random_state': 42, 'classify__solver': 'lbfgs', 'classify__tol': 1e-06, 'impute': None, 'select': SelectKBest(score_func=<function mutual_info_classif at 0x7e3bb6fd3420>), 'select__k': 9, 'transform': None}",,,,,,451,,,,,,451,,,,,,451
0.0003801981608072917,6.474965588909365e-06,0.0,0.0,RandomUnderSampler(random_state=42),10.0,200,2,l2,42,lbfgs,1e-08,SimpleImputer(strategy='median'),SelectKBest(score_func=<function mutual_info_classif at 0x7e3bb6fd3420>),5,,"{'balance': RandomUnderSampler(random_state=42), 'classify__C': 10.0, 'classify__max_iter': 200, 'classify__n_jobs': 2, 'classify__penalty': 'l2', 'classify__random_state': 42, 'classify__solver': 'lbfgs', 'classify__tol': 1e-08, 'impute': SimpleImputer(strategy='median'), 'select': SelectKBest(score_func=<function mutual_info_classif at 0x7e3bb6fd3420>), 'select__k': 5, 'transform': None}",,,,,,451,,,,,,451,,,,,,451
0.00034387906392415363,2.4990644791366804e-05,0.0,0.0,RandomUnderSampler(random_state=42),10.0,200,2,l2,42,lbfgs,1e-08,,SelectKBest(score_func=<function mutual_info_classif at 0x7e3bb6fd3420>),9,,"{'balance': RandomUnderSampler(random_state=42), 'classify__C': 10.0, 'classify__max_iter': 200, 'classify__n_jobs': 2, 'classify__penalty': 'l2', 'classify__random_state': 42, 'classify__solver': 'lbfgs', 'classify__tol': 1e-08, 'impute': None, 'select': SelectKBest(score_func=<function mutual_info_classif at 0x7e3bb6fd3420>), 'select__k': 9, 'transform': None}",,,,,,451,,,,,,451,,,,,,451
0.0003314812978108724,1.8205704035876848e-05,0.0,0.0,RandomUnderSampler(random_state=42),10.0,200,2,l2,42,lbfgs,1e-08,,SelectKBest(score_func=<function mutual_info_classif at 0x7e3bb6fd3420>),7,,"{'balance': RandomUnderSampler(random_state=42), 'classify__C': 10.0, 'classify__max_iter': 200, 'classify__n_jobs': 2, 'classify__penalty': 'l2', 'classify__random_state': 42, 'classify__solver': 'lbfgs', 'classify__tol': 1e-08, 'impute': None, 'select': SelectKBest(score_func=<function mutual_info_classif at 0x7e3bb6fd3420>), 'select__k': 7, 'transform': None}",,,,,,451,,,,,,451,,,,,,451
0.00035826365152994793,3.597373911141311e-05,0.0,0.0,RandomUnderSampler(random_state=42),10.0,200,2,l2,42,lbfgs,1e-08,,SelectKBest(score_func=<function mutual_info_classif at 0x7e3bb6fd3420>),5,,"{'balance': RandomUnderSampler(random_state=42), 'classify__C': 10.0, 'classify__max_iter': 200, 'classify__n_jobs': 2, 'classify__penalty': 'l2', 'classify__random_state': 42, 'classify__solver': 'lbfgs', 'classify__tol': 1e-08, 'impute': None, 'select': SelectKBest(score_func=<function mutual_info_classif at 0x7e3bb6fd3420>), 'select__k': 5, 'transform': None}",,,,,,451,,,,,,451,,,,,,451
0.0003571510314941406,1.3151257574359641e-05,0.0,0.0,RandomUnderSampler(random_state=42),10.0,100,2,l2,42,lbfgs,0.0001,SimpleImputer(strategy='median'),SelectKBest(score_func=<function mutual_info_classif at 0x7e3bb6fd3420>),9,,"{'balance': RandomUnderSampler(random_state=42), 'classify__C': 10.0, 'classify__max_iter': 100, 'classify__n_jobs': 2, 'classify__penalty': 'l2', 'classify__random_state': 42, 'classify__solver': 'lbfgs', 'classify__tol': 0.0001, 'impute': SimpleImputer(strategy='median'), 'select': SelectKBest(score_func=<function mutual_info_classif at 0x7e3bb6fd3420>), 'select__k': 9, 'transform': None}",,,,,,451,,,,,,451,,,,,,451
0.00040872891743977863,2.9253569953324255e-05,0.0,0.0,RandomUnderSampler(random_state=42),10.0,100,2,l2,42,lbfgs,0.0001,SimpleImputer(strategy='median'),SelectKBest(score_func=<function mutual_info_classif at 0x7e3bb6fd3420>),7,,"{'balance': RandomUnderSampler(random_state=42), 'classify__C': 10.0, 'classify__max_iter': 100, 'classify__n_jobs': 2, 'classify__penalty': 'l2', 'classify__random_state': 42, 'classify__solver': 'lbfgs', 'classify__tol': 0.0001, 'impute': SimpleImputer(strategy='median'), 'select': SelectKBest(score_func=<function mutual_info_classif at 0x7e3bb6fd3420>), 'select__k': 7, 'transform': None}",,,,,,451,,,,,,451,,,,,,451
0.00035802523295084637,1.2101292445697666e-05,0.0,0.0,RandomUnderSampler(random_state=42),10.0,100,2,l2,42,lbfgs,0.0001,SimpleImputer(strategy='median'),SelectKBest(score_func=<function mutual_info_classif at 0x7e3bb6fd3420>),5,,"{'balance': RandomUnderSampler(random_state=42), 'classify__C': 10.0, 'classify__max_iter': 100, 'classify__n_jobs': 2, 'classify__penalty': 'l2', 'classify__random_state': 42, 'classify__solver': 'lbfgs', 'classify__tol': 0.0001, 'impute': SimpleImputer(strategy='median'), 'select': SelectKBest(score_func=<function mutual_info_classif at 0x7e3bb6fd3420>), 'select__k': 5, 'transform': None}",,,,,,451,,,,,,451,,,,,,451
0.00034491221110026043,2.2230819045791427e-05,0.0,0.0,RandomUnderSampler(random_state=42),10.0,100,2,l2,42,lbfgs,0.0001,,SelectKBest(score_func=<function mutual_info_classif at 0x7e3bb6fd3420>),9,,"{'balance': RandomUnderSampler(random_state=42), 'classify__C': 10.0, 'classify__max_iter': 100, 'classify__n_jobs': 2, 'classify__penalty': 'l2', 'classify__random_state': 42, 'classify__solver': 'lbfgs', 'classify__tol': 0.0001, 'impute': None, 'select': SelectKBest(score_func=<function mutual_info_classif at 0x7e3bb6fd3420>), 'select__k': 9, 'transform': None}",,,,,,451,,,,,,451,,,,,,451
0.0003364880879720052,1.023133978518417e-05,0.0,0.0,RandomUnderSampler(random_state=42),10.0,100,2,l2,42,lbfgs,0.0001,,SelectKBest(score_func=<function mutual_info_classif at 0x7e3bb6fd3420>),7,,"{'balance': RandomUnderSampler(random_state=42), 'classify__C': 10.0, 'classify__max_iter': 100, 'classify__n_jobs': 2, 'classify__penalty': 'l2', 'classify__random_state': 42, 'classify__solver': 'lbfgs', 'classify__tol': 0.0001, 'impute': None, 'select': SelectKBest(score_func=<function mutual_info_classif at 0x7e3bb6fd3420>), 'select__k': 7, 'transform': None}",,,,,,451,,,,,,451,,,,,,451
0.0003267923990885417,2.272979362181837e-06,0.0,0.0,RandomUnderSampler(random_state=42),10.0,100,2,l2,42,lbfgs,0.0001,,SelectKBest(score_func=<function mutual_info_classif at 0x7e3bb6fd3420>),5,,"{'balance': RandomUnderSampler(random_state=42), 'classify__C': 10.0, 'classify__max_iter': 100, 'classify__n_jobs': 2, 'classify__penalty': 'l2', 'classify__random_state': 42, 'classify__solver': 'lbfgs', 'classify__tol': 0.0001, 'impute': None, 'select': SelectKBest(score_func=<function mutual_info_classif at 0x7e3bb6fd3420>), 'select__k': 5, 'transform': None}",,,,,,451,,,,,,451,,,,,,451
0.0003533363342285156,3.754619538312822e-06,0.0,0.0,RandomUnderSampler(random_state=42),10.0,100,2,l2,42,lbfgs,1e-06,SimpleImputer(strategy='median'),SelectKBest(score_func=<function mutual_info_classif at 0x7e3bb6fd3420>),9,,"{'balance': RandomUnderSampler(random_state=42), 'classify__C': 10.0, 'classify__max_iter': 100, 'classify__n_jobs': 2, 'classify__penalty': 'l2', 'classify__random_state': 42, 'classify__solver': 'lbfgs', 'classify__tol': 1e-06, 'impute': SimpleImputer(strategy='median'), 'select': SelectKBest(score_func=<function mutual_info_classif at 0x7e3bb6fd3420>), 'select__k': 9, 'transform': None}",,,,,,451,,,,,,451,,,,,,451
0.0003630320231119792,5.723149581714895e-06,0.0,0.0,RandomUnderSampler(random_state=42),10.0,100,2,l2,42,lbfgs,1e-06,SimpleImputer(strategy='median'),SelectKBest(score_func=<function mutual_info_classif at 0x7e3bb6fd3420>),7,,"{'balance': RandomUnderSampler(random_state=42), 'classify__C': 10.0, 'classify__max_iter': 100, 'classify__n_jobs': 2, 'classify__penalty': 'l2', 'classify__random_state': 42, 'classify__solver': 'lbfgs', 'classify__tol': 1e-06, 'impute': SimpleImputer(strategy='median'), 'select': SelectKBest(score_func=<function mutual_info_classif at 0x7e3bb6fd3420>), 'select__k': 7, 'transform': None}",,,,,,451,,,,,,451,,,,,,451
0.00035564104715983075,1.2041646298513017e-05,0.0,0.0,RandomUnderSampler(random_state=42),10.0,100,2,l2,42,lbfgs,1e-06,SimpleImputer(strategy='median'),SelectKBest(score_func=<function mutual_info_classif at 0x7e3bb6fd3420>),5,,"{'balance': RandomUnderSampler(random_state=42), 'classify__C': 10.0, 'classify__max_iter': 100, 'classify__n_jobs': 2, 'classify__penalty': 'l2', 'classify__random_state': 42, 'classify__solver': 'lbfgs', 'classify__tol': 1e-06, 'impute': SimpleImputer(strategy='median'), 'select': SelectKBest(score_func=<function mutual_info_classif at 0x7e3bb6fd3420>), 'select__k': 5, 'transform': None}",,,,,,451,,,,,,451,,,,,,451
0.00035444895426432293,3.4756453701264984e-05,0.0,0.0,RandomUnderSampler(random_state=42),10.0,100,2,l2,42,lbfgs,1e-06,,SelectKBest(score_func=<function mutual_info_classif at 0x7e3bb6fd3420>),9,,"{'balance': RandomUnderSampler(random_state=42), 'classify__C': 10.0, 'classify__max_iter': 100, 'classify__n_jobs': 2, 'classify__penalty': 'l2', 'classify__random_state': 42, 'classify__solver': 'lbfgs', 'classify__tol': 1e-06, 'impute': None, 'select': SelectKBest(score_func=<function mutual_info_classif at 0x7e3bb6fd3420>), 'select__k': 9, 'transform': None}",,,,,,451,,,,,,451,,,,,,451
0.0003210703531901042,7.802114179150187e-06,0.0,0.0,RandomUnderSampler(random_state=42),10.0,100,2,l2,42,lbfgs,1e-06,,SelectKBest(score_func=<function mutual_info_classif at 0x7e3bb6fd3420>),7,,"{'balance': RandomUnderSampler(random_state=42), 'classify__C': 10.0, 'classify__max_iter': 100, 'classify__n_jobs': 2, 'classify__penalty': 'l2', 'classify__random_state': 42, 'classify__solver': 'lbfgs', 'classify__tol': 1e-06, 'impute': None, 'select': SelectKBest(score_func=<function mutual_info_classif at 0x7e3bb6fd3420>), 'select__k': 7, 'transform': None}",,,,,,451,,,,,,451,,,,,,451
0.00031057993570963543,1.1424759147363815e-05,0.0,0.0,RandomUnderSampler(random_state=42),10.0,100,2,l2,42,lbfgs,1e-06,,SelectKBest(score_func=<function mutual_info_classif at 0x7e3bb6fd3420>),5,,"{'balance': RandomUnderSampler(random_state=42), 'classify__C': 10.0, 'classify__max_iter': 100, 'classify__n_jobs': 2, 'classify__penalty': 'l2', 'classify__random_state': 42, 'classify__solver': 'lbfgs', 'classify__tol': 1e-06, 'impute': None, 'select': SelectKBest(score_func=<function mutual_info_classif at 0x7e3bb6fd3420>), 'select__k': 5, 'transform': None}",,,,,,451,,,,,,451,,,,,,451
0.00034729639689127606,7.867411722033553e-07,0.0,0.0,RandomUnderSampler(random_state=42),10.0,500,2,l2,42,lbfgs,1e-08,,SelectKBest(score_func=<function mutual_info_classif at 0x7e3bb6fd3420>),7,,"{'balance': RandomUnderSampler(random_state=42), 'classify__C': 10.0, 'classify__max_iter': 500, 'classify__n_jobs': 2, 'classify__penalty': 'l2', 'classify__random_state': 42, 'classify__solver': 'lbfgs', 'classify__tol': 1e-08, 'impute': None, 'select': SelectKBest(score_func=<function mutual_info_classif at 0x7e3bb6fd3420>), 'select__k': 7, 'transform': None}",,,,,,451,,,,,,451,,,,,,451
0.00032639503479003906,1.7430121227482382e-05,0.0,0.0,RandomUnderSampler(random_state=42),10.0,500,2,l2,42,lbfgs,1e-08,,SelectKBest(score_func=<function mutual_info_classif at 0x7e3bb6fd3420>),5,,"{'balance': RandomUnderSampler(random_state=42), 'classify__C': 10.0, 'classify__max_iter': 500, 'classify__n_jobs': 2, 'classify__penalty': 'l2', 'classify__random_state': 42, 'classify__solver': 'lbfgs', 'classify__tol': 1e-08, 'impute': None, 'select': SelectKBest(score_func=<function mutual_info_classif at 0x7e3bb6fd3420>), 'select__k': 5, 'transform': None}",,,,,,451,,,,,,451,,,,,,451
0.0003780523935953776,1.4413756623476904e-05,0.0,0.0,RandomUnderSampler(random_state=42),10.0,200,2,l2,42,lbfgs,0.0001,SimpleImputer(strategy='median'),SelectKBest(score_func=<function mutual_info_classif at 0x7e3bb6fd3420>),9,,"{'balance': RandomUnderSampler(random_state=42), 'classify__C': 10.0, 'classify__max_iter': 200, 'classify__n_jobs': 2, 'classify__penalty': 'l2', 'classify__random_state': 42, 'classify__solver': 'lbfgs', 'classify__tol': 0.0001, 'impute': SimpleImputer(strategy='median'), 'select': SelectKBest(score_func=<function mutual_info_classif at 0x7e3bb6fd3420>), 'select__k': 9, 'transform': None}",,,,,,451,,,,,,451,,,,,,451
0.0003763834635416667,1.8385904819447866e-05,0.0,0.0,RandomUnderSampler(random_state=42),10.0,200,2,l2,42,lbfgs,0.0001,SimpleImputer(strategy='median'),SelectKBest(score_func=<function mutual_info_classif at 0x7e3bb6fd3420>),7,,"{'balance': RandomUnderSampler(random_state=42), 'classify__C': 10.0, 'classify__max_iter': 200, 'classify__n_jobs': 2, 'classify__penalty': 'l2', 'classify__random_state': 42, 'classify__solver': 'lbfgs', 'classify__tol': 0.0001, 'impute': SimpleImputer(strategy='median'), 'select': SelectKBest(score_func=<function mutual_info_classif at 0x7e3bb6fd3420>), 'select__k': 7, 'transform': None}",,,,,,451,,,,,,451,,,,,,451
0.0003571510314941406,6.238492936067697e-06,0.0,0.0,RandomUnderSampler(random_state=42),10.0,200,2,l2,42,lbfgs,0.0001,SimpleImputer(strategy='median'),SelectKBest(score_func=<function mutual_info_classif at 0x7e3bb6fd3420>),5,,"{'balance': RandomUnderSampler(random_state=42), 'classify__C': 10.0, 'classify__max_iter': 200, 'classify__n_jobs': 2, 'classify__penalty': 'l2', 'classify__random_state': 42, 'classify__solver': 'lbfgs', 'classify__tol': 0.0001, 'impute': SimpleImputer(strategy='median'), 'select': SelectKBest(score_func=<function mutual_info_classif at 0x7e3bb6fd3420>), 'select__k': 5, 'transform': None}",,,,,,451,,,,,,451,,,,,,451
0.0004878838857014974,0.00011860636723672693,0.0,0.0,RandomUnderSampler(random_state=42),10.0,200,2,l2,42,lbfgs,0.0001,,SelectKBest(score_func=<function mutual_info_classif at 0x7e3bb6fd3420>),9,,"{'balance': RandomUnderSampler(random_state=42), 'classify__C': 10.0, 'classify__max_iter': 200, 'classify__n_jobs': 2, 'classify__penalty': 'l2', 'classify__random_state': 42, 'classify__solver': 'lbfgs', 'classify__tol': 0.0001, 'impute': None, 'select': SelectKBest(score_func=<function mutual_info_classif at 0x7e3bb6fd3420>), 'select__k': 9, 'transform': None}",,,,,,451,,,,,,451,,,,,,451
0.000602563222249349,4.580340205239111e-05,0.0,0.0,RandomUnderSampler(random_state=42),10.0,200,2,l2,42,lbfgs,0.0001,,SelectKBest(score_func=<function mutual_info_classif at 0x7e3bb6fd3420>),7,,"{'balance': RandomUnderSampler(random_state=42), 'classify__C': 10.0, 'classify__max_iter': 200, 'classify__n_jobs': 2, 'classify__penalty': 'l2', 'classify__random_state': 42, 'classify__solver': 'lbfgs', 'classify__tol': 0.0001, 'impute': None, 'select': SelectKBest(score_func=<function mutual_info_classif at 0x7e3bb6fd3420>), 'select__k': 7, 'transform': None}",,,,,,451,,,,,,451,,,,,,451
0.0004722277323404948,0.00019292216344324933,0.0,0.0,RandomUnderSampler(random_state=42),10.0,200,2,l2,42,lbfgs,0.0001,,SelectKBest(score_func=<function mutual_info_classif at 0x7e3bb6fd3420>),5,,"{'balance': RandomUnderSampler(random_state=42), 'classify__C': 10.0, 'classify__max_iter': 200, 'classify__n_jobs': 2, 'classify__penalty': 'l2', 'classify__random_state': 42, 'classify__solver': 'lbfgs', 'classify__tol': 0.0001, 'impute': None, 'select': SelectKBest(score_func=<function mutual_info_classif at 0x7e3bb6fd3420>), 'select__k': 5, 'transform': None}",,,,,,451,,,,,,451,,,,,,451
0.00038663546244303387,5.924860261159198e-06,0.0,0.0,RandomUnderSampler(random_state=42),10.0,200,2,l2,42,lbfgs,1e-06,SimpleImputer(strategy='median'),SelectKBest(score_func=<function mutual_info_classif at 0x7e3bb6fd3420>),9,,"{'balance': RandomUnderSampler(random_state=42), 'classify__C': 10.0, 'classify__max_iter': 200, 'classify__n_jobs': 2, 'classify__penalty': 'l2', 'classify__random_state': 42, 'classify__solver': 'lbfgs', 'classify__tol': 1e-06, 'impute': SimpleImputer(strategy='median'), 'select': SelectKBest(score_func=<function mutual_info_classif at 0x7e3bb6fd3420>), 'select__k': 9, 'transform': None}",,,,,,451,,,,,,451,,,,,,451
0.00036605199178059894,1.830741460376593e-05,0.0,0.0,RandomUnderSampler(random_state=42),10.0,200,2,l2,42,lbfgs,1e-06,SimpleImputer(strategy='median'),SelectKBest(score_func=<function mutual_info_classif at 0x7e3bb6fd3420>),7,,"{'balance': RandomUnderSampler(random_state=42), 'classify__C': 10.0, 'classify__max_iter': 200, 'classify__n_jobs': 2, 'classify__penalty': 'l2', 'classify__random_state': 42, 'classify__solver': 'lbfgs', 'classify__tol': 1e-06, 'impute': SimpleImputer(strategy='median'), 'select': SelectKBest(score_func=<function mutual_info_classif at 0x7e3bb6fd3420>), 'select__k': 7, 'transform': None}",,,,,,451,,,,,,451,,,,,,451
0.00038369496663411457,8.583804675926935e-06,0.0,0.0,RandomUnderSampler(random_state=42),10.0,200,2,l2,42,lbfgs,1e-06,SimpleImputer(strategy='median'),SelectKBest(score_func=<function mutual_info_classif at 0x7e3bb6fd3420>),5,,"{'balance': RandomUnderSampler(random_state=42), 'classify__C': 10.0, 'classify__max_iter': 200, 'classify__n_jobs': 2, 'classify__penalty': 'l2', 'classify__random_state': 42, 'classify__solver': 'lbfgs', 'classify__tol': 1e-06, 'impute': SimpleImputer(strategy='median'), 'select': SelectKBest(score_func=<function mutual_info_classif at 0x7e3bb6fd3420>), 'select__k': 5, 'transform': None}",,,,,,451,,,,,,451,,,,,,451
0.0003434022267659505,3.601795575976264e-06,0.0,0.0,RandomUnderSampler(random_state=42),10.0,200,2,l2,42,lbfgs,1e-06,,SelectKBest(score_func=<function mutual_info_classif at 0x7e3bb6fd3420>),9,,"{'balance': RandomUnderSampler(random_state=42), 'classify__C': 10.0, 'classify__max_iter': 200, 'classify__n_jobs': 2, 'classify__penalty': 'l2', 'classify__random_state': 42, 'classify__solver': 'lbfgs', 'classify__tol': 1e-06, 'impute': None, 'select': SelectKBest(score_func=<function mutual_info_classif at 0x7e3bb6fd3420>), 'select__k': 9, 'transform': None}",,,,,,451,,,,,,451,,,,,,451
0.0003322760264078776,1.051447258538642e-05,0.0,0.0,RandomUnderSampler(random_state=42),10.0,200,2,l2,42,lbfgs,1e-06,,SelectKBest(score_func=<function mutual_info_classif at 0x7e3bb6fd3420>),7,,"{'balance': RandomUnderSampler(random_state=42), 'classify__C': 10.0, 'classify__max_iter': 200, 'classify__n_jobs': 2, 'classify__penalty': 'l2', 'classify__random_state': 42, 'classify__solver': 'lbfgs', 'classify__tol': 1e-06, 'impute': None, 'select': SelectKBest(score_func=<function mutual_info_classif at 0x7e3bb6fd3420>), 'select__k': 7, 'transform': None}",,,,,,451,,,,,,451,,,,,,451
0.00034332275390625,1.2549667958038256e-05,0.0,0.0,RandomUnderSampler(random_state=42),10.0,200,2,l2,42,lbfgs,1e-06,,SelectKBest(score_func=<function mutual_info_classif at 0x7e3bb6fd3420>),5,,"{'balance': RandomUnderSampler(random_state=42), 'classify__C': 10.0, 'classify__max_iter': 200, 'classify__n_jobs': 2, 'classify__penalty': 'l2', 'classify__random_state': 42, 'classify__solver': 'lbfgs', 'classify__tol': 1e-06, 'impute': None, 'select': SelectKBest(score_func=<function mutual_info_classif at 0x7e3bb6fd3420>), 'select__k': 5, 'transform': None}",,,,,,451,,,,,,451,,,,,,451
0.00037328402201334637,3.431755503862533e-05,0.0,0.0,RandomUnderSampler(random_state=42),10.0,200,2,l2,42,lbfgs,1e-08,SimpleImputer(strategy='median'),SelectKBest(score_func=<function mutual_info_classif at 0x7e3bb6fd3420>),9,,"{'balance': RandomUnderSampler(random_state=42), 'classify__C': 10.0, 'classify__max_iter': 200, 'classify__n_jobs': 2, 'classify__penalty': 'l2', 'classify__random_state': 42, 'classify__solver': 'lbfgs', 'classify__tol': 1e-08, 'impute': SimpleImputer(strategy='median'), 'select': SelectKBest(score_func=<function mutual_info_classif at 0x7e3bb6fd3420>), 'select__k': 9, 'transform': None}",,,,,,451,,,,,,451,,,,,,451
0.0003818670908610026,1.3050498640965363e-05,0.0,0.0,RandomUnderSampler(random_state=42),10.0,200,2,l2,42,lbfgs,1e-08,SimpleImputer(strategy='median'),SelectKBest(score_func=<function mutual_info_classif at 0x7e3bb6fd3420>),7,,"{'balance': RandomUnderSampler(random_state=42), 'classify__C': 10.0, 'classify__max_iter': 200, 'classify__n_jobs': 2, 'classify__penalty': 'l2', 'classify__random_state': 42, 'classify__solver': 'lbfgs', 'classify__tol': 1e-08, 'impute': SimpleImputer(strategy='median'), 'select': SelectKBest(score_func=<function mutual_info_classif at 0x7e3bb6fd3420>), 'select__k': 7, 'transform': None}",,,,,,451,,,,,,451,,,,,,451
0.0003887017567952474,1.437690171242594e-05,0.0,0.0,RandomUnderSampler(random_state=42),10.0,500,2,l2,42,lbfgs,0.0001,SimpleImputer(strategy='median'),SelectKBest(score_func=<function mutual_info_classif at 0x7e3bb6fd3420>),9,,"{'balance': RandomUnderSampler(random_state=42), 'classify__C': 10.0, 'classify__max_iter': 500, 'classify__n_jobs': 2, 'classify__penalty': 'l2', 'classify__random_state': 42, 'classify__solver': 'lbfgs', 'classify__tol': 0.0001, 'impute': SimpleImputer(strategy='median'), 'select': SelectKBest(score_func=<function mutual_info_classif at 0x7e3bb6fd3420>), 'select__k': 9, 'transform': None}",,,,,,451,,,,,,451,,,,,,451
0.0003833770751953125,1.877309769156411e-06,0.0,0.0,RandomUnderSampler(random_state=42),10.0,500,2,l2,42,lbfgs,0.0001,SimpleImputer(strategy='median'),SelectKBest(score_func=<function mutual_info_classif at 0x7e3bb6fd3420>),7,,"{'balance': RandomUnderSampler(random_state=42), 'classify__C': 10.0, 'classify__max_iter': 500, 'classify__n_jobs': 2, 'classify__penalty': 'l2', 'classify__random_state': 42, 'classify__solver': 'lbfgs', 'classify__tol': 0.0001, 'impute': SimpleImputer(strategy='median'), 'select': SelectKBest(score_func=<function mutual_info_classif at 0x7e3bb6fd3420>), 'select__k': 7, 'transform': None}",,,,,,451,,,,,,451,,,,,,451
0.0003757476806640625,1.2344158868045215e-05,0.0,0.0,RandomUnderSampler(random_state=42),10.0,500,2,l2,42,lbfgs,0.0001,SimpleImputer(strategy='median'),SelectKBest(score_func=<function mutual_info_classif at 0x7e3bb6fd3420>),5,,"{'balance': RandomUnderSampler(random_state=42), 'classify__C': 10.0, 'classify__max_iter': 500, 'classify__n_jobs': 2, 'classify__penalty': 'l2', 'classify__random_state': 42, 'classify__solver': 'lbfgs', 'classify__tol': 0.0001, 'impute': SimpleImputer(strategy='median'), 'select': SelectKBest(score_func=<function mutual_info_classif at 0x7e3bb6fd3420>), 'select__k': 5, 'transform': None}",,,,,,451,,,,,,451,,,,,,451
0.0003536542256673177,2.6715886642355023e-05,0.0,0.0,RandomUnderSampler(random_state=42),10.0,500,2,l2,42,lbfgs,0.0001,,SelectKBest(score_func=<function mutual_info_classif at 0x7e3bb6fd3420>),9,,"{'balance': RandomUnderSampler(random_state=42), 'classify__C': 10.0, 'classify__max_iter': 500, 'classify__n_jobs': 2, 'classify__penalty': 'l2', 'classify__random_state': 42, 'classify__solver': 'lbfgs', 'classify__tol': 0.0001, 'impute': None, 'select': SelectKBest(score_func=<function mutual_info_classif at 0x7e3bb6fd3420>), 'select__k': 9, 'transform': None}",,,,,,451,,,,,,451,,,,,,451
0.00032782554626464844,1.0560624404120494e-05,0.0,0.0,RandomUnderSampler(random_state=42),10.0,500,2,l2,42,lbfgs,0.0001,,SelectKBest(score_func=<function mutual_info_classif at 0x7e3bb6fd3420>),7,,"{'balance': RandomUnderSampler(random_state=42), 'classify__C': 10.0, 'classify__max_iter': 500, 'classify__n_jobs': 2, 'classify__penalty': 'l2', 'classify__random_state': 42, 'classify__solver': 'lbfgs', 'classify__tol': 0.0001, 'impute': None, 'select': SelectKBest(score_func=<function mutual_info_classif at 0x7e3bb6fd3420>), 'select__k': 7, 'transform': None}",,,,,,451,,,,,,451,,,,,,451
0.00034491221110026043,1.1346542547591366e-05,0.0,0.0,RandomUnderSampler(random_state=42),10.0,500,2,l2,42,lbfgs,0.0001,,SelectKBest(score_func=<function mutual_info_classif at 0x7e3bb6fd3420>),5,,"{'balance': RandomUnderSampler(random_state=42), 'classify__C': 10.0, 'classify__max_iter': 500, 'classify__n_jobs': 2, 'classify__penalty': 'l2', 'classify__random_state': 42, 'classify__solver': 'lbfgs', 'classify__tol': 0.0001, 'impute': None, 'select': SelectKBest(score_func=<function mutual_info_classif at 0x7e3bb6fd3420>), 'select__k': 5, 'transform': None}",,,,,,451,,,,,,451,,,,,,451
0.0003993511199951172,2.676241912918526e-06,0.0,0.0,RandomUnderSampler(random_state=42),10.0,500,2,l2,42,lbfgs,1e-06,SimpleImputer(strategy='median'),SelectKBest(score_func=<function mutual_info_classif at 0x7e3bb6fd3420>),9,,"{'balance': RandomUnderSampler(random_state=42), 'classify__C': 10.0, 'classify__max_iter': 500, 'classify__n_jobs': 2, 'classify__penalty': 'l2', 'classify__random_state': 42, 'classify__solver': 'lbfgs', 'classify__tol': 1e-06, 'impute': SimpleImputer(strategy='median'), 'select': SelectKBest(score_func=<function mutual_info_classif at 0x7e3bb6fd3420>), 'select__k': 9, 'transform': None}",,,,,,451,,,,,,451,,,,,,451
0.00035182634989420575,1.213256737495312e-05,0.0,0.0,RandomUnderSampler(random_state=42),10.0,500,2,l2,42,lbfgs,1e-06,SimpleImputer(strategy='median'),SelectKBest(score_func=<function mutual_info_classif at 0x7e3bb6fd3420>),7,,"{'balance': RandomUnderSampler(random_state=42), 'classify__C': 10.0, 'classify__max_iter': 500, 'classify__n_jobs': 2, 'classify__penalty': 'l2', 'classify__random_state': 42, 'classify__solver': 'lbfgs', 'classify__tol': 1e-06, 'impute': SimpleImputer(strategy='median'), 'select': SelectKBest(score_func=<function mutual_info_classif at 0x7e3bb6fd3420>), 'select__k': 7, 'transform': None}",,,,,,451,,,,,,451,,,,,,451
0.00038941701253255207,1.6271182541902964e-05,0.0,0.0,RandomUnderSampler(random_state=42),10.0,500,2,l2,42,lbfgs,1e-06,SimpleImputer(strategy='median'),SelectKBest(score_func=<function mutual_info_classif at 0x7e3bb6fd3420>),5,,"{'balance': RandomUnderSampler(random_state=42), 'classify__C': 10.0, 'classify__max_iter': 500, 'classify__n_jobs': 2, 'classify__penalty': 'l2', 'classify__random_state': 42, 'classify__solver': 'lbfgs', 'classify__tol': 1e-06, 'impute': SimpleImputer(strategy='median'), 'select': SelectKBest(score_func=<function mutual_info_classif at 0x7e3bb6fd3420>), 'select__k': 5, 'transform': None}",,,,,,451,,,,,,451,,,,,,451
0.00033052762349446613,1.7767472656830285e-05,0.0,0.0,RandomUnderSampler(random_state=42),10.0,500,2,l2,42,lbfgs,1e-06,,SelectKBest(score_func=<function mutual_info_classif at 0x7e3bb6fd3420>),9,,"{'balance': RandomUnderSampler(random_state=42), 'classify__C': 10.0, 'classify__max_iter': 500, 'classify__n_jobs': 2, 'classify__penalty': 'l2', 'classify__random_state': 42, 'classify__solver': 'lbfgs', 'classify__tol': 1e-06, 'impute': None, 'select': SelectKBest(score_func=<function mutual_info_classif at 0x7e3bb6fd3420>), 'select__k': 9, 'transform': None}",,,,,,451,,,,,,451,,,,,,451
0.00034618377685546875,1.2865769923431436e-05,0.0,0.0,RandomUnderSampler(random_state=42),10.0,500,2,l2,42,lbfgs,1e-06,,SelectKBest(score_func=<function mutual_info_classif at 0x7e3bb6fd3420>),7,,"{'balance': RandomUnderSampler(random_state=42), 'classify__C': 10.0, 'classify__max_iter': 500, 'classify__n_jobs': 2, 'classify__penalty': 'l2', 'classify__random_state': 42, 'classify__solver': 'lbfgs', 'classify__tol': 1e-06, 'impute': None, 'select': SelectKBest(score_func=<function mutual_info_classif at 0x7e3bb6fd3420>), 'select__k': 7, 'transform': None}",,,,,,451,,,,,,451,,,,,,451
0.00034491221110026043,2.054676996376297e-05,0.0,0.0,RandomUnderSampler(random_state=42),10.0,500,2,l2,42,lbfgs,1e-06,,SelectKBest(score_func=<function mutual_info_classif at 0x7e3bb6fd3420>),5,,"{'balance': RandomUnderSampler(random_state=42), 'classify__C': 10.0, 'classify__max_iter': 500, 'classify__n_jobs': 2, 'classify__penalty': 'l2', 'classify__random_state': 42, 'classify__solver': 'lbfgs', 'classify__tol': 1e-06, 'impute': None, 'select': SelectKBest(score_func=<function mutual_info_classif at 0x7e3bb6fd3420>), 'select__k': 5, 'transform': None}",,,,,,451,,,,,,451,,,,,,451
0.00037439664204915363,1.8501991791443532e-06,0.0,0.0,RandomUnderSampler(random_state=42),10.0,500,2,l2,42,lbfgs,1e-08,SimpleImputer(strategy='median'),SelectKBest(score_func=<function mutual_info_classif at 0x7e3bb6fd3420>),9,,"{'balance': RandomUnderSampler(random_state=42), 'classify__C': 10.0, 'classify__max_iter': 500, 'classify__n_jobs': 2, 'classify__penalty': 'l2', 'classify__random_state': 42, 'classify__solver': 'lbfgs', 'classify__tol': 1e-08, 'impute': SimpleImputer(strategy='median'), 'select': SelectKBest(score_func=<function mutual_info_classif at 0x7e3bb6fd3420>), 'select__k': 9, 'transform': None}",,,,,,451,,,,,,451,,,,,,451
0.00038687388102213543,1.22290113699905e-05,0.0,0.0,RandomUnderSampler(random_state=42),10.0,500,2,l2,42,lbfgs,1e-08,SimpleImputer(strategy='median'),SelectKBest(score_func=<function mutual_info_classif at 0x7e3bb6fd3420>),7,,"{'balance': RandomUnderSampler(random_state=42), 'classify__C': 10.0, 'classify__max_iter': 500, 'classify__n_jobs': 2, 'classify__penalty': 'l2', 'classify__random_state': 42, 'classify__solver': 'lbfgs', 'classify__tol': 1e-08, 'impute': SimpleImputer(strategy='median'), 'select': SelectKBest(score_func=<function mutual_info_classif at 0x7e3bb6fd3420>), 'select__k': 7, 'transform': None}",,,,,,451,,,,,,451,,,,,,451
0.0003650983174641927,1.0721474936192863e-05,0.0,0.0,RandomUnderSampler(random_state=42),10.0,500,2,l2,42,lbfgs,1e-08,SimpleImputer(strategy='median'),SelectKBest(score_func=<function mutual_info_classif at 0x7e3bb6fd3420>),5,,"{'balance': RandomUnderSampler(random_state=42), 'classify__C': 10.0, 'classify__max_iter': 500, 'classify__n_jobs': 2, 'classify__penalty': 'l2', 'classify__random_state': 42, 'classify__solver': 'lbfgs', 'classify__tol': 1e-08, 'impute': SimpleImputer(strategy='median'), 'select': SelectKBest(score_func=<function mutual_info_classif at 0x7e3bb6fd3420>), 'select__k': 5, 'transform': None}",,,,,,451,,,,,,451,,,,,,451
0.00033291180928548175,1.1304717487401195e-05,0.0,0.0,RandomUnderSampler(random_state=42),10.0,500,2,l2,42,lbfgs,1e-08,,SelectKBest(score_func=<function mutual_info_classif at 0x7e3bb6fd3420>),9,,"{'balance': RandomUnderSampler(random_state=42), 'classify__C': 10.0, 'classify__max_iter': 500, 'classify__n_jobs': 2, 'classify__penalty': 'l2', 'classify__random_state': 42, 'classify__solver': 'lbfgs', 'classify__tol': 1e-08, 'impute': None, 'select': SelectKBest(score_func=<function mutual_info_classif at 0x7e3bb6fd3420>), 'select__k': 9, 'transform': None}",,,,,,451,,,,,,451,,,,,,451
0.0003464221954345703,1.012834750773647e-05,0.0,0.0,RandomUnderSampler(random_state=42),10.0,1000,2,l2,42,lbfgs,0.0001,SimpleImputer(strategy='median'),SelectKBest(score_func=<function mutual_info_classif at 0x7e3bb6fd3420>),5,,"{'balance': RandomUnderSampler(random_state=42), 'classify__C': 10.0, 'classify__max_iter': 1000, 'classify__n_jobs': 2, 'classify__penalty': 'l2', 'classify__random_state': 42, 'classify__solver': 'lbfgs', 'classify__tol': 0.0001, 'impute': SimpleImputer(strategy='median'), 'select': SelectKBest(score_func=<function mutual_info_classif at 0x7e3bb6fd3420>), 'select__k': 5, 'transform': None}",,,,,,451,,,,,,451,,,,,,451
0.00031264623006184894,9.47761751026779e-06,0.0,0.0,RandomUnderSampler(random_state=42),10.0,1000,2,l2,42,lbfgs,0.0001,,SelectKBest(score_func=<function mutual_info_classif at 0x7e3bb6fd3420>),9,,"{'balance': RandomUnderSampler(random_state=42), 'classify__C': 10.0, 'classify__max_iter': 1000, 'classify__n_jobs': 2, 'classify__penalty': 'l2', 'classify__random_state': 42, 'classify__solver': 'lbfgs', 'classify__tol': 0.0001, 'impute': None, 'select': SelectKBest(score_func=<function mutual_info_classif at 0x7e3bb6fd3420>), 'select__k': 9, 'transform': None}",,,,,,451,,,,,,451,,,,,,451
0.0003178119659423828,9.248264571217086e-06,0.0,0.0,RandomUnderSampler(random_state=42),10.0,1000,2,l2,42,lbfgs,0.0001,,SelectKBest(score_func=<function mutual_info_classif at 0x7e3bb6fd3420>),7,,"{'balance': RandomUnderSampler(random_state=42), 'classify__C': 10.0, 'classify__max_iter': 1000, 'classify__n_jobs': 2, 'classify__penalty': 'l2', 'classify__random_state': 42, 'classify__solver': 'lbfgs', 'classify__tol': 0.0001, 'impute': None, 'select': SelectKBest(score_func=<function mutual_info_classif at 0x7e3bb6fd3420>), 'select__k': 7, 'transform': None}",,,,,,451,,,,,,451,,,,,,451
0.0003238519032796224,1.1406501209264853e-06,0.0,0.0,RandomUnderSampler(random_state=42),10.0,1000,2,l2,42,lbfgs,0.0001,,SelectKBest(score_func=<function mutual_info_classif at 0x7e3bb6fd3420>),5,,"{'balance': RandomUnderSampler(random_state=42), 'classify__C': 10.0, 'classify__max_iter': 1000, 'classify__n_jobs': 2, 'classify__penalty': 'l2', 'classify__random_state': 42, 'classify__solver': 'lbfgs', 'classify__tol': 0.0001, 'impute': None, 'select': SelectKBest(score_func=<function mutual_info_classif at 0x7e3bb6fd3420>), 'select__k': 5, 'transform': None}",,,,,,451,,,,,,451,,,,,,451
0.0003635883331298828,2.368237880985155e-06,0.0,0.0,RandomUnderSampler(random_state=42),10.0,1000,2,l2,42,lbfgs,1e-06,SimpleImputer(strategy='median'),SelectKBest(score_func=<function mutual_info_classif at 0x7e3bb6fd3420>),9,,"{'balance': RandomUnderSampler(random_state=42), 'classify__C': 10.0, 'classify__max_iter': 1000, 'classify__n_jobs': 2, 'classify__penalty': 'l2', 'classify__random_state': 42, 'classify__solver': 'lbfgs', 'classify__tol': 1e-06, 'impute': SimpleImputer(strategy='median'), 'select': SelectKBest(score_func=<function mutual_info_classif at 0x7e3bb6fd3420>), 'select__k': 9, 'transform': None}",,,,,,451,,,,,,451,,,,,,451
0.0003701051076253255,6.448574948342894e-06,0.0,0.0,RandomUnderSampler(random_state=42),10.0,1000,2,l2,42,lbfgs,1e-06,SimpleImputer(strategy='median'),SelectKBest(score_func=<function mutual_info_classif at 0x7e3bb6fd3420>),7,,"{'balance': RandomUnderSampler(random_state=42), 'classify__C': 10.0, 'classify__max_iter': 1000, 'classify__n_jobs': 2, 'classify__penalty': 'l2', 'classify__random_state': 42, 'classify__solver': 'lbfgs', 'classify__tol': 1e-06, 'impute': SimpleImputer(strategy='median'), 'select': SelectKBest(score_func=<function mutual_info_classif at 0x7e3bb6fd3420>), 'select__k': 7, 'transform': None}",,,,,,451,,,,,,451,,,,,,451
0.0003685156504313151,1.8767377417540907e-05,0.0,0.0,RandomUnderSampler(random_state=42),10.0,1000,2,l2,42,lbfgs,1e-06,SimpleImputer(strategy='median'),SelectKBest(score_func=<function mutual_info_classif at 0x7e3bb6fd3420>),5,,"{'balance': RandomUnderSampler(random_state=42), 'classify__C': 10.0, 'classify__max_iter': 1000, 'classify__n_jobs': 2, 'classify__penalty': 'l2', 'classify__random_state': 42, 'classify__solver': 'lbfgs', 'classify__tol': 1e-06, 'impute': SimpleImputer(strategy='median'), 'select': SelectKBest(score_func=<function mutual_info_classif at 0x7e3bb6fd3420>), 'select__k': 5, 'transform': None}",,,,,,451,,,,,,451,,,,,,451
0.0003208319346110026,1.7822840864044463e-05,0.0,0.0,RandomUnderSampler(random_state=42),10.0,1000,2,l2,42,lbfgs,1e-06,,SelectKBest(score_func=<function mutual_info_classif at 0x7e3bb6fd3420>),9,,"{'balance': RandomUnderSampler(random_state=42), 'classify__C': 10.0, 'classify__max_iter': 1000, 'classify__n_jobs': 2, 'classify__penalty': 'l2', 'classify__random_state': 42, 'classify__solver': 'lbfgs', 'classify__tol': 1e-06, 'impute': None, 'select': SelectKBest(score_func=<function mutual_info_classif at 0x7e3bb6fd3420>), 'select__k': 9, 'transform': None}",,,,,,451,,,,,,451,,,,,,451
0.00031526883443196613,7.555357331530336e-06,0.0,0.0,RandomUnderSampler(random_state=42),10.0,1000,2,l2,42,lbfgs,1e-06,,SelectKBest(score_func=<function mutual_info_classif at 0x7e3bb6fd3420>),7,,"{'balance': RandomUnderSampler(random_state=42), 'classify__C': 10.0, 'classify__max_iter': 1000, 'classify__n_jobs': 2, 'classify__penalty': 'l2', 'classify__random_state': 42, 'classify__solver': 'lbfgs', 'classify__tol': 1e-06, 'impute': None, 'select': SelectKBest(score_func=<function mutual_info_classif at 0x7e3bb6fd3420>), 'select__k': 7, 'transform': None}",,,,,,451,,,,,,451,,,,,,451
0.0003268718719482422,3.371747880871523e-07,0.0,0.0,RandomUnderSampler(random_state=42),10.0,1000,2,l2,42,lbfgs,1e-06,,SelectKBest(score_func=<function mutual_info_classif at 0x7e3bb6fd3420>),5,,"{'balance': RandomUnderSampler(random_state=42), 'classify__C': 10.0, 'classify__max_iter': 1000, 'classify__n_jobs': 2, 'classify__penalty': 'l2', 'classify__random_state': 42, 'classify__solver': 'lbfgs', 'classify__tol': 1e-06, 'impute': None, 'select': SelectKBest(score_func=<function mutual_info_classif at 0x7e3bb6fd3420>), 'select__k': 5, 'transform': None}",,,,,,451,,,,,,451,,,,,,451
0.0003657341003417969,8.094536067016115e-06,0.0,0.0,RandomUnderSampler(random_state=42),10.0,1000,2,l2,42,lbfgs,1e-08,SimpleImputer(strategy='median'),SelectKBest(score_func=<function mutual_info_classif at 0x7e3bb6fd3420>),9,,"{'balance': RandomUnderSampler(random_state=42), 'classify__C': 10.0, 'classify__max_iter': 1000, 'classify__n_jobs': 2, 'classify__penalty': 'l2', 'classify__random_state': 42, 'classify__solver': 'lbfgs', 'classify__tol': 1e-08, 'impute': SimpleImputer(strategy='median'), 'select': SelectKBest(score_func=<function mutual_info_classif at 0x7e3bb6fd3420>), 'select__k': 9, 'transform': None}",,,,,,451,,,,,,451,,,,,,451
0.00035913785298665363,4.019472953924113e-06,0.0,0.0,RandomUnderSampler(random_state=42),10.0,1000,2,l2,42,lbfgs,1e-08,SimpleImputer(strategy='median'),SelectKBest(score_func=<function mutual_info_classif at 0x7e3bb6fd3420>),7,,"{'balance': RandomUnderSampler(random_state=42), 'classify__C': 10.0, 'classify__max_iter': 1000, 'classify__n_jobs': 2, 'classify__penalty': 'l2', 'classify__random_state': 42, 'classify__solver': 'lbfgs', 'classify__tol': 1e-08, 'impute': SimpleImputer(strategy='median'), 'select': SelectKBest(score_func=<function mutual_info_classif at 0x7e3bb6fd3420>), 'select__k': 7, 'transform': None}",,,,,,451,,,,,,451,,,,,,451
0.00036780039469401043,1.5414866937766135e-05,0.0,0.0,RandomUnderSampler(random_state=42),10.0,1000,2,l2,42,lbfgs,1e-08,SimpleImputer(strategy='median'),SelectKBest(score_func=<function mutual_info_classif at 0x7e3bb6fd3420>),5,,"{'balance': RandomUnderSampler(random_state=42), 'classify__C': 10.0, 'classify__max_iter': 1000, 'classify__n_jobs': 2, 'classify__penalty': 'l2', 'classify__random_state': 42, 'classify__solver': 'lbfgs', 'classify__tol': 1e-08, 'impute': SimpleImputer(strategy='median'), 'select': SelectKBest(score_func=<function mutual_info_classif at 0x7e3bb6fd3420>), 'select__k': 5, 'transform': None}",,,,,,451,,,,,,451,,,,,,451
0.00035119056701660156,7.97188448777222e-06,0.0,0.0,RandomUnderSampler(random_state=42),10.0,1000,2,l2,42,lbfgs,1e-08,,SelectKBest(score_func=<function mutual_info_classif at 0x7e3bb6fd3420>),9,,"{'balance': RandomUnderSampler(random_state=42), 'classify__C': 10.0, 'classify__max_iter': 1000, 'classify__n_jobs': 2, 'classify__penalty': 'l2', 'classify__random_state': 42, 'classify__solver': 'lbfgs', 'classify__tol': 1e-08, 'impute': None, 'select': SelectKBest(score_func=<function mutual_info_classif at 0x7e3bb6fd3420>), 'select__k': 9, 'transform': None}",,,,,,451,,,,,,451,,,,,,451
0.0003596941630045573,2.0754136078996092e-05,0.0,0.0,RandomUnderSampler(random_state=42),10.0,1000,2,l2,42,lbfgs,1e-08,,SelectKBest(score_func=<function mutual_info_classif at 0x7e3bb6fd3420>),7,,"{'balance': RandomUnderSampler(random_state=42), 'classify__C': 10.0, 'classify__max_iter': 1000, 'classify__n_jobs': 2, 'classify__penalty': 'l2', 'classify__random_state': 42, 'classify__solver': 'lbfgs', 'classify__tol': 1e-08, 'impute': None, 'select': SelectKBest(score_func=<function mutual_info_classif at 0x7e3bb6fd3420>), 'select__k': 7, 'transform': None}",,,,,,451,,,,,,451,,,,,,451
0.00032965342203776043,1.1748551096407583e-05,0.0,0.0,RandomUnderSampler(random_state=42),10.0,1000,2,l2,42,lbfgs,1e-08,,SelectKBest(score_func=<function mutual_info_classif at 0x7e3bb6fd3420>),5,,"{'balance': RandomUnderSampler(random_state=42), 'classify__C': 10.0, 'classify__max_iter': 1000, 'classify__n_jobs': 2, 'classify__penalty': 'l2', 'classify__random_state': 42, 'classify__solver': 'lbfgs', 'classify__tol': 1e-08, 'impute': None, 'select': SelectKBest(score_func=<function mutual_info_classif at 0x7e3bb6fd3420>), 'select__k': 5, 'transform': None}",,,,,,451,,,,,,451,,,,,,451
0.00031940142313639325,1.5379179105023557e-05,0.0,0.0,RandomUnderSampler(random_state=42),10.0,2000,2,l2,42,lbfgs,0.0001,,SelectKBest(score_func=<function mutual_info_classif at 0x7e3bb6fd3420>),7,,"{'balance': RandomUnderSampler(random_state=42), 'classify__C': 10.0, 'classify__max_iter': 2000, 'classify__n_jobs': 2, 'classify__penalty': 'l2', 'classify__random_state': 42, 'classify__solver': 'lbfgs', 'classify__tol': 0.0001, 'impute': None, 'select': SelectKBest(score_func=<function mutual_info_classif at 0x7e3bb6fd3420>), 'select__k': 7, 'transform': None}",,,,,,451,,,,,,451,,,,,,451
0.0003193219502766927,1.2225912148474205e-05,0.0,0.0,RandomUnderSampler(random_state=42),10.0,2000,2,l2,42,lbfgs,0.0001,,SelectKBest(score_func=<function mutual_info_classif at 0x7e3bb6fd3420>),5,,"{'balance': RandomUnderSampler(random_state=42), 'classify__C': 10.0, 'classify__max_iter': 2000, 'classify__n_jobs': 2, 'classify__penalty': 'l2', 'classify__random_state': 42, 'classify__solver': 'lbfgs', 'classify__tol': 0.0001, 'impute': None, 'select': SelectKBest(score_func=<function mutual_info_classif at 0x7e3bb6fd3420>), 'select__k': 5, 'transform': None}",,,,,,451,,,,,,451,,,,,,451
0.0003445148468017578,9.692431251787588e-06,0.0,0.0,RandomUnderSampler(random_state=42),10.0,2000,2,l2,42,lbfgs,1e-06,SimpleImputer(strategy='median'),SelectKBest(score_func=<function mutual_info_classif at 0x7e3bb6fd3420>),9,,"{'balance': RandomUnderSampler(random_state=42), 'classify__C': 10.0, 'classify__max_iter': 2000, 'classify__n_jobs': 2, 'classify__penalty': 'l2', 'classify__random_state': 42, 'classify__solver': 'lbfgs', 'classify__tol': 1e-06, 'impute': SimpleImputer(strategy='median'), 'select': SelectKBest(score_func=<function mutual_info_classif at 0x7e3bb6fd3420>), 'select__k': 9, 'transform': None}",,,,,,451,,,,,,451,,,,,,451
0.0003505547841389974,4.354358524259798e-06,0.0,0.0,RandomUnderSampler(random_state=42),10.0,2000,2,l2,42,lbfgs,1e-06,SimpleImputer(strategy='median'),SelectKBest(score_func=<function mutual_info_classif at 0x7e3bb6fd3420>),7,,"{'balance': RandomUnderSampler(random_state=42), 'classify__C': 10.0, 'classify__max_iter': 2000, 'classify__n_jobs': 2, 'classify__penalty': 'l2', 'classify__random_state': 42, 'classify__solver': 'lbfgs', 'classify__tol': 1e-06, 'impute': SimpleImputer(strategy='median'), 'select': SelectKBest(score_func=<function mutual_info_classif at 0x7e3bb6fd3420>), 'select__k': 7, 'transform': None}",,,,,,451,,,,,,451,,,,,,451
0.00035532315572102863,4.380389461364959e-06,0.0,0.0,RandomUnderSampler(random_state=42),10.0,2000,2,l2,42,lbfgs,1e-06,SimpleImputer(strategy='median'),SelectKBest(score_func=<function mutual_info_classif at 0x7e3bb6fd3420>),5,,"{'balance': RandomUnderSampler(random_state=42), 'classify__C': 10.0, 'classify__max_iter': 2000, 'classify__n_jobs': 2, 'classify__penalty': 'l2', 'classify__random_state': 42, 'classify__solver': 'lbfgs', 'classify__tol': 1e-06, 'impute': SimpleImputer(strategy='median'), 'select': SelectKBest(score_func=<function mutual_info_classif at 0x7e3bb6fd3420>), 'select__k': 5, 'transform': None}",,,,,,451,,,,,,451,,,,,,451
0.00031908353169759113,1.0693161132529043e-05,0.0,0.0,RandomUnderSampler(random_state=42),10.0,2000,2,l2,42,lbfgs,1e-06,,SelectKBest(score_func=<function mutual_info_classif at 0x7e3bb6fd3420>),9,,"{'balance': RandomUnderSampler(random_state=42), 'classify__C': 10.0, 'classify__max_iter': 2000, 'classify__n_jobs': 2, 'classify__penalty': 'l2', 'classify__random_state': 42, 'classify__solver': 'lbfgs', 'classify__tol': 1e-06, 'impute': None, 'select': SelectKBest(score_func=<function mutual_info_classif at 0x7e3bb6fd3420>), 'select__k': 9, 'transform': None}",,,,,,451,,,,,,451,,,,,,451
0.0003162225087483724,7.941720921423831e-06,0.0,0.0,RandomUnderSampler(random_state=42),10.0,2000,2,l2,42,lbfgs,1e-06,,SelectKBest(score_func=<function mutual_info_classif at 0x7e3bb6fd3420>),7,,"{'balance': RandomUnderSampler(random_state=42), 'classify__C': 10.0, 'classify__max_iter': 2000, 'classify__n_jobs': 2, 'classify__penalty': 'l2', 'classify__random_state': 42, 'classify__solver': 'lbfgs', 'classify__tol': 1e-06, 'impute': None, 'select': SelectKBest(score_func=<function mutual_info_classif at 0x7e3bb6fd3420>), 'select__k': 7, 'transform': None}",,,,,,451,,,,,,451,,,,,,451
0.000314791997273763,1.0627396545767761e-05,0.0,0.0,RandomUnderSampler(random_state=42),10.0,2000,2,l2,42,lbfgs,1e-06,,SelectKBest(score_func=<function mutual_info_classif at 0x7e3bb6fd3420>),5,,"{'balance': RandomUnderSampler(random_state=42), 'classify__C': 10.0, 'classify__max_iter': 2000, 'classify__n_jobs': 2, 'classify__penalty': 'l2', 'classify__random_state': 42, 'classify__solver': 'lbfgs', 'classify__tol': 1e-06, 'impute': None, 'select': SelectKBest(score_func=<function mutual_info_classif at 0x7e3bb6fd3420>), 'select__k': 5, 'transform': None}",,,,,,451,,,,,,451,,,,,,451
0.0003604888916015625,4.602569654963894e-06,0.0,0.0,RandomUnderSampler(random_state=42),10.0,2000,2,l2,42,lbfgs,1e-08,SimpleImputer(strategy='median'),SelectKBest(score_func=<function mutual_info_classif at 0x7e3bb6fd3420>),9,,"{'balance': RandomUnderSampler(random_state=42), 'classify__C': 10.0, 'classify__max_iter': 2000, 'classify__n_jobs': 2, 'classify__penalty': 'l2', 'classify__random_state': 42, 'classify__solver': 'lbfgs', 'classify__tol': 1e-08, 'impute': SimpleImputer(strategy='median'), 'select': SelectKBest(score_func=<function mutual_info_classif at 0x7e3bb6fd3420>), 'select__k': 9, 'transform': None}",,,,,,451,,,,,,451,,,,,,451
0.00034316380818684894,5.367801917638232e-06,0.0,0.0,RandomUnderSampler(random_state=42),10.0,2000,2,l2,42,lbfgs,1e-08,SimpleImputer(strategy='median'),SelectKBest(score_func=<function mutual_info_classif at 0x7e3bb6fd3420>),7,,"{'balance': RandomUnderSampler(random_state=42), 'classify__C': 10.0, 'classify__max_iter': 2000, 'classify__n_jobs': 2, 'classify__penalty': 'l2', 'classify__random_state': 42, 'classify__solver': 'lbfgs', 'classify__tol': 1e-08, 'impute': SimpleImputer(strategy='median'), 'select': SelectKBest(score_func=<function mutual_info_classif at 0x7e3bb6fd3420>), 'select__k': 7, 'transform': None}",,,,,,451,,,,,,451,,,,,,451
0.0003689130147298177,3.528505473104511e-05,0.0,0.0,RandomUnderSampler(random_state=42),10.0,2000,2,l2,42,lbfgs,1e-08,SimpleImputer(strategy='median'),SelectKBest(score_func=<function mutual_info_classif at 0x7e3bb6fd3420>),5,,"{'balance': RandomUnderSampler(random_state=42), 'classify__C': 10.0, 'classify__max_iter': 2000, 'classify__n_jobs': 2, 'classify__penalty': 'l2', 'classify__random_state': 42, 'classify__solver': 'lbfgs', 'classify__tol': 1e-08, 'impute': SimpleImputer(strategy='median'), 'select': SelectKBest(score_func=<function mutual_info_classif at 0x7e3bb6fd3420>), 'select__k': 5, 'transform': None}",,,,,,451,,,,,,451,,,,,,451
0.0005871454874674479,7.105602565529223e-06,0.0,0.0,RandomUnderSampler(random_state=42),10.0,2000,2,l2,42,lbfgs,1e-08,,SelectKBest(score_func=<function mutual_info_classif at 0x7e3bb6fd3420>),9,,"{'balance': RandomUnderSampler(random_state=42), 'classify__C': 10.0, 'classify__max_iter': 2000, 'classify__n_jobs': 2, 'classify__penalty': 'l2', 'classify__random_state': 42, 'classify__solver': 'lbfgs', 'classify__tol': 1e-08, 'impute': None, 'select': SelectKBest(score_func=<function mutual_info_classif at 0x7e3bb6fd3420>), 'select__k': 9, 'transform': None}",,,,,,451,,,,,,451,,,,,,451
0.0005158583323160807,0.00013217485840100773,0.0,0.0,RandomUnderSampler(random_state=42),10.0,2000,2,l2,42,lbfgs,1e-08,,SelectKBest(score_func=<function mutual_info_classif at 0x7e3bb6fd3420>),7,,"{'balance': RandomUnderSampler(random_state=42), 'classify__C': 10.0, 'classify__max_iter': 2000, 'classify__n_jobs': 2, 'classify__penalty': 'l2', 'classify__random_state': 42, 'classify__solver': 'lbfgs', 'classify__tol': 1e-08, 'impute': None, 'select': SelectKBest(score_func=<function mutual_info_classif at 0x7e3bb6fd3420>), 'select__k': 7, 'transform': None}",,,,,,451,,,,,,451,,,,,,451
0.00034848848978678387,6.278858888976949e-06,0.0,0.0,RandomUnderSampler(random_state=42),10.0,2000,2,l2,42,lbfgs,1e-08,,SelectKBest(score_func=<function mutual_info_classif at 0x7e3bb6fd3420>),5,,"{'balance': RandomUnderSampler(random_state=42), 'classify__C': 10.0, 'classify__max_iter': 2000, 'classify__n_jobs': 2, 'classify__penalty': 'l2', 'classify__random_state': 42, 'classify__solver': 'lbfgs', 'classify__tol': 1e-08, 'impute': None, 'select': SelectKBest(score_func=<function mutual_info_classif at 0x7e3bb6fd3420>), 'select__k': 5, 'transform': None}",,,,,,451,,,,,,451,,,,,,451
0.00034991900126139325,1.4297607005870724e-05,0.0,0.0,RandomUnderSampler(random_state=42),10.0,1000,2,l2,42,lbfgs,0.0001,SimpleImputer(strategy='median'),SelectKBest(score_func=<function mutual_info_classif at 0x7e3bb6fd3420>),9,,"{'balance': RandomUnderSampler(random_state=42), 'classify__C': 10.0, 'classify__max_iter': 1000, 'classify__n_jobs': 2, 'classify__penalty': 'l2', 'classify__random_state': 42, 'classify__solver': 'lbfgs', 'classify__tol': 0.0001, 'impute': SimpleImputer(strategy='median'), 'select': SelectKBest(score_func=<function mutual_info_classif at 0x7e3bb6fd3420>), 'select__k': 9, 'transform': None}",,,,,,451,,,,,,451,,,,,,451
0.0003434022267659505,1.1520549774405635e-05,0.0,0.0,RandomUnderSampler(random_state=42),10.0,1000,2,l2,42,lbfgs,0.0001,SimpleImputer(strategy='median'),SelectKBest(score_func=<function mutual_info_classif at 0x7e3bb6fd3420>),7,,"{'balance': RandomUnderSampler(random_state=42), 'classify__C': 10.0, 'classify__max_iter': 1000, 'classify__n_jobs': 2, 'classify__penalty': 'l2', 'classify__random_state': 42, 'classify__solver': 'lbfgs', 'classify__tol': 0.0001, 'impute': SimpleImputer(strategy='median'), 'select': SelectKBest(score_func=<function mutual_info_classif at 0x7e3bb6fd3420>), 'select__k': 7, 'transform': None}",,,,,,451,,,,,,451,,,,,,451
0.00035373369852701825,8.104673248279546e-06,0.0,0.0,RandomUnderSampler(random_state=42),100.0,100,2,l2,42,lbfgs,1e-06,SimpleImputer(strategy='median'),SelectKBest(score_func=<function mutual_info_classif at 0x7e3bb6fd3420>),9,,"{'balance': RandomUnderSampler(random_state=42), 'classify__C': 100.0, 'classify__max_iter': 100, 'classify__n_jobs': 2, 'classify__penalty': 'l2', 'classify__random_state': 42, 'classify__solver': 'lbfgs', 'classify__tol': 1e-06, 'impute': SimpleImputer(strategy='median'), 'select': SelectKBest(score_func=<function mutual_info_classif at 0x7e3bb6fd3420>), 'select__k': 9, 'transform': None}",,,,,,451,,,,,,451,,,,,,451
0.0003585020701090495,7.889057466970044e-06,0.0,0.0,RandomUnderSampler(random_state=42),100.0,100,2,l2,42,lbfgs,1e-06,SimpleImputer(strategy='median'),SelectKBest(score_func=<function mutual_info_classif at 0x7e3bb6fd3420>),7,,"{'balance': RandomUnderSampler(random_state=42), 'classify__C': 100.0, 'classify__max_iter': 100, 'classify__n_jobs': 2, 'classify__penalty': 'l2', 'classify__random_state': 42, 'classify__solver': 'lbfgs', 'classify__tol': 1e-06, 'impute': SimpleImputer(strategy='median'), 'select': SelectKBest(score_func=<function mutual_info_classif at 0x7e3bb6fd3420>), 'select__k': 7, 'transform': None}",,,,,,451,,,,,,451,,,,,,451
0.00035007794698079425,1.142807563855004e-05,0.0,0.0,RandomUnderSampler(random_state=42),100.0,100,2,l2,42,lbfgs,1e-06,SimpleImputer(strategy='median'),SelectKBest(score_func=<function mutual_info_classif at 0x7e3bb6fd3420>),5,,"{'balance': RandomUnderSampler(random_state=42), 'classify__C': 100.0, 'classify__max_iter': 100, 'classify__n_jobs': 2, 'classify__penalty': 'l2', 'classify__random_state': 42, 'classify__solver': 'lbfgs', 'classify__tol': 1e-06, 'impute': SimpleImputer(strategy='median'), 'select': SelectKBest(score_func=<function mutual_info_classif at 0x7e3bb6fd3420>), 'select__k': 5, 'transform': None}",,,,,,451,,,,,,451,,,,,,451
0.0003132025400797526,9.938239192048479e-06,0.0,0.0,RandomUnderSampler(random_state=42),100.0,100,2,l2,42,lbfgs,1e-06,,SelectKBest(score_func=<function mutual_info_classif at 0x7e3bb6fd3420>),9,,"{'balance': RandomUnderSampler(random_state=42), 'classify__C': 100.0, 'classify__max_iter': 100, 'classify__n_jobs': 2, 'classify__penalty': 'l2', 'classify__random_state': 42, 'classify__solver': 'lbfgs', 'classify__tol': 1e-06, 'impute': None, 'select': SelectKBest(score_func=<function mutual_info_classif at 0x7e3bb6fd3420>), 'select__k': 9, 'transform': None}",,,,,,451,,,,,,451,,,,,,451
0.00032560030619303387,1.904399233886669e-05,0.0,0.0,RandomUnderSampler(random_state=42),100.0,100,2,l2,42,lbfgs,1e-06,,SelectKBest(score_func=<function mutual_info_classif at 0x7e3bb6fd3420>),7,,"{'balance': RandomUnderSampler(random_state=42), 'classify__C': 100.0, 'classify__max_iter': 100, 'classify__n_jobs': 2, 'classify__penalty': 'l2', 'classify__random_state': 42, 'classify__solver': 'lbfgs', 'classify__tol': 1e-06, 'impute': None, 'select': SelectKBest(score_func=<function mutual_info_classif at 0x7e3bb6fd3420>), 'select__k': 7, 'transform': None}",,,,,,451,,,,,,451,,,,,,451
0.0003250439961751302,7.532752743449393e-06,0.0,0.0,RandomUnderSampler(random_state=42),100.0,100,2,l2,42,lbfgs,1e-06,,SelectKBest(score_func=<function mutual_info_classif at 0x7e3bb6fd3420>),5,,"{'balance': RandomUnderSampler(random_state=42), 'classify__C': 100.0, 'classify__max_iter': 100, 'classify__n_jobs': 2, 'classify__penalty': 'l2', 'classify__random_state': 42, 'classify__solver': 'lbfgs', 'classify__tol': 1e-06, 'impute': None, 'select': SelectKBest(score_func=<function mutual_info_classif at 0x7e3bb6fd3420>), 'select__k': 5, 'transform': None}",,,,,,451,,,,,,451,,,,,,451
0.00035270055135091144,1.0828742178776719e-05,0.0,0.0,RandomUnderSampler(random_state=42),100.0,100,2,l2,42,lbfgs,1e-08,SimpleImputer(strategy='median'),SelectKBest(score_func=<function mutual_info_classif at 0x7e3bb6fd3420>),9,,"{'balance': RandomUnderSampler(random_state=42), 'classify__C': 100.0, 'classify__max_iter': 100, 'classify__n_jobs': 2, 'classify__penalty': 'l2', 'classify__random_state': 42, 'classify__solver': 'lbfgs', 'classify__tol': 1e-08, 'impute': SimpleImputer(strategy='median'), 'select': SelectKBest(score_func=<function mutual_info_classif at 0x7e3bb6fd3420>), 'select__k': 9, 'transform': None}",,,,,,451,,,,,,451,,,,,,451
0.0003437201182047526,7.917826410577732e-06,0.0,0.0,RandomUnderSampler(random_state=42),100.0,100,2,l2,42,lbfgs,1e-08,SimpleImputer(strategy='median'),SelectKBest(score_func=<function mutual_info_classif at 0x7e3bb6fd3420>),7,,"{'balance': RandomUnderSampler(random_state=42), 'classify__C': 100.0, 'classify__max_iter': 100, 'classify__n_jobs': 2, 'classify__penalty': 'l2', 'classify__random_state': 42, 'classify__solver': 'lbfgs', 'classify__tol': 1e-08, 'impute': SimpleImputer(strategy='median'), 'select': SelectKBest(score_func=<function mutual_info_classif at 0x7e3bb6fd3420>), 'select__k': 7, 'transform': None}",,,,,,451,,,,,,451,,,,,,451
0.0003422101338704427,9.193467676050889e-06,0.0,0.0,RandomUnderSampler(random_state=42),100.0,100,2,l2,42,lbfgs,1e-08,SimpleImputer(strategy='median'),SelectKBest(score_func=<function mutual_info_classif at 0x7e3bb6fd3420>),5,,"{'balance': RandomUnderSampler(random_state=42), 'classify__C': 100.0, 'classify__max_iter': 100, 'classify__n_jobs': 2, 'classify__penalty': 'l2', 'classify__random_state': 42, 'classify__solver': 'lbfgs', 'classify__tol': 1e-08, 'impute': SimpleImputer(strategy='median'), 'select': SelectKBest(score_func=<function mutual_info_classif at 0x7e3bb6fd3420>), 'select__k': 5, 'transform': None}",,,,,,451,,,,,,451,,,,,,451
0.0003124078114827474,9.06060310938873e-06,0.0,0.0,RandomUnderSampler(random_state=42),100.0,100,2,l2,42,lbfgs,1e-08,,SelectKBest(score_func=<function mutual_info_classif at 0x7e3bb6fd3420>),9,,"{'balance': RandomUnderSampler(random_state=42), 'classify__C': 100.0, 'classify__max_iter': 100, 'classify__n_jobs': 2, 'classify__penalty': 'l2', 'classify__random_state': 42, 'classify__solver': 'lbfgs', 'classify__tol': 1e-08, 'impute': None, 'select': SelectKBest(score_func=<function mutual_info_classif at 0x7e3bb6fd3420>), 'select__k': 9, 'transform': None}",,,,,,451,,,,,,451,,,,,,451
0.0003123283386230469,1.2879017673558717e-05,0.0,0.0,RandomUnderSampler(random_state=42),100.0,100,2,l2,42,lbfgs,1e-08,,SelectKBest(score_func=<function mutual_info_classif at 0x7e3bb6fd3420>),7,,"{'balance': RandomUnderSampler(random_state=42), 'classify__C': 100.0, 'classify__max_iter': 100, 'classify__n_jobs': 2, 'classify__penalty': 'l2', 'classify__random_state': 42, 'classify__solver': 'lbfgs', 'classify__tol': 1e-08, 'impute': None, 'select': SelectKBest(score_func=<function mutual_info_classif at 0x7e3bb6fd3420>), 'select__k': 7, 'transform': None}",,,,,,451,,,,,,451,,,,,,451
0.00031940142313639325,1.674295308718833e-05,0.0,0.0,RandomUnderSampler(random_state=42),100.0,100,2,l2,42,lbfgs,1e-08,,SelectKBest(score_func=<function mutual_info_classif at 0x7e3bb6fd3420>),5,,"{'balance': RandomUnderSampler(random_state=42), 'classify__C': 100.0, 'classify__max_iter': 100, 'classify__n_jobs': 2, 'classify__penalty': 'l2', 'classify__random_state': 42, 'classify__solver': 'lbfgs', 'classify__tol': 1e-08, 'impute': None, 'select': SelectKBest(score_func=<function mutual_info_classif at 0x7e3bb6fd3420>), 'select__k': 5, 'transform': None}",,,,,,451,,,,,,451,,,,,,451
0.00035182634989420575,4.624473738980661e-06,0.0,0.0,RandomUnderSampler(random_state=42),10.0,2000,2,l2,42,lbfgs,0.0001,SimpleImputer(strategy='median'),SelectKBest(score_func=<function mutual_info_classif at 0x7e3bb6fd3420>),9,,"{'balance': RandomUnderSampler(random_state=42), 'classify__C': 10.0, 'classify__max_iter': 2000, 'classify__n_jobs': 2, 'classify__penalty': 'l2', 'classify__random_state': 42, 'classify__solver': 'lbfgs', 'classify__tol': 0.0001, 'impute': SimpleImputer(strategy='median'), 'select': SelectKBest(score_func=<function mutual_info_classif at 0x7e3bb6fd3420>), 'select__k': 9, 'transform': None}",,,,,,451,,,,,,451,,,,,,451
0.00035444895426432293,1.41162233895712e-05,0.0,0.0,RandomUnderSampler(random_state=42),10.0,2000,2,l2,42,lbfgs,0.0001,SimpleImputer(strategy='median'),SelectKBest(score_func=<function mutual_info_classif at 0x7e3bb6fd3420>),7,,"{'balance': RandomUnderSampler(random_state=42), 'classify__C': 10.0, 'classify__max_iter': 2000, 'classify__n_jobs': 2, 'classify__penalty': 'l2', 'classify__random_state': 42, 'classify__solver': 'lbfgs', 'classify__tol': 0.0001, 'impute': SimpleImputer(strategy='median'), 'select': SelectKBest(score_func=<function mutual_info_classif at 0x7e3bb6fd3420>), 'select__k': 7, 'transform': None}",,,,,,451,,,,,,451,,,,,,451
0.00035953521728515625,4.819752120989578e-06,0.0,0.0,RandomUnderSampler(random_state=42),10.0,2000,2,l2,42,lbfgs,0.0001,SimpleImputer(strategy='median'),SelectKBest(score_func=<function mutual_info_classif at 0x7e3bb6fd3420>),5,,"{'balance': RandomUnderSampler(random_state=42), 'classify__C': 10.0, 'classify__max_iter': 2000, 'classify__n_jobs': 2, 'classify__penalty': 'l2', 'classify__random_state': 42, 'classify__solver': 'lbfgs', 'classify__tol': 0.0001, 'impute': SimpleImputer(strategy='median'), 'select': SelectKBest(score_func=<function mutual_info_classif at 0x7e3bb6fd3420>), 'select__k': 5, 'transform': None}",,,,,,451,,,,,,451,,,,,,451
0.0003288586934407552,3.725912783855134e-06,0.0,0.0,RandomUnderSampler(random_state=42),10.0,2000,2,l2,42,lbfgs,0.0001,,SelectKBest(score_func=<function mutual_info_classif at 0x7e3bb6fd3420>),9,,"{'balance': RandomUnderSampler(random_state=42), 'classify__C': 10.0, 'classify__max_iter': 2000, 'classify__n_jobs': 2, 'classify__penalty': 'l2', 'classify__random_state': 42, 'classify__solver': 'lbfgs', 'classify__tol': 0.0001, 'impute': None, 'select': SelectKBest(score_func=<function mutual_info_classif at 0x7e3bb6fd3420>), 'select__k': 9, 'transform': None}",,,,,,451,,,,,,451,,,,,,451
0.00036327044169108075,3.311263188679959e-06,0.0,0.0,RandomUnderSampler(random_state=42),100.0,200,2,l2,42,lbfgs,1e-06,SimpleImputer(strategy='median'),SelectKBest(score_func=<function mutual_info_classif at 0x7e3bb6fd3420>),5,,"{'balance': RandomUnderSampler(random_state=42), 'classify__C': 100.0, 'classify__max_iter': 200, 'classify__n_jobs': 2, 'classify__penalty': 'l2', 'classify__random_state': 42, 'classify__solver': 'lbfgs', 'classify__tol': 1e-06, 'impute': SimpleImputer(strategy='median'), 'select': SelectKBest(score_func=<function mutual_info_classif at 0x7e3bb6fd3420>), 'select__k': 5, 'transform': None}",,,,,,451,,,,,,451,,,,,,451
0.0004203319549560547,0.00013060914170049914,0.0,0.0,RandomUnderSampler(random_state=42),100.0,200,2,l2,42,lbfgs,1e-06,,SelectKBest(score_func=<function mutual_info_classif at 0x7e3bb6fd3420>),9,,"{'balance': RandomUnderSampler(random_state=42), 'classify__C': 100.0, 'classify__max_iter': 200, 'classify__n_jobs': 2, 'classify__penalty': 'l2', 'classify__random_state': 42, 'classify__solver': 'lbfgs', 'classify__tol': 1e-06, 'impute': None, 'select': SelectKBest(score_func=<function mutual_info_classif at 0x7e3bb6fd3420>), 'select__k': 9, 'transform': None}",,,,,,451,,,,,,451,,,,,,451
0.00031646092732747394,9.823179805131132e-06,0.0,0.0,RandomUnderSampler(random_state=42),100.0,200,2,l2,42,lbfgs,1e-06,,SelectKBest(score_func=<function mutual_info_classif at 0x7e3bb6fd3420>),7,,"{'balance': RandomUnderSampler(random_state=42), 'classify__C': 100.0, 'classify__max_iter': 200, 'classify__n_jobs': 2, 'classify__penalty': 'l2', 'classify__random_state': 42, 'classify__solver': 'lbfgs', 'classify__tol': 1e-06, 'impute': None, 'select': SelectKBest(score_func=<function mutual_info_classif at 0x7e3bb6fd3420>), 'select__k': 7, 'transform': None}",,,,,,451,,,,,,451,,,,,,451
0.0003292560577392578,9.969964482447582e-06,0.0,0.0,RandomUnderSampler(random_state=42),100.0,200,2,l2,42,lbfgs,1e-06,,SelectKBest(score_func=<function mutual_info_classif at 0x7e3bb6fd3420>),5,,"{'balance': RandomUnderSampler(random_state=42), 'classify__C': 100.0, 'classify__max_iter': 200, 'classify__n_jobs': 2, 'classify__penalty': 'l2', 'classify__random_state': 42, 'classify__solver': 'lbfgs', 'classify__tol': 1e-06, 'impute': None, 'select': SelectKBest(score_func=<function mutual_info_classif at 0x7e3bb6fd3420>), 'select__k': 5, 'transform': None}",,,,,,451,,,,,,451,,,,,,451
0.00035611788431803387,1.8049964353661077e-05,0.0,0.0,RandomUnderSampler(random_state=42),100.0,200,2,l2,42,lbfgs,1e-08,SimpleImputer(strategy='median'),SelectKBest(score_func=<function mutual_info_classif at 0x7e3bb6fd3420>),9,,"{'balance': RandomUnderSampler(random_state=42), 'classify__C': 100.0, 'classify__max_iter': 200, 'classify__n_jobs': 2, 'classify__penalty': 'l2', 'classify__random_state': 42, 'classify__solver': 'lbfgs', 'classify__tol': 1e-08, 'impute': SimpleImputer(strategy='median'), 'select': SelectKBest(score_func=<function mutual_info_classif at 0x7e3bb6fd3420>), 'select__k': 9, 'transform': None}",,,,,,451,,,,,,451,,,,,,451
0.00035500526428222656,4.651708802115725e-06,0.0,0.0,RandomUnderSampler(random_state=42),100.0,200,2,l2,42,lbfgs,1e-08,SimpleImputer(strategy='median'),SelectKBest(score_func=<function mutual_info_classif at 0x7e3bb6fd3420>),7,,"{'balance': RandomUnderSampler(random_state=42), 'classify__C': 100.0, 'classify__max_iter': 200, 'classify__n_jobs': 2, 'classify__penalty': 'l2', 'classify__random_state': 42, 'classify__solver': 'lbfgs', 'classify__tol': 1e-08, 'impute': SimpleImputer(strategy='median'), 'select': SelectKBest(score_func=<function mutual_info_classif at 0x7e3bb6fd3420>), 'select__k': 7, 'transform': None}",,,,,,451,,,,,,451,,,,,,451
0.0003407001495361328,9.174211438950474e-06,0.0,0.0,RandomUnderSampler(random_state=42),100.0,200,2,l2,42,lbfgs,1e-08,SimpleImputer(strategy='median'),SelectKBest(score_func=<function mutual_info_classif at 0x7e3bb6fd3420>),5,,"{'balance': RandomUnderSampler(random_state=42), 'classify__C': 100.0, 'classify__max_iter': 200, 'classify__n_jobs': 2, 'classify__penalty': 'l2', 'classify__random_state': 42, 'classify__solver': 'lbfgs', 'classify__tol': 1e-08, 'impute': SimpleImputer(strategy='median'), 'select': SelectKBest(score_func=<function mutual_info_classif at 0x7e3bb6fd3420>), 'select__k': 5, 'transform': None}",,,,,,451,,,,,,451,,,,,,451
0.0003044605255126953,7.496612131293187e-06,0.0,0.0,RandomUnderSampler(random_state=42),100.0,200,2,l2,42,lbfgs,1e-08,,SelectKBest(score_func=<function mutual_info_classif at 0x7e3bb6fd3420>),9,,"{'balance': RandomUnderSampler(random_state=42), 'classify__C': 100.0, 'classify__max_iter': 200, 'classify__n_jobs': 2, 'classify__penalty': 'l2', 'classify__random_state': 42, 'classify__solver': 'lbfgs', 'classify__tol': 1e-08, 'impute': None, 'select': SelectKBest(score_func=<function mutual_info_classif at 0x7e3bb6fd3420>), 'select__k': 9, 'transform': None}",,,,,,451,,,,,,451,,,,,,451
0.0003159840901692708,5.969464606670991e-06,0.0,0.0,RandomUnderSampler(random_state=42),100.0,200,2,l2,42,lbfgs,1e-08,,SelectKBest(score_func=<function mutual_info_classif at 0x7e3bb6fd3420>),7,,"{'balance': RandomUnderSampler(random_state=42), 'classify__C': 100.0, 'classify__max_iter': 200, 'classify__n_jobs': 2, 'classify__penalty': 'l2', 'classify__random_state': 42, 'classify__solver': 'lbfgs', 'classify__tol': 1e-08, 'impute': None, 'select': SelectKBest(score_func=<function mutual_info_classif at 0x7e3bb6fd3420>), 'select__k': 7, 'transform': None}",,,,,,451,,,,,,451,,,,,,451
0.0003128846486409505,4.612165491913766e-06,0.0,0.0,RandomUnderSampler(random_state=42),100.0,200,2,l2,42,lbfgs,1e-08,,SelectKBest(score_func=<function mutual_info_classif at 0x7e3bb6fd3420>),5,,"{'balance': RandomUnderSampler(random_state=42), 'classify__C': 100.0, 'classify__max_iter': 200, 'classify__n_jobs': 2, 'classify__penalty': 'l2', 'classify__random_state': 42, 'classify__solver': 'lbfgs', 'classify__tol': 1e-08, 'impute': None, 'select': SelectKBest(score_func=<function mutual_info_classif at 0x7e3bb6fd3420>), 'select__k': 5, 'transform': None}",,,,,,451,,,,,,451,,,,,,451
0.0003445148468017578,5.07258523217295e-06,0.0,0.0,RandomUnderSampler(random_state=42),100.0,100,2,l2,42,lbfgs,0.0001,SimpleImputer(strategy='median'),SelectKBest(score_func=<function mutual_info_classif at 0x7e3bb6fd3420>),9,,"{'balance': RandomUnderSampler(random_state=42), 'classify__C': 100.0, 'classify__max_iter': 100, 'classify__n_jobs': 2, 'classify__penalty': 'l2', 'classify__random_state': 42, 'classify__solver': 'lbfgs', 'classify__tol': 0.0001, 'impute': SimpleImputer(strategy='median'), 'select': SelectKBest(score_func=<function mutual_info_classif at 0x7e3bb6fd3420>), 'select__k': 9, 'transform': None}",,,,,,451,,,,,,451,,,,,,451
0.0003534952799479167,8.490588141369389e-06,0.0,0.0,RandomUnderSampler(random_state=42),100.0,100,2,l2,42,lbfgs,0.0001,SimpleImputer(strategy='median'),SelectKBest(score_func=<function mutual_info_classif at 0x7e3bb6fd3420>),7,,"{'balance': RandomUnderSampler(random_state=42), 'classify__C': 100.0, 'classify__max_iter': 100, 'classify__n_jobs': 2, 'classify__penalty': 'l2', 'classify__random_state': 42, 'classify__solver': 'lbfgs', 'classify__tol': 0.0001, 'impute': SimpleImputer(strategy='median'), 'select': SelectKBest(score_func=<function mutual_info_classif at 0x7e3bb6fd3420>), 'select__k': 7, 'transform': None}",,,,,,451,,,,,,451,,,,,,451
0.00035182634989420575,8.64977289249153e-06,0.0,0.0,RandomUnderSampler(random_state=42),100.0,100,2,l2,42,lbfgs,0.0001,SimpleImputer(strategy='median'),SelectKBest(score_func=<function mutual_info_classif at 0x7e3bb6fd3420>),5,,"{'balance': RandomUnderSampler(random_state=42), 'classify__C': 100.0, 'classify__max_iter': 100, 'classify__n_jobs': 2, 'classify__penalty': 'l2', 'classify__random_state': 42, 'classify__solver': 'lbfgs', 'classify__tol': 0.0001, 'impute': SimpleImputer(strategy='median'), 'select': SelectKBest(score_func=<function mutual_info_classif at 0x7e3bb6fd3420>), 'select__k': 5, 'transform': None}",,,,,,451,,,,,,451,,,,,,451
0.0003223419189453125,8.38881115234336e-06,0.0,0.0,RandomUnderSampler(random_state=42),100.0,100,2,l2,42,lbfgs,0.0001,,SelectKBest(score_func=<function mutual_info_classif at 0x7e3bb6fd3420>),9,,"{'balance': RandomUnderSampler(random_state=42), 'classify__C': 100.0, 'classify__max_iter': 100, 'classify__n_jobs': 2, 'classify__penalty': 'l2', 'classify__random_state': 42, 'classify__solver': 'lbfgs', 'classify__tol': 0.0001, 'impute': None, 'select': SelectKBest(score_func=<function mutual_info_classif at 0x7e3bb6fd3420>), 'select__k': 9, 'transform': None}",,,,,,451,,,,,,451,,,,,,451
0.0003322760264078776,1.8034211348984118e-05,0.0,0.0,RandomUnderSampler(random_state=42),100.0,100,2,l2,42,lbfgs,0.0001,,SelectKBest(score_func=<function mutual_info_classif at 0x7e3bb6fd3420>),7,,"{'balance': RandomUnderSampler(random_state=42), 'classify__C': 100.0, 'classify__max_iter': 100, 'classify__n_jobs': 2, 'classify__penalty': 'l2', 'classify__random_state': 42, 'classify__solver': 'lbfgs', 'classify__tol': 0.0001, 'impute': None, 'select': SelectKBest(score_func=<function mutual_info_classif at 0x7e3bb6fd3420>), 'select__k': 7, 'transform': None}",,,,,,451,,,,,,451,,,,,,451
0.0003578662872314453,2.3952070448206524e-05,0.0,0.0,RandomUnderSampler(random_state=42),100.0,100,2,l2,42,lbfgs,0.0001,,SelectKBest(score_func=<function mutual_info_classif at 0x7e3bb6fd3420>),5,,"{'balance': RandomUnderSampler(random_state=42), 'classify__C': 100.0, 'classify__max_iter': 100, 'classify__n_jobs': 2, 'classify__penalty': 'l2', 'classify__random_state': 42, 'classify__solver': 'lbfgs', 'classify__tol': 0.0001, 'impute': None, 'select': SelectKBest(score_func=<function mutual_info_classif at 0x7e3bb6fd3420>), 'select__k': 5, 'transform': None}",,,,,,451,,,,,,451,,,,,,451
0.0003212292989095052,3.339751782329988e-06,0.0,0.0,RandomUnderSampler(random_state=42),100.0,500,2,l2,42,lbfgs,1e-06,,SelectKBest(score_func=<function mutual_info_classif at 0x7e3bb6fd3420>),7,,"{'balance': RandomUnderSampler(random_state=42), 'classify__C': 100.0, 'classify__max_iter': 500, 'classify__n_jobs': 2, 'classify__penalty': 'l2', 'classify__random_state': 42, 'classify__solver': 'lbfgs', 'classify__tol': 1e-06, 'impute': None, 'select': SelectKBest(score_func=<function mutual_info_classif at 0x7e3bb6fd3420>), 'select__k': 7, 'transform': None}",,,,,,451,,,,,,451,,,,,,451
0.00031558672587076825,7.4999813953425254e-06,0.0,0.0,RandomUnderSampler(random_state=42),100.0,500,2,l2,42,lbfgs,1e-06,,SelectKBest(score_func=<function mutual_info_classif at 0x7e3bb6fd3420>),5,,"{'balance': RandomUnderSampler(random_state=42), 'classify__C': 100.0, 'classify__max_iter': 500, 'classify__n_jobs': 2, 'classify__penalty': 'l2', 'classify__random_state': 42, 'classify__solver': 'lbfgs', 'classify__tol': 1e-06, 'impute': None, 'select': SelectKBest(score_func=<function mutual_info_classif at 0x7e3bb6fd3420>), 'select__k': 5, 'transform': None}",,,,,,451,,,,,,451,,,,,,451
0.0003624757130940755,3.938519698258676e-06,0.0,0.0,RandomUnderSampler(random_state=42),100.0,500,2,l2,42,lbfgs,1e-08,SimpleImputer(strategy='median'),SelectKBest(score_func=<function mutual_info_classif at 0x7e3bb6fd3420>),9,,"{'balance': RandomUnderSampler(random_state=42), 'classify__C': 100.0, 'classify__max_iter': 500, 'classify__n_jobs': 2, 'classify__penalty': 'l2', 'classify__random_state': 42, 'classify__solver': 'lbfgs', 'classify__tol': 1e-08, 'impute': SimpleImputer(strategy='median'), 'select': SelectKBest(score_func=<function mutual_info_classif at 0x7e3bb6fd3420>), 'select__k': 9, 'transform': None}",,,,,,451,,,,,,451,,,,,,451
0.00034507115681966144,6.648226540363432e-06,0.0,0.0,RandomUnderSampler(random_state=42),100.0,500,2,l2,42,lbfgs,1e-08,SimpleImputer(strategy='median'),SelectKBest(score_func=<function mutual_info_classif at 0x7e3bb6fd3420>),7,,"{'balance': RandomUnderSampler(random_state=42), 'classify__C': 100.0, 'classify__max_iter': 500, 'classify__n_jobs': 2, 'classify__penalty': 'l2', 'classify__random_state': 42, 'classify__solver': 'lbfgs', 'classify__tol': 1e-08, 'impute': SimpleImputer(strategy='median'), 'select': SelectKBest(score_func=<function mutual_info_classif at 0x7e3bb6fd3420>), 'select__k': 7, 'transform': None}",,,,,,451,,,,,,451,,,,,,451
0.000360568364461263,8.710892505578846e-06,0.0,0.0,RandomUnderSampler(random_state=42),100.0,500,2,l2,42,lbfgs,1e-08,SimpleImputer(strategy='median'),SelectKBest(score_func=<function mutual_info_classif at 0x7e3bb6fd3420>),5,,"{'balance': RandomUnderSampler(random_state=42), 'classify__C': 100.0, 'classify__max_iter': 500, 'classify__n_jobs': 2, 'classify__penalty': 'l2', 'classify__random_state': 42, 'classify__solver': 'lbfgs', 'classify__tol': 1e-08, 'impute': SimpleImputer(strategy='median'), 'select': SelectKBest(score_func=<function mutual_info_classif at 0x7e3bb6fd3420>), 'select__k': 5, 'transform': None}",,,,,,451,,,,,,451,,,,,,451
0.00032973289489746094,1.2689304859856672e-05,0.0,0.0,RandomUnderSampler(random_state=42),100.0,500,2,l2,42,lbfgs,1e-08,,SelectKBest(score_func=<function mutual_info_classif at 0x7e3bb6fd3420>),9,,"{'balance': RandomUnderSampler(random_state=42), 'classify__C': 100.0, 'classify__max_iter': 500, 'classify__n_jobs': 2, 'classify__penalty': 'l2', 'classify__random_state': 42, 'classify__solver': 'lbfgs', 'classify__tol': 1e-08, 'impute': None, 'select': SelectKBest(score_func=<function mutual_info_classif at 0x7e3bb6fd3420>), 'select__k': 9, 'transform': None}",,,,,,451,,,,,,451,,,,,,451
0.00035532315572102863,1.321210896814405e-05,0.0,0.0,RandomUnderSampler(random_state=42),100.0,500,2,l2,42,lbfgs,1e-08,,SelectKBest(score_func=<function mutual_info_classif at 0x7e3bb6fd3420>),7,,"{'balance': RandomUnderSampler(random_state=42), 'classify__C': 100.0, 'classify__max_iter': 500, 'classify__n_jobs': 2, 'classify__penalty': 'l2', 'classify__random_state': 42, 'classify__solver': 'lbfgs', 'classify__tol': 1e-08, 'impute': None, 'select': SelectKBest(score_func=<function mutual_info_classif at 0x7e3bb6fd3420>), 'select__k': 7, 'transform': None}",,,,,,451,,,,,,451,,,,,,451
0.0004583994547526042,9.59506348755318e-05,0.0,0.0,RandomUnderSampler(random_state=42),100.0,500,2,l2,42,lbfgs,1e-08,,SelectKBest(score_func=<function mutual_info_classif at 0x7e3bb6fd3420>),5,,"{'balance': RandomUnderSampler(random_state=42), 'classify__C': 100.0, 'classify__max_iter': 500, 'classify__n_jobs': 2, 'classify__penalty': 'l2', 'classify__random_state': 42, 'classify__solver': 'lbfgs', 'classify__tol': 1e-08, 'impute': None, 'select': SelectKBest(score_func=<function mutual_info_classif at 0x7e3bb6fd3420>), 'select__k': 5, 'transform': None}",,,,,,451,,,,,,451,,,,,,451
0.00035723050435384113,5.300309499274275e-06,0.0,0.0,RandomUnderSampler(random_state=42),100.0,200,2,l2,42,lbfgs,0.0001,SimpleImputer(strategy='median'),SelectKBest(score_func=<function mutual_info_classif at 0x7e3bb6fd3420>),9,,"{'balance': RandomUnderSampler(random_state=42), 'classify__C': 100.0, 'classify__max_iter': 200, 'classify__n_jobs': 2, 'classify__penalty': 'l2', 'classify__random_state': 42, 'classify__solver': 'lbfgs', 'classify__tol': 0.0001, 'impute': SimpleImputer(strategy='median'), 'select': SelectKBest(score_func=<function mutual_info_classif at 0x7e3bb6fd3420>), 'select__k': 9, 'transform': None}",,,,,,451,,,,,,451,,,,,,451
0.000371853510538737,1.4059734956825266e-05,0.0,0.0,RandomUnderSampler(random_state=42),100.0,200,2,l2,42,lbfgs,0.0001,SimpleImputer(strategy='median'),SelectKBest(score_func=<function mutual_info_classif at 0x7e3bb6fd3420>),7,,"{'balance': RandomUnderSampler(random_state=42), 'classify__C': 100.0, 'classify__max_iter': 200, 'classify__n_jobs': 2, 'classify__penalty': 'l2', 'classify__random_state': 42, 'classify__solver': 'lbfgs', 'classify__tol': 0.0001, 'impute': SimpleImputer(strategy='median'), 'select': SelectKBest(score_func=<function mutual_info_classif at 0x7e3bb6fd3420>), 'select__k': 7, 'transform': None}",,,,,,451,,,,,,451,,,,,,451
0.00037368138631184894,5.409994896290305e-06,0.0,0.0,RandomUnderSampler(random_state=42),100.0,200,2,l2,42,lbfgs,0.0001,SimpleImputer(strategy='median'),SelectKBest(score_func=<function mutual_info_classif at 0x7e3bb6fd3420>),5,,"{'balance': RandomUnderSampler(random_state=42), 'classify__C': 100.0, 'classify__max_iter': 200, 'classify__n_jobs': 2, 'classify__penalty': 'l2', 'classify__random_state': 42, 'classify__solver': 'lbfgs', 'classify__tol': 0.0001, 'impute': SimpleImputer(strategy='median'), 'select': SelectKBest(score_func=<function mutual_info_classif at 0x7e3bb6fd3420>), 'select__k': 5, 'transform': None}",,,,,,451,,,,,,451,,,,,,451
0.00033211708068847656,6.7463049665146535e-06,0.0,0.0,RandomUnderSampler(random_state=42),100.0,200,2,l2,42,lbfgs,0.0001,,SelectKBest(score_func=<function mutual_info_classif at 0x7e3bb6fd3420>),9,,"{'balance': RandomUnderSampler(random_state=42), 'classify__C': 100.0, 'classify__max_iter': 200, 'classify__n_jobs': 2, 'classify__penalty': 'l2', 'classify__random_state': 42, 'classify__solver': 'lbfgs', 'classify__tol': 0.0001, 'impute': None, 'select': SelectKBest(score_func=<function mutual_info_classif at 0x7e3bb6fd3420>), 'select__k': 9, 'transform': None}",,,,,,451,,,,,,451,,,,,,451
0.0003387928009033203,1.5451289888400699e-06,0.0,0.0,RandomUnderSampler(random_state=42),100.0,200,2,l2,42,lbfgs,0.0001,,SelectKBest(score_func=<function mutual_info_classif at 0x7e3bb6fd3420>),7,,"{'balance': RandomUnderSampler(random_state=42), 'classify__C': 100.0, 'classify__max_iter': 200, 'classify__n_jobs': 2, 'classify__penalty': 'l2', 'classify__random_state': 42, 'classify__solver': 'lbfgs', 'classify__tol': 0.0001, 'impute': None, 'select': SelectKBest(score_func=<function mutual_info_classif at 0x7e3bb6fd3420>), 'select__k': 7, 'transform': None}",,,,,,451,,,,,,451,,,,,,451
0.00031717618306477863,8.148972027211882e-06,0.0,0.0,RandomUnderSampler(random_state=42),100.0,200,2,l2,42,lbfgs,0.0001,,SelectKBest(score_func=<function mutual_info_classif at 0x7e3bb6fd3420>),5,,"{'balance': RandomUnderSampler(random_state=42), 'classify__C': 100.0, 'classify__max_iter': 200, 'classify__n_jobs': 2, 'classify__penalty': 'l2', 'classify__random_state': 42, 'classify__solver': 'lbfgs', 'classify__tol': 0.0001, 'impute': None, 'select': SelectKBest(score_func=<function mutual_info_classif at 0x7e3bb6fd3420>), 'select__k': 5, 'transform': None}",,,,,,451,,,,,,451,,,,,,451
0.00036207834879557293,3.685004908043426e-06,0.0,0.0,RandomUnderSampler(random_state=42),100.0,200,2,l2,42,lbfgs,1e-06,SimpleImputer(strategy='median'),SelectKBest(score_func=<function mutual_info_classif at 0x7e3bb6fd3420>),9,,"{'balance': RandomUnderSampler(random_state=42), 'classify__C': 100.0, 'classify__max_iter': 200, 'classify__n_jobs': 2, 'classify__penalty': 'l2', 'classify__random_state': 42, 'classify__solver': 'lbfgs', 'classify__tol': 1e-06, 'impute': SimpleImputer(strategy='median'), 'select': SelectKBest(score_func=<function mutual_info_classif at 0x7e3bb6fd3420>), 'select__k': 9, 'transform': None}",,,,,,451,,,,,,451,,,,,,451
0.00036454200744628906,6.418140764099746e-06,0.0,0.0,RandomUnderSampler(random_state=42),100.0,200,2,l2,42,lbfgs,1e-06,SimpleImputer(strategy='median'),SelectKBest(score_func=<function mutual_info_classif at 0x7e3bb6fd3420>),7,,"{'balance': RandomUnderSampler(random_state=42), 'classify__C': 100.0, 'classify__max_iter': 200, 'classify__n_jobs': 2, 'classify__penalty': 'l2', 'classify__random_state': 42, 'classify__solver': 'lbfgs', 'classify__tol': 1e-06, 'impute': SimpleImputer(strategy='median'), 'select': SelectKBest(score_func=<function mutual_info_classif at 0x7e3bb6fd3420>), 'select__k': 7, 'transform': None}",,,,,,451,,,,,,451,,,,,,451
0.00037860870361328125,8.897411683563858e-06,0.0,0.0,RandomUnderSampler(random_state=42),100.0,1000,2,l2,42,lbfgs,1e-08,SimpleImputer(strategy='median'),SelectKBest(score_func=<function mutual_info_classif at 0x7e3bb6fd3420>),9,,"{'balance': RandomUnderSampler(random_state=42), 'classify__C': 100.0, 'classify__max_iter': 1000, 'classify__n_jobs': 2, 'classify__penalty': 'l2', 'classify__random_state': 42, 'classify__solver': 'lbfgs', 'classify__tol': 1e-08, 'impute': SimpleImputer(strategy='median'), 'select': SelectKBest(score_func=<function mutual_info_classif at 0x7e3bb6fd3420>), 'select__k': 9, 'transform': None}",,,,,,451,,,,,,451,,,,,,451
0.00035913785298665363,8.49058814136939e-06,0.0,0.0,RandomUnderSampler(random_state=42),100.0,1000,2,l2,42,lbfgs,1e-08,SimpleImputer(strategy='median'),SelectKBest(score_func=<function mutual_info_classif at 0x7e3bb6fd3420>),7,,"{'balance': RandomUnderSampler(random_state=42), 'classify__C': 100.0, 'classify__max_iter': 1000, 'classify__n_jobs': 2, 'classify__penalty': 'l2', 'classify__random_state': 42, 'classify__solver': 'lbfgs', 'classify__tol': 1e-08, 'impute': SimpleImputer(strategy='median'), 'select': SelectKBest(score_func=<function mutual_info_classif at 0x7e3bb6fd3420>), 'select__k': 7, 'transform': None}",,,,,,451,,,,,,451,,,,,,451
0.00037439664204915363,4.427715389628131e-06,0.0,0.0,RandomUnderSampler(random_state=42),100.0,1000,2,l2,42,lbfgs,1e-08,SimpleImputer(strategy='median'),SelectKBest(score_func=<function mutual_info_classif at 0x7e3bb6fd3420>),5,,"{'balance': RandomUnderSampler(random_state=42), 'classify__C': 100.0, 'classify__max_iter': 1000, 'classify__n_jobs': 2, 'classify__penalty': 'l2', 'classify__random_state': 42, 'classify__solver': 'lbfgs', 'classify__tol': 1e-08, 'impute': SimpleImputer(strategy='median'), 'select': SelectKBest(score_func=<function mutual_info_classif at 0x7e3bb6fd3420>), 'select__k': 5, 'transform': None}",,,,,,451,,,,,,451,,,,,,451
0.00034356117248535156,1.0060774382959402e-05,0.0,0.0,RandomUnderSampler(random_state=42),100.0,1000,2,l2,42,lbfgs,1e-08,,SelectKBest(score_func=<function mutual_info_classif at 0x7e3bb6fd3420>),9,,"{'balance': RandomUnderSampler(random_state=42), 'classify__C': 100.0, 'classify__max_iter': 1000, 'classify__n_jobs': 2, 'classify__penalty': 'l2', 'classify__random_state': 42, 'classify__solver': 'lbfgs', 'classify__tol': 1e-08, 'impute': None, 'select': SelectKBest(score_func=<function mutual_info_classif at 0x7e3bb6fd3420>), 'select__k': 9, 'transform': None}",,,,,,451,,,,,,451,,,,,,451
0.0003504753112792969,9.901310505615249e-06,0.0,0.0,RandomUnderSampler(random_state=42),100.0,1000,2,l2,42,lbfgs,1e-08,,SelectKBest(score_func=<function mutual_info_classif at 0x7e3bb6fd3420>),7,,"{'balance': RandomUnderSampler(random_state=42), 'classify__C': 100.0, 'classify__max_iter': 1000, 'classify__n_jobs': 2, 'classify__penalty': 'l2', 'classify__random_state': 42, 'classify__solver': 'lbfgs', 'classify__tol': 1e-08, 'impute': None, 'select': SelectKBest(score_func=<function mutual_info_classif at 0x7e3bb6fd3420>), 'select__k': 7, 'transform': None}",,,,,,451,,,,,,451,,,,,,451
0.00033919016520182293,1.3948788722506226e-05,0.0,0.0,RandomUnderSampler(random_state=42),100.0,1000,2,l2,42,lbfgs,1e-08,,SelectKBest(score_func=<function mutual_info_classif at 0x7e3bb6fd3420>),5,,"{'balance': RandomUnderSampler(random_state=42), 'classify__C': 100.0, 'classify__max_iter': 1000, 'classify__n_jobs': 2, 'classify__penalty': 'l2', 'classify__random_state': 42, 'classify__solver': 'lbfgs', 'classify__tol': 1e-08, 'impute': None, 'select': SelectKBest(score_func=<function mutual_info_classif at 0x7e3bb6fd3420>), 'select__k': 5, 'transform': None}",,,,,,451,,,,,,451,,,,,,451
0.0003635088602701823,1.5969101692970795e-05,0.0,0.0,RandomUnderSampler(random_state=42),100.0,500,2,l2,42,lbfgs,0.0001,SimpleImputer(strategy='median'),SelectKBest(score_func=<function mutual_info_classif at 0x7e3bb6fd3420>),9,,"{'balance': RandomUnderSampler(random_state=42), 'classify__C': 100.0, 'classify__max_iter': 500, 'classify__n_jobs': 2, 'classify__penalty': 'l2', 'classify__random_state': 42, 'classify__solver': 'lbfgs', 'classify__tol': 0.0001, 'impute': SimpleImputer(strategy='median'), 'select': SelectKBest(score_func=<function mutual_info_classif at 0x7e3bb6fd3420>), 'select__k': 9, 'transform': None}",,,,,,451,,,,,,451,,,,,,451
0.0003617604573567708,7.3080469338561056e-06,0.0,0.0,RandomUnderSampler(random_state=42),100.0,500,2,l2,42,lbfgs,0.0001,SimpleImputer(strategy='median'),SelectKBest(score_func=<function mutual_info_classif at 0x7e3bb6fd3420>),7,,"{'balance': RandomUnderSampler(random_state=42), 'classify__C': 100.0, 'classify__max_iter': 500, 'classify__n_jobs': 2, 'classify__penalty': 'l2', 'classify__random_state': 42, 'classify__solver': 'lbfgs', 'classify__tol': 0.0001, 'impute': SimpleImputer(strategy='median'), 'select': SelectKBest(score_func=<function mutual_info_classif at 0x7e3bb6fd3420>), 'select__k': 7, 'transform': None}",,,,,,451,,,,,,451,,,,,,451
0.00035826365152994793,1.0559428207208448e-05,0.0,0.0,RandomUnderSampler(random_state=42),100.0,500,2,l2,42,lbfgs,0.0001,SimpleImputer(strategy='median'),SelectKBest(score_func=<function mutual_info_classif at 0x7e3bb6fd3420>),5,,"{'balance': RandomUnderSampler(random_state=42), 'classify__C': 100.0, 'classify__max_iter': 500, 'classify__n_jobs': 2, 'classify__penalty': 'l2', 'classify__random_state': 42, 'classify__solver': 'lbfgs', 'classify__tol': 0.0001, 'impute': SimpleImputer(strategy='median'), 'select': SelectKBest(score_func=<function mutual_info_classif at 0x7e3bb6fd3420>), 'select__k': 5, 'transform': None}",,,,,,451,,,,,,451,,,,,,451
0.0003407001495361328,9.725607897935456e-06,0.0,0.0,RandomUnderSampler(random_state=42),100.0,500,2,l2,42,lbfgs,0.0001,,SelectKBest(score_func=<function mutual_info_classif at 0x7e3bb6fd3420>),9,,"{'balance': RandomUnderSampler(random_state=42), 'classify__C': 100.0, 'classify__max_iter': 500, 'classify__n_jobs': 2, 'classify__penalty': 'l2', 'classify__random_state': 42, 'classify__solver': 'lbfgs', 'classify__tol': 0.0001, 'impute': None, 'select': SelectKBest(score_func=<function mutual_info_classif at 0x7e3bb6fd3420>), 'select__k': 9, 'transform': None}",,,,,,451,,,,,,451,,,,,,451
0.0003333091735839844,1.3626756826625067e-05,0.0,0.0,RandomUnderSampler(random_state=42),100.0,500,2,l2,42,lbfgs,0.0001,,SelectKBest(score_func=<function mutual_info_classif at 0x7e3bb6fd3420>),7,,"{'balance': RandomUnderSampler(random_state=42), 'classify__C': 100.0, 'classify__max_iter': 500, 'classify__n_jobs': 2, 'classify__penalty': 'l2', 'classify__random_state': 42, 'classify__solver': 'lbfgs', 'classify__tol': 0.0001, 'impute': None, 'select': SelectKBest(score_func=<function mutual_info_classif at 0x7e3bb6fd3420>), 'select__k': 7, 'transform': None}",,,,,,451,,,,,,451,,,,,,451
0.00034507115681966144,2.1442949872385724e-06,0.0,0.0,RandomUnderSampler(random_state=42),100.0,500,2,l2,42,lbfgs,0.0001,,SelectKBest(score_func=<function mutual_info_classif at 0x7e3bb6fd3420>),5,,"{'balance': RandomUnderSampler(random_state=42), 'classify__C': 100.0, 'classify__max_iter': 500, 'classify__n_jobs': 2, 'classify__penalty': 'l2', 'classify__random_state': 42, 'classify__solver': 'lbfgs', 'classify__tol': 0.0001, 'impute': None, 'select': SelectKBest(score_func=<function mutual_info_classif at 0x7e3bb6fd3420>), 'select__k': 5, 'transform': None}",,,,,,451,,,,,,451,,,,,,451
0.0003743171691894531,6.053516115360909e-06,0.0,0.0,RandomUnderSampler(random_state=42),100.0,500,2,l2,42,lbfgs,1e-06,SimpleImputer(strategy='median'),SelectKBest(score_func=<function mutual_info_classif at 0x7e3bb6fd3420>),9,,"{'balance': RandomUnderSampler(random_state=42), 'classify__C': 100.0, 'classify__max_iter': 500, 'classify__n_jobs': 2, 'classify__penalty': 'l2', 'classify__random_state': 42, 'classify__solver': 'lbfgs', 'classify__tol': 1e-06, 'impute': SimpleImputer(strategy='median'), 'select': SelectKBest(score_func=<function mutual_info_classif at 0x7e3bb6fd3420>), 'select__k': 9, 'transform': None}",,,,,,451,,,,,,451,,,,,,451
0.0003505547841389974,5.339488039729063e-06,0.0,0.0,RandomUnderSampler(random_state=42),100.0,500,2,l2,42,lbfgs,1e-06,SimpleImputer(strategy='median'),SelectKBest(score_func=<function mutual_info_classif at 0x7e3bb6fd3420>),7,,"{'balance': RandomUnderSampler(random_state=42), 'classify__C': 100.0, 'classify__max_iter': 500, 'classify__n_jobs': 2, 'classify__penalty': 'l2', 'classify__random_state': 42, 'classify__solver': 'lbfgs', 'classify__tol': 1e-06, 'impute': SimpleImputer(strategy='median'), 'select': SelectKBest(score_func=<function mutual_info_classif at 0x7e3bb6fd3420>), 'select__k': 7, 'transform': None}",,,,,,451,,,,,,451,,,,,,451
0.00035572052001953125,1.1113136432989963e-05,0.0,0.0,RandomUnderSampler(random_state=42),100.0,500,2,l2,42,lbfgs,1e-06,SimpleImputer(strategy='median'),SelectKBest(score_func=<function mutual_info_classif at 0x7e3bb6fd3420>),5,,"{'balance': RandomUnderSampler(random_state=42), 'classify__C': 100.0, 'classify__max_iter': 500, 'classify__n_jobs': 2, 'classify__penalty': 'l2', 'classify__random_state': 42, 'classify__solver': 'lbfgs', 'classify__tol': 1e-06, 'impute': SimpleImputer(strategy='median'), 'select': SelectKBest(score_func=<function mutual_info_classif at 0x7e3bb6fd3420>), 'select__k': 5, 'transform': None}",,,,,,451,,,,,,451,,,,,,451
0.00030612945556640625,9.174211438950474e-06,0.0,0.0,RandomUnderSampler(random_state=42),100.0,500,2,l2,42,lbfgs,1e-06,,SelectKBest(score_func=<function mutual_info_classif at 0x7e3bb6fd3420>),9,,"{'balance': RandomUnderSampler(random_state=42), 'classify__C': 100.0, 'classify__max_iter': 500, 'classify__n_jobs': 2, 'classify__penalty': 'l2', 'classify__random_state': 42, 'classify__solver': 'lbfgs', 'classify__tol': 1e-06, 'impute': None, 'select': SelectKBest(score_func=<function mutual_info_classif at 0x7e3bb6fd3420>), 'select__k': 9, 'transform': None}",,,,,,451,,,,,,451,,,,,,451
0.0003581841786702474,2.4726151126391165e-06,0.0,0.0,RandomUnderSampler(random_state=42),100.0,2000,2,l2,42,lbfgs,1e-08,SimpleImputer(strategy='median'),SelectKBest(score_func=<function mutual_info_classif at 0x7e3bb6fd3420>),5,,"{'balance': RandomUnderSampler(random_state=42), 'classify__C': 100.0, 'classify__max_iter': 2000, 'classify__n_jobs': 2, 'classify__penalty': 'l2', 'classify__random_state': 42, 'classify__solver': 'lbfgs', 'classify__tol': 1e-08, 'impute': SimpleImputer(strategy='median'), 'select': SelectKBest(score_func=<function mutual_info_classif at 0x7e3bb6fd3420>), 'select__k': 5, 'transform': None}",,,,,,451,,,,,,451,,,,,,451
0.00031749407450358075,7.714191053625585e-06,0.0,0.0,RandomUnderSampler(random_state=42),100.0,2000,2,l2,42,lbfgs,1e-08,,SelectKBest(score_func=<function mutual_info_classif at 0x7e3bb6fd3420>),9,,"{'balance': RandomUnderSampler(random_state=42), 'classify__C': 100.0, 'classify__max_iter': 2000, 'classify__n_jobs': 2, 'classify__penalty': 'l2', 'classify__random_state': 42, 'classify__solver': 'lbfgs', 'classify__tol': 1e-08, 'impute': None, 'select': SelectKBest(score_func=<function mutual_info_classif at 0x7e3bb6fd3420>), 'select__k': 9, 'transform': None}",,,,,,451,,,,,,451,,,,,,451
0.00031630198160807293,1.0273846061193029e-05,0.0,0.0,RandomUnderSampler(random_state=42),100.0,2000,2,l2,42,lbfgs,1e-08,,SelectKBest(score_func=<function mutual_info_classif at 0x7e3bb6fd3420>),7,,"{'balance': RandomUnderSampler(random_state=42), 'classify__C': 100.0, 'classify__max_iter': 2000, 'classify__n_jobs': 2, 'classify__penalty': 'l2', 'classify__random_state': 42, 'classify__solver': 'lbfgs', 'classify__tol': 1e-08, 'impute': None, 'select': SelectKBest(score_func=<function mutual_info_classif at 0x7e3bb6fd3420>), 'select__k': 7, 'transform': None}",,,,,,451,,,,,,451,,,,,,451
0.0003161430358886719,7.417845337917349e-06,0.0,0.0,RandomUnderSampler(random_state=42),100.0,2000,2,l2,42,lbfgs,1e-08,,SelectKBest(score_func=<function mutual_info_classif at 0x7e3bb6fd3420>),5,,"{'balance': RandomUnderSampler(random_state=42), 'classify__C': 100.0, 'classify__max_iter': 2000, 'classify__n_jobs': 2, 'classify__penalty': 'l2', 'classify__random_state': 42, 'classify__solver': 'lbfgs', 'classify__tol': 1e-08, 'impute': None, 'select': SelectKBest(score_func=<function mutual_info_classif at 0x7e3bb6fd3420>), 'select__k': 5, 'transform': None}",,,,,,451,,,,,,451,,,,,,451
0.0003627936045328776,2.8366356368978416e-06,0.0,0.0,RandomUnderSampler(random_state=42),100.0,1000,2,l2,42,lbfgs,0.0001,SimpleImputer(strategy='median'),SelectKBest(score_func=<function mutual_info_classif at 0x7e3bb6fd3420>),9,,"{'balance': RandomUnderSampler(random_state=42), 'classify__C': 100.0, 'classify__max_iter': 1000, 'classify__n_jobs': 2, 'classify__penalty': 'l2', 'classify__random_state': 42, 'classify__solver': 'lbfgs', 'classify__tol': 0.0001, 'impute': SimpleImputer(strategy='median'), 'select': SelectKBest(score_func=<function mutual_info_classif at 0x7e3bb6fd3420>), 'select__k': 9, 'transform': None}",,,,,,451,,,,,,451,,,,,,451
0.0003444353739420573,7.605349213454084e-06,0.0,0.0,RandomUnderSampler(random_state=42),100.0,1000,2,l2,42,lbfgs,0.0001,SimpleImputer(strategy='median'),SelectKBest(score_func=<function mutual_info_classif at 0x7e3bb6fd3420>),7,,"{'balance': RandomUnderSampler(random_state=42), 'classify__C': 100.0, 'classify__max_iter': 1000, 'classify__n_jobs': 2, 'classify__penalty': 'l2', 'classify__random_state': 42, 'classify__solver': 'lbfgs', 'classify__tol': 0.0001, 'impute': SimpleImputer(strategy='median'), 'select': SelectKBest(score_func=<function mutual_info_classif at 0x7e3bb6fd3420>), 'select__k': 7, 'transform': None}",,,,,,451,,,,,,451,,,,,,451
0.0003635883331298828,5.804239793303876e-06,0.0,0.0,RandomUnderSampler(random_state=42),100.0,1000,2,l2,42,lbfgs,0.0001,SimpleImputer(strategy='median'),SelectKBest(score_func=<function mutual_info_classif at 0x7e3bb6fd3420>),5,,"{'balance': RandomUnderSampler(random_state=42), 'classify__C': 100.0, 'classify__max_iter': 1000, 'classify__n_jobs': 2, 'classify__penalty': 'l2', 'classify__random_state': 42, 'classify__solver': 'lbfgs', 'classify__tol': 0.0001, 'impute': SimpleImputer(strategy='median'), 'select': SelectKBest(score_func=<function mutual_info_classif at 0x7e3bb6fd3420>), 'select__k': 5, 'transform': None}",,,,,,451,,,,,,451,,,,,,451
0.00034427642822265625,3.2538677288749924e-05,0.0,0.0,RandomUnderSampler(random_state=42),100.0,1000,2,l2,42,lbfgs,0.0001,,SelectKBest(score_func=<function mutual_info_classif at 0x7e3bb6fd3420>),9,,"{'balance': RandomUnderSampler(random_state=42), 'classify__C': 100.0, 'classify__max_iter': 1000, 'classify__n_jobs': 2, 'classify__penalty': 'l2', 'classify__random_state': 42, 'classify__solver': 'lbfgs', 'classify__tol': 0.0001, 'impute': None, 'select': SelectKBest(score_func=<function mutual_info_classif at 0x7e3bb6fd3420>), 'select__k': 9, 'transform': None}",,,,,,451,,,,,,451,,,,,,451
0.00032512346903483075,2.3224575036688578e-06,0.0,0.0,RandomUnderSampler(random_state=42),100.0,1000,2,l2,42,lbfgs,0.0001,,SelectKBest(score_func=<function mutual_info_classif at 0x7e3bb6fd3420>),7,,"{'balance': RandomUnderSampler(random_state=42), 'classify__C': 100.0, 'classify__max_iter': 1000, 'classify__n_jobs': 2, 'classify__penalty': 'l2', 'classify__random_state': 42, 'classify__solver': 'lbfgs', 'classify__tol': 0.0001, 'impute': None, 'select': SelectKBest(score_func=<function mutual_info_classif at 0x7e3bb6fd3420>), 'select__k': 7, 'transform': None}",,,,,,451,,,,,,451,,,,,,451
0.00032782554626464844,1.249974442307019e-05,0.0,0.0,RandomUnderSampler(random_state=42),100.0,1000,2,l2,42,lbfgs,0.0001,,SelectKBest(score_func=<function mutual_info_classif at 0x7e3bb6fd3420>),5,,"{'balance': RandomUnderSampler(random_state=42), 'classify__C': 100.0, 'classify__max_iter': 1000, 'classify__n_jobs': 2, 'classify__penalty': 'l2', 'classify__random_state': 42, 'classify__solver': 'lbfgs', 'classify__tol': 0.0001, 'impute': None, 'select': SelectKBest(score_func=<function mutual_info_classif at 0x7e3bb6fd3420>), 'select__k': 5, 'transform': None}",,,,,,451,,,,,,451,,,,,,451
0.00038425127665201825,1.199118784675348e-05,0.0,0.0,RandomUnderSampler(random_state=42),100.0,1000,2,l2,42,lbfgs,1e-06,SimpleImputer(strategy='median'),SelectKBest(score_func=<function mutual_info_classif at 0x7e3bb6fd3420>),9,,"{'balance': RandomUnderSampler(random_state=42), 'classify__C': 100.0, 'classify__max_iter': 1000, 'classify__n_jobs': 2, 'classify__penalty': 'l2', 'classify__random_state': 42, 'classify__solver': 'lbfgs', 'classify__tol': 1e-06, 'impute': SimpleImputer(strategy='median'), 'select': SelectKBest(score_func=<function mutual_info_classif at 0x7e3bb6fd3420>), 'select__k': 9, 'transform': None}",,,,,,451,,,,,,451,,,,,,451
0.000375668207804362,1.1186775433063066e-05,0.0,0.0,RandomUnderSampler(random_state=42),100.0,1000,2,l2,42,lbfgs,1e-06,SimpleImputer(strategy='median'),SelectKBest(score_func=<function mutual_info_classif at 0x7e3bb6fd3420>),7,,"{'balance': RandomUnderSampler(random_state=42), 'classify__C': 100.0, 'classify__max_iter': 1000, 'classify__n_jobs': 2, 'classify__penalty': 'l2', 'classify__random_state': 42, 'classify__solver': 'lbfgs', 'classify__tol': 1e-06, 'impute': SimpleImputer(strategy='median'), 'select': SelectKBest(score_func=<function mutual_info_classif at 0x7e3bb6fd3420>), 'select__k': 7, 'transform': None}",,,,,,451,,,,,,451,,,,,,451
0.0003592967987060547,1.2036400079339034e-05,0.0,0.0,RandomUnderSampler(random_state=42),100.0,1000,2,l2,42,lbfgs,1e-06,SimpleImputer(strategy='median'),SelectKBest(score_func=<function mutual_info_classif at 0x7e3bb6fd3420>),5,,"{'balance': RandomUnderSampler(random_state=42), 'classify__C': 100.0, 'classify__max_iter': 1000, 'classify__n_jobs': 2, 'classify__penalty': 'l2', 'classify__random_state': 42, 'classify__solver': 'lbfgs', 'classify__tol': 1e-06, 'impute': SimpleImputer(strategy='median'), 'select': SelectKBest(score_func=<function mutual_info_classif at 0x7e3bb6fd3420>), 'select__k': 5, 'transform': None}",,,,,,451,,,,,,451,,,,,,451
0.00035182634989420575,5.779157944583207e-06,0.0,0.0,RandomUnderSampler(random_state=42),100.0,1000,2,l2,42,lbfgs,1e-06,,SelectKBest(score_func=<function mutual_info_classif at 0x7e3bb6fd3420>),9,,"{'balance': RandomUnderSampler(random_state=42), 'classify__C': 100.0, 'classify__max_iter': 1000, 'classify__n_jobs': 2, 'classify__penalty': 'l2', 'classify__random_state': 42, 'classify__solver': 'lbfgs', 'classify__tol': 1e-06, 'impute': None, 'select': SelectKBest(score_func=<function mutual_info_classif at 0x7e3bb6fd3420>), 'select__k': 9, 'transform': None}",,,,,,451,,,,,,451,,,,,,451
0.00034554799397786457,1.556897459350947e-05,0.0,0.0,RandomUnderSampler(random_state=42),100.0,1000,2,l2,42,lbfgs,1e-06,,SelectKBest(score_func=<function mutual_info_classif at 0x7e3bb6fd3420>),7,,"{'balance': RandomUnderSampler(random_state=42), 'classify__C': 100.0, 'classify__max_iter': 1000, 'classify__n_jobs': 2, 'classify__penalty': 'l2', 'classify__random_state': 42, 'classify__solver': 'lbfgs', 'classify__tol': 1e-06, 'impute': None, 'select': SelectKBest(score_func=<function mutual_info_classif at 0x7e3bb6fd3420>), 'select__k': 7, 'transform': None}",,,,,,451,,,,,,451,,,,,,451
0.0003476142883300781,5.461121413742535e-06,0.0,0.0,RandomUnderSampler(random_state=42),100.0,1000,2,l2,42,lbfgs,1e-06,,SelectKBest(score_func=<function mutual_info_classif at 0x7e3bb6fd3420>),5,,"{'balance': RandomUnderSampler(random_state=42), 'classify__C': 100.0, 'classify__max_iter': 1000, 'classify__n_jobs': 2, 'classify__penalty': 'l2', 'classify__random_state': 42, 'classify__solver': 'lbfgs', 'classify__tol': 1e-06, 'impute': None, 'select': SelectKBest(score_func=<function mutual_info_classif at 0x7e3bb6fd3420>), 'select__k': 5, 'transform': None}",,,,,,451,,,,,,451,,,,,,451
0.00032456715901692707,3.7663763717246964e-06,0.0,0.0,SMOTE(random_state=42),0.01,100,2,l2,42,lbfgs,1e-08,,SelectKBest(score_func=<function mutual_info_classif at 0x7e3bb6fd3420>),7,,"{'balance': SMOTE(random_state=42), 'classify__C': 0.01, 'classify__max_iter': 100, 'classify__n_jobs': 2, 'classify__penalty': 'l2', 'classify__random_state': 42, 'classify__solver': 'lbfgs', 'classify__tol': 1e-08, 'impute': None, 'select': SelectKBest(score_func=<function mutual_info_classif at 0x7e3bb6fd3420>), 'select__k': 7, 'transform': None}",,,,,,451,,,,,,451,,,,,,451
0.00032806396484375,8.094536067016115e-06,0.0,0.0,SMOTE(random_state=42),0.01,100,2,l2,42,lbfgs,1e-08,,SelectKBest(score_func=<function mutual_info_classif at 0x7e3bb6fd3420>),5,,"{'balance': SMOTE(random_state=42), 'classify__C': 0.01, 'classify__max_iter': 100, 'classify__n_jobs': 2, 'classify__penalty': 'l2', 'classify__random_state': 42, 'classify__solver': 'lbfgs', 'classify__tol': 1e-08, 'impute': None, 'select': SelectKBest(score_func=<function mutual_info_classif at 0x7e3bb6fd3420>), 'select__k': 5, 'transform': None}",,,,,,451,,,,,,451,,,,,,451
0.00035500526428222656,7.327897585063306e-06,0.0,0.0,RandomUnderSampler(random_state=42),100.0,2000,2,l2,42,lbfgs,0.0001,SimpleImputer(strategy='median'),SelectKBest(score_func=<function mutual_info_classif at 0x7e3bb6fd3420>),9,,"{'balance': RandomUnderSampler(random_state=42), 'classify__C': 100.0, 'classify__max_iter': 2000, 'classify__n_jobs': 2, 'classify__penalty': 'l2', 'classify__random_state': 42, 'classify__solver': 'lbfgs', 'classify__tol': 0.0001, 'impute': SimpleImputer(strategy='median'), 'select': SelectKBest(score_func=<function mutual_info_classif at 0x7e3bb6fd3420>), 'select__k': 9, 'transform': None}",,,,,,451,,,,,,451,,,,,,451
0.00037217140197753906,4.7204470332201316e-06,0.0,0.0,RandomUnderSampler(random_state=42),100.0,2000,2,l2,42,lbfgs,0.0001,SimpleImputer(strategy='median'),SelectKBest(score_func=<function mutual_info_classif at 0x7e3bb6fd3420>),7,,"{'balance': RandomUnderSampler(random_state=42), 'classify__C': 100.0, 'classify__max_iter': 2000, 'classify__n_jobs': 2, 'classify__penalty': 'l2', 'classify__random_state': 42, 'classify__solver': 'lbfgs', 'classify__tol': 0.0001, 'impute': SimpleImputer(strategy='median'), 'select': SelectKBest(score_func=<function mutual_info_classif at 0x7e3bb6fd3420>), 'select__k': 7, 'transform': None}",,,,,,451,,,,,,451,,,,,,451
0.00037137667338053387,7.645107354365181e-06,0.0,0.0,RandomUnderSampler(random_state=42),100.0,2000,2,l2,42,lbfgs,0.0001,SimpleImputer(strategy='median'),SelectKBest(score_func=<function mutual_info_classif at 0x7e3bb6fd3420>),5,,"{'balance': RandomUnderSampler(random_state=42), 'classify__C': 100.0, 'classify__max_iter': 2000, 'classify__n_jobs': 2, 'classify__penalty': 'l2', 'classify__random_state': 42, 'classify__solver': 'lbfgs', 'classify__tol': 0.0001, 'impute': SimpleImputer(strategy='median'), 'select': SelectKBest(score_func=<function mutual_info_classif at 0x7e3bb6fd3420>), 'select__k': 5, 'transform': None}",,,,,,451,,,,,,451,,,,,,451
0.0003311634063720703,1.5897353246850635e-05,0.0,0.0,RandomUnderSampler(random_state=42),100.0,2000,2,l2,42,lbfgs,0.0001,,SelectKBest(score_func=<function mutual_info_classif at 0x7e3bb6fd3420>),9,,"{'balance': RandomUnderSampler(random_state=42), 'classify__C': 100.0, 'classify__max_iter': 2000, 'classify__n_jobs': 2, 'classify__penalty': 'l2', 'classify__random_state': 42, 'classify__solver': 'lbfgs', 'classify__tol': 0.0001, 'impute': None, 'select': SelectKBest(score_func=<function mutual_info_classif at 0x7e3bb6fd3420>), 'select__k': 9, 'transform': None}",,,,,,451,,,,,,451,,,,,,451
0.0003371238708496094,3.6366975112430415e-06,0.0,0.0,RandomUnderSampler(random_state=42),100.0,2000,2,l2,42,lbfgs,0.0001,,SelectKBest(score_func=<function mutual_info_classif at 0x7e3bb6fd3420>),7,,"{'balance': RandomUnderSampler(random_state=42), 'classify__C': 100.0, 'classify__max_iter': 2000, 'classify__n_jobs': 2, 'classify__penalty': 'l2', 'classify__random_state': 42, 'classify__solver': 'lbfgs', 'classify__tol': 0.0001, 'impute': None, 'select': SelectKBest(score_func=<function mutual_info_classif at 0x7e3bb6fd3420>), 'select__k': 7, 'transform': None}",,,,,,451,,,,,,451,,,,,,451
0.00033362706502278644,1.1041866577757775e-05,0.0,0.0,RandomUnderSampler(random_state=42),100.0,2000,2,l2,42,lbfgs,0.0001,,SelectKBest(score_func=<function mutual_info_classif at 0x7e3bb6fd3420>),5,,"{'balance': RandomUnderSampler(random_state=42), 'classify__C': 100.0, 'classify__max_iter': 2000, 'classify__n_jobs': 2, 'classify__penalty': 'l2', 'classify__random_state': 42, 'classify__solver': 'lbfgs', 'classify__tol': 0.0001, 'impute': None, 'select': SelectKBest(score_func=<function mutual_info_classif at 0x7e3bb6fd3420>), 'select__k': 5, 'transform': None}",,,,,,451,,,,,,451,,,,,,451
0.0003670056660970052,3.7764245257430786e-06,0.0,0.0,RandomUnderSampler(random_state=42),100.0,2000,2,l2,42,lbfgs,1e-06,SimpleImputer(strategy='median'),SelectKBest(score_func=<function mutual_info_classif at 0x7e3bb6fd3420>),9,,"{'balance': RandomUnderSampler(random_state=42), 'classify__C': 100.0, 'classify__max_iter': 2000, 'classify__n_jobs': 2, 'classify__penalty': 'l2', 'classify__random_state': 42, 'classify__solver': 'lbfgs', 'classify__tol': 1e-06, 'impute': SimpleImputer(strategy='median'), 'select': SelectKBest(score_func=<function mutual_info_classif at 0x7e3bb6fd3420>), 'select__k': 9, 'transform': None}",,,,,,451,,,,,,451,,,,,,451
0.00036136309305826825,1.1304717487401195e-05,0.0,0.0,RandomUnderSampler(random_state=42),100.0,2000,2,l2,42,lbfgs,1e-06,SimpleImputer(strategy='median'),SelectKBest(score_func=<function mutual_info_classif at 0x7e3bb6fd3420>),7,,"{'balance': RandomUnderSampler(random_state=42), 'classify__C': 100.0, 'classify__max_iter': 2000, 'classify__n_jobs': 2, 'classify__penalty': 'l2', 'classify__random_state': 42, 'classify__solver': 'lbfgs', 'classify__tol': 1e-06, 'impute': SimpleImputer(strategy='median'), 'select': SelectKBest(score_func=<function mutual_info_classif at 0x7e3bb6fd3420>), 'select__k': 7, 'transform': None}",,,,,,451,,,,,,451,,,,,,451
0.00034316380818684894,1.1635108937381239e-05,0.0,0.0,RandomUnderSampler(random_state=42),100.0,2000,2,l2,42,lbfgs,1e-06,SimpleImputer(strategy='median'),SelectKBest(score_func=<function mutual_info_classif at 0x7e3bb6fd3420>),5,,"{'balance': RandomUnderSampler(random_state=42), 'classify__C': 100.0, 'classify__max_iter': 2000, 'classify__n_jobs': 2, 'classify__penalty': 'l2', 'classify__random_state': 42, 'classify__solver': 'lbfgs', 'classify__tol': 1e-06, 'impute': SimpleImputer(strategy='median'), 'select': SelectKBest(score_func=<function mutual_info_classif at 0x7e3bb6fd3420>), 'select__k': 5, 'transform': None}",,,,,,451,,,,,,451,,,,,,451
0.0003234545389811198,7.469603308047728e-06,0.0,0.0,RandomUnderSampler(random_state=42),100.0,2000,2,l2,42,lbfgs,1e-06,,SelectKBest(score_func=<function mutual_info_classif at 0x7e3bb6fd3420>),9,,"{'balance': RandomUnderSampler(random_state=42), 'classify__C': 100.0, 'classify__max_iter': 2000, 'classify__n_jobs': 2, 'classify__penalty': 'l2', 'classify__random_state': 42, 'classify__solver': 'lbfgs', 'classify__tol': 1e-06, 'impute': None, 'select': SelectKBest(score_func=<function mutual_info_classif at 0x7e3bb6fd3420>), 'select__k': 9, 'transform': None}",,,,,,451,,,,,,451,,,,,,451
0.0003268718719482422,1.103957834509871e-05,0.0,0.0,RandomUnderSampler(random_state=42),100.0,2000,2,l2,42,lbfgs,1e-06,,SelectKBest(score_func=<function mutual_info_classif at 0x7e3bb6fd3420>),7,,"{'balance': RandomUnderSampler(random_state=42), 'classify__C': 100.0, 'classify__max_iter': 2000, 'classify__n_jobs': 2, 'classify__penalty': 'l2', 'classify__random_state': 42, 'classify__solver': 'lbfgs', 'classify__tol': 1e-06, 'impute': None, 'select': SelectKBest(score_func=<function mutual_info_classif at 0x7e3bb6fd3420>), 'select__k': 7, 'transform': None}",,,,,,451,,,,,,451,,,,,,451
0.0003104209899902344,7.358860670515722e-06,0.0,0.0,RandomUnderSampler(random_state=42),100.0,2000,2,l2,42,lbfgs,1e-06,,SelectKBest(score_func=<function mutual_info_classif at 0x7e3bb6fd3420>),5,,"{'balance': RandomUnderSampler(random_state=42), 'classify__C': 100.0, 'classify__max_iter': 2000, 'classify__n_jobs': 2, 'classify__penalty': 'l2', 'classify__random_state': 42, 'classify__solver': 'lbfgs', 'classify__tol': 1e-06, 'impute': None, 'select': SelectKBest(score_func=<function mutual_info_classif at 0x7e3bb6fd3420>), 'select__k': 5, 'transform': None}",,,,,,451,,,,,,451,,,,,,451
0.00034387906392415363,6.7021588142102605e-06,0.0,0.0,RandomUnderSampler(random_state=42),100.0,2000,2,l2,42,lbfgs,1e-08,SimpleImputer(strategy='median'),SelectKBest(score_func=<function mutual_info_classif at 0x7e3bb6fd3420>),9,,"{'balance': RandomUnderSampler(random_state=42), 'classify__C': 100.0, 'classify__max_iter': 2000, 'classify__n_jobs': 2, 'classify__penalty': 'l2', 'classify__random_state': 42, 'classify__solver': 'lbfgs', 'classify__tol': 1e-08, 'impute': SimpleImputer(strategy='median'), 'select': SelectKBest(score_func=<function mutual_info_classif at 0x7e3bb6fd3420>), 'select__k': 9, 'transform': None}",,,,,,451,,,,,,451,,,,,,451
0.0003447532653808594,8.431617234468361e-06,0.0,0.0,RandomUnderSampler(random_state=42),100.0,2000,2,l2,42,lbfgs,1e-08,SimpleImputer(strategy='median'),SelectKBest(score_func=<function mutual_info_classif at 0x7e3bb6fd3420>),7,,"{'balance': RandomUnderSampler(random_state=42), 'classify__C': 100.0, 'classify__max_iter': 2000, 'classify__n_jobs': 2, 'classify__penalty': 'l2', 'classify__random_state': 42, 'classify__solver': 'lbfgs', 'classify__tol': 1e-08, 'impute': SimpleImputer(strategy='median'), 'select': SelectKBest(score_func=<function mutual_info_classif at 0x7e3bb6fd3420>), 'select__k': 7, 'transform': None}",,,,,,451,,,,,,451,,,,,,451
0.0003657341003417969,1.7353859314992757e-05,0.0,0.0,SMOTE(random_state=42),0.01,100,2,l2,42,lbfgs,0.0001,SimpleImputer(strategy='median'),SelectKBest(score_func=<function mutual_info_classif at 0x7e3bb6fd3420>),9,,"{'balance': SMOTE(random_state=42), 'classify__C': 0.01, 'classify__max_iter': 100, 'classify__n_jobs': 2, 'classify__penalty': 'l2', 'classify__random_state': 42, 'classify__solver': 'lbfgs', 'classify__tol': 0.0001, 'impute': SimpleImputer(strategy='median'), 'select': SelectKBest(score_func=<function mutual_info_classif at 0x7e3bb6fd3420>), 'select__k': 9, 'transform': None}",,,,,,451,,,,,,451,,,,,,451
0.00035230318705240887,8.282734489863012e-06,0.0,0.0,SMOTE(random_state=42),0.01,100,2,l2,42,lbfgs,0.0001,SimpleImputer(strategy='median'),SelectKBest(score_func=<function mutual_info_classif at 0x7e3bb6fd3420>),7,,"{'balance': SMOTE(random_state=42), 'classify__C': 0.01, 'classify__max_iter': 100, 'classify__n_jobs': 2, 'classify__penalty': 'l2', 'classify__random_state': 42, 'classify__solver': 'lbfgs', 'classify__tol': 0.0001, 'impute': SimpleImputer(strategy='median'), 'select': SelectKBest(score_func=<function mutual_info_classif at 0x7e3bb6fd3420>), 'select__k': 7, 'transform': None}",,,,,,451,,,,,,451,,,,,,451
0.00037161509195963543,1.945348860830735e-05,0.0,0.0,SMOTE(random_state=42),0.01,100,2,l2,42,lbfgs,0.0001,SimpleImputer(strategy='median'),SelectKBest(score_func=<function mutual_info_classif at 0x7e3bb6fd3420>),5,,"{'balance': SMOTE(random_state=42), 'classify__C': 0.01, 'classify__max_iter': 100, 'classify__n_jobs': 2, 'classify__penalty': 'l2', 'classify__random_state': 42, 'classify__solver': 'lbfgs', 'classify__tol': 0.0001, 'impute': SimpleImputer(strategy='median'), 'select': SelectKBest(score_func=<function mutual_info_classif at 0x7e3bb6fd3420>), 'select__k': 5, 'transform': None}",,,,,,451,,,,,,451,,,,,,451
0.00032591819763183594,1.1554490170394845e-05,0.0,0.0,SMOTE(random_state=42),0.01,100,2,l2,42,lbfgs,0.0001,,SelectKBest(score_func=<function mutual_info_classif at 0x7e3bb6fd3420>),9,,"{'balance': SMOTE(random_state=42), 'classify__C': 0.01, 'classify__max_iter': 100, 'classify__n_jobs': 2, 'classify__penalty': 'l2', 'classify__random_state': 42, 'classify__solver': 'lbfgs', 'classify__tol': 0.0001, 'impute': None, 'select': SelectKBest(score_func=<function mutual_info_classif at 0x7e3bb6fd3420>), 'select__k': 9, 'transform': None}",,,,,,451,,,,,,451,,,,,,451
0.0003447532653808594,1.347152881510755e-05,0.0,0.0,SMOTE(random_state=42),0.01,100,2,l2,42,lbfgs,0.0001,,SelectKBest(score_func=<function mutual_info_classif at 0x7e3bb6fd3420>),7,,"{'balance': SMOTE(random_state=42), 'classify__C': 0.01, 'classify__max_iter': 100, 'classify__n_jobs': 2, 'classify__penalty': 'l2', 'classify__random_state': 42, 'classify__solver': 'lbfgs', 'classify__tol': 0.0001, 'impute': None, 'select': SelectKBest(score_func=<function mutual_info_classif at 0x7e3bb6fd3420>), 'select__k': 7, 'transform': None}",,,,,,451,,,,,,451,,,,,,451
0.00036072731018066406,3.261080458468589e-05,0.0,0.0,SMOTE(random_state=42),0.01,100,2,l2,42,lbfgs,0.0001,,SelectKBest(score_func=<function mutual_info_classif at 0x7e3bb6fd3420>),5,,"{'balance': SMOTE(random_state=42), 'classify__C': 0.01, 'classify__max_iter': 100, 'classify__n_jobs': 2, 'classify__penalty': 'l2', 'classify__random_state': 42, 'classify__solver': 'lbfgs', 'classify__tol': 0.0001, 'impute': None, 'select': SelectKBest(score_func=<function mutual_info_classif at 0x7e3bb6fd3420>), 'select__k': 5, 'transform': None}",,,,,,451,,,,,,451,,,,,,451
0.0003560384114583333,9.160432201015986e-06,0.0,0.0,SMOTE(random_state=42),0.01,100,2,l2,42,lbfgs,1e-06,SimpleImputer(strategy='median'),SelectKBest(score_func=<function mutual_info_classif at 0x7e3bb6fd3420>),9,,"{'balance': SMOTE(random_state=42), 'classify__C': 0.01, 'classify__max_iter': 100, 'classify__n_jobs': 2, 'classify__penalty': 'l2', 'classify__random_state': 42, 'classify__solver': 'lbfgs', 'classify__tol': 1e-06, 'impute': SimpleImputer(strategy='median'), 'select': SelectKBest(score_func=<function mutual_info_classif at 0x7e3bb6fd3420>), 'select__k': 9, 'transform': None}",,,,,,451,,,,,,451,,,,,,451
0.00036517779032389325,1.6773480843858373e-05,0.0,0.0,SMOTE(random_state=42),0.01,100,2,l2,42,lbfgs,1e-06,SimpleImputer(strategy='median'),SelectKBest(score_func=<function mutual_info_classif at 0x7e3bb6fd3420>),7,,"{'balance': SMOTE(random_state=42), 'classify__C': 0.01, 'classify__max_iter': 100, 'classify__n_jobs': 2, 'classify__penalty': 'l2', 'classify__random_state': 42, 'classify__solver': 'lbfgs', 'classify__tol': 1e-06, 'impute': SimpleImputer(strategy='median'), 'select': SelectKBest(score_func=<function mutual_info_classif at 0x7e3bb6fd3420>), 'select__k': 7, 'transform': None}",,,,,,451,,,,,,451,,,,,,451
0.000368038813273112,3.5381045801722316e-06,0.0,0.0,SMOTE(random_state=42),0.01,100,2,l2,42,lbfgs,1e-06,SimpleImputer(strategy='median'),SelectKBest(score_func=<function mutual_info_classif at 0x7e3bb6fd3420>),5,,"{'balance': SMOTE(random_state=42), 'classify__C': 0.01, 'classify__max_iter': 100, 'classify__n_jobs': 2, 'classify__penalty': 'l2', 'classify__random_state': 42, 'classify__solver': 'lbfgs', 'classify__tol': 1e-06, 'impute': SimpleImputer(strategy='median'), 'select': SelectKBest(score_func=<function mutual_info_classif at 0x7e3bb6fd3420>), 'select__k': 5, 'transform': None}",,,,,,451,,,,,,451,,,,,,451
0.00033744176228841144,1.3024338514930772e-05,0.0,0.0,SMOTE(random_state=42),0.01,100,2,l2,42,lbfgs,1e-06,,SelectKBest(score_func=<function mutual_info_classif at 0x7e3bb6fd3420>),9,,"{'balance': SMOTE(random_state=42), 'classify__C': 0.01, 'classify__max_iter': 100, 'classify__n_jobs': 2, 'classify__penalty': 'l2', 'classify__random_state': 42, 'classify__solver': 'lbfgs', 'classify__tol': 1e-06, 'impute': None, 'select': SelectKBest(score_func=<function mutual_info_classif at 0x7e3bb6fd3420>), 'select__k': 9, 'transform': None}",,,,,,451,,,,,,451,,,,,,451
0.0003267923990885417,1.367856977713913e-05,0.0,0.0,SMOTE(random_state=42),0.01,100,2,l2,42,lbfgs,1e-06,,SelectKBest(score_func=<function mutual_info_classif at 0x7e3bb6fd3420>),7,,"{'balance': SMOTE(random_state=42), 'classify__C': 0.01, 'classify__max_iter': 100, 'classify__n_jobs': 2, 'classify__penalty': 'l2', 'classify__random_state': 42, 'classify__solver': 'lbfgs', 'classify__tol': 1e-06, 'impute': None, 'select': SelectKBest(score_func=<function mutual_info_classif at 0x7e3bb6fd3420>), 'select__k': 7, 'transform': None}",,,,,,451,,,,,,451,,,,,,451
0.00034244855244954425,3.333334655471583e-05,0.0,0.0,SMOTE(random_state=42),0.01,100,2,l2,42,lbfgs,1e-06,,SelectKBest(score_func=<function mutual_info_classif at 0x7e3bb6fd3420>),5,,"{'balance': SMOTE(random_state=42), 'classify__C': 0.01, 'classify__max_iter': 100, 'classify__n_jobs': 2, 'classify__penalty': 'l2', 'classify__random_state': 42, 'classify__solver': 'lbfgs', 'classify__tol': 1e-06, 'impute': None, 'select': SelectKBest(score_func=<function mutual_info_classif at 0x7e3bb6fd3420>), 'select__k': 5, 'transform': None}",,,,,,451,,,,,,451,,,,,,451
0.00036485989888509113,4.753779229716676e-06,0.0,0.0,SMOTE(random_state=42),0.01,100,2,l2,42,lbfgs,1e-08,SimpleImputer(strategy='median'),SelectKBest(score_func=<function mutual_info_classif at 0x7e3bb6fd3420>),9,,"{'balance': SMOTE(random_state=42), 'classify__C': 0.01, 'classify__max_iter': 100, 'classify__n_jobs': 2, 'classify__penalty': 'l2', 'classify__random_state': 42, 'classify__solver': 'lbfgs', 'classify__tol': 1e-08, 'impute': SimpleImputer(strategy='median'), 'select': SelectKBest(score_func=<function mutual_info_classif at 0x7e3bb6fd3420>), 'select__k': 9, 'transform': None}",,,,,,451,,,,,,451,,,,,,451
0.0003619194030761719,1.4202758384578705e-05,0.0,0.0,SMOTE(random_state=42),0.01,100,2,l2,42,lbfgs,1e-08,SimpleImputer(strategy='median'),SelectKBest(score_func=<function mutual_info_classif at 0x7e3bb6fd3420>),7,,"{'balance': SMOTE(random_state=42), 'classify__C': 0.01, 'classify__max_iter': 100, 'classify__n_jobs': 2, 'classify__penalty': 'l2', 'classify__random_state': 42, 'classify__solver': 'lbfgs', 'classify__tol': 1e-08, 'impute': SimpleImputer(strategy='median'), 'select': SelectKBest(score_func=<function mutual_info_classif at 0x7e3bb6fd3420>), 'select__k': 7, 'transform': None}",,,,,,451,,,,,,451,,,,,,451
0.0003693103790283203,1.674483912834277e-05,0.0,0.0,SMOTE(random_state=42),0.01,100,2,l2,42,lbfgs,1e-08,SimpleImputer(strategy='median'),SelectKBest(score_func=<function mutual_info_classif at 0x7e3bb6fd3420>),5,,"{'balance': SMOTE(random_state=42), 'classify__C': 0.01, 'classify__max_iter': 100, 'classify__n_jobs': 2, 'classify__penalty': 'l2', 'classify__random_state': 42, 'classify__solver': 'lbfgs', 'classify__tol': 1e-08, 'impute': SimpleImputer(strategy='median'), 'select': SelectKBest(score_func=<function mutual_info_classif at 0x7e3bb6fd3420>), 'select__k': 5, 'transform': None}",,,,,,451,,,,,,451,,,,,,451
0.0003276666005452474,7.4135868581255845e-06,0.0,0.0,SMOTE(random_state=42),0.01,100,2,l2,42,lbfgs,1e-08,,SelectKBest(score_func=<function mutual_info_classif at 0x7e3bb6fd3420>),9,,"{'balance': SMOTE(random_state=42), 'classify__C': 0.01, 'classify__max_iter': 100, 'classify__n_jobs': 2, 'classify__penalty': 'l2', 'classify__random_state': 42, 'classify__solver': 'lbfgs', 'classify__tol': 1e-08, 'impute': None, 'select': SelectKBest(score_func=<function mutual_info_classif at 0x7e3bb6fd3420>), 'select__k': 9, 'transform': None}",,,,,,451,,,,,,451,,,,,,451
0.00034809112548828125,1.5866333991449687e-05,0.0,0.0,SMOTE(random_state=42),0.01,200,2,l2,42,lbfgs,0.0001,SimpleImputer(strategy='median'),SelectKBest(score_func=<function mutual_info_classif at 0x7e3bb6fd3420>),5,,"{'balance': SMOTE(random_state=42), 'classify__C': 0.01, 'classify__max_iter': 200, 'classify__n_jobs': 2, 'classify__penalty': 'l2', 'classify__random_state': 42, 'classify__solver': 'lbfgs', 'classify__tol': 0.0001, 'impute': SimpleImputer(strategy='median'), 'select': SelectKBest(score_func=<function mutual_info_classif at 0x7e3bb6fd3420>), 'select__k': 5, 'transform': None}",,,,,,451,,,,,,451,,,,,,451
0.0003089110056559245,3.5381045801722316e-06,0.0,0.0,SMOTE(random_state=42),0.01,200,2,l2,42,lbfgs,0.0001,,SelectKBest(score_func=<function mutual_info_classif at 0x7e3bb6fd3420>),9,,"{'balance': SMOTE(random_state=42), 'classify__C': 0.01, 'classify__max_iter': 200, 'classify__n_jobs': 2, 'classify__penalty': 'l2', 'classify__random_state': 42, 'classify__solver': 'lbfgs', 'classify__tol': 0.0001, 'impute': None, 'select': SelectKBest(score_func=<function mutual_info_classif at 0x7e3bb6fd3420>), 'select__k': 9, 'transform': None}",,,,,,451,,,,,,451,,,,,,451
0.00030994415283203125,5.564235389777595e-06,0.0,0.0,SMOTE(random_state=42),0.01,200,2,l2,42,lbfgs,0.0001,,SelectKBest(score_func=<function mutual_info_classif at 0x7e3bb6fd3420>),7,,"{'balance': SMOTE(random_state=42), 'classify__C': 0.01, 'classify__max_iter': 200, 'classify__n_jobs': 2, 'classify__penalty': 'l2', 'classify__random_state': 42, 'classify__solver': 'lbfgs', 'classify__tol': 0.0001, 'impute': None, 'select': SelectKBest(score_func=<function mutual_info_classif at 0x7e3bb6fd3420>), 'select__k': 7, 'transform': None}",,,,,,451,,,,,,451,,,,,,451
0.00031526883443196613,5.479594604472542e-06,0.0,0.0,SMOTE(random_state=42),0.01,200,2,l2,42,lbfgs,0.0001,,SelectKBest(score_func=<function mutual_info_classif at 0x7e3bb6fd3420>),5,,"{'balance': SMOTE(random_state=42), 'classify__C': 0.01, 'classify__max_iter': 200, 'classify__n_jobs': 2, 'classify__penalty': 'l2', 'classify__random_state': 42, 'classify__solver': 'lbfgs', 'classify__tol': 0.0001, 'impute': None, 'select': SelectKBest(score_func=<function mutual_info_classif at 0x7e3bb6fd3420>), 'select__k': 5, 'transform': None}",,,,,,451,,,,,,451,,,,,,451
0.00036835670471191406,1.3837865815788764e-05,0.0,0.0,SMOTE(random_state=42),0.01,200,2,l2,42,lbfgs,1e-06,SimpleImputer(strategy='median'),SelectKBest(score_func=<function mutual_info_classif at 0x7e3bb6fd3420>),9,,"{'balance': SMOTE(random_state=42), 'classify__C': 0.01, 'classify__max_iter': 200, 'classify__n_jobs': 2, 'classify__penalty': 'l2', 'classify__random_state': 42, 'classify__solver': 'lbfgs', 'classify__tol': 1e-06, 'impute': SimpleImputer(strategy='median'), 'select': SelectKBest(score_func=<function mutual_info_classif at 0x7e3bb6fd3420>), 'select__k': 9, 'transform': None}",,,,,,451,,,,,,451,,,,,,451
0.0003437201182047526,6.727554777484992e-06,0.0,0.0,SMOTE(random_state=42),0.01,200,2,l2,42,lbfgs,1e-06,SimpleImputer(strategy='median'),SelectKBest(score_func=<function mutual_info_classif at 0x7e3bb6fd3420>),7,,"{'balance': SMOTE(random_state=42), 'classify__C': 0.01, 'classify__max_iter': 200, 'classify__n_jobs': 2, 'classify__penalty': 'l2', 'classify__random_state': 42, 'classify__solver': 'lbfgs', 'classify__tol': 1e-06, 'impute': SimpleImputer(strategy='median'), 'select': SelectKBest(score_func=<function mutual_info_classif at 0x7e3bb6fd3420>), 'select__k': 7, 'transform': None}",,,,,,451,,,,,,451,,,,,,451
0.00034991900126139325,3.9337058610167764e-06,0.0,0.0,SMOTE(random_state=42),0.01,200,2,l2,42,lbfgs,1e-06,SimpleImputer(strategy='median'),SelectKBest(score_func=<function mutual_info_classif at 0x7e3bb6fd3420>),5,,"{'balance': SMOTE(random_state=42), 'classify__C': 0.01, 'classify__max_iter': 200, 'classify__n_jobs': 2, 'classify__penalty': 'l2', 'classify__random_state': 42, 'classify__solver': 'lbfgs', 'classify__tol': 1e-06, 'impute': SimpleImputer(strategy='median'), 'select': SelectKBest(score_func=<function mutual_info_classif at 0x7e3bb6fd3420>), 'select__k': 5, 'transform': None}",,,,,,451,,,,,,451,,,,,,451
0.00032591819763183594,4.913197045667564e-06,0.0,0.0,SMOTE(random_state=42),0.01,200,2,l2,42,lbfgs,1e-06,,SelectKBest(score_func=<function mutual_info_classif at 0x7e3bb6fd3420>),9,,"{'balance': SMOTE(random_state=42), 'classify__C': 0.01, 'classify__max_iter': 200, 'classify__n_jobs': 2, 'classify__penalty': 'l2', 'classify__random_state': 42, 'classify__solver': 'lbfgs', 'classify__tol': 1e-06, 'impute': None, 'select': SelectKBest(score_func=<function mutual_info_classif at 0x7e3bb6fd3420>), 'select__k': 9, 'transform': None}",,,,,,451,,,,,,451,,,,,,451
0.00032075246175130207,5.844362993510639e-06,0.0,0.0,SMOTE(random_state=42),0.01,200,2,l2,42,lbfgs,1e-06,,SelectKBest(score_func=<function mutual_info_classif at 0x7e3bb6fd3420>),7,,"{'balance': SMOTE(random_state=42), 'classify__C': 0.01, 'classify__max_iter': 200, 'classify__n_jobs': 2, 'classify__penalty': 'l2', 'classify__random_state': 42, 'classify__solver': 'lbfgs', 'classify__tol': 1e-06, 'impute': None, 'select': SelectKBest(score_func=<function mutual_info_classif at 0x7e3bb6fd3420>), 'select__k': 7, 'transform': None}",,,,,,451,,,,,,451,,,,,,451
0.0003132820129394531,6.072267371779462e-06,0.0,0.0,SMOTE(random_state=42),0.01,200,2,l2,42,lbfgs,1e-06,,SelectKBest(score_func=<function mutual_info_classif at 0x7e3bb6fd3420>),5,,"{'balance': SMOTE(random_state=42), 'classify__C': 0.01, 'classify__max_iter': 200, 'classify__n_jobs': 2, 'classify__penalty': 'l2', 'classify__random_state': 42, 'classify__solver': 'lbfgs', 'classify__tol': 1e-06, 'impute': None, 'select': SelectKBest(score_func=<function mutual_info_classif at 0x7e3bb6fd3420>), 'select__k': 5, 'transform': None}",,,,,,451,,,,,,451,,,,,,451
0.0003821849822998047,3.496932258632237e-05,0.0,0.0,SMOTE(random_state=42),0.01,200,2,l2,42,lbfgs,1e-08,SimpleImputer(strategy='median'),SelectKBest(score_func=<function mutual_info_classif at 0x7e3bb6fd3420>),9,,"{'balance': SMOTE(random_state=42), 'classify__C': 0.01, 'classify__max_iter': 200, 'classify__n_jobs': 2, 'classify__penalty': 'l2', 'classify__random_state': 42, 'classify__solver': 'lbfgs', 'classify__tol': 1e-08, 'impute': SimpleImputer(strategy='median'), 'select': SelectKBest(score_func=<function mutual_info_classif at 0x7e3bb6fd3420>), 'select__k': 9, 'transform': None}",,,,,,451,,,,,,451,,,,,,451
0.0006395181020100912,7.724009714010755e-06,0.0,0.0,SMOTE(random_state=42),0.01,200,2,l2,42,lbfgs,1e-08,SimpleImputer(strategy='median'),SelectKBest(score_func=<function mutual_info_classif at 0x7e3bb6fd3420>),7,,"{'balance': SMOTE(random_state=42), 'classify__C': 0.01, 'classify__max_iter': 200, 'classify__n_jobs': 2, 'classify__penalty': 'l2', 'classify__random_state': 42, 'classify__solver': 'lbfgs', 'classify__tol': 1e-08, 'impute': SimpleImputer(strategy='median'), 'select': SelectKBest(score_func=<function mutual_info_classif at 0x7e3bb6fd3420>), 'select__k': 7, 'transform': None}",,,,,,451,,,,,,451,,,,,,451
0.0005822976430257162,0.00016695570146541138,0.0,0.0,SMOTE(random_state=42),0.01,200,2,l2,42,lbfgs,1e-08,SimpleImputer(strategy='median'),SelectKBest(score_func=<function mutual_info_classif at 0x7e3bb6fd3420>),5,,"{'balance': SMOTE(random_state=42), 'classify__C': 0.01, 'classify__max_iter': 200, 'classify__n_jobs': 2, 'classify__penalty': 'l2', 'classify__random_state': 42, 'classify__solver': 'lbfgs', 'classify__tol': 1e-08, 'impute': SimpleImputer(strategy='median'), 'select': SelectKBest(score_func=<function mutual_info_classif at 0x7e3bb6fd3420>), 'select__k': 5, 'transform': None}",,,,,,451,,,,,,451,,,,,,451
0.000326236089070638,1.1074422520380365e-05,0.0,0.0,SMOTE(random_state=42),0.01,200,2,l2,42,lbfgs,1e-08,,SelectKBest(score_func=<function mutual_info_classif at 0x7e3bb6fd3420>),9,,"{'balance': SMOTE(random_state=42), 'classify__C': 0.01, 'classify__max_iter': 200, 'classify__n_jobs': 2, 'classify__penalty': 'l2', 'classify__random_state': 42, 'classify__solver': 'lbfgs', 'classify__tol': 1e-08, 'impute': None, 'select': SelectKBest(score_func=<function mutual_info_classif at 0x7e3bb6fd3420>), 'select__k': 9, 'transform': None}",,,,,,451,,,,,,451,,,,,,451
0.0003352165222167969,1.9651824030871274e-05,0.0,0.0,SMOTE(random_state=42),0.01,200,2,l2,42,lbfgs,1e-08,,SelectKBest(score_func=<function mutual_info_classif at 0x7e3bb6fd3420>),7,,"{'balance': SMOTE(random_state=42), 'classify__C': 0.01, 'classify__max_iter': 200, 'classify__n_jobs': 2, 'classify__penalty': 'l2', 'classify__random_state': 42, 'classify__solver': 'lbfgs', 'classify__tol': 1e-08, 'impute': None, 'select': SelectKBest(score_func=<function mutual_info_classif at 0x7e3bb6fd3420>), 'select__k': 7, 'transform': None}",,,,,,451,,,,,,451,,,,,,451
0.00031415621439615887,1.1809677647705161e-05,0.0,0.0,SMOTE(random_state=42),0.01,200,2,l2,42,lbfgs,1e-08,,SelectKBest(score_func=<function mutual_info_classif at 0x7e3bb6fd3420>),5,,"{'balance': SMOTE(random_state=42), 'classify__C': 0.01, 'classify__max_iter': 200, 'classify__n_jobs': 2, 'classify__penalty': 'l2', 'classify__random_state': 42, 'classify__solver': 'lbfgs', 'classify__tol': 1e-08, 'impute': None, 'select': SelectKBest(score_func=<function mutual_info_classif at 0x7e3bb6fd3420>), 'select__k': 5, 'transform': None}",,,,,,451,,,,,,451,,,,,,451
0.0003361701965332031,1.0727952991454115e-05,0.0,0.0,SMOTE(random_state=42),0.01,500,2,l2,42,lbfgs,0.0001,,SelectKBest(score_func=<function mutual_info_classif at 0x7e3bb6fd3420>),7,,"{'balance': SMOTE(random_state=42), 'classify__C': 0.01, 'classify__max_iter': 500, 'classify__n_jobs': 2, 'classify__penalty': 'l2', 'classify__random_state': 42, 'classify__solver': 'lbfgs', 'classify__tol': 0.0001, 'impute': None, 'select': SelectKBest(score_func=<function mutual_info_classif at 0x7e3bb6fd3420>), 'select__k': 7, 'transform': None}",,,,,,451,,,,,,451,,,,,,451
0.0003813902537027995,9.014478644338759e-06,0.0,0.0,SMOTE(random_state=42),0.01,500,2,l2,42,lbfgs,0.0001,,SelectKBest(score_func=<function mutual_info_classif at 0x7e3bb6fd3420>),5,,"{'balance': SMOTE(random_state=42), 'classify__C': 0.01, 'classify__max_iter': 500, 'classify__n_jobs': 2, 'classify__penalty': 'l2', 'classify__random_state': 42, 'classify__solver': 'lbfgs', 'classify__tol': 0.0001, 'impute': None, 'select': SelectKBest(score_func=<function mutual_info_classif at 0x7e3bb6fd3420>), 'select__k': 5, 'transform': None}",,,,,,451,,,,,,451,,,,,,451
0.00039084752400716144,1.6154312738539534e-05,0.0,0.0,SMOTE(random_state=42),0.01,500,2,l2,42,lbfgs,1e-06,SimpleImputer(strategy='median'),SelectKBest(score_func=<function mutual_info_classif at 0x7e3bb6fd3420>),9,,"{'balance': SMOTE(random_state=42), 'classify__C': 0.01, 'classify__max_iter': 500, 'classify__n_jobs': 2, 'classify__penalty': 'l2', 'classify__random_state': 42, 'classify__solver': 'lbfgs', 'classify__tol': 1e-06, 'impute': SimpleImputer(strategy='median'), 'select': SelectKBest(score_func=<function mutual_info_classif at 0x7e3bb6fd3420>), 'select__k': 9, 'transform': None}",,,,,,451,,,,,,451,,,,,,451
0.0003733634948730469,2.30243723974378e-05,0.0,0.0,SMOTE(random_state=42),0.01,500,2,l2,42,lbfgs,1e-06,SimpleImputer(strategy='median'),SelectKBest(score_func=<function mutual_info_classif at 0x7e3bb6fd3420>),7,,"{'balance': SMOTE(random_state=42), 'classify__C': 0.01, 'classify__max_iter': 500, 'classify__n_jobs': 2, 'classify__penalty': 'l2', 'classify__random_state': 42, 'classify__solver': 'lbfgs', 'classify__tol': 1e-06, 'impute': SimpleImputer(strategy='median'), 'select': SelectKBest(score_func=<function mutual_info_classif at 0x7e3bb6fd3420>), 'select__k': 7, 'transform': None}",,,,,,451,,,,,,451,,,,,,451
0.0003695487976074219,9.750902109438124e-06,0.0,0.0,SMOTE(random_state=42),0.01,500,2,l2,42,lbfgs,1e-06,SimpleImputer(strategy='median'),SelectKBest(score_func=<function mutual_info_classif at 0x7e3bb6fd3420>),5,,"{'balance': SMOTE(random_state=42), 'classify__C': 0.01, 'classify__max_iter': 500, 'classify__n_jobs': 2, 'classify__penalty': 'l2', 'classify__random_state': 42, 'classify__solver': 'lbfgs', 'classify__tol': 1e-06, 'impute': SimpleImputer(strategy='median'), 'select': SelectKBest(score_func=<function mutual_info_classif at 0x7e3bb6fd3420>), 'select__k': 5, 'transform': None}",,,,,,451,,,,,,451,,,,,,451
0.0003178119659423828,5.3947966093944364e-06,0.0,0.0,SMOTE(random_state=42),0.01,500,2,l2,42,lbfgs,1e-06,,SelectKBest(score_func=<function mutual_info_classif at 0x7e3bb6fd3420>),9,,"{'balance': SMOTE(random_state=42), 'classify__C': 0.01, 'classify__max_iter': 500, 'classify__n_jobs': 2, 'classify__penalty': 'l2', 'classify__random_state': 42, 'classify__solver': 'lbfgs', 'classify__tol': 1e-06, 'impute': None, 'select': SelectKBest(score_func=<function mutual_info_classif at 0x7e3bb6fd3420>), 'select__k': 9, 'transform': None}",,,,,,451,,,,,,451,,,,,,451
0.00032011667887369793,1.2553190389419648e-05,0.0,0.0,SMOTE(random_state=42),0.01,500,2,l2,42,lbfgs,1e-06,,SelectKBest(score_func=<function mutual_info_classif at 0x7e3bb6fd3420>),7,,"{'balance': SMOTE(random_state=42), 'classify__C': 0.01, 'classify__max_iter': 500, 'classify__n_jobs': 2, 'classify__penalty': 'l2', 'classify__random_state': 42, 'classify__solver': 'lbfgs', 'classify__tol': 1e-06, 'impute': None, 'select': SelectKBest(score_func=<function mutual_info_classif at 0x7e3bb6fd3420>), 'select__k': 7, 'transform': None}",,,,,,451,,,,,,451,,,,,,451
0.0003357728322347005,1.7663725829834038e-06,0.0,0.0,SMOTE(random_state=42),0.01,500,2,l2,42,lbfgs,1e-06,,SelectKBest(score_func=<function mutual_info_classif at 0x7e3bb6fd3420>),5,,"{'balance': SMOTE(random_state=42), 'classify__C': 0.01, 'classify__max_iter': 500, 'classify__n_jobs': 2, 'classify__penalty': 'l2', 'classify__random_state': 42, 'classify__solver': 'lbfgs', 'classify__tol': 1e-06, 'impute': None, 'select': SelectKBest(score_func=<function mutual_info_classif at 0x7e3bb6fd3420>), 'select__k': 5, 'transform': None}",,,,,,451,,,,,,451,,,,,,451
0.0003730456034342448,6.163118988781388e-06,0.0,0.0,SMOTE(random_state=42),0.01,500,2,l2,42,lbfgs,1e-08,SimpleImputer(strategy='median'),SelectKBest(score_func=<function mutual_info_classif at 0x7e3bb6fd3420>),9,,"{'balance': SMOTE(random_state=42), 'classify__C': 0.01, 'classify__max_iter': 500, 'classify__n_jobs': 2, 'classify__penalty': 'l2', 'classify__random_state': 42, 'classify__solver': 'lbfgs', 'classify__tol': 1e-08, 'impute': SimpleImputer(strategy='median'), 'select': SelectKBest(score_func=<function mutual_info_classif at 0x7e3bb6fd3420>), 'select__k': 9, 'transform': None}",,,,,,451,,,,,,451,,,,,,451
0.0003561973571777344,8.766544490265958e-06,0.0,0.0,SMOTE(random_state=42),0.01,500,2,l2,42,lbfgs,1e-08,SimpleImputer(strategy='median'),SelectKBest(score_func=<function mutual_info_classif at 0x7e3bb6fd3420>),7,,"{'balance': SMOTE(random_state=42), 'classify__C': 0.01, 'classify__max_iter': 500, 'classify__n_jobs': 2, 'classify__penalty': 'l2', 'classify__random_state': 42, 'classify__solver': 'lbfgs', 'classify__tol': 1e-08, 'impute': SimpleImputer(strategy='median'), 'select': SelectKBest(score_func=<function mutual_info_classif at 0x7e3bb6fd3420>), 'select__k': 7, 'transform': None}",,,,,,451,,,,,,451,,,,,,451
0.00035444895426432293,5.437941676634472e-06,0.0,0.0,SMOTE(random_state=42),0.01,500,2,l2,42,lbfgs,1e-08,SimpleImputer(strategy='median'),SelectKBest(score_func=<function mutual_info_classif at 0x7e3bb6fd3420>),5,,"{'balance': SMOTE(random_state=42), 'classify__C': 0.01, 'classify__max_iter': 500, 'classify__n_jobs': 2, 'classify__penalty': 'l2', 'classify__random_state': 42, 'classify__solver': 'lbfgs', 'classify__tol': 1e-08, 'impute': SimpleImputer(strategy='median'), 'select': SelectKBest(score_func=<function mutual_info_classif at 0x7e3bb6fd3420>), 'select__k': 5, 'transform': None}",,,,,,451,,,,,,451,,,,,,451
0.00032591819763183594,7.725644944200348e-06,0.0,0.0,SMOTE(random_state=42),0.01,500,2,l2,42,lbfgs,1e-08,,SelectKBest(score_func=<function mutual_info_classif at 0x7e3bb6fd3420>),9,,"{'balance': SMOTE(random_state=42), 'classify__C': 0.01, 'classify__max_iter': 500, 'classify__n_jobs': 2, 'classify__penalty': 'l2', 'classify__random_state': 42, 'classify__solver': 'lbfgs', 'classify__tol': 1e-08, 'impute': None, 'select': SelectKBest(score_func=<function mutual_info_classif at 0x7e3bb6fd3420>), 'select__k': 9, 'transform': None}",,,,,,451,,,,,,451,,,,,,451
0.0003236134847005208,6.622526377359918e-06,0.0,0.0,SMOTE(random_state=42),0.01,500,2,l2,42,lbfgs,1e-08,,SelectKBest(score_func=<function mutual_info_classif at 0x7e3bb6fd3420>),7,,"{'balance': SMOTE(random_state=42), 'classify__C': 0.01, 'classify__max_iter': 500, 'classify__n_jobs': 2, 'classify__penalty': 'l2', 'classify__random_state': 42, 'classify__solver': 'lbfgs', 'classify__tol': 1e-08, 'impute': None, 'select': SelectKBest(score_func=<function mutual_info_classif at 0x7e3bb6fd3420>), 'select__k': 7, 'transform': None}",,,,,,451,,,,,,451,,,,,,451
0.0003281434377034505,1.1220599664958233e-05,0.0,0.0,SMOTE(random_state=42),0.01,500,2,l2,42,lbfgs,1e-08,,SelectKBest(score_func=<function mutual_info_classif at 0x7e3bb6fd3420>),5,,"{'balance': SMOTE(random_state=42), 'classify__C': 0.01, 'classify__max_iter': 500, 'classify__n_jobs': 2, 'classify__penalty': 'l2', 'classify__random_state': 42, 'classify__solver': 'lbfgs', 'classify__tol': 1e-08, 'impute': None, 'select': SelectKBest(score_func=<function mutual_info_classif at 0x7e3bb6fd3420>), 'select__k': 5, 'transform': None}",,,,,,451,,,,,,451,,,,,,451
0.0003676414489746094,1.9756639631042564e-06,0.0,0.0,SMOTE(random_state=42),0.01,200,2,l2,42,lbfgs,0.0001,SimpleImputer(strategy='median'),SelectKBest(score_func=<function mutual_info_classif at 0x7e3bb6fd3420>),9,,"{'balance': SMOTE(random_state=42), 'classify__C': 0.01, 'classify__max_iter': 200, 'classify__n_jobs': 2, 'classify__penalty': 'l2', 'classify__random_state': 42, 'classify__solver': 'lbfgs', 'classify__tol': 0.0001, 'impute': SimpleImputer(strategy='median'), 'select': SelectKBest(score_func=<function mutual_info_classif at 0x7e3bb6fd3420>), 'select__k': 9, 'transform': None}",,,,,,451,,,,,,451,,,,,,451
0.00037932395935058594,7.602026649200515e-06,0.0,0.0,SMOTE(random_state=42),0.01,200,2,l2,42,lbfgs,0.0001,SimpleImputer(strategy='median'),SelectKBest(score_func=<function mutual_info_classif at 0x7e3bb6fd3420>),7,,"{'balance': SMOTE(random_state=42), 'classify__C': 0.01, 'classify__max_iter': 200, 'classify__n_jobs': 2, 'classify__penalty': 'l2', 'classify__random_state': 42, 'classify__solver': 'lbfgs', 'classify__tol': 0.0001, 'impute': SimpleImputer(strategy='median'), 'select': SelectKBest(score_func=<function mutual_info_classif at 0x7e3bb6fd3420>), 'select__k': 7, 'transform': None}",,,,,,451,,,,,,451,,,,,,451
0.0006009737650553385,1.2562243534833299e-05,0.0,0.0,SMOTE(random_state=42),0.01,1000,2,l2,42,lbfgs,1e-06,SimpleImputer(strategy='median'),SelectKBest(score_func=<function mutual_info_classif at 0x7e3bb6fd3420>),9,,"{'balance': SMOTE(random_state=42), 'classify__C': 0.01, 'classify__max_iter': 1000, 'classify__n_jobs': 2, 'classify__penalty': 'l2', 'classify__random_state': 42, 'classify__solver': 'lbfgs', 'classify__tol': 1e-06, 'impute': SimpleImputer(strategy='median'), 'select': SelectKBest(score_func=<function mutual_info_classif at 0x7e3bb6fd3420>), 'select__k': 9, 'transform': None}",,,,,,451,,,,,,451,,,,,,451
0.0006912549336751302,2.921403297470292e-05,0.0,0.0,SMOTE(random_state=42),0.01,1000,2,l2,42,lbfgs,1e-06,SimpleImputer(strategy='median'),SelectKBest(score_func=<function mutual_info_classif at 0x7e3bb6fd3420>),7,,"{'balance': SMOTE(random_state=42), 'classify__C': 0.01, 'classify__max_iter': 1000, 'classify__n_jobs': 2, 'classify__penalty': 'l2', 'classify__random_state': 42, 'classify__solver': 'lbfgs', 'classify__tol': 1e-06, 'impute': SimpleImputer(strategy='median'), 'select': SelectKBest(score_func=<function mutual_info_classif at 0x7e3bb6fd3420>), 'select__k': 7, 'transform': None}",,,,,,451,,,,,,451,,,,,,451
0.00036327044169108075,9.098167383170878e-06,0.0,0.0,SMOTE(random_state=42),0.01,1000,2,l2,42,lbfgs,1e-06,SimpleImputer(strategy='median'),SelectKBest(score_func=<function mutual_info_classif at 0x7e3bb6fd3420>),5,,"{'balance': SMOTE(random_state=42), 'classify__C': 0.01, 'classify__max_iter': 1000, 'classify__n_jobs': 2, 'classify__penalty': 'l2', 'classify__random_state': 42, 'classify__solver': 'lbfgs', 'classify__tol': 1e-06, 'impute': SimpleImputer(strategy='median'), 'select': SelectKBest(score_func=<function mutual_info_classif at 0x7e3bb6fd3420>), 'select__k': 5, 'transform': None}",,,,,,451,,,,,,451,,,,,,451
0.0003476142883300781,1.982557170969353e-05,0.0,0.0,SMOTE(random_state=42),0.01,1000,2,l2,42,lbfgs,1e-06,,SelectKBest(score_func=<function mutual_info_classif at 0x7e3bb6fd3420>),9,,"{'balance': SMOTE(random_state=42), 'classify__C': 0.01, 'classify__max_iter': 1000, 'classify__n_jobs': 2, 'classify__penalty': 'l2', 'classify__random_state': 42, 'classify__solver': 'lbfgs', 'classify__tol': 1e-06, 'impute': None, 'select': SelectKBest(score_func=<function mutual_info_classif at 0x7e3bb6fd3420>), 'select__k': 9, 'transform': None}",,,,,,451,,,,,,451,,,,,,451
0.00038313865661621094,2.9085763787446233e-05,0.0,0.0,SMOTE(random_state=42),0.01,1000,2,l2,42,lbfgs,1e-06,,SelectKBest(score_func=<function mutual_info_classif at 0x7e3bb6fd3420>),7,,"{'balance': SMOTE(random_state=42), 'classify__C': 0.01, 'classify__max_iter': 1000, 'classify__n_jobs': 2, 'classify__penalty': 'l2', 'classify__random_state': 42, 'classify__solver': 'lbfgs', 'classify__tol': 1e-06, 'impute': None, 'select': SelectKBest(score_func=<function mutual_info_classif at 0x7e3bb6fd3420>), 'select__k': 7, 'transform': None}",,,,,,451,,,,,,451,,,,,,451
0.00034332275390625,7.65913887224627e-06,0.0,0.0,SMOTE(random_state=42),0.01,1000,2,l2,42,lbfgs,1e-06,,SelectKBest(score_func=<function mutual_info_classif at 0x7e3bb6fd3420>),5,,"{'balance': SMOTE(random_state=42), 'classify__C': 0.01, 'classify__max_iter': 1000, 'classify__n_jobs': 2, 'classify__penalty': 'l2', 'classify__random_state': 42, 'classify__solver': 'lbfgs', 'classify__tol': 1e-06, 'impute': None, 'select': SelectKBest(score_func=<function mutual_info_classif at 0x7e3bb6fd3420>), 'select__k': 5, 'transform': None}",,,,,,451,,,,,,451,,,,,,451
0.000364224116007487,2.4649401377472598e-06,0.0,0.0,SMOTE(random_state=42),0.01,1000,2,l2,42,lbfgs,1e-08,SimpleImputer(strategy='median'),SelectKBest(score_func=<function mutual_info_classif at 0x7e3bb6fd3420>),9,,"{'balance': SMOTE(random_state=42), 'classify__C': 0.01, 'classify__max_iter': 1000, 'classify__n_jobs': 2, 'classify__penalty': 'l2', 'classify__random_state': 42, 'classify__solver': 'lbfgs', 'classify__tol': 1e-08, 'impute': SimpleImputer(strategy='median'), 'select': SelectKBest(score_func=<function mutual_info_classif at 0x7e3bb6fd3420>), 'select__k': 9, 'transform': None}",,,,,,451,,,,,,451,,,,,,451
0.0003554026285807292,9.027081416752746e-06,0.0,0.0,SMOTE(random_state=42),0.01,1000,2,l2,42,lbfgs,1e-08,SimpleImputer(strategy='median'),SelectKBest(score_func=<function mutual_info_classif at 0x7e3bb6fd3420>),7,,"{'balance': SMOTE(random_state=42), 'classify__C': 0.01, 'classify__max_iter': 1000, 'classify__n_jobs': 2, 'classify__penalty': 'l2', 'classify__random_state': 42, 'classify__solver': 'lbfgs', 'classify__tol': 1e-08, 'impute': SimpleImputer(strategy='median'), 'select': SelectKBest(score_func=<function mutual_info_classif at 0x7e3bb6fd3420>), 'select__k': 7, 'transform': None}",,,,,,451,,,,,,451,,,,,,451
0.0003955364227294922,1.9539659584592575e-05,0.0,0.0,SMOTE(random_state=42),0.01,1000,2,l2,42,lbfgs,1e-08,SimpleImputer(strategy='median'),SelectKBest(score_func=<function mutual_info_classif at 0x7e3bb6fd3420>),5,,"{'balance': SMOTE(random_state=42), 'classify__C': 0.01, 'classify__max_iter': 1000, 'classify__n_jobs': 2, 'classify__penalty': 'l2', 'classify__random_state': 42, 'classify__solver': 'lbfgs', 'classify__tol': 1e-08, 'impute': SimpleImputer(strategy='median'), 'select': SelectKBest(score_func=<function mutual_info_classif at 0x7e3bb6fd3420>), 'select__k': 5, 'transform': None}",,,,,,451,,,,,,451,,,,,,451
0.0003579457600911458,6.979147084585873e-06,0.0,0.0,SMOTE(random_state=42),0.01,1000,2,l2,42,lbfgs,1e-08,,SelectKBest(score_func=<function mutual_info_classif at 0x7e3bb6fd3420>),9,,"{'balance': SMOTE(random_state=42), 'classify__C': 0.01, 'classify__max_iter': 1000, 'classify__n_jobs': 2, 'classify__penalty': 'l2', 'classify__random_state': 42, 'classify__solver': 'lbfgs', 'classify__tol': 1e-08, 'impute': None, 'select': SelectKBest(score_func=<function mutual_info_classif at 0x7e3bb6fd3420>), 'select__k': 9, 'transform': None}",,,,,,451,,,,,,451,,,,,,451
0.00033092498779296875,3.2046389824002505e-06,0.0,0.0,SMOTE(random_state=42),0.01,1000,2,l2,42,lbfgs,1e-08,,SelectKBest(score_func=<function mutual_info_classif at 0x7e3bb6fd3420>),7,,"{'balance': SMOTE(random_state=42), 'classify__C': 0.01, 'classify__max_iter': 1000, 'classify__n_jobs': 2, 'classify__penalty': 'l2', 'classify__random_state': 42, 'classify__solver': 'lbfgs', 'classify__tol': 1e-08, 'impute': None, 'select': SelectKBest(score_func=<function mutual_info_classif at 0x7e3bb6fd3420>), 'select__k': 7, 'transform': None}",,,,,,451,,,,,,451,,,,,,451
0.0003256797790527344,9.398652717793953e-06,0.0,0.0,SMOTE(random_state=42),0.01,1000,2,l2,42,lbfgs,1e-08,,SelectKBest(score_func=<function mutual_info_classif at 0x7e3bb6fd3420>),5,,"{'balance': SMOTE(random_state=42), 'classify__C': 0.01, 'classify__max_iter': 1000, 'classify__n_jobs': 2, 'classify__penalty': 'l2', 'classify__random_state': 42, 'classify__solver': 'lbfgs', 'classify__tol': 1e-08, 'impute': None, 'select': SelectKBest(score_func=<function mutual_info_classif at 0x7e3bb6fd3420>), 'select__k': 5, 'transform': None}",,,,,,451,,,,,,451,,,,,,451
0.0003592967987060547,4.1019083342755445e-06,0.0,0.0,SMOTE(random_state=42),0.01,500,2,l2,42,lbfgs,0.0001,SimpleImputer(strategy='median'),SelectKBest(score_func=<function mutual_info_classif at 0x7e3bb6fd3420>),9,,"{'balance': SMOTE(random_state=42), 'classify__C': 0.01, 'classify__max_iter': 500, 'classify__n_jobs': 2, 'classify__penalty': 'l2', 'classify__random_state': 42, 'classify__solver': 'lbfgs', 'classify__tol': 0.0001, 'impute': SimpleImputer(strategy='median'), 'select': SelectKBest(score_func=<function mutual_info_classif at 0x7e3bb6fd3420>), 'select__k': 9, 'transform': None}",,,,,,451,,,,,,451,,,,,,451
0.0003775755564371745,4.673382577256888e-06,0.0,0.0,SMOTE(random_state=42),0.01,500,2,l2,42,lbfgs,0.0001,SimpleImputer(strategy='median'),SelectKBest(score_func=<function mutual_info_classif at 0x7e3bb6fd3420>),7,,"{'balance': SMOTE(random_state=42), 'classify__C': 0.01, 'classify__max_iter': 500, 'classify__n_jobs': 2, 'classify__penalty': 'l2', 'classify__random_state': 42, 'classify__solver': 'lbfgs', 'classify__tol': 0.0001, 'impute': SimpleImputer(strategy='median'), 'select': SelectKBest(score_func=<function mutual_info_classif at 0x7e3bb6fd3420>), 'select__k': 7, 'transform': None}",,,,,,451,,,,,,451,,,,,,451
0.0004028479258219401,1.431350108971282e-05,0.0,0.0,SMOTE(random_state=42),0.01,500,2,l2,42,lbfgs,0.0001,SimpleImputer(strategy='median'),SelectKBest(score_func=<function mutual_info_classif at 0x7e3bb6fd3420>),5,,"{'balance': SMOTE(random_state=42), 'classify__C': 0.01, 'classify__max_iter': 500, 'classify__n_jobs': 2, 'classify__penalty': 'l2', 'classify__random_state': 42, 'classify__solver': 'lbfgs', 'classify__tol': 0.0001, 'impute': SimpleImputer(strategy='median'), 'select': SelectKBest(score_func=<function mutual_info_classif at 0x7e3bb6fd3420>), 'select__k': 5, 'transform': None}",,,,,,451,,,,,,451,,,,,,451
0.0003403027852376302,1.1193548456145567e-05,0.0,0.0,SMOTE(random_state=42),0.01,500,2,l2,42,lbfgs,0.0001,,SelectKBest(score_func=<function mutual_info_classif at 0x7e3bb6fd3420>),9,,"{'balance': SMOTE(random_state=42), 'classify__C': 0.01, 'classify__max_iter': 500, 'classify__n_jobs': 2, 'classify__penalty': 'l2', 'classify__random_state': 42, 'classify__solver': 'lbfgs', 'classify__tol': 0.0001, 'impute': None, 'select': SelectKBest(score_func=<function mutual_info_classif at 0x7e3bb6fd3420>), 'select__k': 9, 'transform': None}",,,,,,451,,,,,,451,,,,,,451
0.00038933753967285156,2.4454665445028565e-05,0.0,0.0,SMOTE(random_state=42),0.01,2000,2,l2,42,lbfgs,1e-06,SimpleImputer(strategy='median'),SelectKBest(score_func=<function mutual_info_classif at 0x7e3bb6fd3420>),5,,"{'balance': SMOTE(random_state=42), 'classify__C': 0.01, 'classify__max_iter': 2000, 'classify__n_jobs': 2, 'classify__penalty': 'l2', 'classify__random_state': 42, 'classify__solver': 'lbfgs', 'classify__tol': 1e-06, 'impute': SimpleImputer(strategy='median'), 'select': SelectKBest(score_func=<function mutual_info_classif at 0x7e3bb6fd3420>), 'select__k': 5, 'transform': None}",,,,,,451,,,,,,451,,,,,,451
0.00033092498779296875,1.4535062438783552e-05,0.0,0.0,SMOTE(random_state=42),0.01,2000,2,l2,42,lbfgs,1e-06,,SelectKBest(score_func=<function mutual_info_classif at 0x7e3bb6fd3420>),9,,"{'balance': SMOTE(random_state=42), 'classify__C': 0.01, 'classify__max_iter': 2000, 'classify__n_jobs': 2, 'classify__penalty': 'l2', 'classify__random_state': 42, 'classify__solver': 'lbfgs', 'classify__tol': 1e-06, 'impute': None, 'select': SelectKBest(score_func=<function mutual_info_classif at 0x7e3bb6fd3420>), 'select__k': 9, 'transform': None}",,,,,,451,,,,,,451,,,,,,451
0.00033966700236002606,1.3696565778016197e-05,0.0,0.0,SMOTE(random_state=42),0.01,2000,2,l2,42,lbfgs,1e-06,,SelectKBest(score_func=<function mutual_info_classif at 0x7e3bb6fd3420>),7,,"{'balance': SMOTE(random_state=42), 'classify__C': 0.01, 'classify__max_iter': 2000, 'classify__n_jobs': 2, 'classify__penalty': 'l2', 'classify__random_state': 42, 'classify__solver': 'lbfgs', 'classify__tol': 1e-06, 'impute': None, 'select': SelectKBest(score_func=<function mutual_info_classif at 0x7e3bb6fd3420>), 'select__k': 7, 'transform': None}",,,,,,451,,,,,,451,,,,,,451
0.0003418127695719401,1.6353653102737402e-05,0.0,0.0,SMOTE(random_state=42),0.01,2000,2,l2,42,lbfgs,1e-06,,SelectKBest(score_func=<function mutual_info_classif at 0x7e3bb6fd3420>),5,,"{'balance': SMOTE(random_state=42), 'classify__C': 0.01, 'classify__max_iter': 2000, 'classify__n_jobs': 2, 'classify__penalty': 'l2', 'classify__random_state': 42, 'classify__solver': 'lbfgs', 'classify__tol': 1e-06, 'impute': None, 'select': SelectKBest(score_func=<function mutual_info_classif at 0x7e3bb6fd3420>), 'select__k': 5, 'transform': None}",,,,,,451,,,,,,451,,,,,,451
0.0004028479258219401,2.7003001933206046e-05,0.0,0.0,SMOTE(random_state=42),0.01,2000,2,l2,42,lbfgs,1e-08,SimpleImputer(strategy='median'),SelectKBest(score_func=<function mutual_info_classif at 0x7e3bb6fd3420>),9,,"{'balance': SMOTE(random_state=42), 'classify__C': 0.01, 'classify__max_iter': 2000, 'classify__n_jobs': 2, 'classify__penalty': 'l2', 'classify__random_state': 42, 'classify__solver': 'lbfgs', 'classify__tol': 1e-08, 'impute': SimpleImputer(strategy='median'), 'select': SelectKBest(score_func=<function mutual_info_classif at 0x7e3bb6fd3420>), 'select__k': 9, 'transform': None}",,,,,,451,,,,,,451,,,,,,451
0.00038051605224609375,6.382615726871892e-06,0.0,0.0,SMOTE(random_state=42),0.01,2000,2,l2,42,lbfgs,1e-08,SimpleImputer(strategy='median'),SelectKBest(score_func=<function mutual_info_classif at 0x7e3bb6fd3420>),7,,"{'balance': SMOTE(random_state=42), 'classify__C': 0.01, 'classify__max_iter': 2000, 'classify__n_jobs': 2, 'classify__penalty': 'l2', 'classify__random_state': 42, 'classify__solver': 'lbfgs', 'classify__tol': 1e-08, 'impute': SimpleImputer(strategy='median'), 'select': SelectKBest(score_func=<function mutual_info_classif at 0x7e3bb6fd3420>), 'select__k': 7, 'transform': None}",,,,,,451,,,,,,451,,,,,,451
0.00040411949157714844,3.077416536372084e-05,0.0,0.0,SMOTE(random_state=42),0.01,2000,2,l2,42,lbfgs,1e-08,SimpleImputer(strategy='median'),SelectKBest(score_func=<function mutual_info_classif at 0x7e3bb6fd3420>),5,,"{'balance': SMOTE(random_state=42), 'classify__C': 0.01, 'classify__max_iter': 2000, 'classify__n_jobs': 2, 'classify__penalty': 'l2', 'classify__random_state': 42, 'classify__solver': 'lbfgs', 'classify__tol': 1e-08, 'impute': SimpleImputer(strategy='median'), 'select': SelectKBest(score_func=<function mutual_info_classif at 0x7e3bb6fd3420>), 'select__k': 5, 'transform': None}",,,,,,451,,,,,,451,,,,,,451
0.0003055731455485026,6.631104165713995e-06,0.0,0.0,SMOTE(random_state=42),0.01,2000,2,l2,42,lbfgs,1e-08,,SelectKBest(score_func=<function mutual_info_classif at 0x7e3bb6fd3420>),9,,"{'balance': SMOTE(random_state=42), 'classify__C': 0.01, 'classify__max_iter': 2000, 'classify__n_jobs': 2, 'classify__penalty': 'l2', 'classify__random_state': 42, 'classify__solver': 'lbfgs', 'classify__tol': 1e-08, 'impute': None, 'select': SelectKBest(score_func=<function mutual_info_classif at 0x7e3bb6fd3420>), 'select__k': 9, 'transform': None}",,,,,,451,,,,,,451,,,,,,451
0.0003322760264078776,1.1183387383285781e-05,0.0,0.0,SMOTE(random_state=42),0.01,2000,2,l2,42,lbfgs,1e-08,,SelectKBest(score_func=<function mutual_info_classif at 0x7e3bb6fd3420>),7,,"{'balance': SMOTE(random_state=42), 'classify__C': 0.01, 'classify__max_iter': 2000, 'classify__n_jobs': 2, 'classify__penalty': 'l2', 'classify__random_state': 42, 'classify__solver': 'lbfgs', 'classify__tol': 1e-08, 'impute': None, 'select': SelectKBest(score_func=<function mutual_info_classif at 0x7e3bb6fd3420>), 'select__k': 7, 'transform': None}",,,,,,451,,,,,,451,,,,,,451
0.0003631114959716797,5.346143466026703e-05,0.0,0.0,SMOTE(random_state=42),0.01,2000,2,l2,42,lbfgs,1e-08,,SelectKBest(score_func=<function mutual_info_classif at 0x7e3bb6fd3420>),5,,"{'balance': SMOTE(random_state=42), 'classify__C': 0.01, 'classify__max_iter': 2000, 'classify__n_jobs': 2, 'classify__penalty': 'l2', 'classify__random_state': 42, 'classify__solver': 'lbfgs', 'classify__tol': 1e-08, 'impute': None, 'select': SelectKBest(score_func=<function mutual_info_classif at 0x7e3bb6fd3420>), 'select__k': 5, 'transform': None}",,,,,,451,,,,,,451,,,,,,451
0.0006162325541178385,5.3206827321213136e-05,0.0,0.0,SMOTE(random_state=42),0.01,1000,2,l2,42,lbfgs,0.0001,SimpleImputer(strategy='median'),SelectKBest(score_func=<function mutual_info_classif at 0x7e3bb6fd3420>),9,,"{'balance': SMOTE(random_state=42), 'classify__C': 0.01, 'classify__max_iter': 1000, 'classify__n_jobs': 2, 'classify__penalty': 'l2', 'classify__random_state': 42, 'classify__solver': 'lbfgs', 'classify__tol': 0.0001, 'impute': SimpleImputer(strategy='median'), 'select': SelectKBest(score_func=<function mutual_info_classif at 0x7e3bb6fd3420>), 'select__k': 9, 'transform': None}",,,,,,451,,,,,,451,,,,,,451
0.0006262461344401041,6.462780642204492e-05,0.0,0.0,SMOTE(random_state=42),0.01,1000,2,l2,42,lbfgs,0.0001,SimpleImputer(strategy='median'),SelectKBest(score_func=<function mutual_info_classif at 0x7e3bb6fd3420>),7,,"{'balance': SMOTE(random_state=42), 'classify__C': 0.01, 'classify__max_iter': 1000, 'classify__n_jobs': 2, 'classify__penalty': 'l2', 'classify__random_state': 42, 'classify__solver': 'lbfgs', 'classify__tol': 0.0001, 'impute': SimpleImputer(strategy='median'), 'select': SelectKBest(score_func=<function mutual_info_classif at 0x7e3bb6fd3420>), 'select__k': 7, 'transform': None}",,,,,,451,,,,,,451,,,,,,451
0.0005906422932942709,6.051429055786602e-06,0.0,0.0,SMOTE(random_state=42),0.01,1000,2,l2,42,lbfgs,0.0001,SimpleImputer(strategy='median'),SelectKBest(score_func=<function mutual_info_classif at 0x7e3bb6fd3420>),5,,"{'balance': SMOTE(random_state=42), 'classify__C': 0.01, 'classify__max_iter': 1000, 'classify__n_jobs': 2, 'classify__penalty': 'l2', 'classify__random_state': 42, 'classify__solver': 'lbfgs', 'classify__tol': 0.0001, 'impute': SimpleImputer(strategy='median'), 'select': SelectKBest(score_func=<function mutual_info_classif at 0x7e3bb6fd3420>), 'select__k': 5, 'transform': None}",,,,,,451,,,,,,451,,,,,,451
0.0005503495534261068,3.772056868035603e-05,0.0,0.0,SMOTE(random_state=42),0.01,1000,2,l2,42,lbfgs,0.0001,,SelectKBest(score_func=<function mutual_info_classif at 0x7e3bb6fd3420>),9,,"{'balance': SMOTE(random_state=42), 'classify__C': 0.01, 'classify__max_iter': 1000, 'classify__n_jobs': 2, 'classify__penalty': 'l2', 'classify__random_state': 42, 'classify__solver': 'lbfgs', 'classify__tol': 0.0001, 'impute': None, 'select': SelectKBest(score_func=<function mutual_info_classif at 0x7e3bb6fd3420>), 'select__k': 9, 'transform': None}",,,,,,451,,,,,,451,,,,,,451
0.0005477269490559896,2.64242179362881e-05,0.0,0.0,SMOTE(random_state=42),0.01,1000,2,l2,42,lbfgs,0.0001,,SelectKBest(score_func=<function mutual_info_classif at 0x7e3bb6fd3420>),7,,"{'balance': SMOTE(random_state=42), 'classify__C': 0.01, 'classify__max_iter': 1000, 'classify__n_jobs': 2, 'classify__penalty': 'l2', 'classify__random_state': 42, 'classify__solver': 'lbfgs', 'classify__tol': 0.0001, 'impute': None, 'select': SelectKBest(score_func=<function mutual_info_classif at 0x7e3bb6fd3420>), 'select__k': 7, 'transform': None}",,,,,,451,,,,,,451,,,,,,451
0.0005732377370198568,4.936601751479877e-05,0.0,0.0,SMOTE(random_state=42),0.01,1000,2,l2,42,lbfgs,0.0001,,SelectKBest(score_func=<function mutual_info_classif at 0x7e3bb6fd3420>),5,,"{'balance': SMOTE(random_state=42), 'classify__C': 0.01, 'classify__max_iter': 1000, 'classify__n_jobs': 2, 'classify__penalty': 'l2', 'classify__random_state': 42, 'classify__solver': 'lbfgs', 'classify__tol': 0.0001, 'impute': None, 'select': SelectKBest(score_func=<function mutual_info_classif at 0x7e3bb6fd3420>), 'select__k': 5, 'transform': None}",,,,,,451,,,,,,451,,,,,,451
0.0003421306610107422,1.652271142948923e-05,0.0,0.0,SMOTE(random_state=42),0.1,100,2,l2,42,lbfgs,1e-06,,SelectKBest(score_func=<function mutual_info_classif at 0x7e3bb6fd3420>),7,,"{'balance': SMOTE(random_state=42), 'classify__C': 0.1, 'classify__max_iter': 100, 'classify__n_jobs': 2, 'classify__penalty': 'l2', 'classify__random_state': 42, 'classify__solver': 'lbfgs', 'classify__tol': 1e-06, 'impute': None, 'select': SelectKBest(score_func=<function mutual_info_classif at 0x7e3bb6fd3420>), 'select__k': 7, 'transform': None}",,,,,,451,,,,,,451,,,,,,451
0.0003790855407714844,2.9763196056990117e-05,0.0,0.0,SMOTE(random_state=42),0.1,100,2,l2,42,lbfgs,1e-06,,SelectKBest(score_func=<function mutual_info_classif at 0x7e3bb6fd3420>),5,,"{'balance': SMOTE(random_state=42), 'classify__C': 0.1, 'classify__max_iter': 100, 'classify__n_jobs': 2, 'classify__penalty': 'l2', 'classify__random_state': 42, 'classify__solver': 'lbfgs', 'classify__tol': 1e-06, 'impute': None, 'select': SelectKBest(score_func=<function mutual_info_classif at 0x7e3bb6fd3420>), 'select__k': 5, 'transform': None}",,,,,,451,,,,,,451,,,,,,451
0.0004080931345621745,2.1998627330795064e-05,0.0,0.0,SMOTE(random_state=42),0.1,100,2,l2,42,lbfgs,1e-08,SimpleImputer(strategy='median'),SelectKBest(score_func=<function mutual_info_classif at 0x7e3bb6fd3420>),9,,"{'balance': SMOTE(random_state=42), 'classify__C': 0.1, 'classify__max_iter': 100, 'classify__n_jobs': 2, 'classify__penalty': 'l2', 'classify__random_state': 42, 'classify__solver': 'lbfgs', 'classify__tol': 1e-08, 'impute': SimpleImputer(strategy='median'), 'select': SelectKBest(score_func=<function mutual_info_classif at 0x7e3bb6fd3420>), 'select__k': 9, 'transform': None}",,,,,,451,,,,,,451,,,,,,451
0.00037407875061035156,1.6184389828183307e-05,0.0,0.0,SMOTE(random_state=42),0.1,100,2,l2,42,lbfgs,1e-08,SimpleImputer(strategy='median'),SelectKBest(score_func=<function mutual_info_classif at 0x7e3bb6fd3420>),7,,"{'balance': SMOTE(random_state=42), 'classify__C': 0.1, 'classify__max_iter': 100, 'classify__n_jobs': 2, 'classify__penalty': 'l2', 'classify__random_state': 42, 'classify__solver': 'lbfgs', 'classify__tol': 1e-08, 'impute': SimpleImputer(strategy='median'), 'select': SelectKBest(score_func=<function mutual_info_classif at 0x7e3bb6fd3420>), 'select__k': 7, 'transform': None}",,,,,,451,,,,,,451,,,,,,451
0.00037439664204915363,2.4862941583325537e-05,0.0,0.0,SMOTE(random_state=42),0.1,100,2,l2,42,lbfgs,1e-08,SimpleImputer(strategy='median'),SelectKBest(score_func=<function mutual_info_classif at 0x7e3bb6fd3420>),5,,"{'balance': SMOTE(random_state=42), 'classify__C': 0.1, 'classify__max_iter': 100, 'classify__n_jobs': 2, 'classify__penalty': 'l2', 'classify__random_state': 42, 'classify__solver': 'lbfgs', 'classify__tol': 1e-08, 'impute': SimpleImputer(strategy='median'), 'select': SelectKBest(score_func=<function mutual_info_classif at 0x7e3bb6fd3420>), 'select__k': 5, 'transform': None}",,,,,,451,,,,,,451,,,,,,451
0.00035254160563151043,2.9016193003641475e-05,0.0,0.0,SMOTE(random_state=42),0.1,100,2,l2,42,lbfgs,1e-08,,SelectKBest(score_func=<function mutual_info_classif at 0x7e3bb6fd3420>),9,,"{'balance': SMOTE(random_state=42), 'classify__C': 0.1, 'classify__max_iter': 100, 'classify__n_jobs': 2, 'classify__penalty': 'l2', 'classify__random_state': 42, 'classify__solver': 'lbfgs', 'classify__tol': 1e-08, 'impute': None, 'select': SelectKBest(score_func=<function mutual_info_classif at 0x7e3bb6fd3420>), 'select__k': 9, 'transform': None}",,,,,,451,,,,,,451,,,,,,451
0.0003647009531656901,6.979147084585873e-06,0.0,0.0,SMOTE(random_state=42),0.1,100,2,l2,42,lbfgs,1e-08,,SelectKBest(score_func=<function mutual_info_classif at 0x7e3bb6fd3420>),7,,"{'balance': SMOTE(random_state=42), 'classify__C': 0.1, 'classify__max_iter': 100, 'classify__n_jobs': 2, 'classify__penalty': 'l2', 'classify__random_state': 42, 'classify__solver': 'lbfgs', 'classify__tol': 1e-08, 'impute': None, 'select': SelectKBest(score_func=<function mutual_info_classif at 0x7e3bb6fd3420>), 'select__k': 7, 'transform': None}",,,,,,451,,,,,,451,,,,,,451
0.00036795934041341144,2.499822560131033e-05,0.0,0.0,SMOTE(random_state=42),0.1,100,2,l2,42,lbfgs,1e-08,,SelectKBest(score_func=<function mutual_info_classif at 0x7e3bb6fd3420>),5,,"{'balance': SMOTE(random_state=42), 'classify__C': 0.1, 'classify__max_iter': 100, 'classify__n_jobs': 2, 'classify__penalty': 'l2', 'classify__random_state': 42, 'classify__solver': 'lbfgs', 'classify__tol': 1e-08, 'impute': None, 'select': SelectKBest(score_func=<function mutual_info_classif at 0x7e3bb6fd3420>), 'select__k': 5, 'transform': None}",,,,,,451,,,,,,451,,,,,,451
0.00037018458048502606,1.8778479887113786e-05,0.0,0.0,SMOTE(random_state=42),0.01,2000,2,l2,42,lbfgs,0.0001,SimpleImputer(strategy='median'),SelectKBest(score_func=<function mutual_info_classif at 0x7e3bb6fd3420>),9,,"{'balance': SMOTE(random_state=42), 'classify__C': 0.01, 'classify__max_iter': 2000, 'classify__n_jobs': 2, 'classify__penalty': 'l2', 'classify__random_state': 42, 'classify__solver': 'lbfgs', 'classify__tol': 0.0001, 'impute': SimpleImputer(strategy='median'), 'select': SelectKBest(score_func=<function mutual_info_classif at 0x7e3bb6fd3420>), 'select__k': 9, 'transform': None}",,,,,,451,,,,,,451,,,,,,451
0.0004115104675292969,3.931666227569188e-05,0.0,0.0,SMOTE(random_state=42),0.01,2000,2,l2,42,lbfgs,0.0001,SimpleImputer(strategy='median'),SelectKBest(score_func=<function mutual_info_classif at 0x7e3bb6fd3420>),7,,"{'balance': SMOTE(random_state=42), 'classify__C': 0.01, 'classify__max_iter': 2000, 'classify__n_jobs': 2, 'classify__penalty': 'l2', 'classify__random_state': 42, 'classify__solver': 'lbfgs', 'classify__tol': 0.0001, 'impute': SimpleImputer(strategy='median'), 'select': SelectKBest(score_func=<function mutual_info_classif at 0x7e3bb6fd3420>), 'select__k': 7, 'transform': None}",,,,,,451,,,,,,451,,,,,,451
0.0003589789072672526,1.600110591240297e-05,0.0,0.0,SMOTE(random_state=42),0.01,2000,2,l2,42,lbfgs,0.0001,SimpleImputer(strategy='median'),SelectKBest(score_func=<function mutual_info_classif at 0x7e3bb6fd3420>),5,,"{'balance': SMOTE(random_state=42), 'classify__C': 0.01, 'classify__max_iter': 2000, 'classify__n_jobs': 2, 'classify__penalty': 'l2', 'classify__random_state': 42, 'classify__solver': 'lbfgs', 'classify__tol': 0.0001, 'impute': SimpleImputer(strategy='median'), 'select': SelectKBest(score_func=<function mutual_info_classif at 0x7e3bb6fd3420>), 'select__k': 5, 'transform': None}",,,,,,451,,,,,,451,,,,,,451
0.000406185785929362,5.189510800687909e-05,0.0,0.0,SMOTE(random_state=42),0.01,2000,2,l2,42,lbfgs,0.0001,,SelectKBest(score_func=<function mutual_info_classif at 0x7e3bb6fd3420>),9,,"{'balance': SMOTE(random_state=42), 'classify__C': 0.01, 'classify__max_iter': 2000, 'classify__n_jobs': 2, 'classify__penalty': 'l2', 'classify__random_state': 42, 'classify__solver': 'lbfgs', 'classify__tol': 0.0001, 'impute': None, 'select': SelectKBest(score_func=<function mutual_info_classif at 0x7e3bb6fd3420>), 'select__k': 9, 'transform': None}",,,,,,451,,,,,,451,,,,,,451
0.0003459453582763672,3.878731518399693e-06,0.0,0.0,SMOTE(random_state=42),0.01,2000,2,l2,42,lbfgs,0.0001,,SelectKBest(score_func=<function mutual_info_classif at 0x7e3bb6fd3420>),7,,"{'balance': SMOTE(random_state=42), 'classify__C': 0.01, 'classify__max_iter': 2000, 'classify__n_jobs': 2, 'classify__penalty': 'l2', 'classify__random_state': 42, 'classify__solver': 'lbfgs', 'classify__tol': 0.0001, 'impute': None, 'select': SelectKBest(score_func=<function mutual_info_classif at 0x7e3bb6fd3420>), 'select__k': 7, 'transform': None}",,,,,,451,,,,,,451,,,,,,451
0.00035635630289713543,3.3220605973509256e-05,0.0,0.0,SMOTE(random_state=42),0.01,2000,2,l2,42,lbfgs,0.0001,,SelectKBest(score_func=<function mutual_info_classif at 0x7e3bb6fd3420>),5,,"{'balance': SMOTE(random_state=42), 'classify__C': 0.01, 'classify__max_iter': 2000, 'classify__n_jobs': 2, 'classify__penalty': 'l2', 'classify__random_state': 42, 'classify__solver': 'lbfgs', 'classify__tol': 0.0001, 'impute': None, 'select': SelectKBest(score_func=<function mutual_info_classif at 0x7e3bb6fd3420>), 'select__k': 5, 'transform': None}",,,,,,451,,,,,,451,,,,,,451
0.0003528594970703125,1.112847077955519e-05,0.0,0.0,SMOTE(random_state=42),0.01,2000,2,l2,42,lbfgs,1e-06,SimpleImputer(strategy='median'),SelectKBest(score_func=<function mutual_info_classif at 0x7e3bb6fd3420>),9,,"{'balance': SMOTE(random_state=42), 'classify__C': 0.01, 'classify__max_iter': 2000, 'classify__n_jobs': 2, 'classify__penalty': 'l2', 'classify__random_state': 42, 'classify__solver': 'lbfgs', 'classify__tol': 1e-06, 'impute': SimpleImputer(strategy='median'), 'select': SelectKBest(score_func=<function mutual_info_classif at 0x7e3bb6fd3420>), 'select__k': 9, 'transform': None}",,,,,,451,,,,,,451,,,,,,451
0.0003802776336669922,1.5382464201526908e-05,0.0,0.0,SMOTE(random_state=42),0.01,2000,2,l2,42,lbfgs,1e-06,SimpleImputer(strategy='median'),SelectKBest(score_func=<function mutual_info_classif at 0x7e3bb6fd3420>),7,,"{'balance': SMOTE(random_state=42), 'classify__C': 0.01, 'classify__max_iter': 2000, 'classify__n_jobs': 2, 'classify__penalty': 'l2', 'classify__random_state': 42, 'classify__solver': 'lbfgs', 'classify__tol': 1e-06, 'impute': SimpleImputer(strategy='median'), 'select': SelectKBest(score_func=<function mutual_info_classif at 0x7e3bb6fd3420>), 'select__k': 7, 'transform': None}",,,,,,451,,,,,,451,,,,,,451
0.0004085699717203776,2.6475796072068705e-05,0.0,0.0,SMOTE(random_state=42),0.1,200,2,l2,42,lbfgs,1e-08,SimpleImputer(strategy='median'),SelectKBest(score_func=<function mutual_info_classif at 0x7e3bb6fd3420>),9,,"{'balance': SMOTE(random_state=42), 'classify__C': 0.1, 'classify__max_iter': 200, 'classify__n_jobs': 2, 'classify__penalty': 'l2', 'classify__random_state': 42, 'classify__solver': 'lbfgs', 'classify__tol': 1e-08, 'impute': SimpleImputer(strategy='median'), 'select': SelectKBest(score_func=<function mutual_info_classif at 0x7e3bb6fd3420>), 'select__k': 9, 'transform': None}",,,,,,451,,,,,,451,,,,,,451
0.00037328402201334637,1.7555049225837708e-05,0.0,0.0,SMOTE(random_state=42),0.1,200,2,l2,42,lbfgs,1e-08,SimpleImputer(strategy='median'),SelectKBest(score_func=<function mutual_info_classif at 0x7e3bb6fd3420>),7,,"{'balance': SMOTE(random_state=42), 'classify__C': 0.1, 'classify__max_iter': 200, 'classify__n_jobs': 2, 'classify__penalty': 'l2', 'classify__random_state': 42, 'classify__solver': 'lbfgs', 'classify__tol': 1e-08, 'impute': SimpleImputer(strategy='median'), 'select': SelectKBest(score_func=<function mutual_info_classif at 0x7e3bb6fd3420>), 'select__k': 7, 'transform': None}",,,,,,451,,,,,,451,,,,,,451
0.00035444895426432293,6.883469153573507e-06,0.0,0.0,SMOTE(random_state=42),0.1,200,2,l2,42,lbfgs,1e-08,SimpleImputer(strategy='median'),SelectKBest(score_func=<function mutual_info_classif at 0x7e3bb6fd3420>),5,,"{'balance': SMOTE(random_state=42), 'classify__C': 0.1, 'classify__max_iter': 200, 'classify__n_jobs': 2, 'classify__penalty': 'l2', 'classify__random_state': 42, 'classify__solver': 'lbfgs', 'classify__tol': 1e-08, 'impute': SimpleImputer(strategy='median'), 'select': SelectKBest(score_func=<function mutual_info_classif at 0x7e3bb6fd3420>), 'select__k': 5, 'transform': None}",,,,,,451,,,,,,451,,,,,,451
0.0003210703531901042,9.898120547574529e-06,0.0,0.0,SMOTE(random_state=42),0.1,200,2,l2,42,lbfgs,1e-08,,SelectKBest(score_func=<function mutual_info_classif at 0x7e3bb6fd3420>),9,,"{'balance': SMOTE(random_state=42), 'classify__C': 0.1, 'classify__max_iter': 200, 'classify__n_jobs': 2, 'classify__penalty': 'l2', 'classify__random_state': 42, 'classify__solver': 'lbfgs', 'classify__tol': 1e-08, 'impute': None, 'select': SelectKBest(score_func=<function mutual_info_classif at 0x7e3bb6fd3420>), 'select__k': 9, 'transform': None}",,,,,,451,,,,,,451,,,,,,451
0.0003330707550048828,1.180111758305033e-05,0.0,0.0,SMOTE(random_state=42),0.1,200,2,l2,42,lbfgs,1e-08,,SelectKBest(score_func=<function mutual_info_classif at 0x7e3bb6fd3420>),7,,"{'balance': SMOTE(random_state=42), 'classify__C': 0.1, 'classify__max_iter': 200, 'classify__n_jobs': 2, 'classify__penalty': 'l2', 'classify__random_state': 42, 'classify__solver': 'lbfgs', 'classify__tol': 1e-08, 'impute': None, 'select': SelectKBest(score_func=<function mutual_info_classif at 0x7e3bb6fd3420>), 'select__k': 7, 'transform': None}",,,,,,451,,,,,,451,,,,,,451
0.00034737586975097656,1.8348422877900948e-05,0.0,0.0,SMOTE(random_state=42),0.1,200,2,l2,42,lbfgs,1e-08,,SelectKBest(score_func=<function mutual_info_classif at 0x7e3bb6fd3420>),5,,"{'balance': SMOTE(random_state=42), 'classify__C': 0.1, 'classify__max_iter': 200, 'classify__n_jobs': 2, 'classify__penalty': 'l2', 'classify__random_state': 42, 'classify__solver': 'lbfgs', 'classify__tol': 1e-08, 'impute': None, 'select': SelectKBest(score_func=<function mutual_info_classif at 0x7e3bb6fd3420>), 'select__k': 5, 'transform': None}",,,,,,451,,,,,,451,,,,,,451
0.00039458274841308594,4.08802704798752e-06,0.0,0.0,SMOTE(random_state=42),0.1,100,2,l2,42,lbfgs,0.0001,SimpleImputer(strategy='median'),SelectKBest(score_func=<function mutual_info_classif at 0x7e3bb6fd3420>),9,,"{'balance': SMOTE(random_state=42), 'classify__C': 0.1, 'classify__max_iter': 100, 'classify__n_jobs': 2, 'classify__penalty': 'l2', 'classify__random_state': 42, 'classify__solver': 'lbfgs', 'classify__tol': 0.0001, 'impute': SimpleImputer(strategy='median'), 'select': SelectKBest(score_func=<function mutual_info_classif at 0x7e3bb6fd3420>), 'select__k': 9, 'transform': None}",,,,,,451,,,,,,451,,,,,,451
0.0004035631815592448,9.24279950082038e-06,0.0,0.0,SMOTE(random_state=42),0.1,100,2,l2,42,lbfgs,0.0001,SimpleImputer(strategy='median'),SelectKBest(score_func=<function mutual_info_classif at 0x7e3bb6fd3420>),7,,"{'balance': SMOTE(random_state=42), 'classify__C': 0.1, 'classify__max_iter': 100, 'classify__n_jobs': 2, 'classify__penalty': 'l2', 'classify__random_state': 42, 'classify__solver': 'lbfgs', 'classify__tol': 0.0001, 'impute': SimpleImputer(strategy='median'), 'select': SelectKBest(score_func=<function mutual_info_classif at 0x7e3bb6fd3420>), 'select__k': 7, 'transform': None}",,,,,,451,,,,,,451,,,,,,451
0.0003859996795654297,1.887676998408675e-05,0.0,0.0,SMOTE(random_state=42),0.1,100,2,l2,42,lbfgs,0.0001,SimpleImputer(strategy='median'),SelectKBest(score_func=<function mutual_info_classif at 0x7e3bb6fd3420>),5,,"{'balance': SMOTE(random_state=42), 'classify__C': 0.1, 'classify__max_iter': 100, 'classify__n_jobs': 2, 'classify__penalty': 'l2', 'classify__random_state': 42, 'classify__solver': 'lbfgs', 'classify__tol': 0.0001, 'impute': SimpleImputer(strategy='median'), 'select': SelectKBest(score_func=<function mutual_info_classif at 0x7e3bb6fd3420>), 'select__k': 5, 'transform': None}",,,,,,451,,,,,,451,,,,,,451
0.0003253618876139323,2.9156901562760897e-06,0.0,0.0,SMOTE(random_state=42),0.1,100,2,l2,42,lbfgs,0.0001,,SelectKBest(score_func=<function mutual_info_classif at 0x7e3bb6fd3420>),9,,"{'balance': SMOTE(random_state=42), 'classify__C': 0.1, 'classify__max_iter': 100, 'classify__n_jobs': 2, 'classify__penalty': 'l2', 'classify__random_state': 42, 'classify__solver': 'lbfgs', 'classify__tol': 0.0001, 'impute': None, 'select': SelectKBest(score_func=<function mutual_info_classif at 0x7e3bb6fd3420>), 'select__k': 9, 'transform': None}",,,,,,451,,,,,,451,,,,,,451
0.00037360191345214844,4.8866309816860497e-05,0.0,0.0,SMOTE(random_state=42),0.1,100,2,l2,42,lbfgs,0.0001,,SelectKBest(score_func=<function mutual_info_classif at 0x7e3bb6fd3420>),7,,"{'balance': SMOTE(random_state=42), 'classify__C': 0.1, 'classify__max_iter': 100, 'classify__n_jobs': 2, 'classify__penalty': 'l2', 'classify__random_state': 42, 'classify__solver': 'lbfgs', 'classify__tol': 0.0001, 'impute': None, 'select': SelectKBest(score_func=<function mutual_info_classif at 0x7e3bb6fd3420>), 'select__k': 7, 'transform': None}",,,,,,451,,,,,,451,,,,,,451
0.0003325939178466797,1.033941599273832e-05,0.0,0.0,SMOTE(random_state=42),0.1,100,2,l2,42,lbfgs,0.0001,,SelectKBest(score_func=<function mutual_info_classif at 0x7e3bb6fd3420>),5,,"{'balance': SMOTE(random_state=42), 'classify__C': 0.1, 'classify__max_iter': 100, 'classify__n_jobs': 2, 'classify__penalty': 'l2', 'classify__random_state': 42, 'classify__solver': 'lbfgs', 'classify__tol': 0.0001, 'impute': None, 'select': SelectKBest(score_func=<function mutual_info_classif at 0x7e3bb6fd3420>), 'select__k': 5, 'transform': None}",,,,,,451,,,,,,451,,,,,,451
0.000463406244913737,1.899816954404858e-05,0.0,0.0,SMOTE(random_state=42),0.1,100,2,l2,42,lbfgs,1e-06,SimpleImputer(strategy='median'),SelectKBest(score_func=<function mutual_info_classif at 0x7e3bb6fd3420>),9,,"{'balance': SMOTE(random_state=42), 'classify__C': 0.1, 'classify__max_iter': 100, 'classify__n_jobs': 2, 'classify__penalty': 'l2', 'classify__random_state': 42, 'classify__solver': 'lbfgs', 'classify__tol': 1e-06, 'impute': SimpleImputer(strategy='median'), 'select': SelectKBest(score_func=<function mutual_info_classif at 0x7e3bb6fd3420>), 'select__k': 9, 'transform': None}",,,,,,451,,,,,,451,,,,,,451
0.00037550926208496094,1.2644429186371602e-05,0.0,0.0,SMOTE(random_state=42),0.1,100,2,l2,42,lbfgs,1e-06,SimpleImputer(strategy='median'),SelectKBest(score_func=<function mutual_info_classif at 0x7e3bb6fd3420>),7,,"{'balance': SMOTE(random_state=42), 'classify__C': 0.1, 'classify__max_iter': 100, 'classify__n_jobs': 2, 'classify__penalty': 'l2', 'classify__random_state': 42, 'classify__solver': 'lbfgs', 'classify__tol': 1e-06, 'impute': SimpleImputer(strategy='median'), 'select': SelectKBest(score_func=<function mutual_info_classif at 0x7e3bb6fd3420>), 'select__k': 7, 'transform': None}",,,,,,451,,,,,,451,,,,,,451
0.0003742376963297526,3.4895735422929366e-06,0.0,0.0,SMOTE(random_state=42),0.1,100,2,l2,42,lbfgs,1e-06,SimpleImputer(strategy='median'),SelectKBest(score_func=<function mutual_info_classif at 0x7e3bb6fd3420>),5,,"{'balance': SMOTE(random_state=42), 'classify__C': 0.1, 'classify__max_iter': 100, 'classify__n_jobs': 2, 'classify__penalty': 'l2', 'classify__random_state': 42, 'classify__solver': 'lbfgs', 'classify__tol': 1e-06, 'impute': SimpleImputer(strategy='median'), 'select': SelectKBest(score_func=<function mutual_info_classif at 0x7e3bb6fd3420>), 'select__k': 5, 'transform': None}",,,,,,451,,,,,,451,,,,,,451
0.0003246466318766276,1.0059518748086123e-05,0.0,0.0,SMOTE(random_state=42),0.1,100,2,l2,42,lbfgs,1e-06,,SelectKBest(score_func=<function mutual_info_classif at 0x7e3bb6fd3420>),9,,"{'balance': SMOTE(random_state=42), 'classify__C': 0.1, 'classify__max_iter': 100, 'classify__n_jobs': 2, 'classify__penalty': 'l2', 'classify__random_state': 42, 'classify__solver': 'lbfgs', 'classify__tol': 1e-06, 'impute': None, 'select': SelectKBest(score_func=<function mutual_info_classif at 0x7e3bb6fd3420>), 'select__k': 9, 'transform': None}",,,,,,451,,,,,,451,,,,,,451
0.0006773471832275391,2.115441535199814e-05,0.0,0.0,SMOTE(random_state=42),0.1,500,2,l2,42,lbfgs,1e-08,SimpleImputer(strategy='median'),SelectKBest(score_func=<function mutual_info_classif at 0x7e3bb6fd3420>),5,,"{'balance': SMOTE(random_state=42), 'classify__C': 0.1, 'classify__max_iter': 500, 'classify__n_jobs': 2, 'classify__penalty': 'l2', 'classify__random_state': 42, 'classify__solver': 'lbfgs', 'classify__tol': 1e-08, 'impute': SimpleImputer(strategy='median'), 'select': SelectKBest(score_func=<function mutual_info_classif at 0x7e3bb6fd3420>), 'select__k': 5, 'transform': None}",,,,,,451,,,,,,451,,,,,,451
0.0006075700124104818,0.00019869432412038165,0.0,0.0,SMOTE(random_state=42),0.1,500,2,l2,42,lbfgs,1e-08,,SelectKBest(score_func=<function mutual_info_classif at 0x7e3bb6fd3420>),9,,"{'balance': SMOTE(random_state=42), 'classify__C': 0.1, 'classify__max_iter': 500, 'classify__n_jobs': 2, 'classify__penalty': 'l2', 'classify__random_state': 42, 'classify__solver': 'lbfgs', 'classify__tol': 1e-08, 'impute': None, 'select': SelectKBest(score_func=<function mutual_info_classif at 0x7e3bb6fd3420>), 'select__k': 9, 'transform': None}",,,,,,451,,,,,,451,,,,,,451
0.00032965342203776043,9.381164334313134e-06,0.0,0.0,SMOTE(random_state=42),0.1,500,2,l2,42,lbfgs,1e-08,,SelectKBest(score_func=<function mutual_info_classif at 0x7e3bb6fd3420>),7,,"{'balance': SMOTE(random_state=42), 'classify__C': 0.1, 'classify__max_iter': 500, 'classify__n_jobs': 2, 'classify__penalty': 'l2', 'classify__random_state': 42, 'classify__solver': 'lbfgs', 'classify__tol': 1e-08, 'impute': None, 'select': SelectKBest(score_func=<function mutual_info_classif at 0x7e3bb6fd3420>), 'select__k': 7, 'transform': None}",,,,,,451,,,,,,451,,,,,,451
0.00033672650655110675,5.0551236132905485e-06,0.0,0.0,SMOTE(random_state=42),0.1,500,2,l2,42,lbfgs,1e-08,,SelectKBest(score_func=<function mutual_info_classif at 0x7e3bb6fd3420>),5,,"{'balance': SMOTE(random_state=42), 'classify__C': 0.1, 'classify__max_iter': 500, 'classify__n_jobs': 2, 'classify__penalty': 'l2', 'classify__random_state': 42, 'classify__solver': 'lbfgs', 'classify__tol': 1e-08, 'impute': None, 'select': SelectKBest(score_func=<function mutual_info_classif at 0x7e3bb6fd3420>), 'select__k': 5, 'transform': None}",,,,,,451,,,,,,451,,,,,,451
0.00037280718485514325,1.3744899437668138e-05,0.0,0.0,SMOTE(random_state=42),0.1,200,2,l2,42,lbfgs,0.0001,SimpleImputer(strategy='median'),SelectKBest(score_func=<function mutual_info_classif at 0x7e3bb6fd3420>),9,,"{'balance': SMOTE(random_state=42), 'classify__C': 0.1, 'classify__max_iter': 200, 'classify__n_jobs': 2, 'classify__penalty': 'l2', 'classify__random_state': 42, 'classify__solver': 'lbfgs', 'classify__tol': 0.0001, 'impute': SimpleImputer(strategy='median'), 'select': SelectKBest(score_func=<function mutual_info_classif at 0x7e3bb6fd3420>), 'select__k': 9, 'transform': None}",,,,,,451,,,,,,451,,,,,,451
0.0004185040791829427,1.2010134609029776e-05,0.0,0.0,SMOTE(random_state=42),0.1,200,2,l2,42,lbfgs,0.0001,SimpleImputer(strategy='median'),SelectKBest(score_func=<function mutual_info_classif at 0x7e3bb6fd3420>),7,,"{'balance': SMOTE(random_state=42), 'classify__C': 0.1, 'classify__max_iter': 200, 'classify__n_jobs': 2, 'classify__penalty': 'l2', 'classify__random_state': 42, 'classify__solver': 'lbfgs', 'classify__tol': 0.0001, 'impute': SimpleImputer(strategy='median'), 'select': SelectKBest(score_func=<function mutual_info_classif at 0x7e3bb6fd3420>), 'select__k': 7, 'transform': None}",,,,,,451,,,,,,451,,,,,,451
0.0004240671793619792,7.1375300468819e-06,0.0,0.0,SMOTE(random_state=42),0.1,200,2,l2,42,lbfgs,0.0001,SimpleImputer(strategy='median'),SelectKBest(score_func=<function mutual_info_classif at 0x7e3bb6fd3420>),5,,"{'balance': SMOTE(random_state=42), 'classify__C': 0.1, 'classify__max_iter': 200, 'classify__n_jobs': 2, 'classify__penalty': 'l2', 'classify__random_state': 42, 'classify__solver': 'lbfgs', 'classify__tol': 0.0001, 'impute': SimpleImputer(strategy='median'), 'select': SelectKBest(score_func=<function mutual_info_classif at 0x7e3bb6fd3420>), 'select__k': 5, 'transform': None}",,,,,,451,,,,,,451,,,,,,451
0.000341335932413737,4.376061724960392e-06,0.0,0.0,SMOTE(random_state=42),0.1,200,2,l2,42,lbfgs,0.0001,,SelectKBest(score_func=<function mutual_info_classif at 0x7e3bb6fd3420>),9,,"{'balance': SMOTE(random_state=42), 'classify__C': 0.1, 'classify__max_iter': 200, 'classify__n_jobs': 2, 'classify__penalty': 'l2', 'classify__random_state': 42, 'classify__solver': 'lbfgs', 'classify__tol': 0.0001, 'impute': None, 'select': SelectKBest(score_func=<function mutual_info_classif at 0x7e3bb6fd3420>), 'select__k': 9, 'transform': None}",,,,,,451,,,,,,451,,,,,,451
0.00033473968505859375,8.275105553464967e-06,0.0,0.0,SMOTE(random_state=42),0.1,200,2,l2,42,lbfgs,0.0001,,SelectKBest(score_func=<function mutual_info_classif at 0x7e3bb6fd3420>),7,,"{'balance': SMOTE(random_state=42), 'classify__C': 0.1, 'classify__max_iter': 200, 'classify__n_jobs': 2, 'classify__penalty': 'l2', 'classify__random_state': 42, 'classify__solver': 'lbfgs', 'classify__tol': 0.0001, 'impute': None, 'select': SelectKBest(score_func=<function mutual_info_classif at 0x7e3bb6fd3420>), 'select__k': 7, 'transform': None}",,,,,,451,,,,,,451,,,,,,451
0.0003317991892496745,1.4968349722250253e-05,0.0,0.0,SMOTE(random_state=42),0.1,200,2,l2,42,lbfgs,0.0001,,SelectKBest(score_func=<function mutual_info_classif at 0x7e3bb6fd3420>),5,,"{'balance': SMOTE(random_state=42), 'classify__C': 0.1, 'classify__max_iter': 200, 'classify__n_jobs': 2, 'classify__penalty': 'l2', 'classify__random_state': 42, 'classify__solver': 'lbfgs', 'classify__tol': 0.0001, 'impute': None, 'select': SelectKBest(score_func=<function mutual_info_classif at 0x7e3bb6fd3420>), 'select__k': 5, 'transform': None}",,,,,,451,,,,,,451,,,,,,451
0.00040459632873535156,2.7251427845347293e-05,0.0,0.0,SMOTE(random_state=42),0.1,200,2,l2,42,lbfgs,1e-06,SimpleImputer(strategy='median'),SelectKBest(score_func=<function mutual_info_classif at 0x7e3bb6fd3420>),9,,"{'balance': SMOTE(random_state=42), 'classify__C': 0.1, 'classify__max_iter': 200, 'classify__n_jobs': 2, 'classify__penalty': 'l2', 'classify__random_state': 42, 'classify__solver': 'lbfgs', 'classify__tol': 1e-06, 'impute': SimpleImputer(strategy='median'), 'select': SelectKBest(score_func=<function mutual_info_classif at 0x7e3bb6fd3420>), 'select__k': 9, 'transform': None}",,,,,,451,,,,,,451,,,,,,451
0.0003790855407714844,7.988504964910547e-06,0.0,0.0,SMOTE(random_state=42),0.1,200,2,l2,42,lbfgs,1e-06,SimpleImputer(strategy='median'),SelectKBest(score_func=<function mutual_info_classif at 0x7e3bb6fd3420>),7,,"{'balance': SMOTE(random_state=42), 'classify__C': 0.1, 'classify__max_iter': 200, 'classify__n_jobs': 2, 'classify__penalty': 'l2', 'classify__random_state': 42, 'classify__solver': 'lbfgs', 'classify__tol': 1e-06, 'impute': SimpleImputer(strategy='median'), 'select': SelectKBest(score_func=<function mutual_info_classif at 0x7e3bb6fd3420>), 'select__k': 7, 'transform': None}",,,,,,451,,,,,,451,,,,,,451
0.00036374727884928387,5.788985523056766e-06,0.0,0.0,SMOTE(random_state=42),0.1,200,2,l2,42,lbfgs,1e-06,SimpleImputer(strategy='median'),SelectKBest(score_func=<function mutual_info_classif at 0x7e3bb6fd3420>),5,,"{'balance': SMOTE(random_state=42), 'classify__C': 0.1, 'classify__max_iter': 200, 'classify__n_jobs': 2, 'classify__penalty': 'l2', 'classify__random_state': 42, 'classify__solver': 'lbfgs', 'classify__tol': 1e-06, 'impute': SimpleImputer(strategy='median'), 'select': SelectKBest(score_func=<function mutual_info_classif at 0x7e3bb6fd3420>), 'select__k': 5, 'transform': None}",,,,,,451,,,,,,451,,,,,,451
0.0003341833750406901,9.624422528204026e-06,0.0,0.0,SMOTE(random_state=42),0.1,200,2,l2,42,lbfgs,1e-06,,SelectKBest(score_func=<function mutual_info_classif at 0x7e3bb6fd3420>),9,,"{'balance': SMOTE(random_state=42), 'classify__C': 0.1, 'classify__max_iter': 200, 'classify__n_jobs': 2, 'classify__penalty': 'l2', 'classify__random_state': 42, 'classify__solver': 'lbfgs', 'classify__tol': 1e-06, 'impute': None, 'select': SelectKBest(score_func=<function mutual_info_classif at 0x7e3bb6fd3420>), 'select__k': 9, 'transform': None}",,,,,,451,,,,,,451,,,,,,451
0.00034197171529134113,1.988410314432272e-06,0.0,0.0,SMOTE(random_state=42),0.1,200,2,l2,42,lbfgs,1e-06,,SelectKBest(score_func=<function mutual_info_classif at 0x7e3bb6fd3420>),7,,"{'balance': SMOTE(random_state=42), 'classify__C': 0.1, 'classify__max_iter': 200, 'classify__n_jobs': 2, 'classify__penalty': 'l2', 'classify__random_state': 42, 'classify__solver': 'lbfgs', 'classify__tol': 1e-06, 'impute': None, 'select': SelectKBest(score_func=<function mutual_info_classif at 0x7e3bb6fd3420>), 'select__k': 7, 'transform': None}",,,,,,451,,,,,,451,,,,,,451
0.00035635630289713543,3.3110342916079884e-05,0.0,0.0,SMOTE(random_state=42),0.1,200,2,l2,42,lbfgs,1e-06,,SelectKBest(score_func=<function mutual_info_classif at 0x7e3bb6fd3420>),5,,"{'balance': SMOTE(random_state=42), 'classify__C': 0.1, 'classify__max_iter': 200, 'classify__n_jobs': 2, 'classify__penalty': 'l2', 'classify__random_state': 42, 'classify__solver': 'lbfgs', 'classify__tol': 1e-06, 'impute': None, 'select': SelectKBest(score_func=<function mutual_info_classif at 0x7e3bb6fd3420>), 'select__k': 5, 'transform': None}",,,,,,451,,,,,,451,,,,,,451
0.0003234545389811198,9.089833182292123e-06,0.0,0.0,SMOTE(random_state=42),0.1,1000,2,l2,42,lbfgs,1e-08,,SelectKBest(score_func=<function mutual_info_classif at 0x7e3bb6fd3420>),7,,"{'balance': SMOTE(random_state=42), 'classify__C': 0.1, 'classify__max_iter': 1000, 'classify__n_jobs': 2, 'classify__penalty': 'l2', 'classify__random_state': 42, 'classify__solver': 'lbfgs', 'classify__tol': 1e-08, 'impute': None, 'select': SelectKBest(score_func=<function mutual_info_classif at 0x7e3bb6fd3420>), 'select__k': 7, 'transform': None}",,,,,,451,,,,,,451,,,,,,451
0.0003387928009033203,2.880822652243274e-06,0.0,0.0,SMOTE(random_state=42),0.1,1000,2,l2,42,lbfgs,1e-08,,SelectKBest(score_func=<function mutual_info_classif at 0x7e3bb6fd3420>),5,,"{'balance': SMOTE(random_state=42), 'classify__C': 0.1, 'classify__max_iter': 1000, 'classify__n_jobs': 2, 'classify__penalty': 'l2', 'classify__random_state': 42, 'classify__solver': 'lbfgs', 'classify__tol': 1e-08, 'impute': None, 'select': SelectKBest(score_func=<function mutual_info_classif at 0x7e3bb6fd3420>), 'select__k': 5, 'transform': None}",,,,,,451,,,,,,451,,,,,,451
0.00036462148030598957,1.3031610484294657e-05,0.0,0.0,SMOTE(random_state=42),0.1,500,2,l2,42,lbfgs,0.0001,SimpleImputer(strategy='median'),SelectKBest(score_func=<function mutual_info_classif at 0x7e3bb6fd3420>),9,,"{'balance': SMOTE(random_state=42), 'classify__C': 0.1, 'classify__max_iter': 500, 'classify__n_jobs': 2, 'classify__penalty': 'l2', 'classify__random_state': 42, 'classify__solver': 'lbfgs', 'classify__tol': 0.0001, 'impute': SimpleImputer(strategy='median'), 'select': SelectKBest(score_func=<function mutual_info_classif at 0x7e3bb6fd3420>), 'select__k': 9, 'transform': None}",,,,,,451,,,,,,451,,,,,,451
0.00036708513895670575,6.8059584509552765e-06,0.0,0.0,SMOTE(random_state=42),0.1,500,2,l2,42,lbfgs,0.0001,SimpleImputer(strategy='median'),SelectKBest(score_func=<function mutual_info_classif at 0x7e3bb6fd3420>),7,,"{'balance': SMOTE(random_state=42), 'classify__C': 0.1, 'classify__max_iter': 500, 'classify__n_jobs': 2, 'classify__penalty': 'l2', 'classify__random_state': 42, 'classify__solver': 'lbfgs', 'classify__tol': 0.0001, 'impute': SimpleImputer(strategy='median'), 'select': SelectKBest(score_func=<function mutual_info_classif at 0x7e3bb6fd3420>), 'select__k': 7, 'transform': None}",,,,,,451,,,,,,451,,,,,,451
0.0003902912139892578,1.4117118208968603e-05,0.0,0.0,SMOTE(random_state=42),0.1,500,2,l2,42,lbfgs,0.0001,SimpleImputer(strategy='median'),SelectKBest(score_func=<function mutual_info_classif at 0x7e3bb6fd3420>),5,,"{'balance': SMOTE(random_state=42), 'classify__C': 0.1, 'classify__max_iter': 500, 'classify__n_jobs': 2, 'classify__penalty': 'l2', 'classify__random_state': 42, 'classify__solver': 'lbfgs', 'classify__tol': 0.0001, 'impute': SimpleImputer(strategy='median'), 'select': SelectKBest(score_func=<function mutual_info_classif at 0x7e3bb6fd3420>), 'select__k': 5, 'transform': None}",,,,,,451,,,,,,451,,,,,,451
0.00032965342203776043,1.3105554091897296e-05,0.0,0.0,SMOTE(random_state=42),0.1,500,2,l2,42,lbfgs,0.0001,,SelectKBest(score_func=<function mutual_info_classif at 0x7e3bb6fd3420>),9,,"{'balance': SMOTE(random_state=42), 'classify__C': 0.1, 'classify__max_iter': 500, 'classify__n_jobs': 2, 'classify__penalty': 'l2', 'classify__random_state': 42, 'classify__solver': 'lbfgs', 'classify__tol': 0.0001, 'impute': None, 'select': SelectKBest(score_func=<function mutual_info_classif at 0x7e3bb6fd3420>), 'select__k': 9, 'transform': None}",,,,,,451,,,,,,451,,,,,,451
0.0003279844919840495,7.838457747102072e-06,0.0,0.0,SMOTE(random_state=42),0.1,500,2,l2,42,lbfgs,0.0001,,SelectKBest(score_func=<function mutual_info_classif at 0x7e3bb6fd3420>),7,,"{'balance': SMOTE(random_state=42), 'classify__C': 0.1, 'classify__max_iter': 500, 'classify__n_jobs': 2, 'classify__penalty': 'l2', 'classify__random_state': 42, 'classify__solver': 'lbfgs', 'classify__tol': 0.0001, 'impute': None, 'select': SelectKBest(score_func=<function mutual_info_classif at 0x7e3bb6fd3420>), 'select__k': 7, 'transform': None}",,,,,,451,,,,,,451,,,,,,451
0.00044075647989908856,8.680888529327369e-05,0.0,0.0,SMOTE(random_state=42),0.1,500,2,l2,42,lbfgs,0.0001,,SelectKBest(score_func=<function mutual_info_classif at 0x7e3bb6fd3420>),5,,"{'balance': SMOTE(random_state=42), 'classify__C': 0.1, 'classify__max_iter': 500, 'classify__n_jobs': 2, 'classify__penalty': 'l2', 'classify__random_state': 42, 'classify__solver': 'lbfgs', 'classify__tol': 0.0001, 'impute': None, 'select': SelectKBest(score_func=<function mutual_info_classif at 0x7e3bb6fd3420>), 'select__k': 5, 'transform': None}",,,,,,451,,,,,,451,,,,,,451
0.0006614526112874349,3.2663828744892274e-05,0.0,0.0,SMOTE(random_state=42),0.1,500,2,l2,42,lbfgs,1e-06,SimpleImputer(strategy='median'),SelectKBest(score_func=<function mutual_info_classif at 0x7e3bb6fd3420>),9,,"{'balance': SMOTE(random_state=42), 'classify__C': 0.1, 'classify__max_iter': 500, 'classify__n_jobs': 2, 'classify__penalty': 'l2', 'classify__random_state': 42, 'classify__solver': 'lbfgs', 'classify__tol': 1e-06, 'impute': SimpleImputer(strategy='median'), 'select': SelectKBest(score_func=<function mutual_info_classif at 0x7e3bb6fd3420>), 'select__k': 9, 'transform': None}",,,,,,451,,,,,,451,,,,,,451
0.0006177425384521484,7.725644944200348e-06,0.0,0.0,SMOTE(random_state=42),0.1,500,2,l2,42,lbfgs,1e-06,SimpleImputer(strategy='median'),SelectKBest(score_func=<function mutual_info_classif at 0x7e3bb6fd3420>),7,,"{'balance': SMOTE(random_state=42), 'classify__C': 0.1, 'classify__max_iter': 500, 'classify__n_jobs': 2, 'classify__penalty': 'l2', 'classify__random_state': 42, 'classify__solver': 'lbfgs', 'classify__tol': 1e-06, 'impute': SimpleImputer(strategy='median'), 'select': SelectKBest(score_func=<function mutual_info_classif at 0x7e3bb6fd3420>), 'select__k': 7, 'transform': None}",,,,,,451,,,,,,451,,,,,,451
0.0006211598714192709,5.0663558484742565e-06,0.0,0.0,SMOTE(random_state=42),0.1,500,2,l2,42,lbfgs,1e-06,SimpleImputer(strategy='median'),SelectKBest(score_func=<function mutual_info_classif at 0x7e3bb6fd3420>),5,,"{'balance': SMOTE(random_state=42), 'classify__C': 0.1, 'classify__max_iter': 500, 'classify__n_jobs': 2, 'classify__penalty': 'l2', 'classify__random_state': 42, 'classify__solver': 'lbfgs', 'classify__tol': 1e-06, 'impute': SimpleImputer(strategy='median'), 'select': SelectKBest(score_func=<function mutual_info_classif at 0x7e3bb6fd3420>), 'select__k': 5, 'transform': None}",,,,,,451,,,,,,451,,,,,,451
0.0006047884623209635,1.842502454021713e-05,0.0,0.0,SMOTE(random_state=42),0.1,500,2,l2,42,lbfgs,1e-06,,SelectKBest(score_func=<function mutual_info_classif at 0x7e3bb6fd3420>),9,,"{'balance': SMOTE(random_state=42), 'classify__C': 0.1, 'classify__max_iter': 500, 'classify__n_jobs': 2, 'classify__penalty': 'l2', 'classify__random_state': 42, 'classify__solver': 'lbfgs', 'classify__tol': 1e-06, 'impute': None, 'select': SelectKBest(score_func=<function mutual_info_classif at 0x7e3bb6fd3420>), 'select__k': 9, 'transform': None}",,,,,,451,,,,,,451,,,,,,451
0.0005695025126139323,6.107529340375535e-06,0.0,0.0,SMOTE(random_state=42),0.1,500,2,l2,42,lbfgs,1e-06,,SelectKBest(score_func=<function mutual_info_classif at 0x7e3bb6fd3420>),7,,"{'balance': SMOTE(random_state=42), 'classify__C': 0.1, 'classify__max_iter': 500, 'classify__n_jobs': 2, 'classify__penalty': 'l2', 'classify__random_state': 42, 'classify__solver': 'lbfgs', 'classify__tol': 1e-06, 'impute': None, 'select': SelectKBest(score_func=<function mutual_info_classif at 0x7e3bb6fd3420>), 'select__k': 7, 'transform': None}",,,,,,451,,,,,,451,,,,,,451
0.0005663235982259115,1.9474904942262723e-05,0.0,0.0,SMOTE(random_state=42),0.1,500,2,l2,42,lbfgs,1e-06,,SelectKBest(score_func=<function mutual_info_classif at 0x7e3bb6fd3420>),5,,"{'balance': SMOTE(random_state=42), 'classify__C': 0.1, 'classify__max_iter': 500, 'classify__n_jobs': 2, 'classify__penalty': 'l2', 'classify__random_state': 42, 'classify__solver': 'lbfgs', 'classify__tol': 1e-06, 'impute': None, 'select': SelectKBest(score_func=<function mutual_info_classif at 0x7e3bb6fd3420>), 'select__k': 5, 'transform': None}",,,,,,451,,,,,,451,,,,,,451
0.0007954438527425131,6.600057122195891e-05,0.0,0.0,SMOTE(random_state=42),0.1,500,2,l2,42,lbfgs,1e-08,SimpleImputer(strategy='median'),SelectKBest(score_func=<function mutual_info_classif at 0x7e3bb6fd3420>),9,,"{'balance': SMOTE(random_state=42), 'classify__C': 0.1, 'classify__max_iter': 500, 'classify__n_jobs': 2, 'classify__penalty': 'l2', 'classify__random_state': 42, 'classify__solver': 'lbfgs', 'classify__tol': 1e-08, 'impute': SimpleImputer(strategy='median'), 'select': SelectKBest(score_func=<function mutual_info_classif at 0x7e3bb6fd3420>), 'select__k': 9, 'transform': None}",,,,,,451,,,,,,451,,,,,,451
0.0006333192189534506,7.615308208397224e-06,0.0,0.0,SMOTE(random_state=42),0.1,500,2,l2,42,lbfgs,1e-08,SimpleImputer(strategy='median'),SelectKBest(score_func=<function mutual_info_classif at 0x7e3bb6fd3420>),7,,"{'balance': SMOTE(random_state=42), 'classify__C': 0.1, 'classify__max_iter': 500, 'classify__n_jobs': 2, 'classify__penalty': 'l2', 'classify__random_state': 42, 'classify__solver': 'lbfgs', 'classify__tol': 1e-08, 'impute': SimpleImputer(strategy='median'), 'select': SelectKBest(score_func=<function mutual_info_classif at 0x7e3bb6fd3420>), 'select__k': 7, 'transform': None}",,,,,,451,,,,,,451,,,,,,451
0.00037542978922526043,6.07642645950803e-06,0.0,0.0,SMOTE(random_state=42),0.1,1000,2,l2,42,lbfgs,0.0001,SimpleImputer(strategy='median'),SelectKBest(score_func=<function mutual_info_classif at 0x7e3bb6fd3420>),9,,"{'balance': SMOTE(random_state=42), 'classify__C': 0.1, 'classify__max_iter': 1000, 'classify__n_jobs': 2, 'classify__penalty': 'l2', 'classify__random_state': 42, 'classify__solver': 'lbfgs', 'classify__tol': 0.0001, 'impute': SimpleImputer(strategy='median'), 'select': SelectKBest(score_func=<function mutual_info_classif at 0x7e3bb6fd3420>), 'select__k': 9, 'transform': None}",,,,,,451,,,,,,451,,,,,,451
0.000368197758992513,4.380389461364959e-06,0.0,0.0,SMOTE(random_state=42),0.1,1000,2,l2,42,lbfgs,0.0001,SimpleImputer(strategy='median'),SelectKBest(score_func=<function mutual_info_classif at 0x7e3bb6fd3420>),7,,"{'balance': SMOTE(random_state=42), 'classify__C': 0.1, 'classify__max_iter': 1000, 'classify__n_jobs': 2, 'classify__penalty': 'l2', 'classify__random_state': 42, 'classify__solver': 'lbfgs', 'classify__tol': 0.0001, 'impute': SimpleImputer(strategy='median'), 'select': SelectKBest(score_func=<function mutual_info_classif at 0x7e3bb6fd3420>), 'select__k': 7, 'transform': None}",,,,,,451,,,,,,451,,,,,,451
0.00036525726318359375,1.943464871109798e-05,0.0,0.0,SMOTE(random_state=42),0.1,1000,2,l2,42,lbfgs,0.0001,SimpleImputer(strategy='median'),SelectKBest(score_func=<function mutual_info_classif at 0x7e3bb6fd3420>),5,,"{'balance': SMOTE(random_state=42), 'classify__C': 0.1, 'classify__max_iter': 1000, 'classify__n_jobs': 2, 'classify__penalty': 'l2', 'classify__random_state': 42, 'classify__solver': 'lbfgs', 'classify__tol': 0.0001, 'impute': SimpleImputer(strategy='median'), 'select': SelectKBest(score_func=<function mutual_info_classif at 0x7e3bb6fd3420>), 'select__k': 5, 'transform': None}",,,,,,451,,,,,,451,,,,,,451
0.0003743171691894531,3.89447827320179e-05,0.0,0.0,SMOTE(random_state=42),0.1,1000,2,l2,42,lbfgs,0.0001,,SelectKBest(score_func=<function mutual_info_classif at 0x7e3bb6fd3420>),9,,"{'balance': SMOTE(random_state=42), 'classify__C': 0.1, 'classify__max_iter': 1000, 'classify__n_jobs': 2, 'classify__penalty': 'l2', 'classify__random_state': 42, 'classify__solver': 'lbfgs', 'classify__tol': 0.0001, 'impute': None, 'select': SelectKBest(score_func=<function mutual_info_classif at 0x7e3bb6fd3420>), 'select__k': 9, 'transform': None}",,,,,,451,,,,,,451,,,,,,451
0.00035039583841959637,2.5363922230698256e-05,0.0,0.0,SMOTE(random_state=42),0.1,1000,2,l2,42,lbfgs,0.0001,,SelectKBest(score_func=<function mutual_info_classif at 0x7e3bb6fd3420>),7,,"{'balance': SMOTE(random_state=42), 'classify__C': 0.1, 'classify__max_iter': 1000, 'classify__n_jobs': 2, 'classify__penalty': 'l2', 'classify__random_state': 42, 'classify__solver': 'lbfgs', 'classify__tol': 0.0001, 'impute': None, 'select': SelectKBest(score_func=<function mutual_info_classif at 0x7e3bb6fd3420>), 'select__k': 7, 'transform': None}",,,,,,451,,,,,,451,,,,,,451
0.0003235340118408203,7.327897585063306e-06,0.0,0.0,SMOTE(random_state=42),0.1,1000,2,l2,42,lbfgs,0.0001,,SelectKBest(score_func=<function mutual_info_classif at 0x7e3bb6fd3420>),5,,"{'balance': SMOTE(random_state=42), 'classify__C': 0.1, 'classify__max_iter': 1000, 'classify__n_jobs': 2, 'classify__penalty': 'l2', 'classify__random_state': 42, 'classify__solver': 'lbfgs', 'classify__tol': 0.0001, 'impute': None, 'select': SelectKBest(score_func=<function mutual_info_classif at 0x7e3bb6fd3420>), 'select__k': 5, 'transform': None}",,,,,,451,,,,,,451,,,,,,451
0.00035889943440755207,6.521618601140545e-06,0.0,0.0,SMOTE(random_state=42),0.1,1000,2,l2,42,lbfgs,1e-06,SimpleImputer(strategy='median'),SelectKBest(score_func=<function mutual_info_classif at 0x7e3bb6fd3420>),9,,"{'balance': SMOTE(random_state=42), 'classify__C': 0.1, 'classify__max_iter': 1000, 'classify__n_jobs': 2, 'classify__penalty': 'l2', 'classify__random_state': 42, 'classify__solver': 'lbfgs', 'classify__tol': 1e-06, 'impute': SimpleImputer(strategy='median'), 'select': SelectKBest(score_func=<function mutual_info_classif at 0x7e3bb6fd3420>), 'select__k': 9, 'transform': None}",,,,,,451,,,,,,451,,,,,,451
0.00035858154296875,1.239318029247954e-05,0.0,0.0,SMOTE(random_state=42),0.1,1000,2,l2,42,lbfgs,1e-06,SimpleImputer(strategy='median'),SelectKBest(score_func=<function mutual_info_classif at 0x7e3bb6fd3420>),7,,"{'balance': SMOTE(random_state=42), 'classify__C': 0.1, 'classify__max_iter': 1000, 'classify__n_jobs': 2, 'classify__penalty': 'l2', 'classify__random_state': 42, 'classify__solver': 'lbfgs', 'classify__tol': 1e-06, 'impute': SimpleImputer(strategy='median'), 'select': SelectKBest(score_func=<function mutual_info_classif at 0x7e3bb6fd3420>), 'select__k': 7, 'transform': None}",,,,,,451,,,,,,451,,,,,,451
0.00038774808247884113,8.758615856422457e-06,0.0,0.0,SMOTE(random_state=42),0.1,1000,2,l2,42,lbfgs,1e-06,SimpleImputer(strategy='median'),SelectKBest(score_func=<function mutual_info_classif at 0x7e3bb6fd3420>),5,,"{'balance': SMOTE(random_state=42), 'classify__C': 0.1, 'classify__max_iter': 1000, 'classify__n_jobs': 2, 'classify__penalty': 'l2', 'classify__random_state': 42, 'classify__solver': 'lbfgs', 'classify__tol': 1e-06, 'impute': SimpleImputer(strategy='median'), 'select': SelectKBest(score_func=<function mutual_info_classif at 0x7e3bb6fd3420>), 'select__k': 5, 'transform': None}",,,,,,451,,,,,,451,,,,,,451
0.00037089983622233075,2.3775272638241876e-05,0.0,0.0,SMOTE(random_state=42),0.1,1000,2,l2,42,lbfgs,1e-06,,SelectKBest(score_func=<function mutual_info_classif at 0x7e3bb6fd3420>),9,,"{'balance': SMOTE(random_state=42), 'classify__C': 0.1, 'classify__max_iter': 1000, 'classify__n_jobs': 2, 'classify__penalty': 'l2', 'classify__random_state': 42, 'classify__solver': 'lbfgs', 'classify__tol': 1e-06, 'impute': None, 'select': SelectKBest(score_func=<function mutual_info_classif at 0x7e3bb6fd3420>), 'select__k': 9, 'transform': None}",,,,,,451,,,,,,451,,,,,,451
0.0003333091735839844,6.435829747844648e-06,0.0,0.0,SMOTE(random_state=42),0.1,1000,2,l2,42,lbfgs,1e-06,,SelectKBest(score_func=<function mutual_info_classif at 0x7e3bb6fd3420>),7,,"{'balance': SMOTE(random_state=42), 'classify__C': 0.1, 'classify__max_iter': 1000, 'classify__n_jobs': 2, 'classify__penalty': 'l2', 'classify__random_state': 42, 'classify__solver': 'lbfgs', 'classify__tol': 1e-06, 'impute': None, 'select': SelectKBest(score_func=<function mutual_info_classif at 0x7e3bb6fd3420>), 'select__k': 7, 'transform': None}",,,,,,451,,,,,,451,,,,,,451
0.00033434232076009113,1.4458382718282705e-05,0.0,0.0,SMOTE(random_state=42),0.1,1000,2,l2,42,lbfgs,1e-06,,SelectKBest(score_func=<function mutual_info_classif at 0x7e3bb6fd3420>),5,,"{'balance': SMOTE(random_state=42), 'classify__C': 0.1, 'classify__max_iter': 1000, 'classify__n_jobs': 2, 'classify__penalty': 'l2', 'classify__random_state': 42, 'classify__solver': 'lbfgs', 'classify__tol': 1e-06, 'impute': None, 'select': SelectKBest(score_func=<function mutual_info_classif at 0x7e3bb6fd3420>), 'select__k': 5, 'transform': None}",,,,,,451,,,,,,451,,,,,,451
0.0005611578623453776,0.0002310038858309398,0.0,0.0,SMOTE(random_state=42),0.1,1000,2,l2,42,lbfgs,1e-08,SimpleImputer(strategy='median'),SelectKBest(score_func=<function mutual_info_classif at 0x7e3bb6fd3420>),9,,"{'balance': SMOTE(random_state=42), 'classify__C': 0.1, 'classify__max_iter': 1000, 'classify__n_jobs': 2, 'classify__penalty': 'l2', 'classify__random_state': 42, 'classify__solver': 'lbfgs', 'classify__tol': 1e-08, 'impute': SimpleImputer(strategy='median'), 'select': SelectKBest(score_func=<function mutual_info_classif at 0x7e3bb6fd3420>), 'select__k': 9, 'transform': None}",,,,,,451,,,,,,451,,,,,,451
0.00037399927775065106,5.959934634924785e-06,0.0,0.0,SMOTE(random_state=42),0.1,1000,2,l2,42,lbfgs,1e-08,SimpleImputer(strategy='median'),SelectKBest(score_func=<function mutual_info_classif at 0x7e3bb6fd3420>),7,,"{'balance': SMOTE(random_state=42), 'classify__C': 0.1, 'classify__max_iter': 1000, 'classify__n_jobs': 2, 'classify__penalty': 'l2', 'classify__random_state': 42, 'classify__solver': 'lbfgs', 'classify__tol': 1e-08, 'impute': SimpleImputer(strategy='median'), 'select': SelectKBest(score_func=<function mutual_info_classif at 0x7e3bb6fd3420>), 'select__k': 7, 'transform': None}",,,,,,451,,,,,,451,,,,,,451
0.0003730456034342448,1.9997178194694255e-05,0.0,0.0,SMOTE(random_state=42),0.1,1000,2,l2,42,lbfgs,1e-08,SimpleImputer(strategy='median'),SelectKBest(score_func=<function mutual_info_classif at 0x7e3bb6fd3420>),5,,"{'balance': SMOTE(random_state=42), 'classify__C': 0.1, 'classify__max_iter': 1000, 'classify__n_jobs': 2, 'classify__penalty': 'l2', 'classify__random_state': 42, 'classify__solver': 'lbfgs', 'classify__tol': 1e-08, 'impute': SimpleImputer(strategy='median'), 'select': SelectKBest(score_func=<function mutual_info_classif at 0x7e3bb6fd3420>), 'select__k': 5, 'transform': None}",,,,,,451,,,,,,451,,,,,,451
0.00034300486246744793,5.296733443880601e-06,0.0,0.0,SMOTE(random_state=42),0.1,1000,2,l2,42,lbfgs,1e-08,,SelectKBest(score_func=<function mutual_info_classif at 0x7e3bb6fd3420>),9,,"{'balance': SMOTE(random_state=42), 'classify__C': 0.1, 'classify__max_iter': 1000, 'classify__n_jobs': 2, 'classify__penalty': 'l2', 'classify__random_state': 42, 'classify__solver': 'lbfgs', 'classify__tol': 1e-08, 'impute': None, 'select': SelectKBest(score_func=<function mutual_info_classif at 0x7e3bb6fd3420>), 'select__k': 9, 'transform': None}",,,,,,451,,,,,,451,,,,,,451
0.0003669261932373047,8.183003569474465e-06,0.0,0.0,SMOTE(random_state=42),0.1,2000,2,l2,42,lbfgs,0.0001,SimpleImputer(strategy='median'),SelectKBest(score_func=<function mutual_info_classif at 0x7e3bb6fd3420>),5,,"{'balance': SMOTE(random_state=42), 'classify__C': 0.1, 'classify__max_iter': 2000, 'classify__n_jobs': 2, 'classify__penalty': 'l2', 'classify__random_state': 42, 'classify__solver': 'lbfgs', 'classify__tol': 0.0001, 'impute': SimpleImputer(strategy='median'), 'select': SelectKBest(score_func=<function mutual_info_classif at 0x7e3bb6fd3420>), 'select__k': 5, 'transform': None}",,,,,,451,,,,,,451,,,,,,451
0.0003254413604736328,1.2186587121791089e-05,0.0,0.0,SMOTE(random_state=42),0.1,2000,2,l2,42,lbfgs,0.0001,,SelectKBest(score_func=<function mutual_info_classif at 0x7e3bb6fd3420>),9,,"{'balance': SMOTE(random_state=42), 'classify__C': 0.1, 'classify__max_iter': 2000, 'classify__n_jobs': 2, 'classify__penalty': 'l2', 'classify__random_state': 42, 'classify__solver': 'lbfgs', 'classify__tol': 0.0001, 'impute': None, 'select': SelectKBest(score_func=<function mutual_info_classif at 0x7e3bb6fd3420>), 'select__k': 9, 'transform': None}",,,,,,451,,,,,,451,,,,,,451
0.00031836827596028644,1.0691389030133359e-05,0.0,0.0,SMOTE(random_state=42),0.1,2000,2,l2,42,lbfgs,0.0001,,SelectKBest(score_func=<function mutual_info_classif at 0x7e3bb6fd3420>),7,,"{'balance': SMOTE(random_state=42), 'classify__C': 0.1, 'classify__max_iter': 2000, 'classify__n_jobs': 2, 'classify__penalty': 'l2', 'classify__random_state': 42, 'classify__solver': 'lbfgs', 'classify__tol': 0.0001, 'impute': None, 'select': SelectKBest(score_func=<function mutual_info_classif at 0x7e3bb6fd3420>), 'select__k': 7, 'transform': None}",,,,,,451,,,,,,451,,,,,,451
0.0003267923990885417,1.2661400912155675e-05,0.0,0.0,SMOTE(random_state=42),0.1,2000,2,l2,42,lbfgs,0.0001,,SelectKBest(score_func=<function mutual_info_classif at 0x7e3bb6fd3420>),5,,"{'balance': SMOTE(random_state=42), 'classify__C': 0.1, 'classify__max_iter': 2000, 'classify__n_jobs': 2, 'classify__penalty': 'l2', 'classify__random_state': 42, 'classify__solver': 'lbfgs', 'classify__tol': 0.0001, 'impute': None, 'select': SelectKBest(score_func=<function mutual_info_classif at 0x7e3bb6fd3420>), 'select__k': 5, 'transform': None}",,,,,,451,,,,,,451,,,,,,451
0.00036183993021647137,9.695037444696154e-06,0.0,0.0,SMOTE(random_state=42),0.1,2000,2,l2,42,lbfgs,1e-06,SimpleImputer(strategy='median'),SelectKBest(score_func=<function mutual_info_classif at 0x7e3bb6fd3420>),9,,"{'balance': SMOTE(random_state=42), 'classify__C': 0.1, 'classify__max_iter': 2000, 'classify__n_jobs': 2, 'classify__penalty': 'l2', 'classify__random_state': 42, 'classify__solver': 'lbfgs', 'classify__tol': 1e-06, 'impute': SimpleImputer(strategy='median'), 'select': SelectKBest(score_func=<function mutual_info_classif at 0x7e3bb6fd3420>), 'select__k': 9, 'transform': None}",,,,,,451,,,,,,451,,,,,,451
0.0003883838653564453,4.490040744726033e-06,0.0,0.0,SMOTE(random_state=42),0.1,2000,2,l2,42,lbfgs,1e-06,SimpleImputer(strategy='median'),SelectKBest(score_func=<function mutual_info_classif at 0x7e3bb6fd3420>),7,,"{'balance': SMOTE(random_state=42), 'classify__C': 0.1, 'classify__max_iter': 2000, 'classify__n_jobs': 2, 'classify__penalty': 'l2', 'classify__random_state': 42, 'classify__solver': 'lbfgs', 'classify__tol': 1e-06, 'impute': SimpleImputer(strategy='median'), 'select': SelectKBest(score_func=<function mutual_info_classif at 0x7e3bb6fd3420>), 'select__k': 7, 'transform': None}",,,,,,451,,,,,,451,,,,,,451
0.0003593762715657552,6.665304929816486e-06,0.0,0.0,SMOTE(random_state=42),0.1,2000,2,l2,42,lbfgs,1e-06,SimpleImputer(strategy='median'),SelectKBest(score_func=<function mutual_info_classif at 0x7e3bb6fd3420>),5,,"{'balance': SMOTE(random_state=42), 'classify__C': 0.1, 'classify__max_iter': 2000, 'classify__n_jobs': 2, 'classify__penalty': 'l2', 'classify__random_state': 42, 'classify__solver': 'lbfgs', 'classify__tol': 1e-06, 'impute': SimpleImputer(strategy='median'), 'select': SelectKBest(score_func=<function mutual_info_classif at 0x7e3bb6fd3420>), 'select__k': 5, 'transform': None}",,,,,,451,,,,,,451,,,,,,451
0.0003464221954345703,1.3063075572779393e-05,0.0,0.0,SMOTE(random_state=42),0.1,2000,2,l2,42,lbfgs,1e-06,,SelectKBest(score_func=<function mutual_info_classif at 0x7e3bb6fd3420>),9,,"{'balance': SMOTE(random_state=42), 'classify__C': 0.1, 'classify__max_iter': 2000, 'classify__n_jobs': 2, 'classify__penalty': 'l2', 'classify__random_state': 42, 'classify__solver': 'lbfgs', 'classify__tol': 1e-06, 'impute': None, 'select': SelectKBest(score_func=<function mutual_info_classif at 0x7e3bb6fd3420>), 'select__k': 9, 'transform': None}",,,,,,451,,,,,,451,,,,,,451
0.0003281434377034505,8.316978106149756e-06,0.0,0.0,SMOTE(random_state=42),0.1,2000,2,l2,42,lbfgs,1e-06,,SelectKBest(score_func=<function mutual_info_classif at 0x7e3bb6fd3420>),7,,"{'balance': SMOTE(random_state=42), 'classify__C': 0.1, 'classify__max_iter': 2000, 'classify__n_jobs': 2, 'classify__penalty': 'l2', 'classify__random_state': 42, 'classify__solver': 'lbfgs', 'classify__tol': 1e-06, 'impute': None, 'select': SelectKBest(score_func=<function mutual_info_classif at 0x7e3bb6fd3420>), 'select__k': 7, 'transform': None}",,,,,,451,,,,,,451,,,,,,451
0.00034689903259277344,2.057687243698303e-05,0.0,0.0,SMOTE(random_state=42),0.1,2000,2,l2,42,lbfgs,1e-06,,SelectKBest(score_func=<function mutual_info_classif at 0x7e3bb6fd3420>),5,,"{'balance': SMOTE(random_state=42), 'classify__C': 0.1, 'classify__max_iter': 2000, 'classify__n_jobs': 2, 'classify__penalty': 'l2', 'classify__random_state': 42, 'classify__solver': 'lbfgs', 'classify__tol': 1e-06, 'impute': None, 'select': SelectKBest(score_func=<function mutual_info_classif at 0x7e3bb6fd3420>), 'select__k': 5, 'transform': None}",,,,,,451,,,,,,451,,,,,,451
0.00037058194478352863,1.538903229072524e-05,0.0,0.0,SMOTE(random_state=42),0.1,2000,2,l2,42,lbfgs,1e-08,SimpleImputer(strategy='median'),SelectKBest(score_func=<function mutual_info_classif at 0x7e3bb6fd3420>),9,,"{'balance': SMOTE(random_state=42), 'classify__C': 0.1, 'classify__max_iter': 2000, 'classify__n_jobs': 2, 'classify__penalty': 'l2', 'classify__random_state': 42, 'classify__solver': 'lbfgs', 'classify__tol': 1e-08, 'impute': SimpleImputer(strategy='median'), 'select': SelectKBest(score_func=<function mutual_info_classif at 0x7e3bb6fd3420>), 'select__k': 9, 'transform': None}",,,,,,451,,,,,,451,,,,,,451
0.00037105878194173175,9.224330983827533e-06,0.0,0.0,SMOTE(random_state=42),0.1,2000,2,l2,42,lbfgs,1e-08,SimpleImputer(strategy='median'),SelectKBest(score_func=<function mutual_info_classif at 0x7e3bb6fd3420>),7,,"{'balance': SMOTE(random_state=42), 'classify__C': 0.1, 'classify__max_iter': 2000, 'classify__n_jobs': 2, 'classify__penalty': 'l2', 'classify__random_state': 42, 'classify__solver': 'lbfgs', 'classify__tol': 1e-08, 'impute': SimpleImputer(strategy='median'), 'select': SelectKBest(score_func=<function mutual_info_classif at 0x7e3bb6fd3420>), 'select__k': 7, 'transform': None}",,,,,,451,,,,,,451,,,,,,451
0.0003650983174641927,8.450323423398232e-06,0.0,0.0,SMOTE(random_state=42),0.1,2000,2,l2,42,lbfgs,1e-08,SimpleImputer(strategy='median'),SelectKBest(score_func=<function mutual_info_classif at 0x7e3bb6fd3420>),5,,"{'balance': SMOTE(random_state=42), 'classify__C': 0.1, 'classify__max_iter': 2000, 'classify__n_jobs': 2, 'classify__penalty': 'l2', 'classify__random_state': 42, 'classify__solver': 'lbfgs', 'classify__tol': 1e-08, 'impute': SimpleImputer(strategy='median'), 'select': SelectKBest(score_func=<function mutual_info_classif at 0x7e3bb6fd3420>), 'select__k': 5, 'transform': None}",,,,,,451,,,,,,451,,,,,,451
0.0003303686777750651,1.2664393561615347e-05,0.0,0.0,SMOTE(random_state=42),0.1,2000,2,l2,42,lbfgs,1e-08,,SelectKBest(score_func=<function mutual_info_classif at 0x7e3bb6fd3420>),9,,"{'balance': SMOTE(random_state=42), 'classify__C': 0.1, 'classify__max_iter': 2000, 'classify__n_jobs': 2, 'classify__penalty': 'l2', 'classify__random_state': 42, 'classify__solver': 'lbfgs', 'classify__tol': 1e-08, 'impute': None, 'select': SelectKBest(score_func=<function mutual_info_classif at 0x7e3bb6fd3420>), 'select__k': 9, 'transform': None}",,,,,,451,,,,,,451,,,,,,451
0.0003674825032552083,2.308135943644461e-05,0.0,0.0,SMOTE(random_state=42),0.1,2000,2,l2,42,lbfgs,1e-08,,SelectKBest(score_func=<function mutual_info_classif at 0x7e3bb6fd3420>),7,,"{'balance': SMOTE(random_state=42), 'classify__C': 0.1, 'classify__max_iter': 2000, 'classify__n_jobs': 2, 'classify__penalty': 'l2', 'classify__random_state': 42, 'classify__solver': 'lbfgs', 'classify__tol': 1e-08, 'impute': None, 'select': SelectKBest(score_func=<function mutual_info_classif at 0x7e3bb6fd3420>), 'select__k': 7, 'transform': None}",,,,,,451,,,,,,451,,,,,,451
0.00036867459615071613,7.216730807461097e-06,0.0,0.0,SMOTE(random_state=42),0.1,2000,2,l2,42,lbfgs,1e-08,,SelectKBest(score_func=<function mutual_info_classif at 0x7e3bb6fd3420>),5,,"{'balance': SMOTE(random_state=42), 'classify__C': 0.1, 'classify__max_iter': 2000, 'classify__n_jobs': 2, 'classify__penalty': 'l2', 'classify__random_state': 42, 'classify__solver': 'lbfgs', 'classify__tol': 1e-08, 'impute': None, 'select': SelectKBest(score_func=<function mutual_info_classif at 0x7e3bb6fd3420>), 'select__k': 5, 'transform': None}",,,,,,451,,,,,,451,,,,,,451
0.0005931059519449869,6.912887211495941e-05,0.0,0.0,SMOTE(random_state=42),1.0,100,2,l2,42,lbfgs,0.0001,,SelectKBest(score_func=<function mutual_info_classif at 0x7e3bb6fd3420>),7,,"{'balance': SMOTE(random_state=42), 'classify__C': 1.0, 'classify__max_iter': 100, 'classify__n_jobs': 2, 'classify__penalty': 'l2', 'classify__random_state': 42, 'classify__solver': 'lbfgs', 'classify__tol': 0.0001, 'impute': None, 'select': SelectKBest(score_func=<function mutual_info_classif at 0x7e3bb6fd3420>), 'select__k': 7, 'transform': None}",,,,,,451,,,,,,451,,,,,,451
0.0006051858266194662,3.575024561506208e-05,0.0,0.0,SMOTE(random_state=42),1.0,100,2,l2,42,lbfgs,0.0001,,SelectKBest(score_func=<function mutual_info_classif at 0x7e3bb6fd3420>),5,,"{'balance': SMOTE(random_state=42), 'classify__C': 1.0, 'classify__max_iter': 100, 'classify__n_jobs': 2, 'classify__penalty': 'l2', 'classify__random_state': 42, 'classify__solver': 'lbfgs', 'classify__tol': 0.0001, 'impute': None, 'select': SelectKBest(score_func=<function mutual_info_classif at 0x7e3bb6fd3420>), 'select__k': 5, 'transform': None}",,,,,,451,,,,,,451,,,,,,451
0.00034427642822265625,1.2144534743558925e-05,0.0,0.0,SMOTE(random_state=42),1.0,100,2,l2,42,lbfgs,1e-06,SimpleImputer(strategy='median'),SelectKBest(score_func=<function mutual_info_classif at 0x7e3bb6fd3420>),9,,"{'balance': SMOTE(random_state=42), 'classify__C': 1.0, 'classify__max_iter': 100, 'classify__n_jobs': 2, 'classify__penalty': 'l2', 'classify__random_state': 42, 'classify__solver': 'lbfgs', 'classify__tol': 1e-06, 'impute': SimpleImputer(strategy='median'), 'select': SelectKBest(score_func=<function mutual_info_classif at 0x7e3bb6fd3420>), 'select__k': 9, 'transform': None}",,,,,,451,,,,,,451,,,,,,451
0.0003478527069091797,5.07258523217295e-06,0.0,0.0,SMOTE(random_state=42),1.0,100,2,l2,42,lbfgs,1e-06,SimpleImputer(strategy='median'),SelectKBest(score_func=<function mutual_info_classif at 0x7e3bb6fd3420>),7,,"{'balance': SMOTE(random_state=42), 'classify__C': 1.0, 'classify__max_iter': 100, 'classify__n_jobs': 2, 'classify__penalty': 'l2', 'classify__random_state': 42, 'classify__solver': 'lbfgs', 'classify__tol': 1e-06, 'impute': SimpleImputer(strategy='median'), 'select': SelectKBest(score_func=<function mutual_info_classif at 0x7e3bb6fd3420>), 'select__k': 7, 'transform': None}",,,,,,451,,,,,,451,,,,,,451
0.000341494878133138,1.1076133340316992e-05,0.0,0.0,SMOTE(random_state=42),1.0,100,2,l2,42,lbfgs,1e-06,SimpleImputer(strategy='median'),SelectKBest(score_func=<function mutual_info_classif at 0x7e3bb6fd3420>),5,,"{'balance': SMOTE(random_state=42), 'classify__C': 1.0, 'classify__max_iter': 100, 'classify__n_jobs': 2, 'classify__penalty': 'l2', 'classify__random_state': 42, 'classify__solver': 'lbfgs', 'classify__tol': 1e-06, 'impute': SimpleImputer(strategy='median'), 'select': SelectKBest(score_func=<function mutual_info_classif at 0x7e3bb6fd3420>), 'select__k': 5, 'transform': None}",,,,,,451,,,,,,451,,,,,,451
0.0003108978271484375,5.571041796468698e-06,0.0,0.0,SMOTE(random_state=42),1.0,100,2,l2,42,lbfgs,1e-06,,SelectKBest(score_func=<function mutual_info_classif at 0x7e3bb6fd3420>),9,,"{'balance': SMOTE(random_state=42), 'classify__C': 1.0, 'classify__max_iter': 100, 'classify__n_jobs': 2, 'classify__penalty': 'l2', 'classify__random_state': 42, 'classify__solver': 'lbfgs', 'classify__tol': 1e-06, 'impute': None, 'select': SelectKBest(score_func=<function mutual_info_classif at 0x7e3bb6fd3420>), 'select__k': 9, 'transform': None}",,,,,,451,,,,,,451,,,,,,451
0.0003127257029215495,5.081293539411475e-06,0.0,0.0,SMOTE(random_state=42),1.0,100,2,l2,42,lbfgs,1e-06,,SelectKBest(score_func=<function mutual_info_classif at 0x7e3bb6fd3420>),7,,"{'balance': SMOTE(random_state=42), 'classify__C': 1.0, 'classify__max_iter': 100, 'classify__n_jobs': 2, 'classify__penalty': 'l2', 'classify__random_state': 42, 'classify__solver': 'lbfgs', 'classify__tol': 1e-06, 'impute': None, 'select': SelectKBest(score_func=<function mutual_info_classif at 0x7e3bb6fd3420>), 'select__k': 7, 'transform': None}",,,,,,451,,,,,,451,,,,,,451
0.0003177324930826823,9.193467676050889e-06,0.0,0.0,SMOTE(random_state=42),1.0,100,2,l2,42,lbfgs,1e-06,,SelectKBest(score_func=<function mutual_info_classif at 0x7e3bb6fd3420>),5,,"{'balance': SMOTE(random_state=42), 'classify__C': 1.0, 'classify__max_iter': 100, 'classify__n_jobs': 2, 'classify__penalty': 'l2', 'classify__random_state': 42, 'classify__solver': 'lbfgs', 'classify__tol': 1e-06, 'impute': None, 'select': SelectKBest(score_func=<function mutual_info_classif at 0x7e3bb6fd3420>), 'select__k': 5, 'transform': None}",,,,,,451,,,,,,451,,,,,,451
0.0003540515899658203,4.215808617234181e-06,0.0,0.0,SMOTE(random_state=42),1.0,100,2,l2,42,lbfgs,1e-08,SimpleImputer(strategy='median'),SelectKBest(score_func=<function mutual_info_classif at 0x7e3bb6fd3420>),9,,"{'balance': SMOTE(random_state=42), 'classify__C': 1.0, 'classify__max_iter': 100, 'classify__n_jobs': 2, 'classify__penalty': 'l2', 'classify__random_state': 42, 'classify__solver': 'lbfgs', 'classify__tol': 1e-08, 'impute': SimpleImputer(strategy='median'), 'select': SelectKBest(score_func=<function mutual_info_classif at 0x7e3bb6fd3420>), 'select__k': 9, 'transform': None}",,,,,,451,,,,,,451,,,,,,451
0.0003477732340494792,1.7858950341287274e-05,0.0,0.0,SMOTE(random_state=42),1.0,100,2,l2,42,lbfgs,1e-08,SimpleImputer(strategy='median'),SelectKBest(score_func=<function mutual_info_classif at 0x7e3bb6fd3420>),7,,"{'balance': SMOTE(random_state=42), 'classify__C': 1.0, 'classify__max_iter': 100, 'classify__n_jobs': 2, 'classify__penalty': 'l2', 'classify__random_state': 42, 'classify__solver': 'lbfgs', 'classify__tol': 1e-08, 'impute': SimpleImputer(strategy='median'), 'select': SelectKBest(score_func=<function mutual_info_classif at 0x7e3bb6fd3420>), 'select__k': 7, 'transform': None}",,,,,,451,,,,,,451,,,,,,451
0.00036406517028808594,8.370722050641113e-06,0.0,0.0,SMOTE(random_state=42),1.0,100,2,l2,42,lbfgs,1e-08,SimpleImputer(strategy='median'),SelectKBest(score_func=<function mutual_info_classif at 0x7e3bb6fd3420>),5,,"{'balance': SMOTE(random_state=42), 'classify__C': 1.0, 'classify__max_iter': 100, 'classify__n_jobs': 2, 'classify__penalty': 'l2', 'classify__random_state': 42, 'classify__solver': 'lbfgs', 'classify__tol': 1e-08, 'impute': SimpleImputer(strategy='median'), 'select': SelectKBest(score_func=<function mutual_info_classif at 0x7e3bb6fd3420>), 'select__k': 5, 'transform': None}",,,,,,451,,,,,,451,,,,,,451
0.0003466606140136719,4.242689709675833e-06,0.0,0.0,SMOTE(random_state=42),1.0,100,2,l2,42,lbfgs,1e-08,,SelectKBest(score_func=<function mutual_info_classif at 0x7e3bb6fd3420>),9,,"{'balance': SMOTE(random_state=42), 'classify__C': 1.0, 'classify__max_iter': 100, 'classify__n_jobs': 2, 'classify__penalty': 'l2', 'classify__random_state': 42, 'classify__solver': 'lbfgs', 'classify__tol': 1e-08, 'impute': None, 'select': SelectKBest(score_func=<function mutual_info_classif at 0x7e3bb6fd3420>), 'select__k': 9, 'transform': None}",,,,,,451,,,,,,451,,,,,,451
0.0003388722737630208,6.916422119787401e-06,0.0,0.0,SMOTE(random_state=42),1.0,100,2,l2,42,lbfgs,1e-08,,SelectKBest(score_func=<function mutual_info_classif at 0x7e3bb6fd3420>),7,,"{'balance': SMOTE(random_state=42), 'classify__C': 1.0, 'classify__max_iter': 100, 'classify__n_jobs': 2, 'classify__penalty': 'l2', 'classify__random_state': 42, 'classify__solver': 'lbfgs', 'classify__tol': 1e-08, 'impute': None, 'select': SelectKBest(score_func=<function mutual_info_classif at 0x7e3bb6fd3420>), 'select__k': 7, 'transform': None}",,,,,,451,,,,,,451,,,,,,451
0.0003390312194824219,9.124508799096904e-06,0.0,0.0,SMOTE(random_state=42),1.0,100,2,l2,42,lbfgs,1e-08,,SelectKBest(score_func=<function mutual_info_classif at 0x7e3bb6fd3420>),5,,"{'balance': SMOTE(random_state=42), 'classify__C': 1.0, 'classify__max_iter': 100, 'classify__n_jobs': 2, 'classify__penalty': 'l2', 'classify__random_state': 42, 'classify__solver': 'lbfgs', 'classify__tol': 1e-08, 'impute': None, 'select': SelectKBest(score_func=<function mutual_info_classif at 0x7e3bb6fd3420>), 'select__k': 5, 'transform': None}",,,,,,451,,,,,,451,,,,,,451
0.0003619194030761719,9.692431251787588e-06,0.0,0.0,SMOTE(random_state=42),0.1,2000,2,l2,42,lbfgs,0.0001,SimpleImputer(strategy='median'),SelectKBest(score_func=<function mutual_info_classif at 0x7e3bb6fd3420>),9,,"{'balance': SMOTE(random_state=42), 'classify__C': 0.1, 'classify__max_iter': 2000, 'classify__n_jobs': 2, 'classify__penalty': 'l2', 'classify__random_state': 42, 'classify__solver': 'lbfgs', 'classify__tol': 0.0001, 'impute': SimpleImputer(strategy='median'), 'select': SelectKBest(score_func=<function mutual_info_classif at 0x7e3bb6fd3420>), 'select__k': 9, 'transform': None}",,,,,,451,,,,,,451,,,,,,451
0.00035834312438964844,1.129577476476169e-05,0.0,0.0,SMOTE(random_state=42),0.1,2000,2,l2,42,lbfgs,0.0001,SimpleImputer(strategy='median'),SelectKBest(score_func=<function mutual_info_classif at 0x7e3bb6fd3420>),7,,"{'balance': SMOTE(random_state=42), 'classify__C': 0.1, 'classify__max_iter': 2000, 'classify__n_jobs': 2, 'classify__penalty': 'l2', 'classify__random_state': 42, 'classify__solver': 'lbfgs', 'classify__tol': 0.0001, 'impute': SimpleImputer(strategy='median'), 'select': SelectKBest(score_func=<function mutual_info_classif at 0x7e3bb6fd3420>), 'select__k': 7, 'transform': None}",,,,,,451,,,,,,451,,,,,,451
0.00035230318705240887,3.7157280373767092e-06,0.0,0.0,SMOTE(random_state=42),1.0,200,2,l2,42,lbfgs,1e-06,SimpleImputer(strategy='median'),SelectKBest(score_func=<function mutual_info_classif at 0x7e3bb6fd3420>),9,,"{'balance': SMOTE(random_state=42), 'classify__C': 1.0, 'classify__max_iter': 200, 'classify__n_jobs': 2, 'classify__penalty': 'l2', 'classify__random_state': 42, 'classify__solver': 'lbfgs', 'classify__tol': 1e-06, 'impute': SimpleImputer(strategy='median'), 'select': SelectKBest(score_func=<function mutual_info_classif at 0x7e3bb6fd3420>), 'select__k': 9, 'transform': None}",,,,,,451,,,,,,451,,,,,,451
0.000352938969930013,1.9692598491293376e-06,0.0,0.0,SMOTE(random_state=42),1.0,200,2,l2,42,lbfgs,1e-06,SimpleImputer(strategy='median'),SelectKBest(score_func=<function mutual_info_classif at 0x7e3bb6fd3420>),7,,"{'balance': SMOTE(random_state=42), 'classify__C': 1.0, 'classify__max_iter': 200, 'classify__n_jobs': 2, 'classify__penalty': 'l2', 'classify__random_state': 42, 'classify__solver': 'lbfgs', 'classify__tol': 1e-06, 'impute': SimpleImputer(strategy='median'), 'select': SelectKBest(score_func=<function mutual_info_classif at 0x7e3bb6fd3420>), 'select__k': 7, 'transform': None}",,,,,,451,,,,,,451,,,,,,451
0.00035579999287923175,8.114019405428708e-06,0.0,0.0,SMOTE(random_state=42),1.0,200,2,l2,42,lbfgs,1e-06,SimpleImputer(strategy='median'),SelectKBest(score_func=<function mutual_info_classif at 0x7e3bb6fd3420>),5,,"{'balance': SMOTE(random_state=42), 'classify__C': 1.0, 'classify__max_iter': 200, 'classify__n_jobs': 2, 'classify__penalty': 'l2', 'classify__random_state': 42, 'classify__solver': 'lbfgs', 'classify__tol': 1e-06, 'impute': SimpleImputer(strategy='median'), 'select': SelectKBest(score_func=<function mutual_info_classif at 0x7e3bb6fd3420>), 'select__k': 5, 'transform': None}",,,,,,451,,,,,,451,,,,,,451
0.00031336148579915363,9.900034645741952e-06,0.0,0.0,SMOTE(random_state=42),1.0,200,2,l2,42,lbfgs,1e-06,,SelectKBest(score_func=<function mutual_info_classif at 0x7e3bb6fd3420>),9,,"{'balance': SMOTE(random_state=42), 'classify__C': 1.0, 'classify__max_iter': 200, 'classify__n_jobs': 2, 'classify__penalty': 'l2', 'classify__random_state': 42, 'classify__solver': 'lbfgs', 'classify__tol': 1e-06, 'impute': None, 'select': SelectKBest(score_func=<function mutual_info_classif at 0x7e3bb6fd3420>), 'select__k': 9, 'transform': None}",,,,,,451,,,,,,451,,,,,,451
0.00029913584391276043,7.98217743523262e-06,0.0,0.0,SMOTE(random_state=42),1.0,200,2,l2,42,lbfgs,1e-06,,SelectKBest(score_func=<function mutual_info_classif at 0x7e3bb6fd3420>),7,,"{'balance': SMOTE(random_state=42), 'classify__C': 1.0, 'classify__max_iter': 200, 'classify__n_jobs': 2, 'classify__penalty': 'l2', 'classify__random_state': 42, 'classify__solver': 'lbfgs', 'classify__tol': 1e-06, 'impute': None, 'select': SelectKBest(score_func=<function mutual_info_classif at 0x7e3bb6fd3420>), 'select__k': 7, 'transform': None}",,,,,,451,,,,,,451,,,,,,451
0.000307003657023112,1.1418123275082367e-05,0.0,0.0,SMOTE(random_state=42),1.0,200,2,l2,42,lbfgs,1e-06,,SelectKBest(score_func=<function mutual_info_classif at 0x7e3bb6fd3420>),5,,"{'balance': SMOTE(random_state=42), 'classify__C': 1.0, 'classify__max_iter': 200, 'classify__n_jobs': 2, 'classify__penalty': 'l2', 'classify__random_state': 42, 'classify__solver': 'lbfgs', 'classify__tol': 1e-06, 'impute': None, 'select': SelectKBest(score_func=<function mutual_info_classif at 0x7e3bb6fd3420>), 'select__k': 5, 'transform': None}",,,,,,451,,,,,,451,,,,,,451
0.00034697850545247394,4.483001955722318e-06,0.0,0.0,SMOTE(random_state=42),1.0,200,2,l2,42,lbfgs,1e-08,SimpleImputer(strategy='median'),SelectKBest(score_func=<function mutual_info_classif at 0x7e3bb6fd3420>),9,,"{'balance': SMOTE(random_state=42), 'classify__C': 1.0, 'classify__max_iter': 200, 'classify__n_jobs': 2, 'classify__penalty': 'l2', 'classify__random_state': 42, 'classify__solver': 'lbfgs', 'classify__tol': 1e-08, 'impute': SimpleImputer(strategy='median'), 'select': SelectKBest(score_func=<function mutual_info_classif at 0x7e3bb6fd3420>), 'select__k': 9, 'transform': None}",,,,,,451,,,,,,451,,,,,,451
0.00036327044169108075,1.2665889621185641e-06,0.0,0.0,SMOTE(random_state=42),1.0,200,2,l2,42,lbfgs,1e-08,SimpleImputer(strategy='median'),SelectKBest(score_func=<function mutual_info_classif at 0x7e3bb6fd3420>),7,,"{'balance': SMOTE(random_state=42), 'classify__C': 1.0, 'classify__max_iter': 200, 'classify__n_jobs': 2, 'classify__penalty': 'l2', 'classify__random_state': 42, 'classify__solver': 'lbfgs', 'classify__tol': 1e-08, 'impute': SimpleImputer(strategy='median'), 'select': SelectKBest(score_func=<function mutual_info_classif at 0x7e3bb6fd3420>), 'select__k': 7, 'transform': None}",,,,,,451,,,,,,451,,,,,,451
0.0003496805826822917,1.0305151056769974e-05,0.0,0.0,SMOTE(random_state=42),1.0,200,2,l2,42,lbfgs,1e-08,SimpleImputer(strategy='median'),SelectKBest(score_func=<function mutual_info_classif at 0x7e3bb6fd3420>),5,,"{'balance': SMOTE(random_state=42), 'classify__C': 1.0, 'classify__max_iter': 200, 'classify__n_jobs': 2, 'classify__penalty': 'l2', 'classify__random_state': 42, 'classify__solver': 'lbfgs', 'classify__tol': 1e-08, 'impute': SimpleImputer(strategy='median'), 'select': SelectKBest(score_func=<function mutual_info_classif at 0x7e3bb6fd3420>), 'select__k': 5, 'transform': None}",,,,,,451,,,,,,451,,,,,,451
0.0003329912821451823,4.80531579902362e-06,0.0,0.0,SMOTE(random_state=42),1.0,200,2,l2,42,lbfgs,1e-08,,SelectKBest(score_func=<function mutual_info_classif at 0x7e3bb6fd3420>),9,,"{'balance': SMOTE(random_state=42), 'classify__C': 1.0, 'classify__max_iter': 200, 'classify__n_jobs': 2, 'classify__penalty': 'l2', 'classify__random_state': 42, 'classify__solver': 'lbfgs', 'classify__tol': 1e-08, 'impute': None, 'select': SelectKBest(score_func=<function mutual_info_classif at 0x7e3bb6fd3420>), 'select__k': 9, 'transform': None}",,,,,,451,,,,,,451,,,,,,451
0.00032830238342285156,6.581389304085856e-06,0.0,0.0,SMOTE(random_state=42),1.0,200,2,l2,42,lbfgs,1e-08,,SelectKBest(score_func=<function mutual_info_classif at 0x7e3bb6fd3420>),7,,"{'balance': SMOTE(random_state=42), 'classify__C': 1.0, 'classify__max_iter': 200, 'classify__n_jobs': 2, 'classify__penalty': 'l2', 'classify__random_state': 42, 'classify__solver': 'lbfgs', 'classify__tol': 1e-08, 'impute': None, 'select': SelectKBest(score_func=<function mutual_info_classif at 0x7e3bb6fd3420>), 'select__k': 7, 'transform': None}",,,,,,451,,,,,,451,,,,,,451
0.00032631556193033856,1.3937917417050721e-05,0.0,0.0,SMOTE(random_state=42),1.0,200,2,l2,42,lbfgs,1e-08,,SelectKBest(score_func=<function mutual_info_classif at 0x7e3bb6fd3420>),5,,"{'balance': SMOTE(random_state=42), 'classify__C': 1.0, 'classify__max_iter': 200, 'classify__n_jobs': 2, 'classify__penalty': 'l2', 'classify__random_state': 42, 'classify__solver': 'lbfgs', 'classify__tol': 1e-08, 'impute': None, 'select': SelectKBest(score_func=<function mutual_info_classif at 0x7e3bb6fd3420>), 'select__k': 5, 'transform': None}",,,,,,451,,,,,,451,,,,,,451
0.00037026405334472656,1.2836281528199493e-05,0.0,0.0,SMOTE(random_state=42),1.0,100,2,l2,42,lbfgs,0.0001,SimpleImputer(strategy='median'),SelectKBest(score_func=<function mutual_info_classif at 0x7e3bb6fd3420>),9,,"{'balance': SMOTE(random_state=42), 'classify__C': 1.0, 'classify__max_iter': 100, 'classify__n_jobs': 2, 'classify__penalty': 'l2', 'classify__random_state': 42, 'classify__solver': 'lbfgs', 'classify__tol': 0.0001, 'impute': SimpleImputer(strategy='median'), 'select': SelectKBest(score_func=<function mutual_info_classif at 0x7e3bb6fd3420>), 'select__k': 9, 'transform': None}",,,,,,451,,,,,,451,,,,,,451
0.00035182634989420575,1.3250773748185688e-05,0.0,0.0,SMOTE(random_state=42),1.0,100,2,l2,42,lbfgs,0.0001,SimpleImputer(strategy='median'),SelectKBest(score_func=<function mutual_info_classif at 0x7e3bb6fd3420>),7,,"{'balance': SMOTE(random_state=42), 'classify__C': 1.0, 'classify__max_iter': 100, 'classify__n_jobs': 2, 'classify__penalty': 'l2', 'classify__random_state': 42, 'classify__solver': 'lbfgs', 'classify__tol': 0.0001, 'impute': SimpleImputer(strategy='median'), 'select': SelectKBest(score_func=<function mutual_info_classif at 0x7e3bb6fd3420>), 'select__k': 7, 'transform': None}",,,,,,451,,,,,,451,,,,,,451
0.0003570715586344401,2.2729793621818368e-06,0.0,0.0,SMOTE(random_state=42),1.0,100,2,l2,42,lbfgs,0.0001,SimpleImputer(strategy='median'),SelectKBest(score_func=<function mutual_info_classif at 0x7e3bb6fd3420>),5,,"{'balance': SMOTE(random_state=42), 'classify__C': 1.0, 'classify__max_iter': 100, 'classify__n_jobs': 2, 'classify__penalty': 'l2', 'classify__random_state': 42, 'classify__solver': 'lbfgs', 'classify__tol': 0.0001, 'impute': SimpleImputer(strategy='median'), 'select': SelectKBest(score_func=<function mutual_info_classif at 0x7e3bb6fd3420>), 'select__k': 5, 'transform': None}",,,,,,451,,,,,,451,,,,,,451
0.00034578641255696613,1.818800247493349e-05,0.0,0.0,SMOTE(random_state=42),1.0,100,2,l2,42,lbfgs,0.0001,,SelectKBest(score_func=<function mutual_info_classif at 0x7e3bb6fd3420>),9,,"{'balance': SMOTE(random_state=42), 'classify__C': 1.0, 'classify__max_iter': 100, 'classify__n_jobs': 2, 'classify__penalty': 'l2', 'classify__random_state': 42, 'classify__solver': 'lbfgs', 'classify__tol': 0.0001, 'impute': None, 'select': SelectKBest(score_func=<function mutual_info_classif at 0x7e3bb6fd3420>), 'select__k': 9, 'transform': None}",,,,,,451,,,,,,451,,,,,,451
0.00035190582275390625,3.6053009739601627e-06,0.0,0.0,SMOTE(random_state=42),1.0,500,2,l2,42,lbfgs,1e-06,SimpleImputer(strategy='median'),SelectKBest(score_func=<function mutual_info_classif at 0x7e3bb6fd3420>),5,,"{'balance': SMOTE(random_state=42), 'classify__C': 1.0, 'classify__max_iter': 500, 'classify__n_jobs': 2, 'classify__penalty': 'l2', 'classify__random_state': 42, 'classify__solver': 'lbfgs', 'classify__tol': 1e-06, 'impute': SimpleImputer(strategy='median'), 'select': SelectKBest(score_func=<function mutual_info_classif at 0x7e3bb6fd3420>), 'select__k': 5, 'transform': None}",,,,,,451,,,,,,451,,,,,,451
0.0003203550974527995,7.142837419071617e-06,0.0,0.0,SMOTE(random_state=42),1.0,500,2,l2,42,lbfgs,1e-06,,SelectKBest(score_func=<function mutual_info_classif at 0x7e3bb6fd3420>),9,,"{'balance': SMOTE(random_state=42), 'classify__C': 1.0, 'classify__max_iter': 500, 'classify__n_jobs': 2, 'classify__penalty': 'l2', 'classify__random_state': 42, 'classify__solver': 'lbfgs', 'classify__tol': 1e-06, 'impute': None, 'select': SelectKBest(score_func=<function mutual_info_classif at 0x7e3bb6fd3420>), 'select__k': 9, 'transform': None}",,,,,,451,,,,,,451,,,,,,451
0.0003108978271484375,1.3608668511228881e-05,0.0,0.0,SMOTE(random_state=42),1.0,500,2,l2,42,lbfgs,1e-06,,SelectKBest(score_func=<function mutual_info_classif at 0x7e3bb6fd3420>),7,,"{'balance': SMOTE(random_state=42), 'classify__C': 1.0, 'classify__max_iter': 500, 'classify__n_jobs': 2, 'classify__penalty': 'l2', 'classify__random_state': 42, 'classify__solver': 'lbfgs', 'classify__tol': 1e-06, 'impute': None, 'select': SelectKBest(score_func=<function mutual_info_classif at 0x7e3bb6fd3420>), 'select__k': 7, 'transform': None}",,,,,,451,,,,,,451,,,,,,451
0.00030430157979329425,1.0414887184087961e-05,0.0,0.0,SMOTE(random_state=42),1.0,500,2,l2,42,lbfgs,1e-06,,SelectKBest(score_func=<function mutual_info_classif at 0x7e3bb6fd3420>),5,,"{'balance': SMOTE(random_state=42), 'classify__C': 1.0, 'classify__max_iter': 500, 'classify__n_jobs': 2, 'classify__penalty': 'l2', 'classify__random_state': 42, 'classify__solver': 'lbfgs', 'classify__tol': 1e-06, 'impute': None, 'select': SelectKBest(score_func=<function mutual_info_classif at 0x7e3bb6fd3420>), 'select__k': 5, 'transform': None}",,,,,,451,,,,,,451,,,,,,451
0.00034729639689127606,3.440357974674442e-06,0.0,0.0,SMOTE(random_state=42),1.0,500,2,l2,42,lbfgs,1e-08,SimpleImputer(strategy='median'),SelectKBest(score_func=<function mutual_info_classif at 0x7e3bb6fd3420>),9,,"{'balance': SMOTE(random_state=42), 'classify__C': 1.0, 'classify__max_iter': 500, 'classify__n_jobs': 2, 'classify__penalty': 'l2', 'classify__random_state': 42, 'classify__solver': 'lbfgs', 'classify__tol': 1e-08, 'impute': SimpleImputer(strategy='median'), 'select': SelectKBest(score_func=<function mutual_info_classif at 0x7e3bb6fd3420>), 'select__k': 9, 'transform': None}",,,,,,451,,,,,,451,,,,,,451
0.0003356138865152995,8.96811695689872e-06,0.0,0.0,SMOTE(random_state=42),1.0,500,2,l2,42,lbfgs,1e-08,SimpleImputer(strategy='median'),SelectKBest(score_func=<function mutual_info_classif at 0x7e3bb6fd3420>),7,,"{'balance': SMOTE(random_state=42), 'classify__C': 1.0, 'classify__max_iter': 500, 'classify__n_jobs': 2, 'classify__penalty': 'l2', 'classify__random_state': 42, 'classify__solver': 'lbfgs', 'classify__tol': 1e-08, 'impute': SimpleImputer(strategy='median'), 'select': SelectKBest(score_func=<function mutual_info_classif at 0x7e3bb6fd3420>), 'select__k': 7, 'transform': None}",,,,,,451,,,,,,451,,,,,,451
0.0003428459167480469,1.4141256929718892e-05,0.0,0.0,SMOTE(random_state=42),1.0,500,2,l2,42,lbfgs,1e-08,SimpleImputer(strategy='median'),SelectKBest(score_func=<function mutual_info_classif at 0x7e3bb6fd3420>),5,,"{'balance': SMOTE(random_state=42), 'classify__C': 1.0, 'classify__max_iter': 500, 'classify__n_jobs': 2, 'classify__penalty': 'l2', 'classify__random_state': 42, 'classify__solver': 'lbfgs', 'classify__tol': 1e-08, 'impute': SimpleImputer(strategy='median'), 'select': SelectKBest(score_func=<function mutual_info_classif at 0x7e3bb6fd3420>), 'select__k': 5, 'transform': None}",,,,,,451,,,,,,451,,,,,,451
0.00031065940856933594,2.2110029448260555e-06,0.0,0.0,SMOTE(random_state=42),1.0,500,2,l2,42,lbfgs,1e-08,,SelectKBest(score_func=<function mutual_info_classif at 0x7e3bb6fd3420>),9,,"{'balance': SMOTE(random_state=42), 'classify__C': 1.0, 'classify__max_iter': 500, 'classify__n_jobs': 2, 'classify__penalty': 'l2', 'classify__random_state': 42, 'classify__solver': 'lbfgs', 'classify__tol': 1e-08, 'impute': None, 'select': SelectKBest(score_func=<function mutual_info_classif at 0x7e3bb6fd3420>), 'select__k': 9, 'transform': None}",,,,,,451,,,,,,451,,,,,,451
0.0003108978271484375,5.735276080026218e-06,0.0,0.0,SMOTE(random_state=42),1.0,500,2,l2,42,lbfgs,1e-08,,SelectKBest(score_func=<function mutual_info_classif at 0x7e3bb6fd3420>),7,,"{'balance': SMOTE(random_state=42), 'classify__C': 1.0, 'classify__max_iter': 500, 'classify__n_jobs': 2, 'classify__penalty': 'l2', 'classify__random_state': 42, 'classify__solver': 'lbfgs', 'classify__tol': 1e-08, 'impute': None, 'select': SelectKBest(score_func=<function mutual_info_classif at 0x7e3bb6fd3420>), 'select__k': 7, 'transform': None}",,,,,,451,,,,,,451,,,,,,451
0.0003070831298828125,8.999051287239366e-06,0.0,0.0,SMOTE(random_state=42),1.0,500,2,l2,42,lbfgs,1e-08,,SelectKBest(score_func=<function mutual_info_classif at 0x7e3bb6fd3420>),5,,"{'balance': SMOTE(random_state=42), 'classify__C': 1.0, 'classify__max_iter': 500, 'classify__n_jobs': 2, 'classify__penalty': 'l2', 'classify__random_state': 42, 'classify__solver': 'lbfgs', 'classify__tol': 1e-08, 'impute': None, 'select': SelectKBest(score_func=<function mutual_info_classif at 0x7e3bb6fd3420>), 'select__k': 5, 'transform': None}",,,,,,451,,,,,,451,,,,,,451
0.00033664703369140625,1.0815902921880488e-05,0.0,0.0,SMOTE(random_state=42),1.0,200,2,l2,42,lbfgs,0.0001,SimpleImputer(strategy='median'),SelectKBest(score_func=<function mutual_info_classif at 0x7e3bb6fd3420>),9,,"{'balance': SMOTE(random_state=42), 'classify__C': 1.0, 'classify__max_iter': 200, 'classify__n_jobs': 2, 'classify__penalty': 'l2', 'classify__random_state': 42, 'classify__solver': 'lbfgs', 'classify__tol': 0.0001, 'impute': SimpleImputer(strategy='median'), 'select': SelectKBest(score_func=<function mutual_info_classif at 0x7e3bb6fd3420>), 'select__k': 9, 'transform': None}",,,,,,451,,,,,,451,,,,,,451
0.0003464221954345703,4.7842397509550765e-06,0.0,0.0,SMOTE(random_state=42),1.0,200,2,l2,42,lbfgs,0.0001,SimpleImputer(strategy='median'),SelectKBest(score_func=<function mutual_info_classif at 0x7e3bb6fd3420>),7,,"{'balance': SMOTE(random_state=42), 'classify__C': 1.0, 'classify__max_iter': 200, 'classify__n_jobs': 2, 'classify__penalty': 'l2', 'classify__random_state': 42, 'classify__solver': 'lbfgs', 'classify__tol': 0.0001, 'impute': SimpleImputer(strategy='median'), 'select': SelectKBest(score_func=<function mutual_info_classif at 0x7e3bb6fd3420>), 'select__k': 7, 'transform': None}",,,,,,451,,,,,,451,,,,,,451
0.00034546852111816406,1.4237402560075394e-05,0.0,0.0,SMOTE(random_state=42),1.0,200,2,l2,42,lbfgs,0.0001,SimpleImputer(strategy='median'),SelectKBest(score_func=<function mutual_info_classif at 0x7e3bb6fd3420>),5,,"{'balance': SMOTE(random_state=42), 'classify__C': 1.0, 'classify__max_iter': 200, 'classify__n_jobs': 2, 'classify__penalty': 'l2', 'classify__random_state': 42, 'classify__solver': 'lbfgs', 'classify__tol': 0.0001, 'impute': SimpleImputer(strategy='median'), 'select': SelectKBest(score_func=<function mutual_info_classif at 0x7e3bb6fd3420>), 'select__k': 5, 'transform': None}",,,,,,451,,,,,,451,,,,,,451
0.0003062884012858073,8.654152894236907e-06,0.0,0.0,SMOTE(random_state=42),1.0,200,2,l2,42,lbfgs,0.0001,,SelectKBest(score_func=<function mutual_info_classif at 0x7e3bb6fd3420>),9,,"{'balance': SMOTE(random_state=42), 'classify__C': 1.0, 'classify__max_iter': 200, 'classify__n_jobs': 2, 'classify__penalty': 'l2', 'classify__random_state': 42, 'classify__solver': 'lbfgs', 'classify__tol': 0.0001, 'impute': None, 'select': SelectKBest(score_func=<function mutual_info_classif at 0x7e3bb6fd3420>), 'select__k': 9, 'transform': None}",,,,,,451,,,,,,451,,,,,,451
0.00030930836995442707,9.457604218045705e-06,0.0,0.0,SMOTE(random_state=42),1.0,200,2,l2,42,lbfgs,0.0001,,SelectKBest(score_func=<function mutual_info_classif at 0x7e3bb6fd3420>),7,,"{'balance': SMOTE(random_state=42), 'classify__C': 1.0, 'classify__max_iter': 200, 'classify__n_jobs': 2, 'classify__penalty': 'l2', 'classify__random_state': 42, 'classify__solver': 'lbfgs', 'classify__tol': 0.0001, 'impute': None, 'select': SelectKBest(score_func=<function mutual_info_classif at 0x7e3bb6fd3420>), 'select__k': 7, 'transform': None}",,,,,,451,,,,,,451,,,,,,451
0.00030986467997233075,8.86612273482995e-06,0.0,0.0,SMOTE(random_state=42),1.0,200,2,l2,42,lbfgs,0.0001,,SelectKBest(score_func=<function mutual_info_classif at 0x7e3bb6fd3420>),5,,"{'balance': SMOTE(random_state=42), 'classify__C': 1.0, 'classify__max_iter': 200, 'classify__n_jobs': 2, 'classify__penalty': 'l2', 'classify__random_state': 42, 'classify__solver': 'lbfgs', 'classify__tol': 0.0001, 'impute': None, 'select': SelectKBest(score_func=<function mutual_info_classif at 0x7e3bb6fd3420>), 'select__k': 5, 'transform': None}",,,,,,451,,,,,,451,,,,,,451
0.0003158251444498698,4.809257275392936e-06,0.0,0.0,SMOTE(random_state=42),1.0,1000,2,l2,42,lbfgs,1e-06,,SelectKBest(score_func=<function mutual_info_classif at 0x7e3bb6fd3420>),7,,"{'balance': SMOTE(random_state=42), 'classify__C': 1.0, 'classify__max_iter': 1000, 'classify__n_jobs': 2, 'classify__penalty': 'l2', 'classify__random_state': 42, 'classify__solver': 'lbfgs', 'classify__tol': 1e-06, 'impute': None, 'select': SelectKBest(score_func=<function mutual_info_classif at 0x7e3bb6fd3420>), 'select__k': 7, 'transform': None}",,,,,,451,,,,,,451,,,,,,451
0.00032099088033040363,1.1889628537990603e-05,0.0,0.0,SMOTE(random_state=42),1.0,1000,2,l2,42,lbfgs,1e-06,,SelectKBest(score_func=<function mutual_info_classif at 0x7e3bb6fd3420>),5,,"{'balance': SMOTE(random_state=42), 'classify__C': 1.0, 'classify__max_iter': 1000, 'classify__n_jobs': 2, 'classify__penalty': 'l2', 'classify__random_state': 42, 'classify__solver': 'lbfgs', 'classify__tol': 1e-06, 'impute': None, 'select': SelectKBest(score_func=<function mutual_info_classif at 0x7e3bb6fd3420>), 'select__k': 5, 'transform': None}",,,,,,451,,,,,,451,,,,,,451
0.00035754839579264325,1.2535064483365505e-05,0.0,0.0,SMOTE(random_state=42),1.0,1000,2,l2,42,lbfgs,1e-08,SimpleImputer(strategy='median'),SelectKBest(score_func=<function mutual_info_classif at 0x7e3bb6fd3420>),9,,"{'balance': SMOTE(random_state=42), 'classify__C': 1.0, 'classify__max_iter': 1000, 'classify__n_jobs': 2, 'classify__penalty': 'l2', 'classify__random_state': 42, 'classify__solver': 'lbfgs', 'classify__tol': 1e-08, 'impute': SimpleImputer(strategy='median'), 'select': SelectKBest(score_func=<function mutual_info_classif at 0x7e3bb6fd3420>), 'select__k': 9, 'transform': None}",,,,,,451,,,,,,451,,,,,,451
0.00035579999287923175,5.756161677752119e-06,0.0,0.0,SMOTE(random_state=42),1.0,1000,2,l2,42,lbfgs,1e-08,SimpleImputer(strategy='median'),SelectKBest(score_func=<function mutual_info_classif at 0x7e3bb6fd3420>),7,,"{'balance': SMOTE(random_state=42), 'classify__C': 1.0, 'classify__max_iter': 1000, 'classify__n_jobs': 2, 'classify__penalty': 'l2', 'classify__random_state': 42, 'classify__solver': 'lbfgs', 'classify__tol': 1e-08, 'impute': SimpleImputer(strategy='median'), 'select': SelectKBest(score_func=<function mutual_info_classif at 0x7e3bb6fd3420>), 'select__k': 7, 'transform': None}",,,,,,451,,,,,,451,,,,,,451
0.00033934911092122394,1.1050443230200026e-05,0.0,0.0,SMOTE(random_state=42),1.0,1000,2,l2,42,lbfgs,1e-08,SimpleImputer(strategy='median'),SelectKBest(score_func=<function mutual_info_classif at 0x7e3bb6fd3420>),5,,"{'balance': SMOTE(random_state=42), 'classify__C': 1.0, 'classify__max_iter': 1000, 'classify__n_jobs': 2, 'classify__penalty': 'l2', 'classify__random_state': 42, 'classify__solver': 'lbfgs', 'classify__tol': 1e-08, 'impute': SimpleImputer(strategy='median'), 'select': SelectKBest(score_func=<function mutual_info_classif at 0x7e3bb6fd3420>), 'select__k': 5, 'transform': None}",,,,,,451,,,,,,451,,,,,,451
0.0003154277801513672,1.2083534054535901e-05,0.0,0.0,SMOTE(random_state=42),1.0,1000,2,l2,42,lbfgs,1e-08,,SelectKBest(score_func=<function mutual_info_classif at 0x7e3bb6fd3420>),9,,"{'balance': SMOTE(random_state=42), 'classify__C': 1.0, 'classify__max_iter': 1000, 'classify__n_jobs': 2, 'classify__penalty': 'l2', 'classify__random_state': 42, 'classify__solver': 'lbfgs', 'classify__tol': 1e-08, 'impute': None, 'select': SelectKBest(score_func=<function mutual_info_classif at 0x7e3bb6fd3420>), 'select__k': 9, 'transform': None}",,,,,,451,,,,,,451,,,,,,451
0.0003937085469563802,8.396178807373014e-05,0.0,0.0,SMOTE(random_state=42),1.0,1000,2,l2,42,lbfgs,1e-08,,SelectKBest(score_func=<function mutual_info_classif at 0x7e3bb6fd3420>),7,,"{'balance': SMOTE(random_state=42), 'classify__C': 1.0, 'classify__max_iter': 1000, 'classify__n_jobs': 2, 'classify__penalty': 'l2', 'classify__random_state': 42, 'classify__solver': 'lbfgs', 'classify__tol': 1e-08, 'impute': None, 'select': SelectKBest(score_func=<function mutual_info_classif at 0x7e3bb6fd3420>), 'select__k': 7, 'transform': None}",,,,,,451,,,,,,451,,,,,,451
0.00040976206461588543,0.00014486295775263284,0.0,0.0,SMOTE(random_state=42),1.0,1000,2,l2,42,lbfgs,1e-08,,SelectKBest(score_func=<function mutual_info_classif at 0x7e3bb6fd3420>),5,,"{'balance': SMOTE(random_state=42), 'classify__C': 1.0, 'classify__max_iter': 1000, 'classify__n_jobs': 2, 'classify__penalty': 'l2', 'classify__random_state': 42, 'classify__solver': 'lbfgs', 'classify__tol': 1e-08, 'impute': None, 'select': SelectKBest(score_func=<function mutual_info_classif at 0x7e3bb6fd3420>), 'select__k': 5, 'transform': None}",,,,,,451,,,,,,451,,,,,,451
0.0003484090169270833,3.2125128001225373e-06,0.0,0.0,SMOTE(random_state=42),1.0,500,2,l2,42,lbfgs,0.0001,SimpleImputer(strategy='median'),SelectKBest(score_func=<function mutual_info_classif at 0x7e3bb6fd3420>),9,,"{'balance': SMOTE(random_state=42), 'classify__C': 1.0, 'classify__max_iter': 500, 'classify__n_jobs': 2, 'classify__penalty': 'l2', 'classify__random_state': 42, 'classify__solver': 'lbfgs', 'classify__tol': 0.0001, 'impute': SimpleImputer(strategy='median'), 'select': SelectKBest(score_func=<function mutual_info_classif at 0x7e3bb6fd3420>), 'select__k': 9, 'transform': None}",,,,,,451,,,,,,451,,,,,,451
0.0003406206766764323,1.277166192743932e-05,0.0,0.0,SMOTE(random_state=42),1.0,500,2,l2,42,lbfgs,0.0001,SimpleImputer(strategy='median'),SelectKBest(score_func=<function mutual_info_classif at 0x7e3bb6fd3420>),7,,"{'balance': SMOTE(random_state=42), 'classify__C': 1.0, 'classify__max_iter': 500, 'classify__n_jobs': 2, 'classify__penalty': 'l2', 'classify__random_state': 42, 'classify__solver': 'lbfgs', 'classify__tol': 0.0001, 'impute': SimpleImputer(strategy='median'), 'select': SelectKBest(score_func=<function mutual_info_classif at 0x7e3bb6fd3420>), 'select__k': 7, 'transform': None}",,,,,,451,,,,,,451,,,,,,451
0.0003510316212972005,2.4649401377472594e-06,0.0,0.0,SMOTE(random_state=42),1.0,500,2,l2,42,lbfgs,0.0001,SimpleImputer(strategy='median'),SelectKBest(score_func=<function mutual_info_classif at 0x7e3bb6fd3420>),5,,"{'balance': SMOTE(random_state=42), 'classify__C': 1.0, 'classify__max_iter': 500, 'classify__n_jobs': 2, 'classify__penalty': 'l2', 'classify__random_state': 42, 'classify__solver': 'lbfgs', 'classify__tol': 0.0001, 'impute': SimpleImputer(strategy='median'), 'select': SelectKBest(score_func=<function mutual_info_classif at 0x7e3bb6fd3420>), 'select__k': 5, 'transform': None}",,,,,,451,,,,,,451,,,,,,451
0.00030676523844401043,1.3309272145430634e-05,0.0,0.0,SMOTE(random_state=42),1.0,500,2,l2,42,lbfgs,0.0001,,SelectKBest(score_func=<function mutual_info_classif at 0x7e3bb6fd3420>),9,,"{'balance': SMOTE(random_state=42), 'classify__C': 1.0, 'classify__max_iter': 500, 'classify__n_jobs': 2, 'classify__penalty': 'l2', 'classify__random_state': 42, 'classify__solver': 'lbfgs', 'classify__tol': 0.0001, 'impute': None, 'select': SelectKBest(score_func=<function mutual_info_classif at 0x7e3bb6fd3420>), 'select__k': 9, 'transform': None}",,,,,,451,,,,,,451,,,,,,451
0.00030271212259928387,9.346765154513776e-06,0.0,0.0,SMOTE(random_state=42),1.0,500,2,l2,42,lbfgs,0.0001,,SelectKBest(score_func=<function mutual_info_classif at 0x7e3bb6fd3420>),7,,"{'balance': SMOTE(random_state=42), 'classify__C': 1.0, 'classify__max_iter': 500, 'classify__n_jobs': 2, 'classify__penalty': 'l2', 'classify__random_state': 42, 'classify__solver': 'lbfgs', 'classify__tol': 0.0001, 'impute': None, 'select': SelectKBest(score_func=<function mutual_info_classif at 0x7e3bb6fd3420>), 'select__k': 7, 'transform': None}",,,,,,451,,,,,,451,,,,,,451
0.0003113746643066406,4.335461202299072e-06,0.0,0.0,SMOTE(random_state=42),1.0,500,2,l2,42,lbfgs,0.0001,,SelectKBest(score_func=<function mutual_info_classif at 0x7e3bb6fd3420>),5,,"{'balance': SMOTE(random_state=42), 'classify__C': 1.0, 'classify__max_iter': 500, 'classify__n_jobs': 2, 'classify__penalty': 'l2', 'classify__random_state': 42, 'classify__solver': 'lbfgs', 'classify__tol': 0.0001, 'impute': None, 'select': SelectKBest(score_func=<function mutual_info_classif at 0x7e3bb6fd3420>), 'select__k': 5, 'transform': None}",,,,,,451,,,,,,451,,,,,,451
0.0003447532653808594,1.569342493267783e-05,0.0,0.0,SMOTE(random_state=42),1.0,500,2,l2,42,lbfgs,1e-06,SimpleImputer(strategy='median'),SelectKBest(score_func=<function mutual_info_classif at 0x7e3bb6fd3420>),9,,"{'balance': SMOTE(random_state=42), 'classify__C': 1.0, 'classify__max_iter': 500, 'classify__n_jobs': 2, 'classify__penalty': 'l2', 'classify__random_state': 42, 'classify__solver': 'lbfgs', 'classify__tol': 1e-06, 'impute': SimpleImputer(strategy='median'), 'select': SelectKBest(score_func=<function mutual_info_classif at 0x7e3bb6fd3420>), 'select__k': 9, 'transform': None}",,,,,,451,,,,,,451,,,,,,451
0.00034920374552408856,6.498333961728296e-06,0.0,0.0,SMOTE(random_state=42),1.0,500,2,l2,42,lbfgs,1e-06,SimpleImputer(strategy='median'),SelectKBest(score_func=<function mutual_info_classif at 0x7e3bb6fd3420>),7,,"{'balance': SMOTE(random_state=42), 'classify__C': 1.0, 'classify__max_iter': 500, 'classify__n_jobs': 2, 'classify__penalty': 'l2', 'classify__random_state': 42, 'classify__solver': 'lbfgs', 'classify__tol': 1e-06, 'impute': SimpleImputer(strategy='median'), 'select': SelectKBest(score_func=<function mutual_info_classif at 0x7e3bb6fd3420>), 'select__k': 7, 'transform': None}",,,,,,451,,,,,,451,,,,,,451
0.00035611788431803387,1.1849720522318395e-05,0.0,0.0,SMOTE(random_state=42),1.0,2000,2,l2,42,lbfgs,1e-08,SimpleImputer(strategy='median'),SelectKBest(score_func=<function mutual_info_classif at 0x7e3bb6fd3420>),9,,"{'balance': SMOTE(random_state=42), 'classify__C': 1.0, 'classify__max_iter': 2000, 'classify__n_jobs': 2, 'classify__penalty': 'l2', 'classify__random_state': 42, 'classify__solver': 'lbfgs', 'classify__tol': 1e-08, 'impute': SimpleImputer(strategy='median'), 'select': SelectKBest(score_func=<function mutual_info_classif at 0x7e3bb6fd3420>), 'select__k': 9, 'transform': None}",,,,,,451,,,,,,451,,,,,,451
0.00036327044169108075,2.2813002418529706e-06,0.0,0.0,SMOTE(random_state=42),1.0,2000,2,l2,42,lbfgs,1e-08,SimpleImputer(strategy='median'),SelectKBest(score_func=<function mutual_info_classif at 0x7e3bb6fd3420>),7,,"{'balance': SMOTE(random_state=42), 'classify__C': 1.0, 'classify__max_iter': 2000, 'classify__n_jobs': 2, 'classify__penalty': 'l2', 'classify__random_state': 42, 'classify__solver': 'lbfgs', 'classify__tol': 1e-08, 'impute': SimpleImputer(strategy='median'), 'select': SelectKBest(score_func=<function mutual_info_classif at 0x7e3bb6fd3420>), 'select__k': 7, 'transform': None}",,,,,,451,,,,,,451,,,,,,451
0.00034999847412109375,1.237175732003619e-05,0.0,0.0,SMOTE(random_state=42),1.0,2000,2,l2,42,lbfgs,1e-08,SimpleImputer(strategy='median'),SelectKBest(score_func=<function mutual_info_classif at 0x7e3bb6fd3420>),5,,"{'balance': SMOTE(random_state=42), 'classify__C': 1.0, 'classify__max_iter': 2000, 'classify__n_jobs': 2, 'classify__penalty': 'l2', 'classify__random_state': 42, 'classify__solver': 'lbfgs', 'classify__tol': 1e-08, 'impute': SimpleImputer(strategy='median'), 'select': SelectKBest(score_func=<function mutual_info_classif at 0x7e3bb6fd3420>), 'select__k': 5, 'transform': None}",,,,,,451,,,,,,451,,,,,,451
0.0003211498260498047,4.989731201280677e-06,0.0,0.0,SMOTE(random_state=42),1.0,2000,2,l2,42,lbfgs,1e-08,,SelectKBest(score_func=<function mutual_info_classif at 0x7e3bb6fd3420>),9,,"{'balance': SMOTE(random_state=42), 'classify__C': 1.0, 'classify__max_iter': 2000, 'classify__n_jobs': 2, 'classify__penalty': 'l2', 'classify__random_state': 42, 'classify__solver': 'lbfgs', 'classify__tol': 1e-08, 'impute': None, 'select': SelectKBest(score_func=<function mutual_info_classif at 0x7e3bb6fd3420>), 'select__k': 9, 'transform': None}",,,,,,451,,,,,,451,,,,,,451
0.0003229777018229167,8.723933855732341e-06,0.0,0.0,SMOTE(random_state=42),1.0,2000,2,l2,42,lbfgs,1e-08,,SelectKBest(score_func=<function mutual_info_classif at 0x7e3bb6fd3420>),7,,"{'balance': SMOTE(random_state=42), 'classify__C': 1.0, 'classify__max_iter': 2000, 'classify__n_jobs': 2, 'classify__penalty': 'l2', 'classify__random_state': 42, 'classify__solver': 'lbfgs', 'classify__tol': 1e-08, 'impute': None, 'select': SelectKBest(score_func=<function mutual_info_classif at 0x7e3bb6fd3420>), 'select__k': 7, 'transform': None}",,,,,,451,,,,,,451,,,,,,451
0.00031908353169759113,1.2913300399041865e-05,0.0,0.0,SMOTE(random_state=42),1.0,2000,2,l2,42,lbfgs,1e-08,,SelectKBest(score_func=<function mutual_info_classif at 0x7e3bb6fd3420>),5,,"{'balance': SMOTE(random_state=42), 'classify__C': 1.0, 'classify__max_iter': 2000, 'classify__n_jobs': 2, 'classify__penalty': 'l2', 'classify__random_state': 42, 'classify__solver': 'lbfgs', 'classify__tol': 1e-08, 'impute': None, 'select': SelectKBest(score_func=<function mutual_info_classif at 0x7e3bb6fd3420>), 'select__k': 5, 'transform': None}",,,,,,451,,,,,,451,,,,,,451
0.0003510316212972005,9.397308613000838e-06,0.0,0.0,SMOTE(random_state=42),1.0,1000,2,l2,42,lbfgs,0.0001,SimpleImputer(strategy='median'),SelectKBest(score_func=<function mutual_info_classif at 0x7e3bb6fd3420>),9,,"{'balance': SMOTE(random_state=42), 'classify__C': 1.0, 'classify__max_iter': 1000, 'classify__n_jobs': 2, 'classify__penalty': 'l2', 'classify__random_state': 42, 'classify__solver': 'lbfgs', 'classify__tol': 0.0001, 'impute': SimpleImputer(strategy='median'), 'select': SelectKBest(score_func=<function mutual_info_classif at 0x7e3bb6fd3420>), 'select__k': 9, 'transform': None}",,,,,,451,,,,,,451,,,,,,451
0.00036533673604329425,5.821624301850776e-06,0.0,0.0,SMOTE(random_state=42),1.0,1000,2,l2,42,lbfgs,0.0001,SimpleImputer(strategy='median'),SelectKBest(score_func=<function mutual_info_classif at 0x7e3bb6fd3420>),7,,"{'balance': SMOTE(random_state=42), 'classify__C': 1.0, 'classify__max_iter': 1000, 'classify__n_jobs': 2, 'classify__penalty': 'l2', 'classify__random_state': 42, 'classify__solver': 'lbfgs', 'classify__tol': 0.0001, 'impute': SimpleImputer(strategy='median'), 'select': SelectKBest(score_func=<function mutual_info_classif at 0x7e3bb6fd3420>), 'select__k': 7, 'transform': None}",,,,,,451,,,,,,451,,,,,,451
0.000352938969930013,1.034735412518806e-05,0.0,0.0,SMOTE(random_state=42),1.0,1000,2,l2,42,lbfgs,0.0001,SimpleImputer(strategy='median'),SelectKBest(score_func=<function mutual_info_classif at 0x7e3bb6fd3420>),5,,"{'balance': SMOTE(random_state=42), 'classify__C': 1.0, 'classify__max_iter': 1000, 'classify__n_jobs': 2, 'classify__penalty': 'l2', 'classify__random_state': 42, 'classify__solver': 'lbfgs', 'classify__tol': 0.0001, 'impute': SimpleImputer(strategy='median'), 'select': SelectKBest(score_func=<function mutual_info_classif at 0x7e3bb6fd3420>), 'select__k': 5, 'transform': None}",,,,,,451,,,,,,451,,,,,,451
0.0003104209899902344,8.66873691687481e-06,0.0,0.0,SMOTE(random_state=42),1.0,1000,2,l2,42,lbfgs,0.0001,,SelectKBest(score_func=<function mutual_info_classif at 0x7e3bb6fd3420>),9,,"{'balance': SMOTE(random_state=42), 'classify__C': 1.0, 'classify__max_iter': 1000, 'classify__n_jobs': 2, 'classify__penalty': 'l2', 'classify__random_state': 42, 'classify__solver': 'lbfgs', 'classify__tol': 0.0001, 'impute': None, 'select': SelectKBest(score_func=<function mutual_info_classif at 0x7e3bb6fd3420>), 'select__k': 9, 'transform': None}",,,,,,451,,,,,,451,,,,,,451
0.00033219655354817707,5.937638551188421e-06,0.0,0.0,SMOTE(random_state=42),1.0,1000,2,l2,42,lbfgs,0.0001,,SelectKBest(score_func=<function mutual_info_classif at 0x7e3bb6fd3420>),7,,"{'balance': SMOTE(random_state=42), 'classify__C': 1.0, 'classify__max_iter': 1000, 'classify__n_jobs': 2, 'classify__penalty': 'l2', 'classify__random_state': 42, 'classify__solver': 'lbfgs', 'classify__tol': 0.0001, 'impute': None, 'select': SelectKBest(score_func=<function mutual_info_classif at 0x7e3bb6fd3420>), 'select__k': 7, 'transform': None}",,,,,,451,,,,,,451,,,,,,451
0.00032440821329752606,1.271516083700855e-05,0.0,0.0,SMOTE(random_state=42),1.0,1000,2,l2,42,lbfgs,0.0001,,SelectKBest(score_func=<function mutual_info_classif at 0x7e3bb6fd3420>),5,,"{'balance': SMOTE(random_state=42), 'classify__C': 1.0, 'classify__max_iter': 1000, 'classify__n_jobs': 2, 'classify__penalty': 'l2', 'classify__random_state': 42, 'classify__solver': 'lbfgs', 'classify__tol': 0.0001, 'impute': None, 'select': SelectKBest(score_func=<function mutual_info_classif at 0x7e3bb6fd3420>), 'select__k': 5, 'transform': None}",,,,,,451,,,,,,451,,,,,,451
0.00035341580708821613,4.836757677301705e-06,0.0,0.0,SMOTE(random_state=42),1.0,1000,2,l2,42,lbfgs,1e-06,SimpleImputer(strategy='median'),SelectKBest(score_func=<function mutual_info_classif at 0x7e3bb6fd3420>),9,,"{'balance': SMOTE(random_state=42), 'classify__C': 1.0, 'classify__max_iter': 1000, 'classify__n_jobs': 2, 'classify__penalty': 'l2', 'classify__random_state': 42, 'classify__solver': 'lbfgs', 'classify__tol': 1e-06, 'impute': SimpleImputer(strategy='median'), 'select': SelectKBest(score_func=<function mutual_info_classif at 0x7e3bb6fd3420>), 'select__k': 9, 'transform': None}",,,,,,451,,,,,,451,,,,,,451
0.00035754839579264325,9.328502470411212e-06,0.0,0.0,SMOTE(random_state=42),1.0,1000,2,l2,42,lbfgs,1e-06,SimpleImputer(strategy='median'),SelectKBest(score_func=<function mutual_info_classif at 0x7e3bb6fd3420>),7,,"{'balance': SMOTE(random_state=42), 'classify__C': 1.0, 'classify__max_iter': 1000, 'classify__n_jobs': 2, 'classify__penalty': 'l2', 'classify__random_state': 42, 'classify__solver': 'lbfgs', 'classify__tol': 1e-06, 'impute': SimpleImputer(strategy='median'), 'select': SelectKBest(score_func=<function mutual_info_classif at 0x7e3bb6fd3420>), 'select__k': 7, 'transform': None}",,,,,,451,,,,,,451,,,,,,451
0.0003452301025390625,8.438356239594623e-06,0.0,0.0,SMOTE(random_state=42),1.0,1000,2,l2,42,lbfgs,1e-06,SimpleImputer(strategy='median'),SelectKBest(score_func=<function mutual_info_classif at 0x7e3bb6fd3420>),5,,"{'balance': SMOTE(random_state=42), 'classify__C': 1.0, 'classify__max_iter': 1000, 'classify__n_jobs': 2, 'classify__penalty': 'l2', 'classify__random_state': 42, 'classify__solver': 'lbfgs', 'classify__tol': 1e-06, 'impute': SimpleImputer(strategy='median'), 'select': SelectKBest(score_func=<function mutual_info_classif at 0x7e3bb6fd3420>), 'select__k': 5, 'transform': None}",,,,,,451,,,,,,451,,,,,,451
0.0003139972686767578,1.0009795184983437e-05,0.0,0.0,SMOTE(random_state=42),1.0,1000,2,l2,42,lbfgs,1e-06,,SelectKBest(score_func=<function mutual_info_classif at 0x7e3bb6fd3420>),9,,"{'balance': SMOTE(random_state=42), 'classify__C': 1.0, 'classify__max_iter': 1000, 'classify__n_jobs': 2, 'classify__penalty': 'l2', 'classify__random_state': 42, 'classify__solver': 'lbfgs', 'classify__tol': 1e-06, 'impute': None, 'select': SelectKBest(score_func=<function mutual_info_classif at 0x7e3bb6fd3420>), 'select__k': 9, 'transform': None}",,,,,,451,,,,,,451,,,,,,451
0.0003463427225748698,1.7120084681951313e-05,0.0,0.0,SMOTE(random_state=42),10.0,100,2,l2,42,lbfgs,1e-08,SimpleImputer(strategy='median'),SelectKBest(score_func=<function mutual_info_classif at 0x7e3bb6fd3420>),5,,"{'balance': SMOTE(random_state=42), 'classify__C': 10.0, 'classify__max_iter': 100, 'classify__n_jobs': 2, 'classify__penalty': 'l2', 'classify__random_state': 42, 'classify__solver': 'lbfgs', 'classify__tol': 1e-08, 'impute': SimpleImputer(strategy='median'), 'select': SelectKBest(score_func=<function mutual_info_classif at 0x7e3bb6fd3420>), 'select__k': 5, 'transform': None}",,,,,,451,,,,,,451,,,,,,451
0.00031455357869466144,4.270880649103929e-06,0.0,0.0,SMOTE(random_state=42),10.0,100,2,l2,42,lbfgs,1e-08,,SelectKBest(score_func=<function mutual_info_classif at 0x7e3bb6fd3420>),9,,"{'balance': SMOTE(random_state=42), 'classify__C': 10.0, 'classify__max_iter': 100, 'classify__n_jobs': 2, 'classify__penalty': 'l2', 'classify__random_state': 42, 'classify__solver': 'lbfgs', 'classify__tol': 1e-08, 'impute': None, 'select': SelectKBest(score_func=<function mutual_info_classif at 0x7e3bb6fd3420>), 'select__k': 9, 'transform': None}",,,,,,451,,,,,,451,,,,,,451
0.00032369295756022137,3.99108871761631e-06,0.0,0.0,SMOTE(random_state=42),10.0,100,2,l2,42,lbfgs,1e-08,,SelectKBest(score_func=<function mutual_info_classif at 0x7e3bb6fd3420>),7,,"{'balance': SMOTE(random_state=42), 'classify__C': 10.0, 'classify__max_iter': 100, 'classify__n_jobs': 2, 'classify__penalty': 'l2', 'classify__random_state': 42, 'classify__solver': 'lbfgs', 'classify__tol': 1e-08, 'impute': None, 'select': SelectKBest(score_func=<function mutual_info_classif at 0x7e3bb6fd3420>), 'select__k': 7, 'transform': None}",,,,,,451,,,,,,451,,,,,,451
0.0003132025400797526,1.4300257246618725e-05,0.0,0.0,SMOTE(random_state=42),10.0,100,2,l2,42,lbfgs,1e-08,,SelectKBest(score_func=<function mutual_info_classif at 0x7e3bb6fd3420>),5,,"{'balance': SMOTE(random_state=42), 'classify__C': 10.0, 'classify__max_iter': 100, 'classify__n_jobs': 2, 'classify__penalty': 'l2', 'classify__random_state': 42, 'classify__solver': 'lbfgs', 'classify__tol': 1e-08, 'impute': None, 'select': SelectKBest(score_func=<function mutual_info_classif at 0x7e3bb6fd3420>), 'select__k': 5, 'transform': None}",,,,,,451,,,,,,451,,,,,,451
0.0003540515899658203,9.692431251787588e-06,0.0,0.0,SMOTE(random_state=42),1.0,2000,2,l2,42,lbfgs,0.0001,SimpleImputer(strategy='median'),SelectKBest(score_func=<function mutual_info_classif at 0x7e3bb6fd3420>),9,,"{'balance': SMOTE(random_state=42), 'classify__C': 1.0, 'classify__max_iter': 2000, 'classify__n_jobs': 2, 'classify__penalty': 'l2', 'classify__random_state': 42, 'classify__solver': 'lbfgs', 'classify__tol': 0.0001, 'impute': SimpleImputer(strategy='median'), 'select': SelectKBest(score_func=<function mutual_info_classif at 0x7e3bb6fd3420>), 'select__k': 9, 'transform': None}",,,,,,451,,,,,,451,,,,,,451
0.00035881996154785156,1.096379875245446e-05,0.0,0.0,SMOTE(random_state=42),1.0,2000,2,l2,42,lbfgs,0.0001,SimpleImputer(strategy='median'),SelectKBest(score_func=<function mutual_info_classif at 0x7e3bb6fd3420>),7,,"{'balance': SMOTE(random_state=42), 'classify__C': 1.0, 'classify__max_iter': 2000, 'classify__n_jobs': 2, 'classify__penalty': 'l2', 'classify__random_state': 42, 'classify__solver': 'lbfgs', 'classify__tol': 0.0001, 'impute': SimpleImputer(strategy='median'), 'select': SelectKBest(score_func=<function mutual_info_classif at 0x7e3bb6fd3420>), 'select__k': 7, 'transform': None}",,,,,,451,,,,,,451,,,,,,451
0.0003585020701090495,4.3412845242016045e-06,0.0,0.0,SMOTE(random_state=42),1.0,2000,2,l2,42,lbfgs,0.0001,SimpleImputer(strategy='median'),SelectKBest(score_func=<function mutual_info_classif at 0x7e3bb6fd3420>),5,,"{'balance': SMOTE(random_state=42), 'classify__C': 1.0, 'classify__max_iter': 2000, 'classify__n_jobs': 2, 'classify__penalty': 'l2', 'classify__random_state': 42, 'classify__solver': 'lbfgs', 'classify__tol': 0.0001, 'impute': SimpleImputer(strategy='median'), 'select': SelectKBest(score_func=<function mutual_info_classif at 0x7e3bb6fd3420>), 'select__k': 5, 'transform': None}",,,,,,451,,,,,,451,,,,,,451
0.00031057993570963543,1.0216513539329425e-05,0.0,0.0,SMOTE(random_state=42),1.0,2000,2,l2,42,lbfgs,0.0001,,SelectKBest(score_func=<function mutual_info_classif at 0x7e3bb6fd3420>),9,,"{'balance': SMOTE(random_state=42), 'classify__C': 1.0, 'classify__max_iter': 2000, 'classify__n_jobs': 2, 'classify__penalty': 'l2', 'classify__random_state': 42, 'classify__solver': 'lbfgs', 'classify__tol': 0.0001, 'impute': None, 'select': SelectKBest(score_func=<function mutual_info_classif at 0x7e3bb6fd3420>), 'select__k': 9, 'transform': None}",,,,,,451,,,,,,451,,,,,,451
0.0003323554992675781,3.994252482455274e-06,0.0,0.0,SMOTE(random_state=42),1.0,2000,2,l2,42,lbfgs,0.0001,,SelectKBest(score_func=<function mutual_info_classif at 0x7e3bb6fd3420>),7,,"{'balance': SMOTE(random_state=42), 'classify__C': 1.0, 'classify__max_iter': 2000, 'classify__n_jobs': 2, 'classify__penalty': 'l2', 'classify__random_state': 42, 'classify__solver': 'lbfgs', 'classify__tol': 0.0001, 'impute': None, 'select': SelectKBest(score_func=<function mutual_info_classif at 0x7e3bb6fd3420>), 'select__k': 7, 'transform': None}",,,,,,451,,,,,,451,,,,,,451
0.0003199577331542969,6.967372511006573e-06,0.0,0.0,SMOTE(random_state=42),1.0,2000,2,l2,42,lbfgs,0.0001,,SelectKBest(score_func=<function mutual_info_classif at 0x7e3bb6fd3420>),5,,"{'balance': SMOTE(random_state=42), 'classify__C': 1.0, 'classify__max_iter': 2000, 'classify__n_jobs': 2, 'classify__penalty': 'l2', 'classify__random_state': 42, 'classify__solver': 'lbfgs', 'classify__tol': 0.0001, 'impute': None, 'select': SelectKBest(score_func=<function mutual_info_classif at 0x7e3bb6fd3420>), 'select__k': 5, 'transform': None}",,,,,,451,,,,,,451,,,,,,451
0.0003596941630045573,2.699738780889992e-06,0.0,0.0,SMOTE(random_state=42),1.0,2000,2,l2,42,lbfgs,1e-06,SimpleImputer(strategy='median'),SelectKBest(score_func=<function mutual_info_classif at 0x7e3bb6fd3420>),9,,"{'balance': SMOTE(random_state=42), 'classify__C': 1.0, 'classify__max_iter': 2000, 'classify__n_jobs': 2, 'classify__penalty': 'l2', 'classify__random_state': 42, 'classify__solver': 'lbfgs', 'classify__tol': 1e-06, 'impute': SimpleImputer(strategy='median'), 'select': SelectKBest(score_func=<function mutual_info_classif at 0x7e3bb6fd3420>), 'select__k': 9, 'transform': None}",,,,,,451,,,,,,451,,,,,,451
0.0003542900085449219,6.888055381781403e-06,0.0,0.0,SMOTE(random_state=42),1.0,2000,2,l2,42,lbfgs,1e-06,SimpleImputer(strategy='median'),SelectKBest(score_func=<function mutual_info_classif at 0x7e3bb6fd3420>),7,,"{'balance': SMOTE(random_state=42), 'classify__C': 1.0, 'classify__max_iter': 2000, 'classify__n_jobs': 2, 'classify__penalty': 'l2', 'classify__random_state': 42, 'classify__solver': 'lbfgs', 'classify__tol': 1e-06, 'impute': SimpleImputer(strategy='median'), 'select': SelectKBest(score_func=<function mutual_info_classif at 0x7e3bb6fd3420>), 'select__k': 7, 'transform': None}",,,,,,451,,,,,,451,,,,,,451
0.0003510316212972005,1.2101292445697666e-05,0.0,0.0,SMOTE(random_state=42),1.0,2000,2,l2,42,lbfgs,1e-06,SimpleImputer(strategy='median'),SelectKBest(score_func=<function mutual_info_classif at 0x7e3bb6fd3420>),5,,"{'balance': SMOTE(random_state=42), 'classify__C': 1.0, 'classify__max_iter': 2000, 'classify__n_jobs': 2, 'classify__penalty': 'l2', 'classify__random_state': 42, 'classify__solver': 'lbfgs', 'classify__tol': 1e-06, 'impute': SimpleImputer(strategy='median'), 'select': SelectKBest(score_func=<function mutual_info_classif at 0x7e3bb6fd3420>), 'select__k': 5, 'transform': None}",,,,,,451,,,,,,451,,,,,,451
0.00031757354736328125,9.180405348583e-06,0.0,0.0,SMOTE(random_state=42),1.0,2000,2,l2,42,lbfgs,1e-06,,SelectKBest(score_func=<function mutual_info_classif at 0x7e3bb6fd3420>),9,,"{'balance': SMOTE(random_state=42), 'classify__C': 1.0, 'classify__max_iter': 2000, 'classify__n_jobs': 2, 'classify__penalty': 'l2', 'classify__random_state': 42, 'classify__solver': 'lbfgs', 'classify__tol': 1e-06, 'impute': None, 'select': SelectKBest(score_func=<function mutual_info_classif at 0x7e3bb6fd3420>), 'select__k': 9, 'transform': None}",,,,,,451,,,,,,451,,,,,,451
0.00032981236775716144,1.0819989792580609e-05,0.0,0.0,SMOTE(random_state=42),1.0,2000,2,l2,42,lbfgs,1e-06,,SelectKBest(score_func=<function mutual_info_classif at 0x7e3bb6fd3420>),7,,"{'balance': SMOTE(random_state=42), 'classify__C': 1.0, 'classify__max_iter': 2000, 'classify__n_jobs': 2, 'classify__penalty': 'l2', 'classify__random_state': 42, 'classify__solver': 'lbfgs', 'classify__tol': 1e-06, 'impute': None, 'select': SelectKBest(score_func=<function mutual_info_classif at 0x7e3bb6fd3420>), 'select__k': 7, 'transform': None}",,,,,,451,,,,,,451,,,,,,451
0.00032369295756022137,6.2060111380750775e-06,0.0,0.0,SMOTE(random_state=42),1.0,2000,2,l2,42,lbfgs,1e-06,,SelectKBest(score_func=<function mutual_info_classif at 0x7e3bb6fd3420>),5,,"{'balance': SMOTE(random_state=42), 'classify__C': 1.0, 'classify__max_iter': 2000, 'classify__n_jobs': 2, 'classify__penalty': 'l2', 'classify__random_state': 42, 'classify__solver': 'lbfgs', 'classify__tol': 1e-06, 'impute': None, 'select': SelectKBest(score_func=<function mutual_info_classif at 0x7e3bb6fd3420>), 'select__k': 5, 'transform': None}",,,,,,451,,,,,,451,,,,,,451
0.0003101030985514323,6.060815164228319e-06,0.0,0.0,SMOTE(random_state=42),10.0,200,2,l2,42,lbfgs,1e-08,,SelectKBest(score_func=<function mutual_info_classif at 0x7e3bb6fd3420>),7,,"{'balance': SMOTE(random_state=42), 'classify__C': 10.0, 'classify__max_iter': 200, 'classify__n_jobs': 2, 'classify__penalty': 'l2', 'classify__random_state': 42, 'classify__solver': 'lbfgs', 'classify__tol': 1e-08, 'impute': None, 'select': SelectKBest(score_func=<function mutual_info_classif at 0x7e3bb6fd3420>), 'select__k': 7, 'transform': None}",,,,,,451,,,,,,451,,,,,,451
0.00033346811930338543,2.808710734164612e-05,0.0,0.0,SMOTE(random_state=42),10.0,200,2,l2,42,lbfgs,1e-08,,SelectKBest(score_func=<function mutual_info_classif at 0x7e3bb6fd3420>),5,,"{'balance': SMOTE(random_state=42), 'classify__C': 10.0, 'classify__max_iter': 200, 'classify__n_jobs': 2, 'classify__penalty': 'l2', 'classify__random_state': 42, 'classify__solver': 'lbfgs', 'classify__tol': 1e-08, 'impute': None, 'select': SelectKBest(score_func=<function mutual_info_classif at 0x7e3bb6fd3420>), 'select__k': 5, 'transform': None}",,,,,,451,,,,,,451,,,,,,451
0.00035150845845540363,2.3468054231378872e-06,0.0,0.0,SMOTE(random_state=42),10.0,100,2,l2,42,lbfgs,0.0001,SimpleImputer(strategy='median'),SelectKBest(score_func=<function mutual_info_classif at 0x7e3bb6fd3420>),9,,"{'balance': SMOTE(random_state=42), 'classify__C': 10.0, 'classify__max_iter': 100, 'classify__n_jobs': 2, 'classify__penalty': 'l2', 'classify__random_state': 42, 'classify__solver': 'lbfgs', 'classify__tol': 0.0001, 'impute': SimpleImputer(strategy='median'), 'select': SelectKBest(score_func=<function mutual_info_classif at 0x7e3bb6fd3420>), 'select__k': 9, 'transform': None}",,,,,,451,,,,,,451,,,,,,451
0.0003352165222167969,1.2531536957058604e-05,0.0,0.0,SMOTE(random_state=42),10.0,100,2,l2,42,lbfgs,0.0001,SimpleImputer(strategy='median'),SelectKBest(score_func=<function mutual_info_classif at 0x7e3bb6fd3420>),7,,"{'balance': SMOTE(random_state=42), 'classify__C': 10.0, 'classify__max_iter': 100, 'classify__n_jobs': 2, 'classify__penalty': 'l2', 'classify__random_state': 42, 'classify__solver': 'lbfgs', 'classify__tol': 0.0001, 'impute': SimpleImputer(strategy='median'), 'select': SelectKBest(score_func=<function mutual_info_classif at 0x7e3bb6fd3420>), 'select__k': 7, 'transform': None}",,,,,,451,,,,,,451,,,,,,451
0.00034085909525553387,1.1406501209264852e-05,0.0,0.0,SMOTE(random_state=42),10.0,100,2,l2,42,lbfgs,0.0001,SimpleImputer(strategy='median'),SelectKBest(score_func=<function mutual_info_classif at 0x7e3bb6fd3420>),5,,"{'balance': SMOTE(random_state=42), 'classify__C': 10.0, 'classify__max_iter': 100, 'classify__n_jobs': 2, 'classify__penalty': 'l2', 'classify__random_state': 42, 'classify__solver': 'lbfgs', 'classify__tol': 0.0001, 'impute': SimpleImputer(strategy='median'), 'select': SelectKBest(score_func=<function mutual_info_classif at 0x7e3bb6fd3420>), 'select__k': 5, 'transform': None}",,,,,,451,,,,,,451,,,,,,451
0.00031304359436035156,4.022614394774044e-06,0.0,0.0,SMOTE(random_state=42),10.0,100,2,l2,42,lbfgs,0.0001,,SelectKBest(score_func=<function mutual_info_classif at 0x7e3bb6fd3420>),9,,"{'balance': SMOTE(random_state=42), 'classify__C': 10.0, 'classify__max_iter': 100, 'classify__n_jobs': 2, 'classify__penalty': 'l2', 'classify__random_state': 42, 'classify__solver': 'lbfgs', 'classify__tol': 0.0001, 'impute': None, 'select': SelectKBest(score_func=<function mutual_info_classif at 0x7e3bb6fd3420>), 'select__k': 9, 'transform': None}",,,,,,451,,,,,,451,,,,,,451
0.0003097852071126302,8.316978106149756e-06,0.0,0.0,SMOTE(random_state=42),10.0,100,2,l2,42,lbfgs,0.0001,,SelectKBest(score_func=<function mutual_info_classif at 0x7e3bb6fd3420>),7,,"{'balance': SMOTE(random_state=42), 'classify__C': 10.0, 'classify__max_iter': 100, 'classify__n_jobs': 2, 'classify__penalty': 'l2', 'classify__random_state': 42, 'classify__solver': 'lbfgs', 'classify__tol': 0.0001, 'impute': None, 'select': SelectKBest(score_func=<function mutual_info_classif at 0x7e3bb6fd3420>), 'select__k': 7, 'transform': None}",,,,,,451,,,,,,451,,,,,,451
0.0003281434377034505,6.332944810592822e-06,0.0,0.0,SMOTE(random_state=42),10.0,100,2,l2,42,lbfgs,0.0001,,SelectKBest(score_func=<function mutual_info_classif at 0x7e3bb6fd3420>),5,,"{'balance': SMOTE(random_state=42), 'classify__C': 10.0, 'classify__max_iter': 100, 'classify__n_jobs': 2, 'classify__penalty': 'l2', 'classify__random_state': 42, 'classify__solver': 'lbfgs', 'classify__tol': 0.0001, 'impute': None, 'select': SelectKBest(score_func=<function mutual_info_classif at 0x7e3bb6fd3420>), 'select__k': 5, 'transform': None}",,,,,,451,,,,,,451,,,,,,451
0.00035079320271809894,9.803871957456267e-06,0.0,0.0,SMOTE(random_state=42),10.0,100,2,l2,42,lbfgs,1e-06,SimpleImputer(strategy='median'),SelectKBest(score_func=<function mutual_info_classif at 0x7e3bb6fd3420>),9,,"{'balance': SMOTE(random_state=42), 'classify__C': 10.0, 'classify__max_iter': 100, 'classify__n_jobs': 2, 'classify__penalty': 'l2', 'classify__random_state': 42, 'classify__solver': 'lbfgs', 'classify__tol': 1e-06, 'impute': SimpleImputer(strategy='median'), 'select': SelectKBest(score_func=<function mutual_info_classif at 0x7e3bb6fd3420>), 'select__k': 9, 'transform': None}",,,,,,451,,,,,,451,,,,,,451
0.000341494878133138,6.254670578623136e-06,0.0,0.0,SMOTE(random_state=42),10.0,100,2,l2,42,lbfgs,1e-06,SimpleImputer(strategy='median'),SelectKBest(score_func=<function mutual_info_classif at 0x7e3bb6fd3420>),7,,"{'balance': SMOTE(random_state=42), 'classify__C': 10.0, 'classify__max_iter': 100, 'classify__n_jobs': 2, 'classify__penalty': 'l2', 'classify__random_state': 42, 'classify__solver': 'lbfgs', 'classify__tol': 1e-06, 'impute': SimpleImputer(strategy='median'), 'select': SelectKBest(score_func=<function mutual_info_classif at 0x7e3bb6fd3420>), 'select__k': 7, 'transform': None}",,,,,,451,,,,,,451,,,,,,451
0.00035039583841959637,3.6747067838341054e-06,0.0,0.0,SMOTE(random_state=42),10.0,100,2,l2,42,lbfgs,1e-06,SimpleImputer(strategy='median'),SelectKBest(score_func=<function mutual_info_classif at 0x7e3bb6fd3420>),5,,"{'balance': SMOTE(random_state=42), 'classify__C': 10.0, 'classify__max_iter': 100, 'classify__n_jobs': 2, 'classify__penalty': 'l2', 'classify__random_state': 42, 'classify__solver': 'lbfgs', 'classify__tol': 1e-06, 'impute': SimpleImputer(strategy='median'), 'select': SelectKBest(score_func=<function mutual_info_classif at 0x7e3bb6fd3420>), 'select__k': 5, 'transform': None}",,,,,,451,,,,,,451,,,,,,451
0.0005049705505371094,6.504706707529524e-05,0.0,0.0,SMOTE(random_state=42),10.0,100,2,l2,42,lbfgs,1e-06,,SelectKBest(score_func=<function mutual_info_classif at 0x7e3bb6fd3420>),9,,"{'balance': SMOTE(random_state=42), 'classify__C': 10.0, 'classify__max_iter': 100, 'classify__n_jobs': 2, 'classify__penalty': 'l2', 'classify__random_state': 42, 'classify__solver': 'lbfgs', 'classify__tol': 1e-06, 'impute': None, 'select': SelectKBest(score_func=<function mutual_info_classif at 0x7e3bb6fd3420>), 'select__k': 9, 'transform': None}",,,,,,451,,,,,,451,,,,,,451
0.0005069573720296224,0.00012475107703446218,0.0,0.0,SMOTE(random_state=42),10.0,100,2,l2,42,lbfgs,1e-06,,SelectKBest(score_func=<function mutual_info_classif at 0x7e3bb6fd3420>),7,,"{'balance': SMOTE(random_state=42), 'classify__C': 10.0, 'classify__max_iter': 100, 'classify__n_jobs': 2, 'classify__penalty': 'l2', 'classify__random_state': 42, 'classify__solver': 'lbfgs', 'classify__tol': 1e-06, 'impute': None, 'select': SelectKBest(score_func=<function mutual_info_classif at 0x7e3bb6fd3420>), 'select__k': 7, 'transform': None}",,,,,,451,,,,,,451,,,,,,451
0.0003197193145751953,9.754787705172912e-06,0.0,0.0,SMOTE(random_state=42),10.0,100,2,l2,42,lbfgs,1e-06,,SelectKBest(score_func=<function mutual_info_classif at 0x7e3bb6fd3420>),5,,"{'balance': SMOTE(random_state=42), 'classify__C': 10.0, 'classify__max_iter': 100, 'classify__n_jobs': 2, 'classify__penalty': 'l2', 'classify__random_state': 42, 'classify__solver': 'lbfgs', 'classify__tol': 1e-06, 'impute': None, 'select': SelectKBest(score_func=<function mutual_info_classif at 0x7e3bb6fd3420>), 'select__k': 5, 'transform': None}",,,,,,451,,,,,,451,,,,,,451
0.00035198529561360675,9.125200967411883e-06,0.0,0.0,SMOTE(random_state=42),10.0,100,2,l2,42,lbfgs,1e-08,SimpleImputer(strategy='median'),SelectKBest(score_func=<function mutual_info_classif at 0x7e3bb6fd3420>),9,,"{'balance': SMOTE(random_state=42), 'classify__C': 10.0, 'classify__max_iter': 100, 'classify__n_jobs': 2, 'classify__penalty': 'l2', 'classify__random_state': 42, 'classify__solver': 'lbfgs', 'classify__tol': 1e-08, 'impute': SimpleImputer(strategy='median'), 'select': SelectKBest(score_func=<function mutual_info_classif at 0x7e3bb6fd3420>), 'select__k': 9, 'transform': None}",,,,,,451,,,,,,451,,,,,,451
0.0003631114959716797,3.6471029617257965e-06,0.0,0.0,SMOTE(random_state=42),10.0,100,2,l2,42,lbfgs,1e-08,SimpleImputer(strategy='median'),SelectKBest(score_func=<function mutual_info_classif at 0x7e3bb6fd3420>),7,,"{'balance': SMOTE(random_state=42), 'classify__C': 10.0, 'classify__max_iter': 100, 'classify__n_jobs': 2, 'classify__penalty': 'l2', 'classify__random_state': 42, 'classify__solver': 'lbfgs', 'classify__tol': 1e-08, 'impute': SimpleImputer(strategy='median'), 'select': SelectKBest(score_func=<function mutual_info_classif at 0x7e3bb6fd3420>), 'select__k': 7, 'transform': None}",,,,,,451,,,,,,451,,,,,,451
0.0003444353739420573,2.4649401377472594e-06,0.0,0.0,SMOTE(random_state=42),10.0,200,2,l2,42,lbfgs,0.0001,SimpleImputer(strategy='median'),SelectKBest(score_func=<function mutual_info_classif at 0x7e3bb6fd3420>),9,,"{'balance': SMOTE(random_state=42), 'classify__C': 10.0, 'classify__max_iter': 200, 'classify__n_jobs': 2, 'classify__penalty': 'l2', 'classify__random_state': 42, 'classify__solver': 'lbfgs', 'classify__tol': 0.0001, 'impute': SimpleImputer(strategy='median'), 'select': SelectKBest(score_func=<function mutual_info_classif at 0x7e3bb6fd3420>), 'select__k': 9, 'transform': None}",,,,,,451,,,,,,451,,,,,,451
0.00034165382385253906,1.129577476476169e-05,0.0,0.0,SMOTE(random_state=42),10.0,200,2,l2,42,lbfgs,0.0001,SimpleImputer(strategy='median'),SelectKBest(score_func=<function mutual_info_classif at 0x7e3bb6fd3420>),7,,"{'balance': SMOTE(random_state=42), 'classify__C': 10.0, 'classify__max_iter': 200, 'classify__n_jobs': 2, 'classify__penalty': 'l2', 'classify__random_state': 42, 'classify__solver': 'lbfgs', 'classify__tol': 0.0001, 'impute': SimpleImputer(strategy='median'), 'select': SelectKBest(score_func=<function mutual_info_classif at 0x7e3bb6fd3420>), 'select__k': 7, 'transform': None}",,,,,,451,,,,,,451,,,,,,451
0.00034348169962565106,1.0123357559160294e-05,0.0,0.0,SMOTE(random_state=42),10.0,200,2,l2,42,lbfgs,0.0001,SimpleImputer(strategy='median'),SelectKBest(score_func=<function mutual_info_classif at 0x7e3bb6fd3420>),5,,"{'balance': SMOTE(random_state=42), 'classify__C': 10.0, 'classify__max_iter': 200, 'classify__n_jobs': 2, 'classify__penalty': 'l2', 'classify__random_state': 42, 'classify__solver': 'lbfgs', 'classify__tol': 0.0001, 'impute': SimpleImputer(strategy='median'), 'select': SelectKBest(score_func=<function mutual_info_classif at 0x7e3bb6fd3420>), 'select__k': 5, 'transform': None}",,,,,,451,,,,,,451,,,,,,451
0.0003299713134765625,1.07120453170104e-05,0.0,0.0,SMOTE(random_state=42),10.0,200,2,l2,42,lbfgs,0.0001,,SelectKBest(score_func=<function mutual_info_classif at 0x7e3bb6fd3420>),9,,"{'balance': SMOTE(random_state=42), 'classify__C': 10.0, 'classify__max_iter': 200, 'classify__n_jobs': 2, 'classify__penalty': 'l2', 'classify__random_state': 42, 'classify__solver': 'lbfgs', 'classify__tol': 0.0001, 'impute': None, 'select': SelectKBest(score_func=<function mutual_info_classif at 0x7e3bb6fd3420>), 'select__k': 9, 'transform': None}",,,,,,451,,,,,,451,,,,,,451
0.00030541419982910156,1.1879531187092333e-05,0.0,0.0,SMOTE(random_state=42),10.0,200,2,l2,42,lbfgs,0.0001,,SelectKBest(score_func=<function mutual_info_classif at 0x7e3bb6fd3420>),7,,"{'balance': SMOTE(random_state=42), 'classify__C': 10.0, 'classify__max_iter': 200, 'classify__n_jobs': 2, 'classify__penalty': 'l2', 'classify__random_state': 42, 'classify__solver': 'lbfgs', 'classify__tol': 0.0001, 'impute': None, 'select': SelectKBest(score_func=<function mutual_info_classif at 0x7e3bb6fd3420>), 'select__k': 7, 'transform': None}",,,,,,451,,,,,,451,,,,,,451
0.0003249645233154297,1.7029830387524197e-05,0.0,0.0,SMOTE(random_state=42),10.0,200,2,l2,42,lbfgs,0.0001,,SelectKBest(score_func=<function mutual_info_classif at 0x7e3bb6fd3420>),5,,"{'balance': SMOTE(random_state=42), 'classify__C': 10.0, 'classify__max_iter': 200, 'classify__n_jobs': 2, 'classify__penalty': 'l2', 'classify__random_state': 42, 'classify__solver': 'lbfgs', 'classify__tol': 0.0001, 'impute': None, 'select': SelectKBest(score_func=<function mutual_info_classif at 0x7e3bb6fd3420>), 'select__k': 5, 'transform': None}",,,,,,451,,,,,,451,,,,,,451
0.0003619988759358724,3.991136192616075e-05,0.0,0.0,SMOTE(random_state=42),10.0,200,2,l2,42,lbfgs,1e-06,SimpleImputer(strategy='median'),SelectKBest(score_func=<function mutual_info_classif at 0x7e3bb6fd3420>),9,,"{'balance': SMOTE(random_state=42), 'classify__C': 10.0, 'classify__max_iter': 200, 'classify__n_jobs': 2, 'classify__penalty': 'l2', 'classify__random_state': 42, 'classify__solver': 'lbfgs', 'classify__tol': 1e-06, 'impute': SimpleImputer(strategy='median'), 'select': SelectKBest(score_func=<function mutual_info_classif at 0x7e3bb6fd3420>), 'select__k': 9, 'transform': None}",,,,,,451,,,,,,451,,,,,,451
0.0003501574198404948,5.136923030596514e-06,0.0,0.0,SMOTE(random_state=42),10.0,200,2,l2,42,lbfgs,1e-06,SimpleImputer(strategy='median'),SelectKBest(score_func=<function mutual_info_classif at 0x7e3bb6fd3420>),7,,"{'balance': SMOTE(random_state=42), 'classify__C': 10.0, 'classify__max_iter': 200, 'classify__n_jobs': 2, 'classify__penalty': 'l2', 'classify__random_state': 42, 'classify__solver': 'lbfgs', 'classify__tol': 1e-06, 'impute': SimpleImputer(strategy='median'), 'select': SelectKBest(score_func=<function mutual_info_classif at 0x7e3bb6fd3420>), 'select__k': 7, 'transform': None}",,,,,,451,,,,,,451,,,,,,451
0.0003636678059895833,2.7182041686077233e-05,0.0,0.0,SMOTE(random_state=42),10.0,200,2,l2,42,lbfgs,1e-06,SimpleImputer(strategy='median'),SelectKBest(score_func=<function mutual_info_classif at 0x7e3bb6fd3420>),5,,"{'balance': SMOTE(random_state=42), 'classify__C': 10.0, 'classify__max_iter': 200, 'classify__n_jobs': 2, 'classify__penalty': 'l2', 'classify__random_state': 42, 'classify__solver': 'lbfgs', 'classify__tol': 1e-06, 'impute': SimpleImputer(strategy='median'), 'select': SelectKBest(score_func=<function mutual_info_classif at 0x7e3bb6fd3420>), 'select__k': 5, 'transform': None}",,,,,,451,,,,,,451,,,,,,451
0.0003105004628499349,8.68475105531893e-06,0.0,0.0,SMOTE(random_state=42),10.0,200,2,l2,42,lbfgs,1e-06,,SelectKBest(score_func=<function mutual_info_classif at 0x7e3bb6fd3420>),9,,"{'balance': SMOTE(random_state=42), 'classify__C': 10.0, 'classify__max_iter': 200, 'classify__n_jobs': 2, 'classify__penalty': 'l2', 'classify__random_state': 42, 'classify__solver': 'lbfgs', 'classify__tol': 1e-06, 'impute': None, 'select': SelectKBest(score_func=<function mutual_info_classif at 0x7e3bb6fd3420>), 'select__k': 9, 'transform': None}",,,,,,451,,,,,,451,,,,,,451
0.0003364086151123047,1.945803343674677e-05,0.0,0.0,SMOTE(random_state=42),10.0,200,2,l2,42,lbfgs,1e-06,,SelectKBest(score_func=<function mutual_info_classif at 0x7e3bb6fd3420>),7,,"{'balance': SMOTE(random_state=42), 'classify__C': 10.0, 'classify__max_iter': 200, 'classify__n_jobs': 2, 'classify__penalty': 'l2', 'classify__random_state': 42, 'classify__solver': 'lbfgs', 'classify__tol': 1e-06, 'impute': None, 'select': SelectKBest(score_func=<function mutual_info_classif at 0x7e3bb6fd3420>), 'select__k': 7, 'transform': None}",,,,,,451,,,,,,451,,,,,,451
0.00031073888142903644,7.235086235517529e-06,0.0,0.0,SMOTE(random_state=42),10.0,200,2,l2,42,lbfgs,1e-06,,SelectKBest(score_func=<function mutual_info_classif at 0x7e3bb6fd3420>),5,,"{'balance': SMOTE(random_state=42), 'classify__C': 10.0, 'classify__max_iter': 200, 'classify__n_jobs': 2, 'classify__penalty': 'l2', 'classify__random_state': 42, 'classify__solver': 'lbfgs', 'classify__tol': 1e-06, 'impute': None, 'select': SelectKBest(score_func=<function mutual_info_classif at 0x7e3bb6fd3420>), 'select__k': 5, 'transform': None}",,,,,,451,,,,,,451,,,,,,451
0.00034419695536295575,9.571119446642937e-06,0.0,0.0,SMOTE(random_state=42),10.0,200,2,l2,42,lbfgs,1e-08,SimpleImputer(strategy='median'),SelectKBest(score_func=<function mutual_info_classif at 0x7e3bb6fd3420>),9,,"{'balance': SMOTE(random_state=42), 'classify__C': 10.0, 'classify__max_iter': 200, 'classify__n_jobs': 2, 'classify__penalty': 'l2', 'classify__random_state': 42, 'classify__solver': 'lbfgs', 'classify__tol': 1e-08, 'impute': SimpleImputer(strategy='median'), 'select': SelectKBest(score_func=<function mutual_info_classif at 0x7e3bb6fd3420>), 'select__k': 9, 'transform': None}",,,,,,451,,,,,,451,,,,,,451
0.0003628730773925781,3.6423201465358746e-05,0.0,0.0,SMOTE(random_state=42),10.0,200,2,l2,42,lbfgs,1e-08,SimpleImputer(strategy='median'),SelectKBest(score_func=<function mutual_info_classif at 0x7e3bb6fd3420>),7,,"{'balance': SMOTE(random_state=42), 'classify__C': 10.0, 'classify__max_iter': 200, 'classify__n_jobs': 2, 'classify__penalty': 'l2', 'classify__random_state': 42, 'classify__solver': 'lbfgs', 'classify__tol': 1e-08, 'impute': SimpleImputer(strategy='median'), 'select': SelectKBest(score_func=<function mutual_info_classif at 0x7e3bb6fd3420>), 'select__k': 7, 'transform': None}",,,,,,451,,,,,,451,,,,,,451
0.0003513495127360026,3.3169804818962744e-06,0.0,0.0,SMOTE(random_state=42),10.0,200,2,l2,42,lbfgs,1e-08,SimpleImputer(strategy='median'),SelectKBest(score_func=<function mutual_info_classif at 0x7e3bb6fd3420>),5,,"{'balance': SMOTE(random_state=42), 'classify__C': 10.0, 'classify__max_iter': 200, 'classify__n_jobs': 2, 'classify__penalty': 'l2', 'classify__random_state': 42, 'classify__solver': 'lbfgs', 'classify__tol': 1e-08, 'impute': SimpleImputer(strategy='median'), 'select': SelectKBest(score_func=<function mutual_info_classif at 0x7e3bb6fd3420>), 'select__k': 5, 'transform': None}",,,,,,451,,,,,,451,,,,,,451
0.0003165404001871745,6.74443229334422e-06,0.0,0.0,SMOTE(random_state=42),10.0,200,2,l2,42,lbfgs,1e-08,,SelectKBest(score_func=<function mutual_info_classif at 0x7e3bb6fd3420>),9,,"{'balance': SMOTE(random_state=42), 'classify__C': 10.0, 'classify__max_iter': 200, 'classify__n_jobs': 2, 'classify__penalty': 'l2', 'classify__random_state': 42, 'classify__solver': 'lbfgs', 'classify__tol': 1e-08, 'impute': None, 'select': SelectKBest(score_func=<function mutual_info_classif at 0x7e3bb6fd3420>), 'select__k': 9, 'transform': None}",,,,,,451,,,,,,451,,,,,,451
0.0006137688954671224,2.0749570750321988e-05,0.0,0.0,SMOTE(random_state=42),10.0,500,2,l2,42,lbfgs,0.0001,SimpleImputer(strategy='median'),SelectKBest(score_func=<function mutual_info_classif at 0x7e3bb6fd3420>),5,,"{'balance': SMOTE(random_state=42), 'classify__C': 10.0, 'classify__max_iter': 500, 'classify__n_jobs': 2, 'classify__penalty': 'l2', 'classify__random_state': 42, 'classify__solver': 'lbfgs', 'classify__tol': 0.0001, 'impute': SimpleImputer(strategy='median'), 'select': SelectKBest(score_func=<function mutual_info_classif at 0x7e3bb6fd3420>), 'select__k': 5, 'transform': None}",,,,,,451,,,,,,451,,,,,,451
0.0005942185719807943,2.3357180276829638e-05,0.0,0.0,SMOTE(random_state=42),10.0,500,2,l2,42,lbfgs,0.0001,,SelectKBest(score_func=<function mutual_info_classif at 0x7e3bb6fd3420>),9,,"{'balance': SMOTE(random_state=42), 'classify__C': 10.0, 'classify__max_iter': 500, 'classify__n_jobs': 2, 'classify__penalty': 'l2', 'classify__random_state': 42, 'classify__solver': 'lbfgs', 'classify__tol': 0.0001, 'impute': None, 'select': SelectKBest(score_func=<function mutual_info_classif at 0x7e3bb6fd3420>), 'select__k': 9, 'transform': None}",,,,,,451,,,,,,451,,,,,,451
0.00030986467997233075,1.0895030539297496e-05,0.0,0.0,SMOTE(random_state=42),10.0,500,2,l2,42,lbfgs,0.0001,,SelectKBest(score_func=<function mutual_info_classif at 0x7e3bb6fd3420>),7,,"{'balance': SMOTE(random_state=42), 'classify__C': 10.0, 'classify__max_iter': 500, 'classify__n_jobs': 2, 'classify__penalty': 'l2', 'classify__random_state': 42, 'classify__solver': 'lbfgs', 'classify__tol': 0.0001, 'impute': None, 'select': SelectKBest(score_func=<function mutual_info_classif at 0x7e3bb6fd3420>), 'select__k': 7, 'transform': None}",,,,,,451,,,,,,451,,,,,,451
0.0003388722737630208,2.012186265260019e-05,0.0,0.0,SMOTE(random_state=42),10.0,500,2,l2,42,lbfgs,0.0001,,SelectKBest(score_func=<function mutual_info_classif at 0x7e3bb6fd3420>),5,,"{'balance': SMOTE(random_state=42), 'classify__C': 10.0, 'classify__max_iter': 500, 'classify__n_jobs': 2, 'classify__penalty': 'l2', 'classify__random_state': 42, 'classify__solver': 'lbfgs', 'classify__tol': 0.0001, 'impute': None, 'select': SelectKBest(score_func=<function mutual_info_classif at 0x7e3bb6fd3420>), 'select__k': 5, 'transform': None}",,,,,,451,,,,,,451,,,,,,451
0.0003372033437093099,1.3245052754719836e-05,0.0,0.0,SMOTE(random_state=42),10.0,500,2,l2,42,lbfgs,1e-06,SimpleImputer(strategy='median'),SelectKBest(score_func=<function mutual_info_classif at 0x7e3bb6fd3420>),9,,"{'balance': SMOTE(random_state=42), 'classify__C': 10.0, 'classify__max_iter': 500, 'classify__n_jobs': 2, 'classify__penalty': 'l2', 'classify__random_state': 42, 'classify__solver': 'lbfgs', 'classify__tol': 1e-06, 'impute': SimpleImputer(strategy='median'), 'select': SelectKBest(score_func=<function mutual_info_classif at 0x7e3bb6fd3420>), 'select__k': 9, 'transform': None}",,,,,,451,,,,,,451,,,,,,451
0.0003636678059895833,2.3390416640150902e-05,0.0,0.0,SMOTE(random_state=42),10.0,500,2,l2,42,lbfgs,1e-06,SimpleImputer(strategy='median'),SelectKBest(score_func=<function mutual_info_classif at 0x7e3bb6fd3420>),7,,"{'balance': SMOTE(random_state=42), 'classify__C': 10.0, 'classify__max_iter': 500, 'classify__n_jobs': 2, 'classify__penalty': 'l2', 'classify__random_state': 42, 'classify__solver': 'lbfgs', 'classify__tol': 1e-06, 'impute': SimpleImputer(strategy='median'), 'select': SelectKBest(score_func=<function mutual_info_classif at 0x7e3bb6fd3420>), 'select__k': 7, 'transform': None}",,,,,,451,,,,,,451,,,,,,451
0.0003612041473388672,4.422005889652111e-06,0.0,0.0,SMOTE(random_state=42),10.0,500,2,l2,42,lbfgs,1e-06,SimpleImputer(strategy='median'),SelectKBest(score_func=<function mutual_info_classif at 0x7e3bb6fd3420>),5,,"{'balance': SMOTE(random_state=42), 'classify__C': 10.0, 'classify__max_iter': 500, 'classify__n_jobs': 2, 'classify__penalty': 'l2', 'classify__random_state': 42, 'classify__solver': 'lbfgs', 'classify__tol': 1e-06, 'impute': SimpleImputer(strategy='median'), 'select': SelectKBest(score_func=<function mutual_info_classif at 0x7e3bb6fd3420>), 'select__k': 5, 'transform': None}",,,,,,451,,,,,,451,,,,,,451
0.00031177202860514325,1.4899836587311962e-05,0.0,0.0,SMOTE(random_state=42),10.0,500,2,l2,42,lbfgs,1e-06,,SelectKBest(score_func=<function mutual_info_classif at 0x7e3bb6fd3420>),9,,"{'balance': SMOTE(random_state=42), 'classify__C': 10.0, 'classify__max_iter': 500, 'classify__n_jobs': 2, 'classify__penalty': 'l2', 'classify__random_state': 42, 'classify__solver': 'lbfgs', 'classify__tol': 1e-06, 'impute': None, 'select': SelectKBest(score_func=<function mutual_info_classif at 0x7e3bb6fd3420>), 'select__k': 9, 'transform': None}",,,,,,451,,,,,,451,,,,,,451
0.0003178914388020833,6.702158814210261e-06,0.0,0.0,SMOTE(random_state=42),10.0,500,2,l2,42,lbfgs,1e-06,,SelectKBest(score_func=<function mutual_info_classif at 0x7e3bb6fd3420>),7,,"{'balance': SMOTE(random_state=42), 'classify__C': 10.0, 'classify__max_iter': 500, 'classify__n_jobs': 2, 'classify__penalty': 'l2', 'classify__random_state': 42, 'classify__solver': 'lbfgs', 'classify__tol': 1e-06, 'impute': None, 'select': SelectKBest(score_func=<function mutual_info_classif at 0x7e3bb6fd3420>), 'select__k': 7, 'transform': None}",,,,,,451,,,,,,451,,,,,,451
0.00031383832295735675,1.2121630328456635e-05,0.0,0.0,SMOTE(random_state=42),10.0,500,2,l2,42,lbfgs,1e-06,,SelectKBest(score_func=<function mutual_info_classif at 0x7e3bb6fd3420>),5,,"{'balance': SMOTE(random_state=42), 'classify__C': 10.0, 'classify__max_iter': 500, 'classify__n_jobs': 2, 'classify__penalty': 'l2', 'classify__random_state': 42, 'classify__solver': 'lbfgs', 'classify__tol': 1e-06, 'impute': None, 'select': SelectKBest(score_func=<function mutual_info_classif at 0x7e3bb6fd3420>), 'select__k': 5, 'transform': None}",,,,,,451,,,,,,451,,,,,,451
0.0003687540690104167,3.793994701995263e-05,0.0,0.0,SMOTE(random_state=42),10.0,500,2,l2,42,lbfgs,1e-08,SimpleImputer(strategy='median'),SelectKBest(score_func=<function mutual_info_classif at 0x7e3bb6fd3420>),9,,"{'balance': SMOTE(random_state=42), 'classify__C': 10.0, 'classify__max_iter': 500, 'classify__n_jobs': 2, 'classify__penalty': 'l2', 'classify__random_state': 42, 'classify__solver': 'lbfgs', 'classify__tol': 1e-08, 'impute': SimpleImputer(strategy='median'), 'select': SelectKBest(score_func=<function mutual_info_classif at 0x7e3bb6fd3420>), 'select__k': 9, 'transform': None}",,,,,,451,,,,,,451,,,,,,451
0.00034817059834798175,8.760778922729918e-06,0.0,0.0,SMOTE(random_state=42),10.0,500,2,l2,42,lbfgs,1e-08,SimpleImputer(strategy='median'),SelectKBest(score_func=<function mutual_info_classif at 0x7e3bb6fd3420>),7,,"{'balance': SMOTE(random_state=42), 'classify__C': 10.0, 'classify__max_iter': 500, 'classify__n_jobs': 2, 'classify__penalty': 'l2', 'classify__random_state': 42, 'classify__solver': 'lbfgs', 'classify__tol': 1e-08, 'impute': SimpleImputer(strategy='median'), 'select': SelectKBest(score_func=<function mutual_info_classif at 0x7e3bb6fd3420>), 'select__k': 7, 'transform': None}",,,,,,451,,,,,,451,,,,,,451
0.0003600915273030599,7.499981395342526e-06,0.0,0.0,SMOTE(random_state=42),10.0,500,2,l2,42,lbfgs,1e-08,SimpleImputer(strategy='median'),SelectKBest(score_func=<function mutual_info_classif at 0x7e3bb6fd3420>),5,,"{'balance': SMOTE(random_state=42), 'classify__C': 10.0, 'classify__max_iter': 500, 'classify__n_jobs': 2, 'classify__penalty': 'l2', 'classify__random_state': 42, 'classify__solver': 'lbfgs', 'classify__tol': 1e-08, 'impute': SimpleImputer(strategy='median'), 'select': SelectKBest(score_func=<function mutual_info_classif at 0x7e3bb6fd3420>), 'select__k': 5, 'transform': None}",,,,,,451,,,,,,451,,,,,,451
0.00030867258707682293,1.1938929213341981e-05,0.0,0.0,SMOTE(random_state=42),10.0,500,2,l2,42,lbfgs,1e-08,,SelectKBest(score_func=<function mutual_info_classif at 0x7e3bb6fd3420>),9,,"{'balance': SMOTE(random_state=42), 'classify__C': 10.0, 'classify__max_iter': 500, 'classify__n_jobs': 2, 'classify__penalty': 'l2', 'classify__random_state': 42, 'classify__solver': 'lbfgs', 'classify__tol': 1e-08, 'impute': None, 'select': SelectKBest(score_func=<function mutual_info_classif at 0x7e3bb6fd3420>), 'select__k': 9, 'transform': None}",,,,,,451,,,,,,451,,,,,,451
0.00032560030619303387,1.7439177812505405e-05,0.0,0.0,SMOTE(random_state=42),10.0,500,2,l2,42,lbfgs,1e-08,,SelectKBest(score_func=<function mutual_info_classif at 0x7e3bb6fd3420>),7,,"{'balance': SMOTE(random_state=42), 'classify__C': 10.0, 'classify__max_iter': 500, 'classify__n_jobs': 2, 'classify__penalty': 'l2', 'classify__random_state': 42, 'classify__solver': 'lbfgs', 'classify__tol': 1e-08, 'impute': None, 'select': SelectKBest(score_func=<function mutual_info_classif at 0x7e3bb6fd3420>), 'select__k': 7, 'transform': None}",,,,,,451,,,,,,451,,,,,,451
0.0003361701965332031,2.5283613043009635e-05,0.0,0.0,SMOTE(random_state=42),10.0,500,2,l2,42,lbfgs,1e-08,,SelectKBest(score_func=<function mutual_info_classif at 0x7e3bb6fd3420>),5,,"{'balance': SMOTE(random_state=42), 'classify__C': 10.0, 'classify__max_iter': 500, 'classify__n_jobs': 2, 'classify__penalty': 'l2', 'classify__random_state': 42, 'classify__solver': 'lbfgs', 'classify__tol': 1e-08, 'impute': None, 'select': SelectKBest(score_func=<function mutual_info_classif at 0x7e3bb6fd3420>), 'select__k': 5, 'transform': None}",,,,,,451,,,,,,451,,,,,,451
0.0003143151601155599,6.755660545779359e-06,0.0,0.0,SMOTE(random_state=42),10.0,1000,2,l2,42,lbfgs,0.0001,,SelectKBest(score_func=<function mutual_info_classif at 0x7e3bb6fd3420>),7,,"{'balance': SMOTE(random_state=42), 'classify__C': 10.0, 'classify__max_iter': 1000, 'classify__n_jobs': 2, 'classify__penalty': 'l2', 'classify__random_state': 42, 'classify__solver': 'lbfgs', 'classify__tol': 0.0001, 'impute': None, 'select': SelectKBest(score_func=<function mutual_info_classif at 0x7e3bb6fd3420>), 'select__k': 7, 'transform': None}",,,,,,451,,,,,,451,,,,,,451
0.0003090699513753255,7.886655317977446e-06,0.0,0.0,SMOTE(random_state=42),10.0,1000,2,l2,42,lbfgs,0.0001,,SelectKBest(score_func=<function mutual_info_classif at 0x7e3bb6fd3420>),5,,"{'balance': SMOTE(random_state=42), 'classify__C': 10.0, 'classify__max_iter': 1000, 'classify__n_jobs': 2, 'classify__penalty': 'l2', 'classify__random_state': 42, 'classify__solver': 'lbfgs', 'classify__tol': 0.0001, 'impute': None, 'select': SelectKBest(score_func=<function mutual_info_classif at 0x7e3bb6fd3420>), 'select__k': 5, 'transform': None}",,,,,,451,,,,,,451,,,,,,451
0.0003448327382405599,7.206220999737839e-06,0.0,0.0,SMOTE(random_state=42),10.0,1000,2,l2,42,lbfgs,1e-06,SimpleImputer(strategy='median'),SelectKBest(score_func=<function mutual_info_classif at 0x7e3bb6fd3420>),9,,"{'balance': SMOTE(random_state=42), 'classify__C': 10.0, 'classify__max_iter': 1000, 'classify__n_jobs': 2, 'classify__penalty': 'l2', 'classify__random_state': 42, 'classify__solver': 'lbfgs', 'classify__tol': 1e-06, 'impute': SimpleImputer(strategy='median'), 'select': SelectKBest(score_func=<function mutual_info_classif at 0x7e3bb6fd3420>), 'select__k': 9, 'transform': None}",,,,,,451,,,,,,451,,,,,,451
0.0003418127695719401,1.2694281253184907e-05,0.0,0.0,SMOTE(random_state=42),10.0,1000,2,l2,42,lbfgs,1e-06,SimpleImputer(strategy='median'),SelectKBest(score_func=<function mutual_info_classif at 0x7e3bb6fd3420>),7,,"{'balance': SMOTE(random_state=42), 'classify__C': 10.0, 'classify__max_iter': 1000, 'classify__n_jobs': 2, 'classify__penalty': 'l2', 'classify__random_state': 42, 'classify__solver': 'lbfgs', 'classify__tol': 1e-06, 'impute': SimpleImputer(strategy='median'), 'select': SelectKBest(score_func=<function mutual_info_classif at 0x7e3bb6fd3420>), 'select__k': 7, 'transform': None}",,,,,,451,,,,,,451,,,,,,451
0.00035754839579264325,1.744786771146468e-06,0.0,0.0,SMOTE(random_state=42),10.0,1000,2,l2,42,lbfgs,1e-06,SimpleImputer(strategy='median'),SelectKBest(score_func=<function mutual_info_classif at 0x7e3bb6fd3420>),5,,"{'balance': SMOTE(random_state=42), 'classify__C': 10.0, 'classify__max_iter': 1000, 'classify__n_jobs': 2, 'classify__penalty': 'l2', 'classify__random_state': 42, 'classify__solver': 'lbfgs', 'classify__tol': 1e-06, 'impute': SimpleImputer(strategy='median'), 'select': SelectKBest(score_func=<function mutual_info_classif at 0x7e3bb6fd3420>), 'select__k': 5, 'transform': None}",,,,,,451,,,,,,451,,,,,,451
0.00031121571858723957,9.344737729923673e-06,0.0,0.0,SMOTE(random_state=42),10.0,1000,2,l2,42,lbfgs,1e-06,,SelectKBest(score_func=<function mutual_info_classif at 0x7e3bb6fd3420>),9,,"{'balance': SMOTE(random_state=42), 'classify__C': 10.0, 'classify__max_iter': 1000, 'classify__n_jobs': 2, 'classify__penalty': 'l2', 'classify__random_state': 42, 'classify__solver': 'lbfgs', 'classify__tol': 1e-06, 'impute': None, 'select': SelectKBest(score_func=<function mutual_info_classif at 0x7e3bb6fd3420>), 'select__k': 9, 'transform': None}",,,,,,451,,,,,,451,,,,,,451
0.000316619873046875,7.265575566698326e-06,0.0,0.0,SMOTE(random_state=42),10.0,1000,2,l2,42,lbfgs,1e-06,,SelectKBest(score_func=<function mutual_info_classif at 0x7e3bb6fd3420>),7,,"{'balance': SMOTE(random_state=42), 'classify__C': 10.0, 'classify__max_iter': 1000, 'classify__n_jobs': 2, 'classify__penalty': 'l2', 'classify__random_state': 42, 'classify__solver': 'lbfgs', 'classify__tol': 1e-06, 'impute': None, 'select': SelectKBest(score_func=<function mutual_info_classif at 0x7e3bb6fd3420>), 'select__k': 7, 'transform': None}",,,,,,451,,,,,,451,,,,,,451
0.00031638145446777344,1.3151257574359641e-05,0.0,0.0,SMOTE(random_state=42),10.0,1000,2,l2,42,lbfgs,1e-06,,SelectKBest(score_func=<function mutual_info_classif at 0x7e3bb6fd3420>),5,,"{'balance': SMOTE(random_state=42), 'classify__C': 10.0, 'classify__max_iter': 1000, 'classify__n_jobs': 2, 'classify__penalty': 'l2', 'classify__random_state': 42, 'classify__solver': 'lbfgs', 'classify__tol': 1e-06, 'impute': None, 'select': SelectKBest(score_func=<function mutual_info_classif at 0x7e3bb6fd3420>), 'select__k': 5, 'transform': None}",,,,,,451,,,,,,451,,,,,,451
0.00034054120381673175,1.2830867971098369e-05,0.0,0.0,SMOTE(random_state=42),10.0,1000,2,l2,42,lbfgs,1e-08,SimpleImputer(strategy='median'),SelectKBest(score_func=<function mutual_info_classif at 0x7e3bb6fd3420>),9,,"{'balance': SMOTE(random_state=42), 'classify__C': 10.0, 'classify__max_iter': 1000, 'classify__n_jobs': 2, 'classify__penalty': 'l2', 'classify__random_state': 42, 'classify__solver': 'lbfgs', 'classify__tol': 1e-08, 'impute': SimpleImputer(strategy='median'), 'select': SelectKBest(score_func=<function mutual_info_classif at 0x7e3bb6fd3420>), 'select__k': 9, 'transform': None}",,,,,,451,,,,,,451,,,,,,451
0.0003470579783121745,2.433998240012098e-06,0.0,0.0,SMOTE(random_state=42),10.0,1000,2,l2,42,lbfgs,1e-08,SimpleImputer(strategy='median'),SelectKBest(score_func=<function mutual_info_classif at 0x7e3bb6fd3420>),7,,"{'balance': SMOTE(random_state=42), 'classify__C': 10.0, 'classify__max_iter': 1000, 'classify__n_jobs': 2, 'classify__penalty': 'l2', 'classify__random_state': 42, 'classify__solver': 'lbfgs', 'classify__tol': 1e-08, 'impute': SimpleImputer(strategy='median'), 'select': SelectKBest(score_func=<function mutual_info_classif at 0x7e3bb6fd3420>), 'select__k': 7, 'transform': None}",,,,,,451,,,,,,451,,,,,,451
0.0003380775451660156,9.011675634742283e-06,0.0,0.0,SMOTE(random_state=42),10.0,1000,2,l2,42,lbfgs,1e-08,SimpleImputer(strategy='median'),SelectKBest(score_func=<function mutual_info_classif at 0x7e3bb6fd3420>),5,,"{'balance': SMOTE(random_state=42), 'classify__C': 10.0, 'classify__max_iter': 1000, 'classify__n_jobs': 2, 'classify__penalty': 'l2', 'classify__random_state': 42, 'classify__solver': 'lbfgs', 'classify__tol': 1e-08, 'impute': SimpleImputer(strategy='median'), 'select': SelectKBest(score_func=<function mutual_info_classif at 0x7e3bb6fd3420>), 'select__k': 5, 'transform': None}",,,,,,451,,,,,,451,,,,,,451
0.0003132025400797526,1.1851319423154016e-05,0.0,0.0,SMOTE(random_state=42),10.0,1000,2,l2,42,lbfgs,1e-08,,SelectKBest(score_func=<function mutual_info_classif at 0x7e3bb6fd3420>),9,,"{'balance': SMOTE(random_state=42), 'classify__C': 10.0, 'classify__max_iter': 1000, 'classify__n_jobs': 2, 'classify__penalty': 'l2', 'classify__random_state': 42, 'classify__solver': 'lbfgs', 'classify__tol': 1e-08, 'impute': None, 'select': SelectKBest(score_func=<function mutual_info_classif at 0x7e3bb6fd3420>), 'select__k': 9, 'transform': None}",,,,,,451,,,,,,451,,,,,,451
0.00031884511311848957,9.489605226055394e-06,0.0,0.0,SMOTE(random_state=42),10.0,1000,2,l2,42,lbfgs,1e-08,,SelectKBest(score_func=<function mutual_info_classif at 0x7e3bb6fd3420>),7,,"{'balance': SMOTE(random_state=42), 'classify__C': 10.0, 'classify__max_iter': 1000, 'classify__n_jobs': 2, 'classify__penalty': 'l2', 'classify__random_state': 42, 'classify__solver': 'lbfgs', 'classify__tol': 1e-08, 'impute': None, 'select': SelectKBest(score_func=<function mutual_info_classif at 0x7e3bb6fd3420>), 'select__k': 7, 'transform': None}",,,,,,451,,,,,,451,,,,,,451
0.0003543694814046224,4.565133020798381e-05,0.0,0.0,SMOTE(random_state=42),10.0,1000,2,l2,42,lbfgs,1e-08,,SelectKBest(score_func=<function mutual_info_classif at 0x7e3bb6fd3420>),5,,"{'balance': SMOTE(random_state=42), 'classify__C': 10.0, 'classify__max_iter': 1000, 'classify__n_jobs': 2, 'classify__penalty': 'l2', 'classify__random_state': 42, 'classify__solver': 'lbfgs', 'classify__tol': 1e-08, 'impute': None, 'select': SelectKBest(score_func=<function mutual_info_classif at 0x7e3bb6fd3420>), 'select__k': 5, 'transform': None}",,,,,,451,,,,,,451,,,,,,451
0.0006111462910970052,2.176221730905508e-05,0.0,0.0,SMOTE(random_state=42),10.0,500,2,l2,42,lbfgs,0.0001,SimpleImputer(strategy='median'),SelectKBest(score_func=<function mutual_info_classif at 0x7e3bb6fd3420>),9,,"{'balance': SMOTE(random_state=42), 'classify__C': 10.0, 'classify__max_iter': 500, 'classify__n_jobs': 2, 'classify__penalty': 'l2', 'classify__random_state': 42, 'classify__solver': 'lbfgs', 'classify__tol': 0.0001, 'impute': SimpleImputer(strategy='median'), 'select': SelectKBest(score_func=<function mutual_info_classif at 0x7e3bb6fd3420>), 'select__k': 9, 'transform': None}",,,,,,451,,,,,,451,,,,,,451
0.0005880196889241537,4.380389461364959e-06,0.0,0.0,SMOTE(random_state=42),10.0,500,2,l2,42,lbfgs,0.0001,SimpleImputer(strategy='median'),SelectKBest(score_func=<function mutual_info_classif at 0x7e3bb6fd3420>),7,,"{'balance': SMOTE(random_state=42), 'classify__C': 10.0, 'classify__max_iter': 500, 'classify__n_jobs': 2, 'classify__penalty': 'l2', 'classify__random_state': 42, 'classify__solver': 'lbfgs', 'classify__tol': 0.0001, 'impute': SimpleImputer(strategy='median'), 'select': SelectKBest(score_func=<function mutual_info_classif at 0x7e3bb6fd3420>), 'select__k': 7, 'transform': None}",,,,,,451,,,,,,451,,,,,,451
0.000360568364461263,1.942522191041589e-05,0.0,0.0,SMOTE(random_state=42),10.0,2000,2,l2,42,lbfgs,1e-06,SimpleImputer(strategy='median'),SelectKBest(score_func=<function mutual_info_classif at 0x7e3bb6fd3420>),9,,"{'balance': SMOTE(random_state=42), 'classify__C': 10.0, 'classify__max_iter': 2000, 'classify__n_jobs': 2, 'classify__penalty': 'l2', 'classify__random_state': 42, 'classify__solver': 'lbfgs', 'classify__tol': 1e-06, 'impute': SimpleImputer(strategy='median'), 'select': SelectKBest(score_func=<function mutual_info_classif at 0x7e3bb6fd3420>), 'select__k': 9, 'transform': None}",,,,,,451,,,,,,451,,,,,,451
0.0003571510314941406,1.9466795466607238e-07,0.0,0.0,SMOTE(random_state=42),10.0,2000,2,l2,42,lbfgs,1e-06,SimpleImputer(strategy='median'),SelectKBest(score_func=<function mutual_info_classif at 0x7e3bb6fd3420>),7,,"{'balance': SMOTE(random_state=42), 'classify__C': 10.0, 'classify__max_iter': 2000, 'classify__n_jobs': 2, 'classify__penalty': 'l2', 'classify__random_state': 42, 'classify__solver': 'lbfgs', 'classify__tol': 1e-06, 'impute': SimpleImputer(strategy='median'), 'select': SelectKBest(score_func=<function mutual_info_classif at 0x7e3bb6fd3420>), 'select__k': 7, 'transform': None}",,,,,,451,,,,,,451,,,,,,451
0.00034769376118977863,1.3245052754719836e-05,0.0,0.0,SMOTE(random_state=42),10.0,2000,2,l2,42,lbfgs,1e-06,SimpleImputer(strategy='median'),SelectKBest(score_func=<function mutual_info_classif at 0x7e3bb6fd3420>),5,,"{'balance': SMOTE(random_state=42), 'classify__C': 10.0, 'classify__max_iter': 2000, 'classify__n_jobs': 2, 'classify__penalty': 'l2', 'classify__random_state': 42, 'classify__solver': 'lbfgs', 'classify__tol': 1e-06, 'impute': SimpleImputer(strategy='median'), 'select': SelectKBest(score_func=<function mutual_info_classif at 0x7e3bb6fd3420>), 'select__k': 5, 'transform': None}",,,,,,451,,,,,,451,,,,,,451
0.00031574567159016925,3.2125128001225373e-06,0.0,0.0,SMOTE(random_state=42),10.0,2000,2,l2,42,lbfgs,1e-06,,SelectKBest(score_func=<function mutual_info_classif at 0x7e3bb6fd3420>),9,,"{'balance': SMOTE(random_state=42), 'classify__C': 10.0, 'classify__max_iter': 2000, 'classify__n_jobs': 2, 'classify__penalty': 'l2', 'classify__random_state': 42, 'classify__solver': 'lbfgs', 'classify__tol': 1e-06, 'impute': None, 'select': SelectKBest(score_func=<function mutual_info_classif at 0x7e3bb6fd3420>), 'select__k': 9, 'transform': None}",,,,,,451,,,,,,451,,,,,,451
0.0003193219502766927,1.0183075560604064e-05,0.0,0.0,SMOTE(random_state=42),10.0,2000,2,l2,42,lbfgs,1e-06,,SelectKBest(score_func=<function mutual_info_classif at 0x7e3bb6fd3420>),7,,"{'balance': SMOTE(random_state=42), 'classify__C': 10.0, 'classify__max_iter': 2000, 'classify__n_jobs': 2, 'classify__penalty': 'l2', 'classify__random_state': 42, 'classify__solver': 'lbfgs', 'classify__tol': 1e-06, 'impute': None, 'select': SelectKBest(score_func=<function mutual_info_classif at 0x7e3bb6fd3420>), 'select__k': 7, 'transform': None}",,,,,,451,,,,,,451,,,,,,451
0.0003279844919840495,1.1938929213341981e-05,0.0,0.0,SMOTE(random_state=42),10.0,2000,2,l2,42,lbfgs,1e-06,,SelectKBest(score_func=<function mutual_info_classif at 0x7e3bb6fd3420>),5,,"{'balance': SMOTE(random_state=42), 'classify__C': 10.0, 'classify__max_iter': 2000, 'classify__n_jobs': 2, 'classify__penalty': 'l2', 'classify__random_state': 42, 'classify__solver': 'lbfgs', 'classify__tol': 1e-06, 'impute': None, 'select': SelectKBest(score_func=<function mutual_info_classif at 0x7e3bb6fd3420>), 'select__k': 5, 'transform': None}",,,,,,451,,,,,,451,,,,,,451
0.00036342938741048175,1.861633714936742e-05,0.0,0.0,SMOTE(random_state=42),10.0,2000,2,l2,42,lbfgs,1e-08,SimpleImputer(strategy='median'),SelectKBest(score_func=<function mutual_info_classif at 0x7e3bb6fd3420>),9,,"{'balance': SMOTE(random_state=42), 'classify__C': 10.0, 'classify__max_iter': 2000, 'classify__n_jobs': 2, 'classify__penalty': 'l2', 'classify__random_state': 42, 'classify__solver': 'lbfgs', 'classify__tol': 1e-08, 'impute': SimpleImputer(strategy='median'), 'select': SelectKBest(score_func=<function mutual_info_classif at 0x7e3bb6fd3420>), 'select__k': 9, 'transform': None}",,,,,,451,,,,,,451,,,,,,451
0.00037670135498046875,1.3060174278890688e-05,0.0,0.0,SMOTE(random_state=42),10.0,2000,2,l2,42,lbfgs,1e-08,SimpleImputer(strategy='median'),SelectKBest(score_func=<function mutual_info_classif at 0x7e3bb6fd3420>),7,,"{'balance': SMOTE(random_state=42), 'classify__C': 10.0, 'classify__max_iter': 2000, 'classify__n_jobs': 2, 'classify__penalty': 'l2', 'classify__random_state': 42, 'classify__solver': 'lbfgs', 'classify__tol': 1e-08, 'impute': SimpleImputer(strategy='median'), 'select': SelectKBest(score_func=<function mutual_info_classif at 0x7e3bb6fd3420>), 'select__k': 7, 'transform': None}",,,,,,451,,,,,,451,,,,,,451
0.00036406517028808594,5.784619771664252e-06,0.0,0.0,SMOTE(random_state=42),10.0,2000,2,l2,42,lbfgs,1e-08,SimpleImputer(strategy='median'),SelectKBest(score_func=<function mutual_info_classif at 0x7e3bb6fd3420>),5,,"{'balance': SMOTE(random_state=42), 'classify__C': 10.0, 'classify__max_iter': 2000, 'classify__n_jobs': 2, 'classify__penalty': 'l2', 'classify__random_state': 42, 'classify__solver': 'lbfgs', 'classify__tol': 1e-08, 'impute': SimpleImputer(strategy='median'), 'select': SelectKBest(score_func=<function mutual_info_classif at 0x7e3bb6fd3420>), 'select__k': 5, 'transform': None}",,,,,,451,,,,,,451,,,,,,451
0.0003050963083902995,7.336511550168528e-06,0.0,0.0,SMOTE(random_state=42),10.0,2000,2,l2,42,lbfgs,1e-08,,SelectKBest(score_func=<function mutual_info_classif at 0x7e3bb6fd3420>),9,,"{'balance': SMOTE(random_state=42), 'classify__C': 10.0, 'classify__max_iter': 2000, 'classify__n_jobs': 2, 'classify__penalty': 'l2', 'classify__random_state': 42, 'classify__solver': 'lbfgs', 'classify__tol': 1e-08, 'impute': None, 'select': SelectKBest(score_func=<function mutual_info_classif at 0x7e3bb6fd3420>), 'select__k': 9, 'transform': None}",,,,,,451,,,,,,451,,,,,,451
0.00030414263407389325,6.2060111380750775e-06,0.0,0.0,SMOTE(random_state=42),10.0,2000,2,l2,42,lbfgs,1e-08,,SelectKBest(score_func=<function mutual_info_classif at 0x7e3bb6fd3420>),7,,"{'balance': SMOTE(random_state=42), 'classify__C': 10.0, 'classify__max_iter': 2000, 'classify__n_jobs': 2, 'classify__penalty': 'l2', 'classify__random_state': 42, 'classify__solver': 'lbfgs', 'classify__tol': 1e-08, 'impute': None, 'select': SelectKBest(score_func=<function mutual_info_classif at 0x7e3bb6fd3420>), 'select__k': 7, 'transform': None}",,,,,,451,,,,,,451,,,,,,451
0.00030414263407389325,1.1589421160379856e-05,0.0,0.0,SMOTE(random_state=42),10.0,2000,2,l2,42,lbfgs,1e-08,,SelectKBest(score_func=<function mutual_info_classif at 0x7e3bb6fd3420>),5,,"{'balance': SMOTE(random_state=42), 'classify__C': 10.0, 'classify__max_iter': 2000, 'classify__n_jobs': 2, 'classify__penalty': 'l2', 'classify__random_state': 42, 'classify__solver': 'lbfgs', 'classify__tol': 1e-08, 'impute': None, 'select': SelectKBest(score_func=<function mutual_info_classif at 0x7e3bb6fd3420>), 'select__k': 5, 'transform': None}",,,,,,451,,,,,,451,,,,,,451
0.0003517468770345052,8.432366278776193e-06,0.0,0.0,SMOTE(random_state=42),10.0,1000,2,l2,42,lbfgs,0.0001,SimpleImputer(strategy='median'),SelectKBest(score_func=<function mutual_info_classif at 0x7e3bb6fd3420>),9,,"{'balance': SMOTE(random_state=42), 'classify__C': 10.0, 'classify__max_iter': 1000, 'classify__n_jobs': 2, 'classify__penalty': 'l2', 'classify__random_state': 42, 'classify__solver': 'lbfgs', 'classify__tol': 0.0001, 'impute': SimpleImputer(strategy='median'), 'select': SelectKBest(score_func=<function mutual_info_classif at 0x7e3bb6fd3420>), 'select__k': 9, 'transform': None}",,,,,,451,,,,,,451,,,,,,451
0.0003475348154703776,9.565178546382968e-06,0.0,0.0,SMOTE(random_state=42),10.0,1000,2,l2,42,lbfgs,0.0001,SimpleImputer(strategy='median'),SelectKBest(score_func=<function mutual_info_classif at 0x7e3bb6fd3420>),7,,"{'balance': SMOTE(random_state=42), 'classify__C': 10.0, 'classify__max_iter': 1000, 'classify__n_jobs': 2, 'classify__penalty': 'l2', 'classify__random_state': 42, 'classify__solver': 'lbfgs', 'classify__tol': 0.0001, 'impute': SimpleImputer(strategy='median'), 'select': SelectKBest(score_func=<function mutual_info_classif at 0x7e3bb6fd3420>), 'select__k': 7, 'transform': None}",,,,,,451,,,,,,451,,,,,,451
0.00035421053568522137,4.000572506158581e-06,0.0,0.0,SMOTE(random_state=42),10.0,1000,2,l2,42,lbfgs,0.0001,SimpleImputer(strategy='median'),SelectKBest(score_func=<function mutual_info_classif at 0x7e3bb6fd3420>),5,,"{'balance': SMOTE(random_state=42), 'classify__C': 10.0, 'classify__max_iter': 1000, 'classify__n_jobs': 2, 'classify__penalty': 'l2', 'classify__random_state': 42, 'classify__solver': 'lbfgs', 'classify__tol': 0.0001, 'impute': SimpleImputer(strategy='median'), 'select': SelectKBest(score_func=<function mutual_info_classif at 0x7e3bb6fd3420>), 'select__k': 5, 'transform': None}",,,,,,451,,,,,,451,,,,,,451
0.00031630198160807293,4.199296574154824e-06,0.0,0.0,SMOTE(random_state=42),10.0,1000,2,l2,42,lbfgs,0.0001,,SelectKBest(score_func=<function mutual_info_classif at 0x7e3bb6fd3420>),9,,"{'balance': SMOTE(random_state=42), 'classify__C': 10.0, 'classify__max_iter': 1000, 'classify__n_jobs': 2, 'classify__penalty': 'l2', 'classify__random_state': 42, 'classify__solver': 'lbfgs', 'classify__tol': 0.0001, 'impute': None, 'select': SelectKBest(score_func=<function mutual_info_classif at 0x7e3bb6fd3420>), 'select__k': 9, 'transform': None}",,,,,,451,,,,,,451,,,,,,451
0.0003482500712076823,4.16304297565104e-06,0.0,0.0,SMOTE(random_state=42),100.0,100,2,l2,42,lbfgs,1e-06,SimpleImputer(strategy='median'),SelectKBest(score_func=<function mutual_info_classif at 0x7e3bb6fd3420>),5,,"{'balance': SMOTE(random_state=42), 'classify__C': 100.0, 'classify__max_iter': 100, 'classify__n_jobs': 2, 'classify__penalty': 'l2', 'classify__random_state': 42, 'classify__solver': 'lbfgs', 'classify__tol': 1e-06, 'impute': SimpleImputer(strategy='median'), 'select': SelectKBest(score_func=<function mutual_info_classif at 0x7e3bb6fd3420>), 'select__k': 5, 'transform': None}",,,,,,451,,,,,,451,,,,,,451
0.0003479321797688802,1.776213969510268e-05,0.0,0.0,SMOTE(random_state=42),100.0,100,2,l2,42,lbfgs,1e-06,,SelectKBest(score_func=<function mutual_info_classif at 0x7e3bb6fd3420>),9,,"{'balance': SMOTE(random_state=42), 'classify__C': 100.0, 'classify__max_iter': 100, 'classify__n_jobs': 2, 'classify__penalty': 'l2', 'classify__random_state': 42, 'classify__solver': 'lbfgs', 'classify__tol': 1e-06, 'impute': None, 'select': SelectKBest(score_func=<function mutual_info_classif at 0x7e3bb6fd3420>), 'select__k': 9, 'transform': None}",,,,,,451,,,,,,451,,,,,,451
0.0003331502278645833,2.2032193112116293e-05,0.0,0.0,SMOTE(random_state=42),100.0,100,2,l2,42,lbfgs,1e-06,,SelectKBest(score_func=<function mutual_info_classif at 0x7e3bb6fd3420>),7,,"{'balance': SMOTE(random_state=42), 'classify__C': 100.0, 'classify__max_iter': 100, 'classify__n_jobs': 2, 'classify__penalty': 'l2', 'classify__random_state': 42, 'classify__solver': 'lbfgs', 'classify__tol': 1e-06, 'impute': None, 'select': SelectKBest(score_func=<function mutual_info_classif at 0x7e3bb6fd3420>), 'select__k': 7, 'transform': None}",,,,,,451,,,,,,451,,,,,,451
0.00035007794698079425,3.550507265364642e-05,0.0,0.0,SMOTE(random_state=42),100.0,100,2,l2,42,lbfgs,1e-06,,SelectKBest(score_func=<function mutual_info_classif at 0x7e3bb6fd3420>),5,,"{'balance': SMOTE(random_state=42), 'classify__C': 100.0, 'classify__max_iter': 100, 'classify__n_jobs': 2, 'classify__penalty': 'l2', 'classify__random_state': 42, 'classify__solver': 'lbfgs', 'classify__tol': 1e-06, 'impute': None, 'select': SelectKBest(score_func=<function mutual_info_classif at 0x7e3bb6fd3420>), 'select__k': 5, 'transform': None}",,,,,,451,,,,,,451,,,,,,451
0.00034507115681966144,1.412695748152687e-05,0.0,0.0,SMOTE(random_state=42),100.0,100,2,l2,42,lbfgs,1e-08,SimpleImputer(strategy='median'),SelectKBest(score_func=<function mutual_info_classif at 0x7e3bb6fd3420>),9,,"{'balance': SMOTE(random_state=42), 'classify__C': 100.0, 'classify__max_iter': 100, 'classify__n_jobs': 2, 'classify__penalty': 'l2', 'classify__random_state': 42, 'classify__solver': 'lbfgs', 'classify__tol': 1e-08, 'impute': SimpleImputer(strategy='median'), 'select': SelectKBest(score_func=<function mutual_info_classif at 0x7e3bb6fd3420>), 'select__k': 9, 'transform': None}",,,,,,451,,,,,,451,,,,,,451
0.000360568364461263,2.1065855195336817e-05,0.0,0.0,SMOTE(random_state=42),100.0,100,2,l2,42,lbfgs,1e-08,SimpleImputer(strategy='median'),SelectKBest(score_func=<function mutual_info_classif at 0x7e3bb6fd3420>),7,,"{'balance': SMOTE(random_state=42), 'classify__C': 100.0, 'classify__max_iter': 100, 'classify__n_jobs': 2, 'classify__penalty': 'l2', 'classify__random_state': 42, 'classify__solver': 'lbfgs', 'classify__tol': 1e-08, 'impute': SimpleImputer(strategy='median'), 'select': SelectKBest(score_func=<function mutual_info_classif at 0x7e3bb6fd3420>), 'select__k': 7, 'transform': None}",,,,,,451,,,,,,451,,,,,,451
0.0003319581349690755,1.3062108546418905e-05,0.0,0.0,SMOTE(random_state=42),100.0,100,2,l2,42,lbfgs,1e-08,SimpleImputer(strategy='median'),SelectKBest(score_func=<function mutual_info_classif at 0x7e3bb6fd3420>),5,,"{'balance': SMOTE(random_state=42), 'classify__C': 100.0, 'classify__max_iter': 100, 'classify__n_jobs': 2, 'classify__penalty': 'l2', 'classify__random_state': 42, 'classify__solver': 'lbfgs', 'classify__tol': 1e-08, 'impute': SimpleImputer(strategy='median'), 'select': SelectKBest(score_func=<function mutual_info_classif at 0x7e3bb6fd3420>), 'select__k': 5, 'transform': None}",,,,,,451,,,,,,451,,,,,,451
0.00034538904825846356,3.292958684920951e-05,0.0,0.0,SMOTE(random_state=42),100.0,100,2,l2,42,lbfgs,1e-08,,SelectKBest(score_func=<function mutual_info_classif at 0x7e3bb6fd3420>),9,,"{'balance': SMOTE(random_state=42), 'classify__C': 100.0, 'classify__max_iter': 100, 'classify__n_jobs': 2, 'classify__penalty': 'l2', 'classify__random_state': 42, 'classify__solver': 'lbfgs', 'classify__tol': 1e-08, 'impute': None, 'select': SelectKBest(score_func=<function mutual_info_classif at 0x7e3bb6fd3420>), 'select__k': 9, 'transform': None}",,,,,,451,,,,,,451,,,,,,451
0.0003192424774169922,7.405062551686704e-06,0.0,0.0,SMOTE(random_state=42),100.0,100,2,l2,42,lbfgs,1e-08,,SelectKBest(score_func=<function mutual_info_classif at 0x7e3bb6fd3420>),7,,"{'balance': SMOTE(random_state=42), 'classify__C': 100.0, 'classify__max_iter': 100, 'classify__n_jobs': 2, 'classify__penalty': 'l2', 'classify__random_state': 42, 'classify__solver': 'lbfgs', 'classify__tol': 1e-08, 'impute': None, 'select': SelectKBest(score_func=<function mutual_info_classif at 0x7e3bb6fd3420>), 'select__k': 7, 'transform': None}",,,,,,451,,,,,,451,,,,,,451
0.00031987826029459637,8.846867911069071e-06,0.0,0.0,SMOTE(random_state=42),100.0,100,2,l2,42,lbfgs,1e-08,,SelectKBest(score_func=<function mutual_info_classif at 0x7e3bb6fd3420>),5,,"{'balance': SMOTE(random_state=42), 'classify__C': 100.0, 'classify__max_iter': 100, 'classify__n_jobs': 2, 'classify__penalty': 'l2', 'classify__random_state': 42, 'classify__solver': 'lbfgs', 'classify__tol': 1e-08, 'impute': None, 'select': SelectKBest(score_func=<function mutual_info_classif at 0x7e3bb6fd3420>), 'select__k': 5, 'transform': None}",,,,,,451,,,,,,451,,,,,,451
0.00037988026936848957,2.027383648565495e-05,0.0,0.0,SMOTE(random_state=42),10.0,2000,2,l2,42,lbfgs,0.0001,SimpleImputer(strategy='median'),SelectKBest(score_func=<function mutual_info_classif at 0x7e3bb6fd3420>),9,,"{'balance': SMOTE(random_state=42), 'classify__C': 10.0, 'classify__max_iter': 2000, 'classify__n_jobs': 2, 'classify__penalty': 'l2', 'classify__random_state': 42, 'classify__solver': 'lbfgs', 'classify__tol': 0.0001, 'impute': SimpleImputer(strategy='median'), 'select': SelectKBest(score_func=<function mutual_info_classif at 0x7e3bb6fd3420>), 'select__k': 9, 'transform': None}",,,,,,451,,,,,,451,,,,,,451
0.00036597251892089844,9.430853763624882e-06,0.0,0.0,SMOTE(random_state=42),10.0,2000,2,l2,42,lbfgs,0.0001,SimpleImputer(strategy='median'),SelectKBest(score_func=<function mutual_info_classif at 0x7e3bb6fd3420>),7,,"{'balance': SMOTE(random_state=42), 'classify__C': 10.0, 'classify__max_iter': 2000, 'classify__n_jobs': 2, 'classify__penalty': 'l2', 'classify__random_state': 42, 'classify__solver': 'lbfgs', 'classify__tol': 0.0001, 'impute': SimpleImputer(strategy='median'), 'select': SelectKBest(score_func=<function mutual_info_classif at 0x7e3bb6fd3420>), 'select__k': 7, 'transform': None}",,,,,,451,,,,,,451,,,,,,451
0.0003485679626464844,5.55059753743306e-06,0.0,0.0,SMOTE(random_state=42),10.0,2000,2,l2,42,lbfgs,0.0001,SimpleImputer(strategy='median'),SelectKBest(score_func=<function mutual_info_classif at 0x7e3bb6fd3420>),5,,"{'balance': SMOTE(random_state=42), 'classify__C': 10.0, 'classify__max_iter': 2000, 'classify__n_jobs': 2, 'classify__penalty': 'l2', 'classify__random_state': 42, 'classify__solver': 'lbfgs', 'classify__tol': 0.0001, 'impute': SimpleImputer(strategy='median'), 'select': SelectKBest(score_func=<function mutual_info_classif at 0x7e3bb6fd3420>), 'select__k': 5, 'transform': None}",,,,,,451,,,,,,451,,,,,,451
0.00031820933024088543,7.216730807461097e-06,0.0,0.0,SMOTE(random_state=42),10.0,2000,2,l2,42,lbfgs,0.0001,,SelectKBest(score_func=<function mutual_info_classif at 0x7e3bb6fd3420>),9,,"{'balance': SMOTE(random_state=42), 'classify__C': 10.0, 'classify__max_iter': 2000, 'classify__n_jobs': 2, 'classify__penalty': 'l2', 'classify__random_state': 42, 'classify__solver': 'lbfgs', 'classify__tol': 0.0001, 'impute': None, 'select': SelectKBest(score_func=<function mutual_info_classif at 0x7e3bb6fd3420>), 'select__k': 9, 'transform': None}",,,,,,451,,,,,,451,,,,,,451
0.0003192424774169922,1.7305751245505367e-05,0.0,0.0,SMOTE(random_state=42),10.0,2000,2,l2,42,lbfgs,0.0001,,SelectKBest(score_func=<function mutual_info_classif at 0x7e3bb6fd3420>),7,,"{'balance': SMOTE(random_state=42), 'classify__C': 10.0, 'classify__max_iter': 2000, 'classify__n_jobs': 2, 'classify__penalty': 'l2', 'classify__random_state': 42, 'classify__solver': 'lbfgs', 'classify__tol': 0.0001, 'impute': None, 'select': SelectKBest(score_func=<function mutual_info_classif at 0x7e3bb6fd3420>), 'select__k': 7, 'transform': None}",,,,,,451,,,,,,451,,,,,,451
0.00034848848978678387,1.3174768971757787e-05,0.0,0.0,SMOTE(random_state=42),10.0,2000,2,l2,42,lbfgs,0.0001,,SelectKBest(score_func=<function mutual_info_classif at 0x7e3bb6fd3420>),5,,"{'balance': SMOTE(random_state=42), 'classify__C': 10.0, 'classify__max_iter': 2000, 'classify__n_jobs': 2, 'classify__penalty': 'l2', 'classify__random_state': 42, 'classify__solver': 'lbfgs', 'classify__tol': 0.0001, 'impute': None, 'select': SelectKBest(score_func=<function mutual_info_classif at 0x7e3bb6fd3420>), 'select__k': 5, 'transform': None}",,,,,,451,,,,,,451,,,,,,451
0.00033020973205566406,2.0332320024246365e-05,0.0,0.0,SMOTE(random_state=42),100.0,200,2,l2,42,lbfgs,1e-06,,SelectKBest(score_func=<function mutual_info_classif at 0x7e3bb6fd3420>),7,,"{'balance': SMOTE(random_state=42), 'classify__C': 100.0, 'classify__max_iter': 200, 'classify__n_jobs': 2, 'classify__penalty': 'l2', 'classify__random_state': 42, 'classify__solver': 'lbfgs', 'classify__tol': 1e-06, 'impute': None, 'select': SelectKBest(score_func=<function mutual_info_classif at 0x7e3bb6fd3420>), 'select__k': 7, 'transform': None}",,,,,,451,,,,,,451,,,,,,451
0.00032862027486165363,1.6361761491131993e-05,0.0,0.0,SMOTE(random_state=42),100.0,200,2,l2,42,lbfgs,1e-06,,SelectKBest(score_func=<function mutual_info_classif at 0x7e3bb6fd3420>),5,,"{'balance': SMOTE(random_state=42), 'classify__C': 100.0, 'classify__max_iter': 200, 'classify__n_jobs': 2, 'classify__penalty': 'l2', 'classify__random_state': 42, 'classify__solver': 'lbfgs', 'classify__tol': 1e-06, 'impute': None, 'select': SelectKBest(score_func=<function mutual_info_classif at 0x7e3bb6fd3420>), 'select__k': 5, 'transform': None}",,,,,,451,,,,,,451,,,,,,451
0.00034960110982259113,1.1849720522318395e-05,0.0,0.0,SMOTE(random_state=42),100.0,200,2,l2,42,lbfgs,1e-08,SimpleImputer(strategy='median'),SelectKBest(score_func=<function mutual_info_classif at 0x7e3bb6fd3420>),9,,"{'balance': SMOTE(random_state=42), 'classify__C': 100.0, 'classify__max_iter': 200, 'classify__n_jobs': 2, 'classify__penalty': 'l2', 'classify__random_state': 42, 'classify__solver': 'lbfgs', 'classify__tol': 1e-08, 'impute': SimpleImputer(strategy='median'), 'select': SelectKBest(score_func=<function mutual_info_classif at 0x7e3bb6fd3420>), 'select__k': 9, 'transform': None}",,,,,,451,,,,,,451,,,,,,451
0.00037471453348795575,2.351080681034479e-05,0.0,0.0,SMOTE(random_state=42),100.0,200,2,l2,42,lbfgs,1e-08,SimpleImputer(strategy='median'),SelectKBest(score_func=<function mutual_info_classif at 0x7e3bb6fd3420>),7,,"{'balance': SMOTE(random_state=42), 'classify__C': 100.0, 'classify__max_iter': 200, 'classify__n_jobs': 2, 'classify__penalty': 'l2', 'classify__random_state': 42, 'classify__solver': 'lbfgs', 'classify__tol': 1e-08, 'impute': SimpleImputer(strategy='median'), 'select': SelectKBest(score_func=<function mutual_info_classif at 0x7e3bb6fd3420>), 'select__k': 7, 'transform': None}",,,,,,451,,,,,,451,,,,,,451
0.00034578641255696613,1.0301473053777289e-05,0.0,0.0,SMOTE(random_state=42),100.0,200,2,l2,42,lbfgs,1e-08,SimpleImputer(strategy='median'),SelectKBest(score_func=<function mutual_info_classif at 0x7e3bb6fd3420>),5,,"{'balance': SMOTE(random_state=42), 'classify__C': 100.0, 'classify__max_iter': 200, 'classify__n_jobs': 2, 'classify__penalty': 'l2', 'classify__random_state': 42, 'classify__solver': 'lbfgs', 'classify__tol': 1e-08, 'impute': SimpleImputer(strategy='median'), 'select': SelectKBest(score_func=<function mutual_info_classif at 0x7e3bb6fd3420>), 'select__k': 5, 'transform': None}",,,,,,451,,,,,,451,,,,,,451
0.0003172556559244792,1.4697538009541884e-05,0.0,0.0,SMOTE(random_state=42),100.0,200,2,l2,42,lbfgs,1e-08,,SelectKBest(score_func=<function mutual_info_classif at 0x7e3bb6fd3420>),9,,"{'balance': SMOTE(random_state=42), 'classify__C': 100.0, 'classify__max_iter': 200, 'classify__n_jobs': 2, 'classify__penalty': 'l2', 'classify__random_state': 42, 'classify__solver': 'lbfgs', 'classify__tol': 1e-08, 'impute': None, 'select': SelectKBest(score_func=<function mutual_info_classif at 0x7e3bb6fd3420>), 'select__k': 9, 'transform': None}",,,,,,451,,,,,,451,,,,,,451
0.0003191630045572917,3.0923011236737126e-06,0.0,0.0,SMOTE(random_state=42),100.0,200,2,l2,42,lbfgs,1e-08,,SelectKBest(score_func=<function mutual_info_classif at 0x7e3bb6fd3420>),7,,"{'balance': SMOTE(random_state=42), 'classify__C': 100.0, 'classify__max_iter': 200, 'classify__n_jobs': 2, 'classify__penalty': 'l2', 'classify__random_state': 42, 'classify__solver': 'lbfgs', 'classify__tol': 1e-08, 'impute': None, 'select': SelectKBest(score_func=<function mutual_info_classif at 0x7e3bb6fd3420>), 'select__k': 7, 'transform': None}",,,,,,451,,,,,,451,,,,,,451
0.0003368059794108073,7.489869056277856e-06,0.0,0.0,SMOTE(random_state=42),100.0,200,2,l2,42,lbfgs,1e-08,,SelectKBest(score_func=<function mutual_info_classif at 0x7e3bb6fd3420>),5,,"{'balance': SMOTE(random_state=42), 'classify__C': 100.0, 'classify__max_iter': 200, 'classify__n_jobs': 2, 'classify__penalty': 'l2', 'classify__random_state': 42, 'classify__solver': 'lbfgs', 'classify__tol': 1e-08, 'impute': None, 'select': SelectKBest(score_func=<function mutual_info_classif at 0x7e3bb6fd3420>), 'select__k': 5, 'transform': None}",,,,,,451,,,,,,451,,,,,,451
0.0003884633382161458,2.965690314408862e-05,0.0,0.0,SMOTE(random_state=42),100.0,100,2,l2,42,lbfgs,0.0001,SimpleImputer(strategy='median'),SelectKBest(score_func=<function mutual_info_classif at 0x7e3bb6fd3420>),9,,"{'balance': SMOTE(random_state=42), 'classify__C': 100.0, 'classify__max_iter': 100, 'classify__n_jobs': 2, 'classify__penalty': 'l2', 'classify__random_state': 42, 'classify__solver': 'lbfgs', 'classify__tol': 0.0001, 'impute': SimpleImputer(strategy='median'), 'select': SelectKBest(score_func=<function mutual_info_classif at 0x7e3bb6fd3420>), 'select__k': 9, 'transform': None}",,,,,,451,,,,,,451,,,,,,451
0.00035754839579264325,4.4660636006123595e-06,0.0,0.0,SMOTE(random_state=42),100.0,100,2,l2,42,lbfgs,0.0001,SimpleImputer(strategy='median'),SelectKBest(score_func=<function mutual_info_classif at 0x7e3bb6fd3420>),7,,"{'balance': SMOTE(random_state=42), 'classify__C': 100.0, 'classify__max_iter': 100, 'classify__n_jobs': 2, 'classify__penalty': 'l2', 'classify__random_state': 42, 'classify__solver': 'lbfgs', 'classify__tol': 0.0001, 'impute': SimpleImputer(strategy='median'), 'select': SelectKBest(score_func=<function mutual_info_classif at 0x7e3bb6fd3420>), 'select__k': 7, 'transform': None}",,,,,,451,,,,,,451,,,,,,451
0.0003789265950520833,3.131331524459239e-05,0.0,0.0,SMOTE(random_state=42),100.0,100,2,l2,42,lbfgs,0.0001,SimpleImputer(strategy='median'),SelectKBest(score_func=<function mutual_info_classif at 0x7e3bb6fd3420>),5,,"{'balance': SMOTE(random_state=42), 'classify__C': 100.0, 'classify__max_iter': 100, 'classify__n_jobs': 2, 'classify__penalty': 'l2', 'classify__random_state': 42, 'classify__solver': 'lbfgs', 'classify__tol': 0.0001, 'impute': SimpleImputer(strategy='median'), 'select': SelectKBest(score_func=<function mutual_info_classif at 0x7e3bb6fd3420>), 'select__k': 5, 'transform': None}",,,,,,451,,,,,,451,,,,,,451
0.0003382364908854167,2.077238736007406e-05,0.0,0.0,SMOTE(random_state=42),100.0,100,2,l2,42,lbfgs,0.0001,,SelectKBest(score_func=<function mutual_info_classif at 0x7e3bb6fd3420>),9,,"{'balance': SMOTE(random_state=42), 'classify__C': 100.0, 'classify__max_iter': 100, 'classify__n_jobs': 2, 'classify__penalty': 'l2', 'classify__random_state': 42, 'classify__solver': 'lbfgs', 'classify__tol': 0.0001, 'impute': None, 'select': SelectKBest(score_func=<function mutual_info_classif at 0x7e3bb6fd3420>), 'select__k': 9, 'transform': None}",,,,,,451,,,,,,451,,,,,,451
0.0003390312194824219,2.435450939777364e-05,0.0,0.0,SMOTE(random_state=42),100.0,100,2,l2,42,lbfgs,0.0001,,SelectKBest(score_func=<function mutual_info_classif at 0x7e3bb6fd3420>),7,,"{'balance': SMOTE(random_state=42), 'classify__C': 100.0, 'classify__max_iter': 100, 'classify__n_jobs': 2, 'classify__penalty': 'l2', 'classify__random_state': 42, 'classify__solver': 'lbfgs', 'classify__tol': 0.0001, 'impute': None, 'select': SelectKBest(score_func=<function mutual_info_classif at 0x7e3bb6fd3420>), 'select__k': 7, 'transform': None}",,,,,,451,,,,,,451,,,,,,451
0.00031558672587076825,9.089833182292123e-06,0.0,0.0,SMOTE(random_state=42),100.0,100,2,l2,42,lbfgs,0.0001,,SelectKBest(score_func=<function mutual_info_classif at 0x7e3bb6fd3420>),5,,"{'balance': SMOTE(random_state=42), 'classify__C': 100.0, 'classify__max_iter': 100, 'classify__n_jobs': 2, 'classify__penalty': 'l2', 'classify__random_state': 42, 'classify__solver': 'lbfgs', 'classify__tol': 0.0001, 'impute': None, 'select': SelectKBest(score_func=<function mutual_info_classif at 0x7e3bb6fd3420>), 'select__k': 5, 'transform': None}",,,,,,451,,,,,,451,,,,,,451
0.00035683314005533856,2.5049714267213325e-05,0.0,0.0,SMOTE(random_state=42),100.0,100,2,l2,42,lbfgs,1e-06,SimpleImputer(strategy='median'),SelectKBest(score_func=<function mutual_info_classif at 0x7e3bb6fd3420>),9,,"{'balance': SMOTE(random_state=42), 'classify__C': 100.0, 'classify__max_iter': 100, 'classify__n_jobs': 2, 'classify__penalty': 'l2', 'classify__random_state': 42, 'classify__solver': 'lbfgs', 'classify__tol': 1e-06, 'impute': SimpleImputer(strategy='median'), 'select': SelectKBest(score_func=<function mutual_info_classif at 0x7e3bb6fd3420>), 'select__k': 9, 'transform': None}",,,,,,451,,,,,,451,,,,,,451
0.00034872690836588543,4.82499098353721e-06,0.0,0.0,SMOTE(random_state=42),100.0,100,2,l2,42,lbfgs,1e-06,SimpleImputer(strategy='median'),SelectKBest(score_func=<function mutual_info_classif at 0x7e3bb6fd3420>),7,,"{'balance': SMOTE(random_state=42), 'classify__C': 100.0, 'classify__max_iter': 100, 'classify__n_jobs': 2, 'classify__penalty': 'l2', 'classify__random_state': 42, 'classify__solver': 'lbfgs', 'classify__tol': 1e-06, 'impute': SimpleImputer(strategy='median'), 'select': SelectKBest(score_func=<function mutual_info_classif at 0x7e3bb6fd3420>), 'select__k': 7, 'transform': None}",,,,,,451,,,,,,451,,,,,,451
0.0003612836201985677,1.6673777187931444e-05,0.0,0.0,SMOTE(random_state=42),100.0,500,2,l2,42,lbfgs,1e-08,SimpleImputer(strategy='median'),SelectKBest(score_func=<function mutual_info_classif at 0x7e3bb6fd3420>),9,,"{'balance': SMOTE(random_state=42), 'classify__C': 100.0, 'classify__max_iter': 500, 'classify__n_jobs': 2, 'classify__penalty': 'l2', 'classify__random_state': 42, 'classify__solver': 'lbfgs', 'classify__tol': 1e-08, 'impute': SimpleImputer(strategy='median'), 'select': SelectKBest(score_func=<function mutual_info_classif at 0x7e3bb6fd3420>), 'select__k': 9, 'transform': None}",,,,,,451,,,,,,451,,,,,,451
0.0003693898518880208,3.200694809850418e-05,0.0,0.0,SMOTE(random_state=42),100.0,500,2,l2,42,lbfgs,1e-08,SimpleImputer(strategy='median'),SelectKBest(score_func=<function mutual_info_classif at 0x7e3bb6fd3420>),7,,"{'balance': SMOTE(random_state=42), 'classify__C': 100.0, 'classify__max_iter': 500, 'classify__n_jobs': 2, 'classify__penalty': 'l2', 'classify__random_state': 42, 'classify__solver': 'lbfgs', 'classify__tol': 1e-08, 'impute': SimpleImputer(strategy='median'), 'select': SelectKBest(score_func=<function mutual_info_classif at 0x7e3bb6fd3420>), 'select__k': 7, 'transform': None}",,,,,,451,,,,,,451,,,,,,451
0.00037288665771484375,1.1133577535057423e-05,0.0,0.0,SMOTE(random_state=42),100.0,500,2,l2,42,lbfgs,1e-08,SimpleImputer(strategy='median'),SelectKBest(score_func=<function mutual_info_classif at 0x7e3bb6fd3420>),5,,"{'balance': SMOTE(random_state=42), 'classify__C': 100.0, 'classify__max_iter': 500, 'classify__n_jobs': 2, 'classify__penalty': 'l2', 'classify__random_state': 42, 'classify__solver': 'lbfgs', 'classify__tol': 1e-08, 'impute': SimpleImputer(strategy='median'), 'select': SelectKBest(score_func=<function mutual_info_classif at 0x7e3bb6fd3420>), 'select__k': 5, 'transform': None}",,,,,,451,,,,,,451,,,,,,451
0.0003498395284016927,2.6851008567440683e-05,0.0,0.0,SMOTE(random_state=42),100.0,500,2,l2,42,lbfgs,1e-08,,SelectKBest(score_func=<function mutual_info_classif at 0x7e3bb6fd3420>),9,,"{'balance': SMOTE(random_state=42), 'classify__C': 100.0, 'classify__max_iter': 500, 'classify__n_jobs': 2, 'classify__penalty': 'l2', 'classify__random_state': 42, 'classify__solver': 'lbfgs', 'classify__tol': 1e-08, 'impute': None, 'select': SelectKBest(score_func=<function mutual_info_classif at 0x7e3bb6fd3420>), 'select__k': 9, 'transform': None}",,,,,,451,,,,,,451,,,,,,451
0.0003470579783121745,5.224698357230378e-05,0.0,0.0,SMOTE(random_state=42),100.0,500,2,l2,42,lbfgs,1e-08,,SelectKBest(score_func=<function mutual_info_classif at 0x7e3bb6fd3420>),7,,"{'balance': SMOTE(random_state=42), 'classify__C': 100.0, 'classify__max_iter': 500, 'classify__n_jobs': 2, 'classify__penalty': 'l2', 'classify__random_state': 42, 'classify__solver': 'lbfgs', 'classify__tol': 1e-08, 'impute': None, 'select': SelectKBest(score_func=<function mutual_info_classif at 0x7e3bb6fd3420>), 'select__k': 7, 'transform': None}",,,,,,451,,,,,,451,,,,,,451
0.0003231366475423177,9.772900058683473e-06,0.0,0.0,SMOTE(random_state=42),100.0,500,2,l2,42,lbfgs,1e-08,,SelectKBest(score_func=<function mutual_info_classif at 0x7e3bb6fd3420>),5,,"{'balance': SMOTE(random_state=42), 'classify__C': 100.0, 'classify__max_iter': 500, 'classify__n_jobs': 2, 'classify__penalty': 'l2', 'classify__random_state': 42, 'classify__solver': 'lbfgs', 'classify__tol': 1e-08, 'impute': None, 'select': SelectKBest(score_func=<function mutual_info_classif at 0x7e3bb6fd3420>), 'select__k': 5, 'transform': None}",,,,,,451,,,,,,451,,,,,,451
0.0003705024719238281,2.964518765669507e-05,0.0,0.0,SMOTE(random_state=42),100.0,200,2,l2,42,lbfgs,0.0001,SimpleImputer(strategy='median'),SelectKBest(score_func=<function mutual_info_classif at 0x7e3bb6fd3420>),9,,"{'balance': SMOTE(random_state=42), 'classify__C': 100.0, 'classify__max_iter': 200, 'classify__n_jobs': 2, 'classify__penalty': 'l2', 'classify__random_state': 42, 'classify__solver': 'lbfgs', 'classify__tol': 0.0001, 'impute': SimpleImputer(strategy='median'), 'select': SelectKBest(score_func=<function mutual_info_classif at 0x7e3bb6fd3420>), 'select__k': 9, 'transform': None}",,,,,,451,,,,,,451,,,,,,451
0.00035945574442545575,2.9286584492823728e-06,0.0,0.0,SMOTE(random_state=42),100.0,200,2,l2,42,lbfgs,0.0001,SimpleImputer(strategy='median'),SelectKBest(score_func=<function mutual_info_classif at 0x7e3bb6fd3420>),7,,"{'balance': SMOTE(random_state=42), 'classify__C': 100.0, 'classify__max_iter': 200, 'classify__n_jobs': 2, 'classify__penalty': 'l2', 'classify__random_state': 42, 'classify__solver': 'lbfgs', 'classify__tol': 0.0001, 'impute': SimpleImputer(strategy='median'), 'select': SelectKBest(score_func=<function mutual_info_classif at 0x7e3bb6fd3420>), 'select__k': 7, 'transform': None}",,,,,,451,,,,,,451,,,,,,451
0.0003879070281982422,2.2049100065766947e-05,0.0,0.0,SMOTE(random_state=42),100.0,200,2,l2,42,lbfgs,0.0001,SimpleImputer(strategy='median'),SelectKBest(score_func=<function mutual_info_classif at 0x7e3bb6fd3420>),5,,"{'balance': SMOTE(random_state=42), 'classify__C': 100.0, 'classify__max_iter': 200, 'classify__n_jobs': 2, 'classify__penalty': 'l2', 'classify__random_state': 42, 'classify__solver': 'lbfgs', 'classify__tol': 0.0001, 'impute': SimpleImputer(strategy='median'), 'select': SelectKBest(score_func=<function mutual_info_classif at 0x7e3bb6fd3420>), 'select__k': 5, 'transform': None}",,,,,,451,,,,,,451,,,,,,451
0.0003181298573811849,1.5422240316649158e-05,0.0,0.0,SMOTE(random_state=42),100.0,200,2,l2,42,lbfgs,0.0001,,SelectKBest(score_func=<function mutual_info_classif at 0x7e3bb6fd3420>),9,,"{'balance': SMOTE(random_state=42), 'classify__C': 100.0, 'classify__max_iter': 200, 'classify__n_jobs': 2, 'classify__penalty': 'l2', 'classify__random_state': 42, 'classify__solver': 'lbfgs', 'classify__tol': 0.0001, 'impute': None, 'select': SelectKBest(score_func=<function mutual_info_classif at 0x7e3bb6fd3420>), 'select__k': 9, 'transform': None}",,,,,,451,,,,,,451,,,,,,451
0.0003534952799479167,2.7905726556593255e-05,0.0,0.0,SMOTE(random_state=42),100.0,200,2,l2,42,lbfgs,0.0001,,SelectKBest(score_func=<function mutual_info_classif at 0x7e3bb6fd3420>),7,,"{'balance': SMOTE(random_state=42), 'classify__C': 100.0, 'classify__max_iter': 200, 'classify__n_jobs': 2, 'classify__penalty': 'l2', 'classify__random_state': 42, 'classify__solver': 'lbfgs', 'classify__tol': 0.0001, 'impute': None, 'select': SelectKBest(score_func=<function mutual_info_classif at 0x7e3bb6fd3420>), 'select__k': 7, 'transform': None}",,,,,,451,,,,,,451,,,,,,451
0.00034332275390625,1.1564325175867129e-05,0.0,0.0,SMOTE(random_state=42),100.0,200,2,l2,42,lbfgs,0.0001,,SelectKBest(score_func=<function mutual_info_classif at 0x7e3bb6fd3420>),5,,"{'balance': SMOTE(random_state=42), 'classify__C': 100.0, 'classify__max_iter': 200, 'classify__n_jobs': 2, 'classify__penalty': 'l2', 'classify__random_state': 42, 'classify__solver': 'lbfgs', 'classify__tol': 0.0001, 'impute': None, 'select': SelectKBest(score_func=<function mutual_info_classif at 0x7e3bb6fd3420>), 'select__k': 5, 'transform': None}",,,,,,451,,,,,,451,,,,,,451
0.0003751118977864583,1.5125754360669859e-05,0.0,0.0,SMOTE(random_state=42),100.0,200,2,l2,42,lbfgs,1e-06,SimpleImputer(strategy='median'),SelectKBest(score_func=<function mutual_info_classif at 0x7e3bb6fd3420>),9,,"{'balance': SMOTE(random_state=42), 'classify__C': 100.0, 'classify__max_iter': 200, 'classify__n_jobs': 2, 'classify__penalty': 'l2', 'classify__random_state': 42, 'classify__solver': 'lbfgs', 'classify__tol': 1e-06, 'impute': SimpleImputer(strategy='median'), 'select': SelectKBest(score_func=<function mutual_info_classif at 0x7e3bb6fd3420>), 'select__k': 9, 'transform': None}",,,,,,451,,,,,,451,,,,,,451
0.0003608862559000651,3.2579026210736646e-05,0.0,0.0,SMOTE(random_state=42),100.0,200,2,l2,42,lbfgs,1e-06,SimpleImputer(strategy='median'),SelectKBest(score_func=<function mutual_info_classif at 0x7e3bb6fd3420>),7,,"{'balance': SMOTE(random_state=42), 'classify__C': 100.0, 'classify__max_iter': 200, 'classify__n_jobs': 2, 'classify__penalty': 'l2', 'classify__random_state': 42, 'classify__solver': 'lbfgs', 'classify__tol': 1e-06, 'impute': SimpleImputer(strategy='median'), 'select': SelectKBest(score_func=<function mutual_info_classif at 0x7e3bb6fd3420>), 'select__k': 7, 'transform': None}",,,,,,451,,,,,,451,,,,,,451
0.00038695335388183594,1.9824615961062817e-05,0.0,0.0,SMOTE(random_state=42),100.0,200,2,l2,42,lbfgs,1e-06,SimpleImputer(strategy='median'),SelectKBest(score_func=<function mutual_info_classif at 0x7e3bb6fd3420>),5,,"{'balance': SMOTE(random_state=42), 'classify__C': 100.0, 'classify__max_iter': 200, 'classify__n_jobs': 2, 'classify__penalty': 'l2', 'classify__random_state': 42, 'classify__solver': 'lbfgs', 'classify__tol': 1e-06, 'impute': SimpleImputer(strategy='median'), 'select': SelectKBest(score_func=<function mutual_info_classif at 0x7e3bb6fd3420>), 'select__k': 5, 'transform': None}",,,,,,451,,,,,,451,,,,,,451
0.0003265539805094401,1.7226005872641394e-05,0.0,0.0,SMOTE(random_state=42),100.0,200,2,l2,42,lbfgs,1e-06,,SelectKBest(score_func=<function mutual_info_classif at 0x7e3bb6fd3420>),9,,"{'balance': SMOTE(random_state=42), 'classify__C': 100.0, 'classify__max_iter': 200, 'classify__n_jobs': 2, 'classify__penalty': 'l2', 'classify__random_state': 42, 'classify__solver': 'lbfgs', 'classify__tol': 1e-06, 'impute': None, 'select': SelectKBest(score_func=<function mutual_info_classif at 0x7e3bb6fd3420>), 'select__k': 9, 'transform': None}",,,,,,451,,,,,,451,,,,,,451
0.0005138715108235677,0.00012303897690770117,0.0,0.0,SMOTE(random_state=42),100.0,1000,2,l2,42,lbfgs,1e-08,SimpleImputer(strategy='median'),SelectKBest(score_func=<function mutual_info_classif at 0x7e3bb6fd3420>),5,,"{'balance': SMOTE(random_state=42), 'classify__C': 100.0, 'classify__max_iter': 1000, 'classify__n_jobs': 2, 'classify__penalty': 'l2', 'classify__random_state': 42, 'classify__solver': 'lbfgs', 'classify__tol': 1e-08, 'impute': SimpleImputer(strategy='median'), 'select': SelectKBest(score_func=<function mutual_info_classif at 0x7e3bb6fd3420>), 'select__k': 5, 'transform': None}",,,,,,451,,,,,,451,,,,,,451
0.0005535284678141276,9.772900058683473e-06,0.0,0.0,SMOTE(random_state=42),100.0,1000,2,l2,42,lbfgs,1e-08,,SelectKBest(score_func=<function mutual_info_classif at 0x7e3bb6fd3420>),9,,"{'balance': SMOTE(random_state=42), 'classify__C': 100.0, 'classify__max_iter': 1000, 'classify__n_jobs': 2, 'classify__penalty': 'l2', 'classify__random_state': 42, 'classify__solver': 'lbfgs', 'classify__tol': 1e-08, 'impute': None, 'select': SelectKBest(score_func=<function mutual_info_classif at 0x7e3bb6fd3420>), 'select__k': 9, 'transform': None}",,,,,,451,,,,,,451,,,,,,451
0.0006002585093180338,3.9830573140031965e-05,0.0,0.0,SMOTE(random_state=42),100.0,1000,2,l2,42,lbfgs,1e-08,,SelectKBest(score_func=<function mutual_info_classif at 0x7e3bb6fd3420>),7,,"{'balance': SMOTE(random_state=42), 'classify__C': 100.0, 'classify__max_iter': 1000, 'classify__n_jobs': 2, 'classify__penalty': 'l2', 'classify__random_state': 42, 'classify__solver': 'lbfgs', 'classify__tol': 1e-08, 'impute': None, 'select': SelectKBest(score_func=<function mutual_info_classif at 0x7e3bb6fd3420>), 'select__k': 7, 'transform': None}",,,,,,451,,,,,,451,,,,,,451
0.0005799134572347006,1.8218188899910688e-05,0.0,0.0,SMOTE(random_state=42),100.0,1000,2,l2,42,lbfgs,1e-08,,SelectKBest(score_func=<function mutual_info_classif at 0x7e3bb6fd3420>),5,,"{'balance': SMOTE(random_state=42), 'classify__C': 100.0, 'classify__max_iter': 1000, 'classify__n_jobs': 2, 'classify__penalty': 'l2', 'classify__random_state': 42, 'classify__solver': 'lbfgs', 'classify__tol': 1e-08, 'impute': None, 'select': SelectKBest(score_func=<function mutual_info_classif at 0x7e3bb6fd3420>), 'select__k': 5, 'transform': None}",,,,,,451,,,,,,451,,,,,,451
0.0006576379140218099,5.8229585876129005e-05,0.0,0.0,SMOTE(random_state=42),100.0,500,2,l2,42,lbfgs,0.0001,SimpleImputer(strategy='median'),SelectKBest(score_func=<function mutual_info_classif at 0x7e3bb6fd3420>),9,,"{'balance': SMOTE(random_state=42), 'classify__C': 100.0, 'classify__max_iter': 500, 'classify__n_jobs': 2, 'classify__penalty': 'l2', 'classify__random_state': 42, 'classify__solver': 'lbfgs', 'classify__tol': 0.0001, 'impute': SimpleImputer(strategy='median'), 'select': SelectKBest(score_func=<function mutual_info_classif at 0x7e3bb6fd3420>), 'select__k': 9, 'transform': None}",,,,,,451,,,,,,451,,,,,,451
0.0006415843963623047,3.447821733833974e-05,0.0,0.0,SMOTE(random_state=42),100.0,500,2,l2,42,lbfgs,0.0001,SimpleImputer(strategy='median'),SelectKBest(score_func=<function mutual_info_classif at 0x7e3bb6fd3420>),7,,"{'balance': SMOTE(random_state=42), 'classify__C': 100.0, 'classify__max_iter': 500, 'classify__n_jobs': 2, 'classify__penalty': 'l2', 'classify__random_state': 42, 'classify__solver': 'lbfgs', 'classify__tol': 0.0001, 'impute': SimpleImputer(strategy='median'), 'select': SelectKBest(score_func=<function mutual_info_classif at 0x7e3bb6fd3420>), 'select__k': 7, 'transform': None}",,,,,,451,,,,,,451,,,,,,451
0.0006806055704752604,5.049160397695367e-05,0.0,0.0,SMOTE(random_state=42),100.0,500,2,l2,42,lbfgs,0.0001,SimpleImputer(strategy='median'),SelectKBest(score_func=<function mutual_info_classif at 0x7e3bb6fd3420>),5,,"{'balance': SMOTE(random_state=42), 'classify__C': 100.0, 'classify__max_iter': 500, 'classify__n_jobs': 2, 'classify__penalty': 'l2', 'classify__random_state': 42, 'classify__solver': 'lbfgs', 'classify__tol': 0.0001, 'impute': SimpleImputer(strategy='median'), 'select': SelectKBest(score_func=<function mutual_info_classif at 0x7e3bb6fd3420>), 'select__k': 5, 'transform': None}",,,,,,451,,,,,,451,,,,,,451
0.0005669593811035156,9.882155311614374e-06,0.0,0.0,SMOTE(random_state=42),100.0,500,2,l2,42,lbfgs,0.0001,,SelectKBest(score_func=<function mutual_info_classif at 0x7e3bb6fd3420>),9,,"{'balance': SMOTE(random_state=42), 'classify__C': 100.0, 'classify__max_iter': 500, 'classify__n_jobs': 2, 'classify__penalty': 'l2', 'classify__random_state': 42, 'classify__solver': 'lbfgs', 'classify__tol': 0.0001, 'impute': None, 'select': SelectKBest(score_func=<function mutual_info_classif at 0x7e3bb6fd3420>), 'select__k': 9, 'transform': None}",,,,,,451,,,,,,451,,,,,,451
0.0006339550018310547,4.3939364740526885e-05,0.0,0.0,SMOTE(random_state=42),100.0,500,2,l2,42,lbfgs,0.0001,,SelectKBest(score_func=<function mutual_info_classif at 0x7e3bb6fd3420>),7,,"{'balance': SMOTE(random_state=42), 'classify__C': 100.0, 'classify__max_iter': 500, 'classify__n_jobs': 2, 'classify__penalty': 'l2', 'classify__random_state': 42, 'classify__solver': 'lbfgs', 'classify__tol': 0.0001, 'impute': None, 'select': SelectKBest(score_func=<function mutual_info_classif at 0x7e3bb6fd3420>), 'select__k': 7, 'transform': None}",,,,,,451,,,,,,451,,,,,,451
0.0005818208058675131,2.2387096912291134e-05,0.0,0.0,SMOTE(random_state=42),100.0,500,2,l2,42,lbfgs,0.0001,,SelectKBest(score_func=<function mutual_info_classif at 0x7e3bb6fd3420>),5,,"{'balance': SMOTE(random_state=42), 'classify__C': 100.0, 'classify__max_iter': 500, 'classify__n_jobs': 2, 'classify__penalty': 'l2', 'classify__random_state': 42, 'classify__solver': 'lbfgs', 'classify__tol': 0.0001, 'impute': None, 'select': SelectKBest(score_func=<function mutual_info_classif at 0x7e3bb6fd3420>), 'select__k': 5, 'transform': None}",,,,,,451,,,,,,451,,,,,,451
0.0006224314371744791,9.512599211538065e-05,0.0,0.0,SMOTE(random_state=42),100.0,500,2,l2,42,lbfgs,1e-06,SimpleImputer(strategy='median'),SelectKBest(score_func=<function mutual_info_classif at 0x7e3bb6fd3420>),9,,"{'balance': SMOTE(random_state=42), 'classify__C': 100.0, 'classify__max_iter': 500, 'classify__n_jobs': 2, 'classify__penalty': 'l2', 'classify__random_state': 42, 'classify__solver': 'lbfgs', 'classify__tol': 1e-06, 'impute': SimpleImputer(strategy='median'), 'select': SelectKBest(score_func=<function mutual_info_classif at 0x7e3bb6fd3420>), 'select__k': 9, 'transform': None}",,,,,,451,,,,,,451,,,,,,451
0.0006395181020100912,1.9692598491293376e-06,0.0,0.0,SMOTE(random_state=42),100.0,500,2,l2,42,lbfgs,1e-06,SimpleImputer(strategy='median'),SelectKBest(score_func=<function mutual_info_classif at 0x7e3bb6fd3420>),7,,"{'balance': SMOTE(random_state=42), 'classify__C': 100.0, 'classify__max_iter': 500, 'classify__n_jobs': 2, 'classify__penalty': 'l2', 'classify__random_state': 42, 'classify__solver': 'lbfgs', 'classify__tol': 1e-06, 'impute': SimpleImputer(strategy='median'), 'select': SelectKBest(score_func=<function mutual_info_classif at 0x7e3bb6fd3420>), 'select__k': 7, 'transform': None}",,,,,,451,,,,,,451,,,,,,451
0.0005993843078613281,0.00014365439904742925,0.0,0.0,SMOTE(random_state=42),100.0,500,2,l2,42,lbfgs,1e-06,SimpleImputer(strategy='median'),SelectKBest(score_func=<function mutual_info_classif at 0x7e3bb6fd3420>),5,,"{'balance': SMOTE(random_state=42), 'classify__C': 100.0, 'classify__max_iter': 500, 'classify__n_jobs': 2, 'classify__penalty': 'l2', 'classify__random_state': 42, 'classify__solver': 'lbfgs', 'classify__tol': 1e-06, 'impute': SimpleImputer(strategy='median'), 'select': SelectKBest(score_func=<function mutual_info_classif at 0x7e3bb6fd3420>), 'select__k': 5, 'transform': None}",,,,,,451,,,,,,451,,,,,,451
0.0003181298573811849,1.0821740836118858e-05,0.0,0.0,SMOTE(random_state=42),100.0,500,2,l2,42,lbfgs,1e-06,,SelectKBest(score_func=<function mutual_info_classif at 0x7e3bb6fd3420>),9,,"{'balance': SMOTE(random_state=42), 'classify__C': 100.0, 'classify__max_iter': 500, 'classify__n_jobs': 2, 'classify__penalty': 'l2', 'classify__random_state': 42, 'classify__solver': 'lbfgs', 'classify__tol': 1e-06, 'impute': None, 'select': SelectKBest(score_func=<function mutual_info_classif at 0x7e3bb6fd3420>), 'select__k': 9, 'transform': None}",,,,,,451,,,,,,451,,,,,,451
0.0003000895182291667,9.54534884110823e-06,0.0,0.0,SMOTE(random_state=42),100.0,500,2,l2,42,lbfgs,1e-06,,SelectKBest(score_func=<function mutual_info_classif at 0x7e3bb6fd3420>),7,,"{'balance': SMOTE(random_state=42), 'classify__C': 100.0, 'classify__max_iter': 500, 'classify__n_jobs': 2, 'classify__penalty': 'l2', 'classify__random_state': 42, 'classify__solver': 'lbfgs', 'classify__tol': 1e-06, 'impute': None, 'select': SelectKBest(score_func=<function mutual_info_classif at 0x7e3bb6fd3420>), 'select__k': 7, 'transform': None}",,,,,,451,,,,,,451,,,,,,451
0.0003445148468017578,3.211490295502231e-05,0.0,0.0,SMOTE(random_state=42),100.0,500,2,l2,42,lbfgs,1e-06,,SelectKBest(score_func=<function mutual_info_classif at 0x7e3bb6fd3420>),5,,"{'balance': SMOTE(random_state=42), 'classify__C': 100.0, 'classify__max_iter': 500, 'classify__n_jobs': 2, 'classify__penalty': 'l2', 'classify__random_state': 42, 'classify__solver': 'lbfgs', 'classify__tol': 1e-06, 'impute': None, 'select': SelectKBest(score_func=<function mutual_info_classif at 0x7e3bb6fd3420>), 'select__k': 5, 'transform': None}",,,,,,451,,,,,,451,,,,,,451
0.0003752708435058594,1.893089559717415e-05,0.0,0.0,SMOTE(random_state=42),100.0,2000,2,l2,42,lbfgs,1e-08,,SelectKBest(score_func=<function mutual_info_classif at 0x7e3bb6fd3420>),7,,"{'balance': SMOTE(random_state=42), 'classify__C': 100.0, 'classify__max_iter': 2000, 'classify__n_jobs': 2, 'classify__penalty': 'l2', 'classify__random_state': 42, 'classify__solver': 'lbfgs', 'classify__tol': 1e-08, 'impute': None, 'select': SelectKBest(score_func=<function mutual_info_classif at 0x7e3bb6fd3420>), 'select__k': 7, 'transform': None}",,,,,,451,,,,,,451,,,,,,451
0.0005503495534261068,5.520933288878889e-06,0.0,0.0,SMOTE(random_state=42),100.0,2000,2,l2,42,lbfgs,1e-08,,SelectKBest(score_func=<function mutual_info_classif at 0x7e3bb6fd3420>),5,,"{'balance': SMOTE(random_state=42), 'classify__C': 100.0, 'classify__max_iter': 2000, 'classify__n_jobs': 2, 'classify__penalty': 'l2', 'classify__random_state': 42, 'classify__solver': 'lbfgs', 'classify__tol': 1e-08, 'impute': None, 'select': SelectKBest(score_func=<function mutual_info_classif at 0x7e3bb6fd3420>), 'select__k': 5, 'transform': None}",,,,,,451,,,,,,451,,,,,,451
0.0005771319071451823,0.0001556273001117861,0.0,0.0,SMOTE(random_state=42),100.0,1000,2,l2,42,lbfgs,0.0001,SimpleImputer(strategy='median'),SelectKBest(score_func=<function mutual_info_classif at 0x7e3bb6fd3420>),9,,"{'balance': SMOTE(random_state=42), 'classify__C': 100.0, 'classify__max_iter': 1000, 'classify__n_jobs': 2, 'classify__penalty': 'l2', 'classify__random_state': 42, 'classify__solver': 'lbfgs', 'classify__tol': 0.0001, 'impute': SimpleImputer(strategy='median'), 'select': SelectKBest(score_func=<function mutual_info_classif at 0x7e3bb6fd3420>), 'select__k': 9, 'transform': None}",,,,,,451,,,,,,451,,,,,,451
0.0004805723826090495,0.00011518641768627587,0.0,0.0,SMOTE(random_state=42),100.0,1000,2,l2,42,lbfgs,0.0001,SimpleImputer(strategy='median'),SelectKBest(score_func=<function mutual_info_classif at 0x7e3bb6fd3420>),7,,"{'balance': SMOTE(random_state=42), 'classify__C': 100.0, 'classify__max_iter': 1000, 'classify__n_jobs': 2, 'classify__penalty': 'l2', 'classify__random_state': 42, 'classify__solver': 'lbfgs', 'classify__tol': 0.0001, 'impute': SimpleImputer(strategy='median'), 'select': SelectKBest(score_func=<function mutual_info_classif at 0x7e3bb6fd3420>), 'select__k': 7, 'transform': None}",,,,,,451,,,,,,451,,,,,,451
0.0006602605183919271,3.871168597600247e-05,0.0,0.0,SMOTE(random_state=42),100.0,1000,2,l2,42,lbfgs,0.0001,SimpleImputer(strategy='median'),SelectKBest(score_func=<function mutual_info_classif at 0x7e3bb6fd3420>),5,,"{'balance': SMOTE(random_state=42), 'classify__C': 100.0, 'classify__max_iter': 1000, 'classify__n_jobs': 2, 'classify__penalty': 'l2', 'classify__random_state': 42, 'classify__solver': 'lbfgs', 'classify__tol': 0.0001, 'impute': SimpleImputer(strategy='median'), 'select': SelectKBest(score_func=<function mutual_info_classif at 0x7e3bb6fd3420>), 'select__k': 5, 'transform': None}",,,,,,451,,,,,,451,,,,,,451
0.0006105899810791016,2.5389806330378667e-05,0.0,0.0,SMOTE(random_state=42),100.0,1000,2,l2,42,lbfgs,0.0001,,SelectKBest(score_func=<function mutual_info_classif at 0x7e3bb6fd3420>),9,,"{'balance': SMOTE(random_state=42), 'classify__C': 100.0, 'classify__max_iter': 1000, 'classify__n_jobs': 2, 'classify__penalty': 'l2', 'classify__random_state': 42, 'classify__solver': 'lbfgs', 'classify__tol': 0.0001, 'impute': None, 'select': SelectKBest(score_func=<function mutual_info_classif at 0x7e3bb6fd3420>), 'select__k': 9, 'transform': None}",,,,,,451,,,,,,451,,,,,,451
0.0005235671997070312,0.00016000249349937504,0.0,0.0,SMOTE(random_state=42),100.0,1000,2,l2,42,lbfgs,0.0001,,SelectKBest(score_func=<function mutual_info_classif at 0x7e3bb6fd3420>),7,,"{'balance': SMOTE(random_state=42), 'classify__C': 100.0, 'classify__max_iter': 1000, 'classify__n_jobs': 2, 'classify__penalty': 'l2', 'classify__random_state': 42, 'classify__solver': 'lbfgs', 'classify__tol': 0.0001, 'impute': None, 'select': SelectKBest(score_func=<function mutual_info_classif at 0x7e3bb6fd3420>), 'select__k': 7, 'transform': None}",,,,,,451,,,,,,451,,,,,,451
0.00036144256591796875,3.1977137365323816e-05,0.0,0.0,SMOTE(random_state=42),100.0,1000,2,l2,42,lbfgs,0.0001,,SelectKBest(score_func=<function mutual_info_classif at 0x7e3bb6fd3420>),5,,"{'balance': SMOTE(random_state=42), 'classify__C': 100.0, 'classify__max_iter': 1000, 'classify__n_jobs': 2, 'classify__penalty': 'l2', 'classify__random_state': 42, 'classify__solver': 'lbfgs', 'classify__tol': 0.0001, 'impute': None, 'select': SelectKBest(score_func=<function mutual_info_classif at 0x7e3bb6fd3420>), 'select__k': 5, 'transform': None}",,,,,,451,,,,,,451,,,,,,451
0.000682671864827474,4.332371668084543e-05,0.0,0.0,SMOTE(random_state=42),100.0,1000,2,l2,42,lbfgs,1e-06,SimpleImputer(strategy='median'),SelectKBest(score_func=<function mutual_info_classif at 0x7e3bb6fd3420>),9,,"{'balance': SMOTE(random_state=42), 'classify__C': 100.0, 'classify__max_iter': 1000, 'classify__n_jobs': 2, 'classify__penalty': 'l2', 'classify__random_state': 42, 'classify__solver': 'lbfgs', 'classify__tol': 1e-06, 'impute': SimpleImputer(strategy='median'), 'select': SelectKBest(score_func=<function mutual_info_classif at 0x7e3bb6fd3420>), 'select__k': 9, 'transform': None}",,,,,,451,,,,,,451,,,,,,451
0.0006769498189290365,4.630902015186971e-05,0.0,0.0,SMOTE(random_state=42),100.0,1000,2,l2,42,lbfgs,1e-06,SimpleImputer(strategy='median'),SelectKBest(score_func=<function mutual_info_classif at 0x7e3bb6fd3420>),7,,"{'balance': SMOTE(random_state=42), 'classify__C': 100.0, 'classify__max_iter': 1000, 'classify__n_jobs': 2, 'classify__penalty': 'l2', 'classify__random_state': 42, 'classify__solver': 'lbfgs', 'classify__tol': 1e-06, 'impute': SimpleImputer(strategy='median'), 'select': SelectKBest(score_func=<function mutual_info_classif at 0x7e3bb6fd3420>), 'select__k': 7, 'transform': None}",,,,,,451,,,,,,451,,,,,,451
0.0007344086964925131,4.981915175697024e-05,0.0,0.0,SMOTE(random_state=42),100.0,1000,2,l2,42,lbfgs,1e-06,SimpleImputer(strategy='median'),SelectKBest(score_func=<function mutual_info_classif at 0x7e3bb6fd3420>),5,,"{'balance': SMOTE(random_state=42), 'classify__C': 100.0, 'classify__max_iter': 1000, 'classify__n_jobs': 2, 'classify__penalty': 'l2', 'classify__random_state': 42, 'classify__solver': 'lbfgs', 'classify__tol': 1e-06, 'impute': SimpleImputer(strategy='median'), 'select': SelectKBest(score_func=<function mutual_info_classif at 0x7e3bb6fd3420>), 'select__k': 5, 'transform': None}",,,,,,451,,,,,,451,,,,,,451
0.0005843639373779297,9.124508799096904e-06,0.0,0.0,SMOTE(random_state=42),100.0,1000,2,l2,42,lbfgs,1e-06,,SelectKBest(score_func=<function mutual_info_classif at 0x7e3bb6fd3420>),9,,"{'balance': SMOTE(random_state=42), 'classify__C': 100.0, 'classify__max_iter': 1000, 'classify__n_jobs': 2, 'classify__penalty': 'l2', 'classify__random_state': 42, 'classify__solver': 'lbfgs', 'classify__tol': 1e-06, 'impute': None, 'select': SelectKBest(score_func=<function mutual_info_classif at 0x7e3bb6fd3420>), 'select__k': 9, 'transform': None}",,,,,,451,,,,,,451,,,,,,451
0.0006604989369710287,3.086904290775582e-05,0.0,0.0,SMOTE(random_state=42),100.0,1000,2,l2,42,lbfgs,1e-06,,SelectKBest(score_func=<function mutual_info_classif at 0x7e3bb6fd3420>),7,,"{'balance': SMOTE(random_state=42), 'classify__C': 100.0, 'classify__max_iter': 1000, 'classify__n_jobs': 2, 'classify__penalty': 'l2', 'classify__random_state': 42, 'classify__solver': 'lbfgs', 'classify__tol': 1e-06, 'impute': None, 'select': SelectKBest(score_func=<function mutual_info_classif at 0x7e3bb6fd3420>), 'select__k': 7, 'transform': None}",,,,,,451,,,,,,451,,,,,,451
0.0005879402160644531,2.4549010708423397e-05,0.0,0.0,SMOTE(random_state=42),100.0,1000,2,l2,42,lbfgs,1e-06,,SelectKBest(score_func=<function mutual_info_classif at 0x7e3bb6fd3420>),5,,"{'balance': SMOTE(random_state=42), 'classify__C': 100.0, 'classify__max_iter': 1000, 'classify__n_jobs': 2, 'classify__penalty': 'l2', 'classify__random_state': 42, 'classify__solver': 'lbfgs', 'classify__tol': 1e-06, 'impute': None, 'select': SelectKBest(score_func=<function mutual_info_classif at 0x7e3bb6fd3420>), 'select__k': 5, 'transform': None}",,,,,,451,,,,,,451,,,,,,451
0.0006084442138671875,0.0001950180421887625,0.0,0.0,SMOTE(random_state=42),100.0,1000,2,l2,42,lbfgs,1e-08,SimpleImputer(strategy='median'),SelectKBest(score_func=<function mutual_info_classif at 0x7e3bb6fd3420>),9,,"{'balance': SMOTE(random_state=42), 'classify__C': 100.0, 'classify__max_iter': 1000, 'classify__n_jobs': 2, 'classify__penalty': 'l2', 'classify__random_state': 42, 'classify__solver': 'lbfgs', 'classify__tol': 1e-08, 'impute': SimpleImputer(strategy='median'), 'select': SelectKBest(score_func=<function mutual_info_classif at 0x7e3bb6fd3420>), 'select__k': 9, 'transform': None}",,,,,,451,,,,,,451,,,,,,451
0.0003715356190999349,3.430374897171928e-05,0.0,0.0,SMOTE(random_state=42),100.0,1000,2,l2,42,lbfgs,1e-08,SimpleImputer(strategy='median'),SelectKBest(score_func=<function mutual_info_classif at 0x7e3bb6fd3420>),7,,"{'balance': SMOTE(random_state=42), 'classify__C': 100.0, 'classify__max_iter': 1000, 'classify__n_jobs': 2, 'classify__penalty': 'l2', 'classify__random_state': 42, 'classify__solver': 'lbfgs', 'classify__tol': 1e-08, 'impute': SimpleImputer(strategy='median'), 'select': SelectKBest(score_func=<function mutual_info_classif at 0x7e3bb6fd3420>), 'select__k': 7, 'transform': None}",,,,,,451,,,,,,451,,,,,,451
0.0006684462229410807,2.505878952024453e-05,0.0,0.0,RandomUnderSampler(random_state=42),0.01,100,2,l2,42,lbfgs,1e-08,SimpleImputer(strategy='median'),SelectKBest(score_func=<function mutual_info_classif at 0x7e3bb6fd3420>),5,,"{'balance': RandomUnderSampler(random_state=42), 'classify__C': 0.01, 'classify__max_iter': 100, 'classify__n_jobs': 2, 'classify__penalty': 'l2', 'classify__random_state': 42, 'classify__solver': 'lbfgs', 'classify__tol': 1e-08, 'impute': SimpleImputer(strategy='median'), 'select': SelectKBest(score_func=<function mutual_info_classif at 0x7e3bb6fd3420>), 'select__k': 5, 'transform': None}",,,,,,451,,,,,,451,,,,,,451
0.0006049474080403646,1.7576622700993002e-05,0.0,0.0,RandomUnderSampler(random_state=42),0.01,100,2,l2,42,lbfgs,1e-08,,SelectKBest(score_func=<function mutual_info_classif at 0x7e3bb6fd3420>),9,,"{'balance': RandomUnderSampler(random_state=42), 'classify__C': 0.01, 'classify__max_iter': 100, 'classify__n_jobs': 2, 'classify__penalty': 'l2', 'classify__random_state': 42, 'classify__solver': 'lbfgs', 'classify__tol': 1e-08, 'impute': None, 'select': SelectKBest(score_func=<function mutual_info_classif at 0x7e3bb6fd3420>), 'select__k': 9, 'transform': None}",,,,,,451,,,,,,451,,,,,,451
0.0006128946940104166,2.332877030716008e-05,0.0,0.0,RandomUnderSampler(random_state=42),0.01,100,2,l2,42,lbfgs,1e-08,,SelectKBest(score_func=<function mutual_info_classif at 0x7e3bb6fd3420>),7,,"{'balance': RandomUnderSampler(random_state=42), 'classify__C': 0.01, 'classify__max_iter': 100, 'classify__n_jobs': 2, 'classify__penalty': 'l2', 'classify__random_state': 42, 'classify__solver': 'lbfgs', 'classify__tol': 1e-08, 'impute': None, 'select': SelectKBest(score_func=<function mutual_info_classif at 0x7e3bb6fd3420>), 'select__k': 7, 'transform': None}",,,,,,451,,,,,,451,,,,,,451
0.0006361007690429688,4.1578359154823165e-05,0.0,0.0,RandomUnderSampler(random_state=42),0.01,100,2,l2,42,lbfgs,1e-08,,SelectKBest(score_func=<function mutual_info_classif at 0x7e3bb6fd3420>),5,,"{'balance': RandomUnderSampler(random_state=42), 'classify__C': 0.01, 'classify__max_iter': 100, 'classify__n_jobs': 2, 'classify__penalty': 'l2', 'classify__random_state': 42, 'classify__solver': 'lbfgs', 'classify__tol': 1e-08, 'impute': None, 'select': SelectKBest(score_func=<function mutual_info_classif at 0x7e3bb6fd3420>), 'select__k': 5, 'transform': None}",,,,,,451,,,,,,451,,,,,,451
