mean_fit_time,std_fit_time,mean_score_time,std_score_time,param_balance,param_classify__C,param_classify__max_iter,param_classify__n_jobs,param_classify__penalty,param_classify__random_state,param_classify__solver,param_impute,param_select,param_transform,param_select__k,param_transform__n_components,params,split0_test_f1_weighted_scorer,split1_test_f1_weighted_scorer,split2_test_f1_weighted_scorer,split3_test_f1_weighted_scorer,split4_test_f1_weighted_scorer,split5_test_f1_weighted_scorer,split6_test_f1_weighted_scorer,mean_test_f1_weighted_scorer,std_test_f1_weighted_scorer,rank_test_f1_weighted_scorer,split0_test_roc_auc_scorer,split1_test_roc_auc_scorer,split2_test_roc_auc_scorer,split3_test_roc_auc_scorer,split4_test_roc_auc_scorer,split5_test_roc_auc_scorer,split6_test_roc_auc_scorer,mean_test_roc_auc_scorer,std_test_roc_auc_scorer,rank_test_roc_auc_scorer,split0_test_accuracy_scorer,split1_test_accuracy_scorer,split2_test_accuracy_scorer,split3_test_accuracy_scorer,split4_test_accuracy_scorer,split5_test_accuracy_scorer,split6_test_accuracy_scorer,mean_test_accuracy_scorer,std_test_accuracy_scorer,rank_test_accuracy_scorer
0.1058549199785505,0.004489117230879545,0.0058541979108537945,0.0003037750162173372,,0.1,1000,2,l2,42,lbfgs,SimpleImputer(strategy='median'),SelectKBest(score_func=<function mutual_info_classif at 0x7272ba3df420>),LinearDiscriminantAnalysis(),50.0,1.0,"{'balance': None, 'classify__C': 0.1, 'classify__max_iter': 1000, 'classify__n_jobs': 2, 'classify__penalty': 'l2', 'classify__random_state': 42, 'classify__solver': 'lbfgs', 'impute': SimpleImputer(strategy='median'), 'select': SelectKBest(score_func=<function mutual_info_classif at 0x7272ba3df420>), 'select__k': 50, 'transform': LinearDiscriminantAnalysis(), 'transform__n_components': 1}",0.513888888888889,0.5518981880931838,0.4034591194968553,0.7142857142857143,0.502,0.5454887218045112,0.7142857142857143,0.5636151924078383,0.1054163001355833,1,0.5066666666666666,0.37617554858934166,0.4736842105263158,0.78,0.5652173913043478,0.6163682864450128,0.673913043478261,0.5702893067157065,0.12416923153949441,8,0.5333333333333333,0.575,0.475,0.7142857142857143,0.55,0.55,0.7142857142857143,0.5874149659863946,0.08511186912039527,2
0.1722412109375,0.011199221661886407,0.008630922862461634,0.00018204315025721783,,10.0,1000,2,l2,42,lbfgs,,SelectKBest(score_func=<function mutual_info_classif at 0x7272ba3df420>),LinearDiscriminantAnalysis(),50.0,1.0,"{'balance': None, 'classify__C': 10.0, 'classify__max_iter': 1000, 'classify__n_jobs': 2, 'classify__penalty': 'l2', 'classify__random_state': 42, 'classify__solver': 'lbfgs', 'impute': None, 'select': SelectKBest(score_func=<function mutual_info_classif at 0x7272ba3df420>), 'select__k': 50, 'transform': LinearDiscriminantAnalysis(), 'transform__n_components': 1}",0.513888888888889,0.5866666666666667,0.3865384615384615,0.7142857142857143,0.537228439763002,0.48737373737373735,0.7142857142857143,0.5628953746860266,0.11101405952557862,2,0.5066666666666666,0.37617554858934166,0.4736842105263158,0.78,0.5652173913043478,0.6163682864450128,0.673913043478261,0.5702893067157065,0.12416923153949441,8,0.5333333333333333,0.6,0.45,0.7142857142857143,0.575,0.5,0.7142857142857143,0.583843537414966,0.09400963054101354,3
0.10302485738481794,0.004188650727188897,0.005709852491106305,0.0005421039402939448,,10.0,1000,2,l2,42,lbfgs,SimpleImputer(strategy='median'),SelectKBest(score_func=<function mutual_info_classif at 0x7272ba3df420>),LinearDiscriminantAnalysis(),50.0,1.0,"{'balance': None, 'classify__C': 10.0, 'classify__max_iter': 1000, 'classify__n_jobs': 2, 'classify__penalty': 'l2', 'classify__random_state': 42, 'classify__solver': 'lbfgs', 'impute': SimpleImputer(strategy='median'), 'select': SelectKBest(score_func=<function mutual_info_classif at 0x7272ba3df420>), 'select__k': 50, 'transform': LinearDiscriminantAnalysis(), 'transform__n_components': 1}",0.513888888888889,0.5866666666666667,0.3865384615384615,0.7142857142857143,0.537228439763002,0.48737373737373735,0.7142857142857143,0.5628953746860266,0.11101405952557862,2,0.5066666666666666,0.37617554858934166,0.4736842105263158,0.78,0.5652173913043478,0.6163682864450128,0.673913043478261,0.5702893067157065,0.12416923153949441,8,0.5333333333333333,0.6,0.45,0.7142857142857143,0.575,0.5,0.7142857142857143,0.583843537414966,0.09400963054101354,3
0.15306442124503,0.01880129369197482,0.008344922746930803,0.0016243813332414273,,1.0,1000,2,l2,42,lbfgs,SimpleImputer(strategy='median'),SelectKBest(score_func=<function mutual_info_classif at 0x7272ba3df420>),LinearDiscriminantAnalysis(),50.0,1.0,"{'balance': None, 'classify__C': 1.0, 'classify__max_iter': 1000, 'classify__n_jobs': 2, 'classify__penalty': 'l2', 'classify__random_state': 42, 'classify__solver': 'lbfgs', 'impute': SimpleImputer(strategy='median'), 'select': SelectKBest(score_func=<function mutual_info_classif at 0x7272ba3df420>), 'select__k': 50, 'transform': LinearDiscriminantAnalysis(), 'transform__n_components': 1}",0.513888888888889,0.5866666666666667,0.3865384615384615,0.7142857142857143,0.497130883301096,0.48737373737373735,0.7142857142857143,0.5571671523343257,0.11320357070721446,4,0.5066666666666666,0.37617554858934166,0.4736842105263158,0.78,0.5421994884910486,0.6163682864450128,0.673913043478261,0.5670010348852352,0.12456416067249203,11,0.5333333333333333,0.6,0.45,0.7142857142857143,0.525,0.5,0.7142857142857143,0.5767006802721087,0.09628223788541003,7
0.10314978872026716,0.001763721393444802,0.0050825732094900945,0.00018460480992005176,,0.1,1000,2,l2,42,lbfgs,,SelectKBest(score_func=<function mutual_info_classif at 0x7272ba3df420>),LinearDiscriminantAnalysis(),50.0,1.0,"{'balance': None, 'classify__C': 0.1, 'classify__max_iter': 1000, 'classify__n_jobs': 2, 'classify__penalty': 'l2', 'classify__random_state': 42, 'classify__solver': 'lbfgs', 'impute': None, 'select': SelectKBest(score_func=<function mutual_info_classif at 0x7272ba3df420>), 'select__k': 50, 'transform': LinearDiscriminantAnalysis(), 'transform__n_components': 1}",0.513888888888889,0.5518981880931838,0.4034591194968553,0.6571428571428571,0.502,0.5454887218045112,0.7142857142857143,0.5554519271017159,0.09514464172627995,5,0.5066666666666666,0.37617554858934166,0.4736842105263158,0.7000000000000001,0.5652173913043478,0.6163682864450128,0.673913043478261,0.5588607352871351,0.10680957005543448,25,0.5333333333333333,0.575,0.475,0.6571428571428571,0.55,0.55,0.7142857142857143,0.5792517006802721,0.07464920972126152,5
0.10666636058262416,0.005063618959685658,0.005106415067400251,0.00020358367792705498,,1.0,1000,2,l2,42,lbfgs,,SelectKBest(score_func=<function mutual_info_classif at 0x7272ba3df420>),LinearDiscriminantAnalysis(),50.0,1.0,"{'balance': None, 'classify__C': 1.0, 'classify__max_iter': 1000, 'classify__n_jobs': 2, 'classify__penalty': 'l2', 'classify__random_state': 42, 'classify__solver': 'lbfgs', 'impute': None, 'select': SelectKBest(score_func=<function mutual_info_classif at 0x7272ba3df420>), 'select__k': 50, 'transform': LinearDiscriminantAnalysis(), 'transform__n_components': 1}",0.513888888888889,0.5866666666666667,0.3865384615384615,0.7142857142857143,0.537228439763002,0.48737373737373735,0.6062937062937063,0.5474679449728825,0.09529442423786573,6,0.49777777777777776,0.37617554858934166,0.4736842105263158,0.78,0.5652173913043478,0.6163682864450128,0.6159420289855073,0.5607378919469005,0.11942944928239578,23,0.5333333333333333,0.6,0.45,0.7142857142857143,0.575,0.5,0.6,0.5675170068027211,0.07859903216857707,11
0.010964291436331612,0.00032485736239983915,0.008905138288225447,0.00018510862651085954,,1.0,1000,2,l2,42,lbfgs,SimpleImputer(strategy='median'),,LinearDiscriminantAnalysis(),,1.0,"{'balance': None, 'classify__C': 1.0, 'classify__max_iter': 1000, 'classify__n_jobs': 2, 'classify__penalty': 'l2', 'classify__random_state': 42, 'classify__solver': 'lbfgs', 'impute': SimpleImputer(strategy='median'), 'select': None, 'transform': LinearDiscriminantAnalysis(), 'transform__n_components': 1}",0.513888888888889,0.55,0.34664570230607966,0.7142857142857143,0.5171875,0.466090509113765,0.7142857142857143,0.5460548612685946,0.12226732337252325,7,0.5066666666666667,0.3699059561128526,0.468671679197995,0.78,0.5524296675191815,0.5933503836317136,0.673913043478261,0.5635624852295243,0.12523004690567666,14,0.5333333333333333,0.55,0.425,0.7142857142857143,0.55,0.475,0.7142857142857143,0.5659863945578232,0.1026216462391298,12
0.007976089205060686,0.00015003181689877558,0.007851941244942802,8.654325665175173e-05,,1.0,1000,2,l2,42,lbfgs,,,LinearDiscriminantAnalysis(),,1.0,"{'balance': None, 'classify__C': 1.0, 'classify__max_iter': 1000, 'classify__n_jobs': 2, 'classify__penalty': 'l2', 'classify__random_state': 42, 'classify__solver': 'lbfgs', 'impute': None, 'select': None, 'transform': LinearDiscriminantAnalysis(), 'transform__n_components': 1}",0.513888888888889,0.55,0.34664570230607966,0.7142857142857143,0.5171875,0.466090509113765,0.7142857142857143,0.5460548612685946,0.12226732337252325,7,0.5066666666666667,0.3699059561128526,0.468671679197995,0.78,0.5524296675191815,0.5933503836317136,0.673913043478261,0.5635624852295243,0.12523004690567666,14,0.5333333333333333,0.55,0.425,0.7142857142857143,0.55,0.475,0.7142857142857143,0.5659863945578232,0.1026216462391298,12
0.011008194514683314,0.0002369112566515793,0.008858612605503626,0.00018522033910175695,,10.0,1000,2,l2,42,lbfgs,SimpleImputer(strategy='median'),,LinearDiscriminantAnalysis(),,1.0,"{'balance': None, 'classify__C': 10.0, 'classify__max_iter': 1000, 'classify__n_jobs': 2, 'classify__penalty': 'l2', 'classify__random_state': 42, 'classify__solver': 'lbfgs', 'impute': SimpleImputer(strategy='median'), 'select': None, 'transform': LinearDiscriminantAnalysis(), 'transform__n_components': 1}",0.513888888888889,0.55,0.34664570230607966,0.7142857142857143,0.5171875,0.466090509113765,0.7142857142857143,0.5460548612685946,0.12226732337252325,7,0.5066666666666667,0.3699059561128526,0.468671679197995,0.78,0.5524296675191815,0.5933503836317136,0.673913043478261,0.5635624852295243,0.12523004690567666,14,0.5333333333333333,0.55,0.425,0.7142857142857143,0.55,0.475,0.7142857142857143,0.5659863945578232,0.1026216462391298,12
0.008002587727137975,0.00012181211059023486,0.007734571184430804,6.183306392982818e-05,,10.0,1000,2,l2,42,lbfgs,,,LinearDiscriminantAnalysis(),,1.0,"{'balance': None, 'classify__C': 10.0, 'classify__max_iter': 1000, 'classify__n_jobs': 2, 'classify__penalty': 'l2', 'classify__random_state': 42, 'classify__solver': 'lbfgs', 'impute': None, 'select': None, 'transform': LinearDiscriminantAnalysis(), 'transform__n_components': 1}",0.513888888888889,0.55,0.34664570230607966,0.7142857142857143,0.5171875,0.466090509113765,0.7142857142857143,0.5460548612685946,0.12226732337252325,7,0.5066666666666667,0.3699059561128526,0.468671679197995,0.78,0.5524296675191815,0.5933503836317136,0.673913043478261,0.5635624852295243,0.12523004690567666,14,0.5333333333333333,0.55,0.425,0.7142857142857143,0.55,0.475,0.7142857142857143,0.5659863945578232,0.1026216462391298,12
0.010726656232561384,0.00018064013360996985,0.008702380316598075,7.188229583359106e-05,,0.1,1000,2,l2,42,lbfgs,SimpleImputer(strategy='median'),,LinearDiscriminantAnalysis(),,1.0,"{'balance': None, 'classify__C': 0.1, 'classify__max_iter': 1000, 'classify__n_jobs': 2, 'classify__penalty': 'l2', 'classify__random_state': 42, 'classify__solver': 'lbfgs', 'impute': SimpleImputer(strategy='median'), 'select': None, 'transform': LinearDiscriminantAnalysis(), 'transform__n_components': 1}",0.513888888888889,0.55,0.34664570230607966,0.7142857142857143,0.4086206896551724,0.49498746867167914,0.7142857142857143,0.5346734540133213,0.12983876896617225,11,0.5066666666666667,0.3699059561128526,0.468671679197995,0.78,0.5524296675191815,0.5933503836317136,0.673913043478261,0.5635624852295243,0.12523004690567666,14,0.5333333333333333,0.55,0.425,0.7142857142857143,0.475,0.5,0.7142857142857143,0.5588435374149661,0.10519363949840528,24
0.007965087890625,0.0003342982176870313,0.007951225553240095,0.00014352082331562586,,0.1,1000,2,l2,42,lbfgs,,,LinearDiscriminantAnalysis(),,1.0,"{'balance': None, 'classify__C': 0.1, 'classify__max_iter': 1000, 'classify__n_jobs': 2, 'classify__penalty': 'l2', 'classify__random_state': 42, 'classify__solver': 'lbfgs', 'impute': None, 'select': None, 'transform': LinearDiscriminantAnalysis(), 'transform__n_components': 1}",0.513888888888889,0.55,0.34664570230607966,0.7142857142857143,0.4086206896551724,0.49498746867167914,0.7142857142857143,0.5346734540133213,0.12983876896617225,11,0.5066666666666667,0.3699059561128526,0.468671679197995,0.78,0.5524296675191815,0.5933503836317136,0.673913043478261,0.5635624852295243,0.12523004690567666,14,0.5333333333333333,0.55,0.425,0.7142857142857143,0.475,0.5,0.7142857142857143,0.5588435374149661,0.10519363949840528,24
0.291626044682094,0.014794498324064705,0.009681906018938338,0.0006054396860050429,,10.0,1000,2,l2,42,lbfgs,SimpleImputer(strategy='median'),,,,,"{'balance': None, 'classify__C': 10.0, 'classify__max_iter': 1000, 'classify__n_jobs': 2, 'classify__penalty': 'l2', 'classify__random_state': 42, 'classify__solver': 'lbfgs', 'impute': SimpleImputer(strategy='median'), 'select': None, 'transform': None}",0.4258373205741627,0.5943046820405311,0.5,0.5692658897032321,0.4832417582417582,0.6,0.5537414965986395,0.5323415924511891,0.05980728151834629,13,0.41333333333333333,0.4796238244514106,0.41102756892230574,0.7133333333333334,0.7749360613810742,0.6291560102301791,0.5833333333333334,0.572106209283567,0.1331883326046915,5,0.4666666666666667,0.575,0.5,0.5714285714285714,0.55,0.6,0.5428571428571428,0.5437074829931973,0.04276593793815484,43
0.334317820412772,0.04181796966049441,0.008213349751063756,0.00014642970249766283,,10.0,1000,2,l2,42,lbfgs,,,,,,"{'balance': None, 'classify__C': 10.0, 'classify__max_iter': 1000, 'classify__n_jobs': 2, 'classify__penalty': 'l2', 'classify__random_state': 42, 'classify__solver': 'lbfgs', 'impute': None, 'select': None, 'transform': None}",0.4258373205741627,0.5943046820405311,0.5,0.5692658897032321,0.4832417582417582,0.6,0.5537414965986395,0.5323415924511891,0.05980728151834629,13,0.41333333333333333,0.4796238244514106,0.41102756892230574,0.7133333333333334,0.7749360613810742,0.6291560102301791,0.5833333333333334,0.572106209283567,0.1331883326046915,5,0.4666666666666667,0.575,0.5,0.5714285714285714,0.55,0.6,0.5428571428571428,0.5437074829931973,0.04276593793815484,43
0.26193414415631977,0.040689822604387076,0.008783408573695592,0.0009558129404159268,,10.0,1000,2,l2,42,lbfgs,,SelectKBest(score_func=<function mutual_info_classif at 0x7272ba3df420>),"PCA(random_state=42, svd_solver='full')",30.0,10.0,"{'balance': None, 'classify__C': 10.0, 'classify__max_iter': 1000, 'classify__n_jobs': 2, 'classify__penalty': 'l2', 'classify__random_state': 42, 'classify__solver': 'lbfgs', 'impute': None, 'select': SelectKBest(score_func=<function mutual_info_classif at 0x7272ba3df420>), 'select__k': 30, 'transform': PCA(random_state=42, svd_solver='full'), 'transform__n_components': 10}",0.4444444444444445,0.6700161420500403,0.3456521739130435,0.7228756442447468,0.2535087719298245,0.7258730158730158,0.5243263196751569,0.5266709303043247,0.17438776886455906,15,0.3911111111111112,0.4545454545454546,0.27067669172932335,0.7166666666666666,0.5447570332480818,0.7826086956521738,0.5036231884057971,0.5234269773369441,0.1653994133234479,49,0.4666666666666667,0.675,0.475,0.7428571428571429,0.425,0.725,0.5142857142857142,0.5748299319727891,0.12455529669710853,8
0.21591649736676896,0.01079317712562187,0.006192479814801898,3.385290249864814e-05,,1.0,1000,2,l2,42,lbfgs,,SelectKBest(score_func=<function mutual_info_classif at 0x7272ba3df420>),,50.0,,"{'balance': None, 'classify__C': 1.0, 'classify__max_iter': 1000, 'classify__n_jobs': 2, 'classify__penalty': 'l2', 'classify__random_state': 42, 'classify__solver': 'lbfgs', 'impute': None, 'select': SelectKBest(score_func=<function mutual_info_classif at 0x7272ba3df420>), 'select__k': 50, 'transform': None}",0.3772893772893772,0.6095238095238096,0.42535959974984366,0.6208933185677372,0.4832417582417582,0.6020050125313283,0.5537414965986395,0.5245791960717849,0.08990852267779059,16,0.3733333333333333,0.5203761755485893,0.4085213032581454,0.6866666666666666,0.6010230179028133,0.6163682864450128,0.5471014492753623,0.5361986046328461,0.10451645891921826,42,0.43333333333333335,0.6,0.425,0.6285714285714286,0.55,0.6,0.5428571428571428,0.5399659863945578,0.0753618233247256,50
0.4724363940102713,0.07885032793944542,0.00992683001926967,0.0003745428596505157,,10.0,1000,2,l2,42,lbfgs,SimpleImputer(strategy='median'),SelectKBest(score_func=<function mutual_info_classif at 0x7272ba3df420>),,50.0,,"{'balance': None, 'classify__C': 10.0, 'classify__max_iter': 1000, 'classify__n_jobs': 2, 'classify__penalty': 'l2', 'classify__random_state': 42, 'classify__solver': 'lbfgs', 'impute': SimpleImputer(strategy='median'), 'select': SelectKBest(score_func=<function mutual_info_classif at 0x7272ba3df420>), 'select__k': 50, 'transform': None}",0.4258373205741627,0.546575821104123,0.45,0.5952380952380952,0.4430118798043326,0.6,0.5537414965986395,0.5163435161884791,0.0691847687263184,17,0.39555555555555555,0.49843260188087773,0.40601503759398494,0.7366666666666666,0.7468030690537084,0.6291560102301791,0.5072463768115942,0.5599821882560809,0.13533866646075654,24,0.4666666666666667,0.525,0.45,0.6,0.525,0.6,0.5428571428571428,0.5299319727891156,0.05401902421455682,65
0.4031192234584263,0.02873129859812455,0.008768013545445033,0.0004064782308926081,,10.0,1000,2,l2,42,lbfgs,,SelectKBest(score_func=<function mutual_info_classif at 0x7272ba3df420>),,50.0,,"{'balance': None, 'classify__C': 10.0, 'classify__max_iter': 1000, 'classify__n_jobs': 2, 'classify__penalty': 'l2', 'classify__random_state': 42, 'classify__solver': 'lbfgs', 'impute': None, 'select': SelectKBest(score_func=<function mutual_info_classif at 0x7272ba3df420>), 'select__k': 50, 'transform': None}",0.4258373205741627,0.546575821104123,0.45,0.5952380952380952,0.4430118798043326,0.6,0.5537414965986395,0.5163435161884791,0.0691847687263184,17,0.41333333333333333,0.49843260188087773,0.40601503759398494,0.7366666666666666,0.7468030690537084,0.6291560102301791,0.5072463768115942,0.5625218707957635,0.132363407585078,20,0.4666666666666667,0.525,0.45,0.6,0.525,0.6,0.5428571428571428,0.5299319727891156,0.05401902421455682,65
0.3749472073146275,0.07052320530089154,0.009381260190691267,0.0006396839907690113,,1.0,1000,2,l2,42,lbfgs,SimpleImputer(strategy='median'),,,,,"{'balance': None, 'classify__C': 1.0, 'classify__max_iter': 1000, 'classify__n_jobs': 2, 'classify__penalty': 'l2', 'classify__random_state': 42, 'classify__solver': 'lbfgs', 'impute': SimpleImputer(strategy='median'), 'select': None, 'transform': None}",0.325,0.5722527472527472,0.4,0.6266971044094678,0.4430118798043326,0.6517543859649122,0.5537414965986395,0.5103510877185856,0.11358620929389329,19,0.39555555555555555,0.49529780564263326,0.3984962406015038,0.7233333333333334,0.7749360613810742,0.6521739130434782,0.5144927536231884,0.5648979518829667,0.14171707832002364,12,0.4,0.55,0.4,0.6285714285714286,0.525,0.65,0.5428571428571428,0.5280612244897959,0.0914020324091854,72
0.38177476610456196,0.11318292803000876,0.008168765476771764,0.00011192989376221088,,1.0,1000,2,l2,42,lbfgs,,,,,,"{'balance': None, 'classify__C': 1.0, 'classify__max_iter': 1000, 'classify__n_jobs': 2, 'classify__penalty': 'l2', 'classify__random_state': 42, 'classify__solver': 'lbfgs', 'impute': None, 'select': None, 'transform': None}",0.325,0.5722527472527472,0.4,0.6266971044094678,0.4430118798043326,0.6517543859649122,0.5537414965986395,0.5103510877185856,0.11358620929389329,19,0.39555555555555555,0.49529780564263326,0.3984962406015038,0.7233333333333334,0.7749360613810742,0.6521739130434782,0.5144927536231884,0.5648979518829667,0.14171707832002364,12,0.4,0.55,0.4,0.6285714285714286,0.525,0.65,0.5428571428571428,0.5280612244897959,0.0914020324091854,72
0.1939052173069545,0.04868252506299821,0.008144174303327287,0.001117562134263001,,0.1,1000,2,l2,42,lbfgs,,SelectKBest(score_func=<function mutual_info_classif at 0x7272ba3df420>),"PCA(random_state=42, svd_solver='full')",50.0,2.0,"{'balance': None, 'classify__C': 0.1, 'classify__max_iter': 1000, 'classify__n_jobs': 2, 'classify__penalty': 'l2', 'classify__random_state': 42, 'classify__solver': 'lbfgs', 'impute': None, 'select': SelectKBest(score_func=<function mutual_info_classif at 0x7272ba3df420>), 'select__k': 50, 'transform': PCA(random_state=42, svd_solver='full'), 'transform__n_components': 2}",0.3333333333333333,0.71484375,0.3059322033898305,0.6867541061089448,0.28034188034188035,0.8010101010101011,0.42857142857142855,0.5072552575365026,0.20356303356743938,21,0.6088888888888889,0.49843260188087773,0.4536340852130326,0.75,0.48593350383631706,0.7647058823529412,0.322463768115942,0.5548655328982856,0.14986834322689696,28,0.5,0.75,0.475,0.6857142857142857,0.4,0.8,0.42857142857142855,0.5770408163265307,0.1517374730404393,6
0.18273748670305526,0.006980618501942415,0.00838681629725865,0.001353497893407219,,1.0,1000,2,l2,42,lbfgs,,SelectKBest(score_func=<function mutual_info_classif at 0x7272ba3df420>),"PCA(random_state=42, svd_solver='full')",30.0,2.0,"{'balance': None, 'classify__C': 1.0, 'classify__max_iter': 1000, 'classify__n_jobs': 2, 'classify__penalty': 'l2', 'classify__random_state': 42, 'classify__solver': 'lbfgs', 'impute': None, 'select': SelectKBest(score_func=<function mutual_info_classif at 0x7272ba3df420>), 'select__k': 30, 'transform': PCA(random_state=42, svd_solver='full'), 'transform__n_components': 2}",0.3333333333333333,0.5843283582089552,0.3059322033898305,0.6057142857142856,0.34031339031339025,0.8010101010101011,0.5539358600583091,0.5035096474326007,0.17014977331290876,22,0.5822222222222222,0.26959247648902823,0.4285714285714286,0.75,0.49104859335038364,0.7570332480818415,0.4492753623188406,0.5325347615762492,0.16421231628012015,45,0.5,0.675,0.475,0.6571428571428571,0.45,0.8,0.5714285714285714,0.5897959183673469,0.11777870877157741,1
0.16932484081813268,0.0007644750734766031,0.00843848500932966,0.00018769030570424538,,10.0,1000,2,l2,42,lbfgs,,SelectKBest(score_func=<function mutual_info_classif at 0x7272ba3df420>),LinearDiscriminantAnalysis(),30.0,1.0,"{'balance': None, 'classify__C': 10.0, 'classify__max_iter': 1000, 'classify__n_jobs': 2, 'classify__penalty': 'l2', 'classify__random_state': 42, 'classify__solver': 'lbfgs', 'impute': None, 'select': SelectKBest(score_func=<function mutual_info_classif at 0x7272ba3df420>), 'select__k': 30, 'transform': LinearDiscriminantAnalysis(), 'transform__n_components': 1}",0.46428571428571425,0.502995391705069,0.35893416927899685,0.7052947052947053,0.2535087719298245,0.5731394621638524,0.631873015873016,0.4985758900758826,0.14482184588938865,23,0.5111111111111111,0.5015673981191223,0.4135338345864662,0.77,0.5498721227621484,0.5728900255754477,0.7210144927536232,0.5771412835582741,0.11679925290215752,3,0.4666666666666667,0.475,0.5,0.7142857142857143,0.425,0.575,0.6285714285714286,0.5406462585034013,0.09552132326693984,49
0.238861118044172,0.06028524086419402,0.007935217448643275,0.0013489741428224873,,1.0,1000,2,l2,42,lbfgs,SimpleImputer(strategy='median'),SelectKBest(score_func=<function mutual_info_classif at 0x7272ba3df420>),,30.0,,"{'balance': None, 'classify__C': 1.0, 'classify__max_iter': 1000, 'classify__n_jobs': 2, 'classify__penalty': 'l2', 'classify__random_state': 42, 'classify__solver': 'lbfgs', 'impute': SimpleImputer(strategy='median'), 'select': SelectKBest(score_func=<function mutual_info_classif at 0x7272ba3df420>), 'select__k': 30, 'transform': None}",0.4505494505494506,0.6197802197802198,0.35893416927899685,0.67921742340347,0.3059523809523809,0.55,0.5186031746031746,0.49757668836681335,0.12494030621998747,24,0.4622222222222222,0.5047021943573667,0.23558897243107774,0.7066666666666666,0.6368286445012789,0.5805626598465472,0.4492753623188406,0.5108352460491429,0.1419442369502095,58,0.5,0.6,0.5,0.6857142857142857,0.45,0.55,0.5142857142857142,0.5428571428571428,0.07254233709051519,46
0.4126406397138323,0.24969063143415612,0.009417976651872908,0.0006040197916808626,,0.1,1000,2,l2,42,lbfgs,SimpleImputer(strategy='median'),,,,,"{'balance': None, 'classify__C': 0.1, 'classify__max_iter': 1000, 'classify__n_jobs': 2, 'classify__penalty': 'l2', 'classify__random_state': 42, 'classify__solver': 'lbfgs', 'impute': SimpleImputer(strategy='median'), 'select': None, 'transform': None}",0.325,0.5943046820405311,0.41222222222222216,0.6266971044094678,0.4002849002849003,0.6517543859649122,0.4697152310055535,0.49713978941822673,0.1177817982323587,25,0.3999999999999999,0.49529780564263326,0.40350877192982454,0.71,0.7544757033248082,0.6751918158567776,0.49275362318840576,0.5616039599917785,0.1375135829251221,21,0.4,0.575,0.425,0.6285714285714286,0.5,0.65,0.45714285714285713,0.5193877551020408,0.0921847148807363,91
0.4410367012023926,0.1565384686928108,0.009022644587925501,0.0008944633408685887,,0.1,1000,2,l2,42,lbfgs,,,,,,"{'balance': None, 'classify__C': 0.1, 'classify__max_iter': 1000, 'classify__n_jobs': 2, 'classify__penalty': 'l2', 'classify__random_state': 42, 'classify__solver': 'lbfgs', 'impute': None, 'select': None, 'transform': None}",0.325,0.5943046820405311,0.41222222222222216,0.6266971044094678,0.4002849002849003,0.6517543859649122,0.4697152310055535,0.49713978941822673,0.1177817982323587,25,0.3999999999999999,0.49529780564263326,0.40350877192982454,0.71,0.7544757033248082,0.6751918158567776,0.49275362318840576,0.5616039599917785,0.1375135829251221,21,0.4,0.575,0.425,0.6285714285714286,0.5,0.65,0.45714285714285713,0.5193877551020408,0.0921847148807363,91
0.2827416147504534,0.08672716429201834,0.008573123386928014,0.0008550062152697703,,1.0,1000,2,l2,42,lbfgs,,SelectKBest(score_func=<function mutual_info_classif at 0x7272ba3df420>),"PCA(random_state=42, svd_solver='full')",50.0,10.0,"{'balance': None, 'classify__C': 1.0, 'classify__max_iter': 1000, 'classify__n_jobs': 2, 'classify__penalty': 'l2', 'classify__random_state': 42, 'classify__solver': 'lbfgs', 'impute': None, 'select': SelectKBest(score_func=<function mutual_info_classif at 0x7272ba3df420>), 'select__k': 50, 'transform': PCA(random_state=42, svd_solver='full'), 'transform__n_components': 10}",0.3055555555555555,0.6383333333333334,0.3456521739130435,0.6612924540769128,0.35472727272727267,0.692,0.46836471022517534,0.49513221426161336,0.15380244737453286,27,0.26222222222222225,0.5141065830721003,0.2606516290726817,0.74,0.45268542199488493,0.7621483375959079,0.42391304347826086,0.48796103391943685,0.18798176133994948,84,0.3333333333333333,0.65,0.475,0.6857142857142857,0.475,0.7,0.45714285714285713,0.5394557823129251,0.12925998004274072,51
0.34185491289411274,0.07980825974310016,0.00921562739780971,0.00019879189528877148,,10.0,1000,2,l2,42,lbfgs,,SelectKBest(score_func=<function mutual_info_classif at 0x7272ba3df420>),"PCA(random_state=42, svd_solver='full')",50.0,10.0,"{'balance': None, 'classify__C': 10.0, 'classify__max_iter': 1000, 'classify__n_jobs': 2, 'classify__penalty': 'l2', 'classify__random_state': 42, 'classify__solver': 'lbfgs', 'impute': None, 'select': SelectKBest(score_func=<function mutual_info_classif at 0x7272ba3df420>), 'select__k': 50, 'transform': PCA(random_state=42, svd_solver='full'), 'transform__n_components': 10}",0.325,0.6383333333333334,0.3456521739130435,0.6366459627329192,0.35472727272727267,0.692,0.46836471022517534,0.49438906470453486,0.1468746114131034,28,0.24888888888888888,0.54858934169279,0.2631578947368421,0.74,0.45524296675191817,0.7570332480818414,0.42391304347826086,0.49097505480436304,0.1898872813095792,74,0.4,0.65,0.475,0.6571428571428571,0.475,0.7,0.45714285714285713,0.5448979591836735,0.11095032677019175,37
0.29655282838003977,0.08329305499174935,0.008600269045148577,0.0016697903499703402,,10.0,1000,2,l2,42,lbfgs,SimpleImputer(strategy='median'),SelectKBest(score_func=<function mutual_info_classif at 0x7272ba3df420>),"PCA(random_state=42, svd_solver='full')",50.0,10.0,"{'balance': None, 'classify__C': 10.0, 'classify__max_iter': 1000, 'classify__n_jobs': 2, 'classify__penalty': 'l2', 'classify__random_state': 42, 'classify__solver': 'lbfgs', 'impute': SimpleImputer(strategy='median'), 'select': SelectKBest(score_func=<function mutual_info_classif at 0x7272ba3df420>), 'select__k': 50, 'transform': PCA(random_state=42, svd_solver='full'), 'transform__n_components': 10}",0.325,0.6383333333333334,0.3456521739130435,0.6366459627329192,0.35472727272727267,0.692,0.46836471022517534,0.49438906470453486,0.1468746114131034,28,0.24888888888888888,0.54858934169279,0.2631578947368421,0.74,0.45524296675191817,0.7570332480818414,0.42391304347826086,0.49097505480436304,0.1898872813095792,74,0.4,0.65,0.475,0.6571428571428571,0.475,0.7,0.45714285714285713,0.5448979591836735,0.11095032677019175,37
0.3893089294433594,0.01994341362549329,0.008098772593906947,0.0010794269580922625,,0.1,1000,2,l2,42,lbfgs,,SelectKBest(score_func=<function mutual_info_classif at 0x7272ba3df420>),,50.0,,"{'balance': None, 'classify__C': 0.1, 'classify__max_iter': 1000, 'classify__n_jobs': 2, 'classify__penalty': 'l2', 'classify__random_state': 42, 'classify__solver': 'lbfgs', 'impute': None, 'select': SelectKBest(score_func=<function mutual_info_classif at 0x7272ba3df420>), 'select__k': 50, 'transform': None}",0.3453145057766367,0.580511060259344,0.41222222222222216,0.5952380952380952,0.4002849002849003,0.6261726078799249,0.49857142857142867,0.494044974318936,0.1019812998222857,30,0.4,0.5109717868338558,0.42105263157894735,0.7233333333333334,0.7544757033248082,0.6547314578005115,0.536231884057971,0.5715423995613467,0.13115699281932788,7,0.43333333333333335,0.575,0.425,0.6,0.5,0.625,0.4857142857142857,0.520578231292517,0.07421905882992513,89
0.17975456374032156,0.003239661688666908,0.00875445774623326,7.362811184097163e-05,,1.0,1000,2,l2,42,lbfgs,,SelectKBest(score_func=<function mutual_info_classif at 0x7272ba3df420>),"PCA(random_state=42, svd_solver='full')",50.0,2.0,"{'balance': None, 'classify__C': 1.0, 'classify__max_iter': 1000, 'classify__n_jobs': 2, 'classify__penalty': 'l2', 'classify__random_state': 42, 'classify__solver': 'lbfgs', 'impute': None, 'select': SelectKBest(score_func=<function mutual_info_classif at 0x7272ba3df420>), 'select__k': 50, 'transform': PCA(random_state=42, svd_solver='full'), 'transform__n_components': 2}",0.3333333333333333,0.71484375,0.3059322033898305,0.6867541061089448,0.2535087719298245,0.8010101010101011,0.3580763322698806,0.4933512282917021,0.21303014919172417,31,0.6088888888888889,0.49843260188087773,0.4536340852130326,0.75,0.48849104859335035,0.7647058823529412,0.4456521739130435,0.5728292401203049,0.12679325337727307,4,0.5,0.75,0.475,0.6857142857142857,0.425,0.8,0.34285714285714286,0.5683673469387754,0.1626631113582651,10
0.26481376375470844,0.06639548298568557,0.009387288774762834,0.001552161989533506,,0.1,1000,2,l2,42,lbfgs,SimpleImputer(strategy='median'),SelectKBest(score_func=<function mutual_info_classif at 0x7272ba3df420>),"PCA(random_state=42, svd_solver='full')",30.0,10.0,"{'balance': None, 'classify__C': 0.1, 'classify__max_iter': 1000, 'classify__n_jobs': 2, 'classify__penalty': 'l2', 'classify__random_state': 42, 'classify__solver': 'lbfgs', 'impute': SimpleImputer(strategy='median'), 'select': SelectKBest(score_func=<function mutual_info_classif at 0x7272ba3df420>), 'select__k': 30, 'transform': PCA(random_state=42, svd_solver='full'), 'transform__n_components': 10}",0.2857142857142857,0.7100517687661777,0.3456521739130435,0.6612924540769128,0.28034188034188035,0.6692231731402238,0.49857142857142867,0.4929781663605647,0.17583339911516693,32,0.3466666666666667,0.54858934169279,0.2857142857142857,0.6866666666666668,0.47058823529411764,0.7672634271099744,0.532608695652174,0.519728188399525,0.15913541202015072,52,0.4,0.725,0.475,0.6857142857142857,0.4,0.675,0.4857142857142857,0.5494897959183673,0.13061623080652773,32
0.14705971309116908,0.05281363764567775,0.009222269058227539,9.421081461126381e-05,,1.0,1000,2,l2,42,lbfgs,SimpleImputer(strategy='median'),,"PCA(random_state=42, svd_solver='full')",,10.0,"{'balance': None, 'classify__C': 1.0, 'classify__max_iter': 1000, 'classify__n_jobs': 2, 'classify__penalty': 'l2', 'classify__random_state': 42, 'classify__solver': 'lbfgs', 'impute': SimpleImputer(strategy='median'), 'select': None, 'transform': PCA(random_state=42, svd_solver='full'), 'transform__n_components': 10}",0.2682926829268293,0.6383333333333334,0.33214285714285713,0.6861471861471862,0.35472727272727267,0.692,0.46836471022517534,0.491429720357522,0.1665215542510844,33,0.24888888888888888,0.5579937304075235,0.2506265664160401,0.75,0.44245524296675187,0.7416879795396418,0.41304347826086957,0.4863851266399594,0.19238931289748293,86,0.36666666666666664,0.65,0.45,0.7142857142857143,0.475,0.7,0.45714285714285713,0.5447278911564626,0.12936868139847646,39
0.153599636895316,0.06241674664792356,0.008158751896449499,0.001339398617421278,,1.0,1000,2,l2,42,lbfgs,,,"PCA(random_state=42, svd_solver='full')",,10.0,"{'balance': None, 'classify__C': 1.0, 'classify__max_iter': 1000, 'classify__n_jobs': 2, 'classify__penalty': 'l2', 'classify__random_state': 42, 'classify__solver': 'lbfgs', 'impute': None, 'select': None, 'transform': PCA(random_state=42, svd_solver='full'), 'transform__n_components': 10}",0.2682926829268293,0.6383333333333334,0.33214285714285713,0.6861471861471862,0.35472727272727267,0.692,0.46836471022517534,0.491429720357522,0.1665215542510844,33,0.24888888888888888,0.5579937304075235,0.2506265664160401,0.75,0.44245524296675187,0.7416879795396418,0.41304347826086957,0.4863851266399594,0.19238931289748293,86,0.36666666666666664,0.65,0.45,0.7142857142857143,0.475,0.7,0.45714285714285713,0.5447278911564626,0.12936868139847646,39
0.30218597820826937,0.14162048799685872,0.008612019675118583,0.0022239507706578935,,1.0,1000,2,l2,42,lbfgs,SimpleImputer(strategy='median'),SelectKBest(score_func=<function mutual_info_classif at 0x7272ba3df420>),"PCA(random_state=42, svd_solver='full')",50.0,10.0,"{'balance': None, 'classify__C': 1.0, 'classify__max_iter': 1000, 'classify__n_jobs': 2, 'classify__penalty': 'l2', 'classify__random_state': 42, 'classify__solver': 'lbfgs', 'impute': SimpleImputer(strategy='median'), 'select': SelectKBest(score_func=<function mutual_info_classif at 0x7272ba3df420>), 'select__k': 50, 'transform': PCA(random_state=42, svd_solver='full'), 'transform__n_components': 10}",0.3055555555555555,0.6383333333333334,0.3456521739130435,0.6612924540769128,0.35472727272727267,0.6629141311697092,0.46836471022517534,0.49097709014300034,0.14873722798157638,35,0.26222222222222225,0.5141065830721003,0.2606516290726817,0.74,0.45268542199488493,0.7416879795396419,0.42391304347826086,0.48503812562568455,0.18380847169245704,90,0.3333333333333333,0.65,0.475,0.6857142857142857,0.475,0.675,0.45714285714285713,0.5358843537414967,0.1250517038702156,54
0.059822525296892436,0.005937729656004823,0.009216751371111189,8.751084070598624e-05,,10.0,1000,2,l2,42,lbfgs,SimpleImputer(strategy='median'),,"PCA(random_state=42, svd_solver='full')",,5.0,"{'balance': None, 'classify__C': 10.0, 'classify__max_iter': 1000, 'classify__n_jobs': 2, 'classify__penalty': 'l2', 'classify__random_state': 42, 'classify__solver': 'lbfgs', 'impute': SimpleImputer(strategy='median'), 'select': None, 'transform': PCA(random_state=42, svd_solver='full'), 'transform__n_components': 5}",0.3333333333333333,0.6573339085418464,0.2833333333333333,0.6472303206997084,0.39133333333333337,0.6543326345213138,0.4619682539682539,0.48983787396158895,0.15000166042996635,36,0.3866666666666667,0.4670846394984326,0.3508771929824562,0.7066666666666666,0.40153452685422,0.680306905370844,0.427536231884058,0.4886675471319063,0.13386274627662265,82,0.5,0.675,0.425,0.6857142857142857,0.45,0.675,0.45714285714285713,0.5525510204081633,0.11107929110753696,30
0.05707825933183942,0.005847874205277498,0.00823061806815011,6.38604209310736e-05,,10.0,1000,2,l2,42,lbfgs,,,"PCA(random_state=42, svd_solver='full')",,5.0,"{'balance': None, 'classify__C': 10.0, 'classify__max_iter': 1000, 'classify__n_jobs': 2, 'classify__penalty': 'l2', 'classify__random_state': 42, 'classify__solver': 'lbfgs', 'impute': None, 'select': None, 'transform': PCA(random_state=42, svd_solver='full'), 'transform__n_components': 5}",0.3333333333333333,0.6573339085418464,0.2833333333333333,0.6472303206997084,0.39133333333333337,0.6543326345213138,0.4619682539682539,0.48983787396158895,0.15000166042996635,36,0.3866666666666667,0.4670846394984326,0.3508771929824562,0.7066666666666666,0.40153452685422,0.680306905370844,0.427536231884058,0.4886675471319063,0.13386274627662265,82,0.5,0.675,0.425,0.6857142857142857,0.45,0.675,0.45714285714285713,0.5525510204081633,0.11107929110753696,30
0.2863457202911377,0.039140440253718316,0.009133202689034598,0.00013884659960761094,,0.1,1000,2,l2,42,lbfgs,,SelectKBest(score_func=<function mutual_info_classif at 0x7272ba3df420>),"PCA(random_state=42, svd_solver='full')",50.0,10.0,"{'balance': None, 'classify__C': 0.1, 'classify__max_iter': 1000, 'classify__n_jobs': 2, 'classify__penalty': 'l2', 'classify__random_state': 42, 'classify__solver': 'lbfgs', 'impute': None, 'select': SelectKBest(score_func=<function mutual_info_classif at 0x7272ba3df420>), 'select__k': 50, 'transform': PCA(random_state=42, svd_solver='full'), 'transform__n_components': 10}",0.3055555555555555,0.6383333333333334,0.3456521739130435,0.6366459627329192,0.34031339031339025,0.692,0.46836471022517534,0.48955216086763104,0.15214684030801356,38,0.2577777777777778,0.5109717868338558,0.2631578947368421,0.73,0.46035805626598464,0.7595907928388748,0.41666666666666663,0.4855032821600002,0.18601781479483812,88,0.3333333333333333,0.65,0.475,0.6571428571428571,0.45,0.7,0.45714285714285713,0.5318027210884354,0.12697215585781793,60
0.26956060954502653,0.05505159959897868,0.010012388229370117,0.00019109576855391787,,0.1,1000,2,l2,42,lbfgs,SimpleImputer(strategy='median'),SelectKBest(score_func=<function mutual_info_classif at 0x7272ba3df420>),"PCA(random_state=42, svd_solver='full')",50.0,10.0,"{'balance': None, 'classify__C': 0.1, 'classify__max_iter': 1000, 'classify__n_jobs': 2, 'classify__penalty': 'l2', 'classify__random_state': 42, 'classify__solver': 'lbfgs', 'impute': SimpleImputer(strategy='median'), 'select': SelectKBest(score_func=<function mutual_info_classif at 0x7272ba3df420>), 'select__k': 50, 'transform': PCA(random_state=42, svd_solver='full'), 'transform__n_components': 10}",0.3055555555555555,0.6383333333333334,0.3456521739130435,0.6366459627329192,0.34031339031339025,0.692,0.46836471022517534,0.48955216086763104,0.15214684030801356,38,0.2577777777777778,0.5109717868338558,0.2631578947368421,0.73,0.46035805626598464,0.7595907928388748,0.41666666666666663,0.4855032821600002,0.18601781479483812,88,0.3333333333333333,0.65,0.475,0.6571428571428571,0.45,0.7,0.45714285714285713,0.5318027210884354,0.12697215585781793,60
0.19807423864092147,0.04944457124480659,0.008071763174874442,0.001858738547357943,,1.0,1000,2,l2,42,lbfgs,,SelectKBest(score_func=<function mutual_info_classif at 0x7272ba3df420>),"PCA(random_state=42, svd_solver='full')",30.0,5.0,"{'balance': None, 'classify__C': 1.0, 'classify__max_iter': 1000, 'classify__n_jobs': 2, 'classify__penalty': 'l2', 'classify__random_state': 42, 'classify__solver': 'lbfgs', 'impute': None, 'select': SelectKBest(score_func=<function mutual_info_classif at 0x7272ba3df420>), 'select__k': 30, 'transform': PCA(random_state=42, svd_solver='full'), 'transform__n_components': 5}",0.3333333333333333,0.6578125,0.2948275862068966,0.6472303206997084,0.4049206349206349,0.6760317460317461,0.41240310077519376,0.48950846028107337,0.15277669083526532,40,0.4,0.35423197492163006,0.37092731829573933,0.7033333333333334,0.3913043478260869,0.6828644501278772,0.37318840579710144,0.4679785471859669,0.143133422774565,103,0.5,0.7,0.45,0.6857142857142857,0.425,0.675,0.4,0.5479591836734693,0.12371581076228601,36
0.10056836264474052,0.000557236788975561,0.004957778113228934,0.0001252921380099863,,0.1,1000,2,l2,42,lbfgs,,SelectKBest(score_func=<function mutual_info_classif at 0x7272ba3df420>),LinearDiscriminantAnalysis(),30.0,1.0,"{'balance': None, 'classify__C': 0.1, 'classify__max_iter': 1000, 'classify__n_jobs': 2, 'classify__penalty': 'l2', 'classify__random_state': 42, 'classify__solver': 'lbfgs', 'impute': None, 'select': SelectKBest(score_func=<function mutual_info_classif at 0x7272ba3df420>), 'select__k': 30, 'transform': LinearDiscriminantAnalysis(), 'transform__n_components': 1}",0.4570135746606335,0.5266666666666666,0.35893416927899685,0.7642357642357642,0.2535087719298245,0.5025252525252525,0.5542857142857143,0.48816713051183613,0.14880964598244079,41,0.5022222222222222,0.5015673981191223,0.49122807017543857,0.7933333333333333,0.5626598465473145,0.5575447570332481,0.6884057971014493,0.5852802035045899,0.10552873288490242,1,0.4666666666666667,0.5,0.5,0.7714285714285715,0.425,0.5,0.5428571428571428,0.5294217687074829,0.10432561106979805,69
0.3594607285090855,0.06536794894270341,0.008708272661481584,0.0011768975902941069,,1.0,1000,2,l2,42,lbfgs,SimpleImputer(strategy='median'),SelectKBest(score_func=<function mutual_info_classif at 0x7272ba3df420>),,50.0,,"{'balance': None, 'classify__C': 1.0, 'classify__max_iter': 1000, 'classify__n_jobs': 2, 'classify__penalty': 'l2', 'classify__random_state': 42, 'classify__solver': 'lbfgs', 'impute': SimpleImputer(strategy='median'), 'select': SelectKBest(score_func=<function mutual_info_classif at 0x7272ba3df420>), 'select__k': 50, 'transform': None}",0.3453145057766367,0.6095238095238096,0.42535959974984366,0.6208933185677372,0.35472727272727267,0.5,0.5537414965986395,0.48708000042056276,0.1061893724986148,42,0.4355555555555555,0.5203761755485893,0.4085213032581454,0.75,0.7365728900255755,0.42455242966751916,0.5471014492753623,0.5460971147615353,0.13333075610779185,31,0.43333333333333335,0.6,0.425,0.6285714285714286,0.475,0.5,0.5428571428571428,0.5149659863945578,0.07318657775252559,97
0.2817699228014265,0.045033831343915504,0.010239396776471819,0.002166648745107359,,0.1,1000,2,l2,42,lbfgs,,SelectKBest(score_func=<function mutual_info_classif at 0x7272ba3df420>),"PCA(random_state=42, svd_solver='full')",30.0,10.0,"{'balance': None, 'classify__C': 0.1, 'classify__max_iter': 1000, 'classify__n_jobs': 2, 'classify__penalty': 'l2', 'classify__random_state': 42, 'classify__solver': 'lbfgs', 'impute': None, 'select': SelectKBest(score_func=<function mutual_info_classif at 0x7272ba3df420>), 'select__k': 30, 'transform': PCA(random_state=42, svd_solver='full'), 'transform__n_components': 10}",0.304029304029304,0.6900000000000001,0.33214285714285713,0.6612924540769128,0.24285714285714283,0.6463541666666667,0.5186031746031746,0.48503987133943693,0.17526193493836328,43,0.37777777777777777,0.5266457680250783,0.27819548872180455,0.6766666666666667,0.5498721227621484,0.7698209718670077,0.49275362318840576,0.5245332027155556,0.15454383109638323,48,0.36666666666666664,0.7,0.45,0.6857142857142857,0.4,0.65,0.5142857142857142,0.5380952380952381,0.1294565151315673,52
0.20604392460414342,0.01778283007641196,0.009578943252563477,0.00101544042264927,,10.0,1000,2,l2,42,lbfgs,SimpleImputer(strategy='median'),SelectKBest(score_func=<function mutual_info_classif at 0x7272ba3df420>),"PCA(random_state=42, svd_solver='full')",30.0,5.0,"{'balance': None, 'classify__C': 10.0, 'classify__max_iter': 1000, 'classify__n_jobs': 2, 'classify__penalty': 'l2', 'classify__random_state': 42, 'classify__solver': 'lbfgs', 'impute': SimpleImputer(strategy='median'), 'select': SelectKBest(score_func=<function mutual_info_classif at 0x7272ba3df420>), 'select__k': 30, 'transform': PCA(random_state=42, svd_solver='full'), 'transform__n_components': 5}",0.375,0.6763440860215054,0.3694050033806626,0.6472303206997084,0.23181818181818178,0.6543326345213138,0.4375624375624375,0.48452752342911565,0.16187154224268946,44,0.36000000000000004,0.42946708463949845,0.37092731829573933,0.6933333333333334,0.4040920716112532,0.7007672634271099,0.4057971014492754,0.4806263103937442,0.1385460516702101,98,0.4,0.7,0.425,0.6857142857142857,0.375,0.675,0.42857142857142855,0.5270408163265307,0.13956483209373022,74
0.2708090032849993,0.0717655419560879,0.008377279554094588,0.0015446355168678998,,0.1,1000,2,l2,42,lbfgs,SimpleImputer(strategy='median'),SelectKBest(score_func=<function mutual_info_classif at 0x7272ba3df420>),,30.0,,"{'balance': None, 'classify__C': 0.1, 'classify__max_iter': 1000, 'classify__n_jobs': 2, 'classify__penalty': 'l2', 'classify__random_state': 42, 'classify__solver': 'lbfgs', 'impute': SimpleImputer(strategy='median'), 'select': SelectKBest(score_func=<function mutual_info_classif at 0x7272ba3df420>), 'select__k': 30, 'transform': None}",0.38440492476060195,0.5260416666666667,0.3456521739130435,0.653061224489796,0.2535087719298245,0.6,0.624448262191093,0.4838738605644322,0.1442796434253998,45,0.4444444444444445,0.5141065830721003,0.24310776942355888,0.7166666666666667,0.5856777493606138,0.5831202046035806,0.4746376811594203,0.5088230141043407,0.13657622222180293,59,0.5,0.5,0.475,0.6571428571428571,0.425,0.6,0.6285714285714286,0.5408163265306122,0.08089912785662988,47
0.2860159192766462,0.08472116255119283,0.009717089789254325,0.0011459285497493513,,1.0,1000,2,l2,42,lbfgs,SimpleImputer(strategy='median'),SelectKBest(score_func=<function mutual_info_classif at 0x7272ba3df420>),"PCA(random_state=42, svd_solver='full')",30.0,10.0,"{'balance': None, 'classify__C': 1.0, 'classify__max_iter': 1000, 'classify__n_jobs': 2, 'classify__penalty': 'l2', 'classify__random_state': 42, 'classify__solver': 'lbfgs', 'impute': SimpleImputer(strategy='median'), 'select': SelectKBest(score_func=<function mutual_info_classif at 0x7272ba3df420>), 'select__k': 30, 'transform': PCA(random_state=42, svd_solver='full'), 'transform__n_components': 10}",0.28,0.6095238095238096,0.36225071225071226,0.6366459627329192,0.29327272727272724,0.6760317460317461,0.5265409107293043,0.48346655264874555,0.1560937112911963,46,0.35111111111111115,0.5141065830721003,0.27819548872180455,0.7066666666666667,0.48849104859335035,0.7493606138107417,0.5398550724637682,0.5182552263485062,0.15849473840541412,54,0.3,0.6,0.45,0.6571428571428571,0.425,0.675,0.5142857142857142,0.5173469387755102,0.12623195497037779,95
0.1021789482661656,0.0010900423450611546,0.005489860262189593,3.674242338781142e-05,,1.0,1000,2,l2,42,lbfgs,SimpleImputer(strategy='median'),SelectKBest(score_func=<function mutual_info_classif at 0x7272ba3df420>),LinearDiscriminantAnalysis(),30.0,1.0,"{'balance': None, 'classify__C': 1.0, 'classify__max_iter': 1000, 'classify__n_jobs': 2, 'classify__penalty': 'l2', 'classify__random_state': 42, 'classify__solver': 'lbfgs', 'impute': SimpleImputer(strategy='median'), 'select': SelectKBest(score_func=<function mutual_info_classif at 0x7272ba3df420>), 'select__k': 30, 'transform': LinearDiscriminantAnalysis(), 'transform__n_components': 1}",0.4570135746606335,0.5177158999192897,0.3059322033898305,0.6366459627329192,0.2535087719298245,0.5454887218045112,0.6653061224489797,0.48308732241228397,0.14473972082401962,47,0.5022222222222222,0.4263322884012539,0.42606516290726815,0.7466666666666666,0.6061381074168797,0.5933503836317136,0.7608695652173912,0.580234913780485,0.12801322860524833,2,0.4666666666666667,0.525,0.475,0.6571428571428571,0.425,0.55,0.6571428571428571,0.5365646258503401,0.08494961798293353,53
0.1941068513052804,0.08505234463795845,0.008294786725725447,0.001851272779469997,,10.0,1000,2,l2,42,lbfgs,SimpleImputer(strategy='median'),SelectKBest(score_func=<function mutual_info_classif at 0x7272ba3df420>),"PCA(random_state=42, svd_solver='full')",30.0,2.0,"{'balance': None, 'classify__C': 10.0, 'classify__max_iter': 1000, 'classify__n_jobs': 2, 'classify__penalty': 'l2', 'classify__random_state': 42, 'classify__solver': 'lbfgs', 'impute': SimpleImputer(strategy='median'), 'select': SelectKBest(score_func=<function mutual_info_classif at 0x7272ba3df420>), 'select__k': 30, 'transform': PCA(random_state=42, svd_solver='full'), 'transform__n_components': 2}",0.3333333333333333,0.5843283582089552,0.3059322033898305,0.6057142857142856,0.34031339031339025,0.6543326345213138,0.5539358600583091,0.4825557236484883,0.13826692746326916,48,0.5911111111111111,0.2727272727272727,0.431077694235589,0.7433333333333334,0.48849104859335035,0.7570332480818415,0.4492753623188406,0.5332927243430483,0.16253712519363092,43,0.5,0.675,0.475,0.6571428571428571,0.45,0.675,0.5714285714285714,0.571938775510204,0.09098242091901537,9
0.1114025456564767,0.05250761796937361,0.009111813136509486,7.141510223844214e-05,,10.0,1000,2,l2,42,lbfgs,SimpleImputer(strategy='median'),,"PCA(random_state=42, svd_solver='full')",,10.0,"{'balance': None, 'classify__C': 10.0, 'classify__max_iter': 1000, 'classify__n_jobs': 2, 'classify__penalty': 'l2', 'classify__random_state': 42, 'classify__solver': 'lbfgs', 'impute': SimpleImputer(strategy='median'), 'select': None, 'transform': PCA(random_state=42, svd_solver='full'), 'transform__n_components': 10}",0.2682926829268293,0.629862700228833,0.33214285714285713,0.6861471861471862,0.32575122292103426,0.6629141311697092,0.46836471022517534,0.4819250701088035,0.16431542723332063,49,0.24888888888888888,0.5015673981191222,0.2531328320802005,0.7566666666666666,0.45012787723785164,0.7442455242966752,0.427536231884058,0.48316648845335186,0.19097155955617523,92,0.36666666666666664,0.625,0.45,0.7142857142857143,0.425,0.675,0.45714285714285713,0.5304421768707482,0.12729089120715628,63
0.1077031067439488,0.05202543313039094,0.00826890127999442,0.00013966920692271207,,10.0,1000,2,l2,42,lbfgs,,,"PCA(random_state=42, svd_solver='full')",,10.0,"{'balance': None, 'classify__C': 10.0, 'classify__max_iter': 1000, 'classify__n_jobs': 2, 'classify__penalty': 'l2', 'classify__random_state': 42, 'classify__solver': 'lbfgs', 'impute': None, 'select': None, 'transform': PCA(random_state=42, svd_solver='full'), 'transform__n_components': 10}",0.2682926829268293,0.629862700228833,0.33214285714285713,0.6861471861471862,0.32575122292103426,0.6629141311697092,0.46836471022517534,0.4819250701088035,0.16431542723332063,49,0.24888888888888888,0.5015673981191222,0.2531328320802005,0.7566666666666666,0.45012787723785164,0.7442455242966752,0.427536231884058,0.48316648845335186,0.19097155955617523,92,0.36666666666666664,0.625,0.45,0.7142857142857143,0.425,0.675,0.45714285714285713,0.5304421768707482,0.12729089120715628,63
0.24384066036769322,0.0382954875731324,0.010293517793927873,0.0002883880966693163,,1.0,1000,2,l2,42,lbfgs,SimpleImputer(strategy='median'),SelectKBest(score_func=<function mutual_info_classif at 0x7272ba3df420>),"PCA(random_state=42, svd_solver='full')",50.0,5.0,"{'balance': None, 'classify__C': 1.0, 'classify__max_iter': 1000, 'classify__n_jobs': 2, 'classify__penalty': 'l2', 'classify__random_state': 42, 'classify__solver': 'lbfgs', 'impute': SimpleImputer(strategy='median'), 'select': SelectKBest(score_func=<function mutual_info_classif at 0x7272ba3df420>), 'select__k': 50, 'transform': PCA(random_state=42, svd_solver='full'), 'transform__n_components': 5}",0.3333333333333333,0.6095238095238096,0.30427350427350425,0.6472303206997084,0.35229885057471266,0.6543326345213138,0.4619682539682539,0.48042295812780517,0.14350542669674426,51,0.38222222222222224,0.4670846394984326,0.3583959899749373,0.7066666666666666,0.41432225063938616,0.6803069053708439,0.41666666666666663,0.4893807630055936,0.13294690487207952,78,0.5,0.6,0.4,0.6857142857142857,0.425,0.675,0.45714285714285713,0.5346938775510204,0.10964284527212403,55
0.23717195647103445,0.018258090919828558,0.009968042373657227,0.00017020844368732216,,0.1,1000,2,l2,42,lbfgs,SimpleImputer(strategy='median'),SelectKBest(score_func=<function mutual_info_classif at 0x7272ba3df420>),"PCA(random_state=42, svd_solver='full')",50.0,5.0,"{'balance': None, 'classify__C': 0.1, 'classify__max_iter': 1000, 'classify__n_jobs': 2, 'classify__penalty': 'l2', 'classify__random_state': 42, 'classify__solver': 'lbfgs', 'impute': SimpleImputer(strategy='median'), 'select': SelectKBest(score_func=<function mutual_info_classif at 0x7272ba3df420>), 'select__k': 50, 'transform': PCA(random_state=42, svd_solver='full'), 'transform__n_components': 5}",0.3333333333333333,0.6095238095238096,0.30427350427350425,0.6472303206997084,0.35229885057471266,0.6543326345213138,0.4619682539682539,0.48042295812780517,0.14350542669674426,51,0.38222222222222224,0.4670846394984326,0.3583959899749373,0.7066666666666666,0.41432225063938616,0.6803069053708439,0.41666666666666663,0.4893807630055936,0.13294690487207952,78,0.5,0.6,0.4,0.6857142857142857,0.425,0.675,0.45714285714285713,0.5346938775510204,0.10964284527212403,55
0.20575693675449916,0.026780425525831854,0.009002992085048131,0.0016273475578823182,,10.0,1000,2,l2,42,lbfgs,SimpleImputer(strategy='median'),SelectKBest(score_func=<function mutual_info_classif at 0x7272ba3df420>),"PCA(random_state=42, svd_solver='full')",50.0,5.0,"{'balance': None, 'classify__C': 10.0, 'classify__max_iter': 1000, 'classify__n_jobs': 2, 'classify__penalty': 'l2', 'classify__random_state': 42, 'classify__solver': 'lbfgs', 'impute': SimpleImputer(strategy='median'), 'select': SelectKBest(score_func=<function mutual_info_classif at 0x7272ba3df420>), 'select__k': 50, 'transform': PCA(random_state=42, svd_solver='full'), 'transform__n_components': 5}",0.3333333333333333,0.6095238095238096,0.30427350427350425,0.6472303206997084,0.35229885057471266,0.6543326345213138,0.4619682539682539,0.48042295812780517,0.14350542669674426,51,0.38222222222222224,0.4670846394984326,0.3583959899749373,0.7066666666666666,0.41432225063938616,0.6803069053708439,0.41666666666666663,0.4893807630055936,0.13294690487207952,78,0.5,0.6,0.4,0.6857142857142857,0.425,0.675,0.45714285714285713,0.5346938775510204,0.10964284527212403,55
0.16137964384896414,0.025860103555512527,0.00814509391784668,0.0012607027162631567,,10.0,1000,2,l2,42,lbfgs,,SelectKBest(score_func=<function mutual_info_classif at 0x7272ba3df420>),"PCA(random_state=42, svd_solver='full')",50.0,2.0,"{'balance': None, 'classify__C': 10.0, 'classify__max_iter': 1000, 'classify__n_jobs': 2, 'classify__penalty': 'l2', 'classify__random_state': 42, 'classify__solver': 'lbfgs', 'impute': None, 'select': SelectKBest(score_func=<function mutual_info_classif at 0x7272ba3df420>), 'select__k': 50, 'transform': PCA(random_state=42, svd_solver='full'), 'transform__n_components': 2}",0.3333333333333333,0.5970588235294118,0.3059322033898305,0.6867541061089448,0.28034188034188035,0.8010101010101011,0.3580763322698806,0.48035811142619744,0.19494910333174878,54,0.6088888888888889,0.26332288401253917,0.4536340852130326,0.75,0.48593350383631706,0.7647058823529412,0.4456521739130435,0.538876774030966,0.1669745819677772,34,0.5,0.7,0.475,0.6857142857142857,0.4,0.8,0.34285714285714286,0.5576530612244899,0.1588087552415098,26
0.20052855355398996,0.024488990338687323,0.009874037333897181,0.00037211358123773213,,0.1,1000,2,l2,42,lbfgs,SimpleImputer(strategy='median'),SelectKBest(score_func=<function mutual_info_classif at 0x7272ba3df420>),"PCA(random_state=42, svd_solver='full')",50.0,2.0,"{'balance': None, 'classify__C': 0.1, 'classify__max_iter': 1000, 'classify__n_jobs': 2, 'classify__penalty': 'l2', 'classify__random_state': 42, 'classify__solver': 'lbfgs', 'impute': SimpleImputer(strategy='median'), 'select': SelectKBest(score_func=<function mutual_info_classif at 0x7272ba3df420>), 'select__k': 50, 'transform': PCA(random_state=42, svd_solver='full'), 'transform__n_components': 2}",0.3333333333333333,0.5970588235294118,0.3059322033898305,0.6867541061089448,0.28034188034188035,0.8010101010101011,0.3580763322698806,0.48035811142619744,0.19494910333174878,54,0.6088888888888889,0.26332288401253917,0.4536340852130326,0.75,0.48593350383631706,0.7647058823529412,0.4456521739130435,0.538876774030966,0.1669745819677772,34,0.5,0.7,0.475,0.6857142857142857,0.4,0.8,0.34285714285714286,0.5576530612244899,0.1588087552415098,26
0.37259650230407715,0.049994065201407444,0.009007487978254045,0.0009161490027500942,,0.1,1000,2,l2,42,lbfgs,SimpleImputer(strategy='median'),SelectKBest(score_func=<function mutual_info_classif at 0x7272ba3df420>),,50.0,,"{'balance': None, 'classify__C': 0.1, 'classify__max_iter': 1000, 'classify__n_jobs': 2, 'classify__penalty': 'l2', 'classify__random_state': 42, 'classify__solver': 'lbfgs', 'impute': SimpleImputer(strategy='median'), 'select': SelectKBest(score_func=<function mutual_info_classif at 0x7272ba3df420>), 'select__k': 50, 'transform': None}",0.3453145057766367,0.580511060259344,0.41222222222222216,0.5952380952380952,0.4002849002849003,0.522856221792392,0.49857142857142867,0.4792854905921456,0.08835705041436019,56,0.4,0.5109717868338558,0.42105263157894735,0.7233333333333334,0.7544757033248082,0.4603580562659847,0.536231884057971,0.5437747707707,0.1311810894911416,32,0.43333333333333335,0.575,0.425,0.6,0.5,0.525,0.4857142857142857,0.5062925170068027,0.06123299260684692,102
0.017220156533377513,0.00320215950656252,0.008887154715401786,0.00013435853882369422,,10.0,1000,2,l2,42,lbfgs,SimpleImputer(strategy='median'),,"PCA(random_state=42, svd_solver='full')",,2.0,"{'balance': None, 'classify__C': 10.0, 'classify__max_iter': 1000, 'classify__n_jobs': 2, 'classify__penalty': 'l2', 'classify__random_state': 42, 'classify__solver': 'lbfgs', 'impute': SimpleImputer(strategy='median'), 'select': None, 'transform': PCA(random_state=42, svd_solver='full'), 'transform__n_components': 2}",0.3333333333333333,0.5970588235294118,0.3059322033898305,0.6867541061089448,0.2535087719298245,0.8010101010101011,0.3580763322698806,0.4765248102244752,0.1990647206222905,57,0.6088888888888889,0.26018808777429464,0.45112781954887227,0.75,0.48849104859335035,0.7647058823529412,0.4456521739130435,0.5384362715816272,0.16778768509819844,36,0.5,0.7,0.475,0.6857142857142857,0.425,0.8,0.34285714285714286,0.5612244897959183,0.15546915468716627,17
0.00890660285949707,0.002955349360392017,0.0057414259229387555,0.0014204611684233955,,1.0,1000,2,l2,42,lbfgs,SimpleImputer(strategy='median'),,"PCA(random_state=42, svd_solver='full')",,2.0,"{'balance': None, 'classify__C': 1.0, 'classify__max_iter': 1000, 'classify__n_jobs': 2, 'classify__penalty': 'l2', 'classify__random_state': 42, 'classify__solver': 'lbfgs', 'impute': SimpleImputer(strategy='median'), 'select': None, 'transform': PCA(random_state=42, svd_solver='full'), 'transform__n_components': 2}",0.3333333333333333,0.5970588235294118,0.3059322033898305,0.6867541061089448,0.2535087719298245,0.8010101010101011,0.3580763322698806,0.4765248102244752,0.1990647206222905,57,0.6088888888888889,0.26018808777429464,0.45112781954887227,0.75,0.48849104859335035,0.7647058823529412,0.4456521739130435,0.5384362715816272,0.16778768509819844,36,0.5,0.7,0.475,0.6857142857142857,0.425,0.8,0.34285714285714286,0.5612244897959183,0.15546915468716627,17
0.014384269714355469,0.0028388869285324034,0.008147716522216797,0.0001575870287397593,,1.0,1000,2,l2,42,lbfgs,,,"PCA(random_state=42, svd_solver='full')",,2.0,"{'balance': None, 'classify__C': 1.0, 'classify__max_iter': 1000, 'classify__n_jobs': 2, 'classify__penalty': 'l2', 'classify__random_state': 42, 'classify__solver': 'lbfgs', 'impute': None, 'select': None, 'transform': PCA(random_state=42, svd_solver='full'), 'transform__n_components': 2}",0.3333333333333333,0.5970588235294118,0.3059322033898305,0.6867541061089448,0.2535087719298245,0.8010101010101011,0.3580763322698806,0.4765248102244752,0.1990647206222905,57,0.6088888888888889,0.26018808777429464,0.45112781954887227,0.75,0.48849104859335035,0.7647058823529412,0.4456521739130435,0.5384362715816272,0.16778768509819844,36,0.5,0.7,0.475,0.6857142857142857,0.425,0.8,0.34285714285714286,0.5612244897959183,0.15546915468716627,17
0.1776430606842041,0.022756316641166816,0.00971463748386928,0.0010045137878926707,,1.0,1000,2,l2,42,lbfgs,SimpleImputer(strategy='median'),SelectKBest(score_func=<function mutual_info_classif at 0x7272ba3df420>),"PCA(random_state=42, svd_solver='full')",50.0,2.0,"{'balance': None, 'classify__C': 1.0, 'classify__max_iter': 1000, 'classify__n_jobs': 2, 'classify__penalty': 'l2', 'classify__random_state': 42, 'classify__solver': 'lbfgs', 'impute': SimpleImputer(strategy='median'), 'select': SelectKBest(score_func=<function mutual_info_classif at 0x7272ba3df420>), 'select__k': 50, 'transform': PCA(random_state=42, svd_solver='full'), 'transform__n_components': 2}",0.3333333333333333,0.5970588235294118,0.3059322033898305,0.6867541061089448,0.2535087719298245,0.8010101010101011,0.3580763322698806,0.4765248102244752,0.1990647206222905,57,0.6088888888888889,0.26332288401253917,0.4536340852130326,0.75,0.48849104859335035,0.7647058823529412,0.4456521739130435,0.5392421375676851,0.1668610945832196,33,0.5,0.7,0.475,0.6857142857142857,0.425,0.8,0.34285714285714286,0.5612244897959183,0.15546915468716627,17
0.011622565133231027,0.0042738200281739235,0.00661815915788923,0.0017026249801224236,,0.1,1000,2,l2,42,lbfgs,,,"PCA(random_state=42, svd_solver='full')",,2.0,"{'balance': None, 'classify__C': 0.1, 'classify__max_iter': 1000, 'classify__n_jobs': 2, 'classify__penalty': 'l2', 'classify__random_state': 42, 'classify__solver': 'lbfgs', 'impute': None, 'select': None, 'transform': PCA(random_state=42, svd_solver='full'), 'transform__n_components': 2}",0.3333333333333333,0.5970588235294118,0.3059322033898305,0.6867541061089448,0.2535087719298245,0.8010101010101011,0.3580763322698806,0.4765248102244752,0.1990647206222905,57,0.6088888888888889,0.26018808777429464,0.45112781954887227,0.75,0.48849104859335035,0.7647058823529412,0.4456521739130435,0.5384362715816272,0.16778768509819844,36,0.5,0.7,0.475,0.6857142857142857,0.425,0.8,0.34285714285714286,0.5612244897959183,0.15546915468716627,17
0.01877774511064802,0.005008443956397106,0.009280238832746233,0.00032865379852743866,,0.1,1000,2,l2,42,lbfgs,SimpleImputer(strategy='median'),,"PCA(random_state=42, svd_solver='full')",,2.0,"{'balance': None, 'classify__C': 0.1, 'classify__max_iter': 1000, 'classify__n_jobs': 2, 'classify__penalty': 'l2', 'classify__random_state': 42, 'classify__solver': 'lbfgs', 'impute': SimpleImputer(strategy='median'), 'select': None, 'transform': PCA(random_state=42, svd_solver='full'), 'transform__n_components': 2}",0.3333333333333333,0.5970588235294118,0.3059322033898305,0.6867541061089448,0.2535087719298245,0.8010101010101011,0.3580763322698806,0.4765248102244752,0.1990647206222905,57,0.6088888888888889,0.26018808777429464,0.45112781954887227,0.75,0.48849104859335035,0.7647058823529412,0.4456521739130435,0.5384362715816272,0.16778768509819844,36,0.5,0.7,0.475,0.6857142857142857,0.425,0.8,0.34285714285714286,0.5612244897959183,0.15546915468716627,17
0.01438140869140625,0.00325057312144905,0.007946252822875977,9.894178162104951e-05,,10.0,1000,2,l2,42,lbfgs,,,"PCA(random_state=42, svd_solver='full')",,2.0,"{'balance': None, 'classify__C': 10.0, 'classify__max_iter': 1000, 'classify__n_jobs': 2, 'classify__penalty': 'l2', 'classify__random_state': 42, 'classify__solver': 'lbfgs', 'impute': None, 'select': None, 'transform': PCA(random_state=42, svd_solver='full'), 'transform__n_components': 2}",0.3333333333333333,0.5970588235294118,0.3059322033898305,0.6867541061089448,0.2535087719298245,0.8010101010101011,0.3580763322698806,0.4765248102244752,0.1990647206222905,57,0.6088888888888889,0.26018808777429464,0.45112781954887227,0.75,0.48849104859335035,0.7647058823529412,0.4456521739130435,0.5384362715816272,0.16778768509819844,36,0.5,0.7,0.475,0.6857142857142857,0.425,0.8,0.34285714285714286,0.5612244897959183,0.15546915468716627,17
0.16811111995152064,0.03772652423156117,0.008665595735822405,0.001993245371872442,,0.1,1000,2,l2,42,lbfgs,,SelectKBest(score_func=<function mutual_info_classif at 0x7272ba3df420>),"PCA(random_state=42, svd_solver='full')",30.0,2.0,"{'balance': None, 'classify__C': 0.1, 'classify__max_iter': 1000, 'classify__n_jobs': 2, 'classify__penalty': 'l2', 'classify__random_state': 42, 'classify__solver': 'lbfgs', 'impute': None, 'select': SelectKBest(score_func=<function mutual_info_classif at 0x7272ba3df420>), 'select__k': 30, 'transform': PCA(random_state=42, svd_solver='full'), 'transform__n_components': 2}",0.3333333333333333,0.5843283582089552,0.3059322033898305,0.6057142857142856,0.34031339031339025,0.8010101010101011,0.3580763322698806,0.47552971489139667,0.17557437470583442,64,0.5911111111111111,0.26959247648902823,0.4210526315789474,0.74,0.48849104859335035,0.7595907928388747,0.4492753623188406,0.5313019175614503,0.16407999037703003,46,0.5,0.675,0.475,0.6571428571428571,0.45,0.8,0.34285714285714286,0.5571428571428572,0.14652187171930436,28
0.18307621138436453,0.02253976121096135,0.00918752806527274,0.0015089898703351337,,0.1,1000,2,l2,42,lbfgs,SimpleImputer(strategy='median'),SelectKBest(score_func=<function mutual_info_classif at 0x7272ba3df420>),"PCA(random_state=42, svd_solver='full')",30.0,2.0,"{'balance': None, 'classify__C': 0.1, 'classify__max_iter': 1000, 'classify__n_jobs': 2, 'classify__penalty': 'l2', 'classify__random_state': 42, 'classify__solver': 'lbfgs', 'impute': SimpleImputer(strategy='median'), 'select': SelectKBest(score_func=<function mutual_info_classif at 0x7272ba3df420>), 'select__k': 30, 'transform': PCA(random_state=42, svd_solver='full'), 'transform__n_components': 2}",0.3333333333333333,0.5843283582089552,0.3059322033898305,0.6057142857142856,0.34031339031339025,0.8010101010101011,0.3580763322698806,0.47552971489139667,0.17557437470583442,64,0.5822222222222222,0.2727272727272727,0.4210526315789474,0.75,0.4910485933503836,0.7621483375959079,0.4492753623188406,0.5326392028276535,0.16521143072455036,44,0.5,0.675,0.475,0.6571428571428571,0.45,0.8,0.34285714285714286,0.5571428571428572,0.14652187171930436,28
0.05970900399344308,0.02984247744974013,0.007182291575840541,0.0026885819178060788,,0.1,1000,2,l2,42,lbfgs,,,"PCA(random_state=42, svd_solver='full')",,10.0,"{'balance': None, 'classify__C': 0.1, 'classify__max_iter': 1000, 'classify__n_jobs': 2, 'classify__penalty': 'l2', 'classify__random_state': 42, 'classify__solver': 'lbfgs', 'impute': None, 'select': None, 'transform': PCA(random_state=42, svd_solver='full'), 'transform__n_components': 10}",0.2682926829268293,0.629862700228833,0.33214285714285713,0.6861471861471862,0.35472727272727267,0.6692231731402238,0.3871428571428572,0.4753626756365798,0.1654464933198777,66,0.24,0.5015673981191222,0.2506265664160401,0.7533333333333333,0.43989769820971864,0.7570332480818415,0.427536231884058,0.48142778229201627,0.19511250526939525,95,0.36666666666666664,0.625,0.45,0.7142857142857143,0.475,0.675,0.37142857142857144,0.5253401360544218,0.13368774914640152,77
0.08668218340192523,0.03290643420250534,0.009648868015834264,0.00045203964479656586,,0.1,1000,2,l2,42,lbfgs,SimpleImputer(strategy='median'),,"PCA(random_state=42, svd_solver='full')",,10.0,"{'balance': None, 'classify__C': 0.1, 'classify__max_iter': 1000, 'classify__n_jobs': 2, 'classify__penalty': 'l2', 'classify__random_state': 42, 'classify__solver': 'lbfgs', 'impute': SimpleImputer(strategy='median'), 'select': None, 'transform': PCA(random_state=42, svd_solver='full'), 'transform__n_components': 10}",0.2682926829268293,0.629862700228833,0.33214285714285713,0.6861471861471862,0.35472727272727267,0.6692231731402238,0.3871428571428572,0.4753626756365798,0.1654464933198777,66,0.24,0.5015673981191222,0.2506265664160401,0.7533333333333333,0.43989769820971864,0.7570332480818415,0.427536231884058,0.48142778229201627,0.19511250526939525,95,0.36666666666666664,0.625,0.45,0.7142857142857143,0.475,0.675,0.37142857142857144,0.5253401360544218,0.13368774914640152,77
0.2606575148446219,0.03504217527726154,0.009343011038643973,0.0002824118384385619,,10.0,1000,2,l2,42,lbfgs,,SelectKBest(score_func=<function mutual_info_classif at 0x7272ba3df420>),"PCA(random_state=42, svd_solver='full')",30.0,5.0,"{'balance': None, 'classify__C': 10.0, 'classify__max_iter': 1000, 'classify__n_jobs': 2, 'classify__penalty': 'l2', 'classify__random_state': 42, 'classify__solver': 'lbfgs', 'impute': None, 'select': SelectKBest(score_func=<function mutual_info_classif at 0x7272ba3df420>), 'select__k': 30, 'transform': PCA(random_state=42, svd_solver='full'), 'transform__n_components': 5}",0.3333333333333333,0.6954715219421101,0.33214285714285713,0.6472303206997084,0.24285714285714283,0.6543326345213138,0.41240310077519376,0.4739672730388085,0.17267226971928867,68,0.35555555555555557,0.49216300940438873,0.37593984962406013,0.7133333333333334,0.40920716112531974,0.6930946291560102,0.37318840579710144,0.4874974205708242,0.14260009134053037,85,0.5,0.725,0.45,0.6857142857142857,0.4,0.675,0.4,0.5479591836734694,0.1320926151434171,34
0.22558832168579102,0.07809770826885541,0.00883688245500837,0.0014026735691450587,,10.0,1000,2,l2,42,lbfgs,SimpleImputer(strategy='median'),SelectKBest(score_func=<function mutual_info_classif at 0x7272ba3df420>),"PCA(random_state=42, svd_solver='full')",30.0,10.0,"{'balance': None, 'classify__C': 10.0, 'classify__max_iter': 1000, 'classify__n_jobs': 2, 'classify__penalty': 'l2', 'classify__random_state': 42, 'classify__solver': 'lbfgs', 'impute': SimpleImputer(strategy='median'), 'select': SelectKBest(score_func=<function mutual_info_classif at 0x7272ba3df420>), 'select__k': 30, 'transform': PCA(random_state=42, svd_solver='full'), 'transform__n_components': 10}",0.28,0.6095238095238096,0.31836363636363635,0.6612924540769128,0.2535087719298245,0.6692231731402238,0.5243263196751569,0.4737483092442235,0.17094886787289473,69,0.36,0.5141065830721003,0.28070175438596495,0.6866666666666666,0.5115089514066495,0.7416879795396419,0.5036231884057971,0.5140421604966887,0.1511449387983807,57,0.3,0.6,0.425,0.6857142857142857,0.425,0.675,0.5142857142857142,0.5178571428571429,0.13327561919028527,93
0.17245146206447057,0.040345515622459804,0.008604628699166434,0.0016173402823650225,,10.0,1000,2,l2,42,lbfgs,SimpleImputer(strategy='median'),SelectKBest(score_func=<function mutual_info_classif at 0x7272ba3df420>),"PCA(random_state=42, svd_solver='full')",10.0,5.0,"{'balance': None, 'classify__C': 10.0, 'classify__max_iter': 1000, 'classify__n_jobs': 2, 'classify__penalty': 'l2', 'classify__random_state': 42, 'classify__solver': 'lbfgs', 'impute': SimpleImputer(strategy='median'), 'select': SelectKBest(score_func=<function mutual_info_classif at 0x7272ba3df420>), 'select__k': 10, 'transform': PCA(random_state=42, svd_solver='full'), 'transform__n_components': 5}",0.4171428571428571,0.6954715219421101,0.35893416927899685,0.4768518518518518,0.35,0.6851648351648352,0.33142857142857146,0.473570543829889,0.14433223430217582,70,0.3733333333333333,0.5893416927899686,0.37593984962406013,0.5566666666666666,0.3145780051150895,0.6803069053708442,0.27173913043478265,0.4517007976192492,0.14407024316992834,112,0.43333333333333335,0.725,0.5,0.6,0.35,0.7,0.3142857142857143,0.5175170068027211,0.15114388682478586,94
0.2409775938306536,0.020121650015913317,0.010153702327183314,0.00032295925902413867,,0.1,1000,2,l2,42,lbfgs,SimpleImputer(strategy='median'),SelectKBest(score_func=<function mutual_info_classif at 0x7272ba3df420>),"PCA(random_state=42, svd_solver='full')",30.0,5.0,"{'balance': None, 'classify__C': 0.1, 'classify__max_iter': 1000, 'classify__n_jobs': 2, 'classify__penalty': 'l2', 'classify__random_state': 42, 'classify__solver': 'lbfgs', 'impute': SimpleImputer(strategy='median'), 'select': SelectKBest(score_func=<function mutual_info_classif at 0x7272ba3df420>), 'select__k': 30, 'transform': PCA(random_state=42, svd_solver='full'), 'transform__n_components': 5}",0.3333333333333333,0.6756410256410257,0.33214285714285713,0.6472303206997084,0.24285714285714283,0.6543326345213138,0.41240310077519376,0.47113434499579643,0.1691415218716655,71,0.3911111111111111,0.43573667711598746,0.3634085213032582,0.7,0.42455242966751916,0.6956521739130435,0.38405797101449274,0.4849312691607731,0.13652262680681457,91,0.5,0.725,0.45,0.6857142857142857,0.4,0.675,0.4,0.5479591836734694,0.1320926151434171,34
0.21840511049543107,0.026050325181023067,0.009064810616629464,0.000226940992358774,,10.0,1000,2,l2,42,lbfgs,,SelectKBest(score_func=<function mutual_info_classif at 0x7272ba3df420>),"PCA(random_state=42, svd_solver='full')",50.0,5.0,"{'balance': None, 'classify__C': 10.0, 'classify__max_iter': 1000, 'classify__n_jobs': 2, 'classify__penalty': 'l2', 'classify__random_state': 42, 'classify__solver': 'lbfgs', 'impute': None, 'select': SelectKBest(score_func=<function mutual_info_classif at 0x7272ba3df420>), 'select__k': 50, 'transform': PCA(random_state=42, svd_solver='full'), 'transform__n_components': 5}",0.3333333333333333,0.6095238095238096,0.30427350427350425,0.6472303206997084,0.35229885057471266,0.6543326345213138,0.3871428571428572,0.46973361572417704,0.1472206406757723,72,0.38222222222222224,0.4670846394984326,0.3583959899749373,0.7066666666666666,0.41432225063938616,0.6803069053708439,0.24637681159420288,0.46505364085238454,0.15736448823163152,105,0.5,0.6,0.4,0.6857142857142857,0.425,0.675,0.37142857142857144,0.5224489795918367,0.1217390132151929,85
0.20914295741489955,0.03742970546368116,0.007352488381522042,0.0019767224635844224,,1.0,1000,2,l2,42,lbfgs,,SelectKBest(score_func=<function mutual_info_classif at 0x7272ba3df420>),"PCA(random_state=42, svd_solver='full')",10.0,10.0,"{'balance': None, 'classify__C': 1.0, 'classify__max_iter': 1000, 'classify__n_jobs': 2, 'classify__penalty': 'l2', 'classify__random_state': 42, 'classify__solver': 'lbfgs', 'impute': None, 'select': SelectKBest(score_func=<function mutual_info_classif at 0x7272ba3df420>), 'select__k': 10, 'transform': PCA(random_state=42, svd_solver='full'), 'transform__n_components': 10}",0.3301997649823737,0.6224014336917562,0.3059322033898305,0.6612924540769128,0.2535087719298245,0.6629141311697092,0.44285714285714284,0.46844370029965,0.1652208226337636,73,0.3333333333333333,0.5956112852664577,0.30827067669172936,0.7266666666666666,0.47058823529411764,0.690537084398977,0.3949275362318841,0.5028478311261665,0.1573032062718929,66,0.36666666666666664,0.65,0.475,0.6857142857142857,0.425,0.675,0.42857142857142855,0.5294217687074829,0.1257464178389731,69
0.10027640206473214,0.0021561383328766682,0.005476134163992745,6.687288784311578e-05,,10.0,1000,2,l2,42,lbfgs,SimpleImputer(strategy='median'),SelectKBest(score_func=<function mutual_info_classif at 0x7272ba3df420>),LinearDiscriminantAnalysis(),30.0,1.0,"{'balance': None, 'classify__C': 10.0, 'classify__max_iter': 1000, 'classify__n_jobs': 2, 'classify__penalty': 'l2', 'classify__random_state': 42, 'classify__solver': 'lbfgs', 'impute': SimpleImputer(strategy='median'), 'select': SelectKBest(score_func=<function mutual_info_classif at 0x7272ba3df420>), 'select__k': 30, 'transform': LinearDiscriminantAnalysis(), 'transform__n_components': 1}",0.4505494505494506,0.502995391705069,0.3059322033898305,0.6366459627329192,0.2535087719298245,0.5454887218045112,0.5802879291251385,0.4679154901766776,0.13139697132881345,74,0.47555555555555556,0.5015673981191223,0.4035087719298246,0.7133333333333334,0.5907928388746804,0.5728900255754475,0.6014492753623188,0.5512995998214689,0.09323423965216071,30,0.5,0.475,0.475,0.6571428571428571,0.425,0.55,0.5714285714285714,0.5219387755102041,0.07151598150177646,88
0.04404834338596889,0.014308503834525744,0.008352858679635184,0.00016138615117820525,,1.0,1000,2,l2,42,lbfgs,,,"PCA(random_state=42, svd_solver='full')",,5.0,"{'balance': None, 'classify__C': 1.0, 'classify__max_iter': 1000, 'classify__n_jobs': 2, 'classify__penalty': 'l2', 'classify__random_state': 42, 'classify__solver': 'lbfgs', 'impute': None, 'select': None, 'transform': PCA(random_state=42, svd_solver='full'), 'transform__n_components': 5}",0.3333333333333333,0.6095238095238096,0.2833333333333333,0.6472303206997084,0.39133333333333337,0.6543326345213138,0.3525447525447526,0.46737593104136926,0.15038721535948865,75,0.3866666666666667,0.47335423197492166,0.3508771929824562,0.7066666666666666,0.40409207161125327,0.680306905370844,0.4347826086956522,0.49096376342406584,0.1330380225255577,76,0.5,0.6,0.425,0.6857142857142857,0.45,0.675,0.34285714285714286,0.5255102040816327,0.12152500029881091,75
0.0265958309173584,0.013214976137460418,0.006546361105782645,0.0018043041990624458,,1.0,1000,2,l2,42,lbfgs,SimpleImputer(strategy='median'),,"PCA(random_state=42, svd_solver='full')",,5.0,"{'balance': None, 'classify__C': 1.0, 'classify__max_iter': 1000, 'classify__n_jobs': 2, 'classify__penalty': 'l2', 'classify__random_state': 42, 'classify__solver': 'lbfgs', 'impute': SimpleImputer(strategy='median'), 'select': None, 'transform': PCA(random_state=42, svd_solver='full'), 'transform__n_components': 5}",0.3333333333333333,0.6095238095238096,0.2833333333333333,0.6472303206997084,0.39133333333333337,0.6543326345213138,0.3525447525447526,0.46737593104136926,0.15038721535948865,75,0.3866666666666667,0.47335423197492166,0.3508771929824562,0.7066666666666666,0.40409207161125327,0.680306905370844,0.4347826086956522,0.49096376342406584,0.1330380225255577,76,0.5,0.6,0.425,0.6857142857142857,0.45,0.675,0.34285714285714286,0.5255102040816327,0.12152500029881091,75
0.09880896977015904,0.0006242102359417128,0.004915203366960798,9.418473089710928e-05,,1.0,1000,2,l2,42,lbfgs,,SelectKBest(score_func=<function mutual_info_classif at 0x7272ba3df420>),LinearDiscriminantAnalysis(),30.0,1.0,"{'balance': None, 'classify__C': 1.0, 'classify__max_iter': 1000, 'classify__n_jobs': 2, 'classify__penalty': 'l2', 'classify__random_state': 42, 'classify__solver': 'lbfgs', 'impute': None, 'select': SelectKBest(score_func=<function mutual_info_classif at 0x7272ba3df420>), 'select__k': 30, 'transform': LinearDiscriminantAnalysis(), 'transform__n_components': 1}",0.4444444444444445,0.4556616194865043,0.3059322033898305,0.67921742340347,0.2535087719298245,0.5731394621638524,0.5542857142857143,0.4665985198719486,0.1394264472583558,77,0.48888888888888893,0.4702194357366771,0.37092731829573933,0.7533333333333333,0.5882352941176471,0.5805626598465473,0.6376811594202899,0.5556925842341605,0.11549158108847625,26,0.4666666666666667,0.425,0.475,0.6857142857142857,0.425,0.575,0.5428571428571428,0.5136054421768707,0.08753928532424644,98
0.178241457257952,0.027560224327802606,0.009928533009120397,0.0027858777623009545,,1.0,1000,2,l2,42,lbfgs,SimpleImputer(strategy='median'),SelectKBest(score_func=<function mutual_info_classif at 0x7272ba3df420>),"PCA(random_state=42, svd_solver='full')",30.0,2.0,"{'balance': None, 'classify__C': 1.0, 'classify__max_iter': 1000, 'classify__n_jobs': 2, 'classify__penalty': 'l2', 'classify__random_state': 42, 'classify__solver': 'lbfgs', 'impute': SimpleImputer(strategy='median'), 'select': SelectKBest(score_func=<function mutual_info_classif at 0x7272ba3df420>), 'select__k': 30, 'transform': PCA(random_state=42, svd_solver='full'), 'transform__n_components': 2}",0.3333333333333333,0.5843283582089552,0.3059322033898305,0.6867541061089448,0.34031339031339025,0.6543326345213138,0.3580763322698806,0.46615290830652123,0.15531984471975788,78,0.5777777777777777,0.2727272727272727,0.33082706766917297,0.7433333333333332,0.4859335038363171,0.7570332480818415,0.4492753623188406,0.5167010808206508,0.17419911862997403,55,0.5,0.675,0.475,0.6857142857142857,0.45,0.675,0.34285714285714286,0.5433673469387755,0.1255807002948593,45
0.1623551845550537,0.01830377876870573,0.007357256753104073,0.001847872206010677,,10.0,1000,2,l2,42,lbfgs,SimpleImputer(strategy='median'),SelectKBest(score_func=<function mutual_info_classif at 0x7272ba3df420>),"PCA(random_state=42, svd_solver='full')",10.0,2.0,"{'balance': None, 'classify__C': 10.0, 'classify__max_iter': 1000, 'classify__n_jobs': 2, 'classify__penalty': 'l2', 'classify__random_state': 42, 'classify__solver': 'lbfgs', 'impute': SimpleImputer(strategy='median'), 'select': SelectKBest(score_func=<function mutual_info_classif at 0x7272ba3df420>), 'select__k': 10, 'transform': PCA(random_state=42, svd_solver='full'), 'transform__n_components': 2}",0.3333333333333333,0.6482778415614237,0.3059322033898305,0.4768518518518518,0.2535087719298245,0.8010101010101011,0.44285714285714284,0.465967320847644,0.18302419524509406,79,0.5733333333333334,0.6018808777429467,0.3959899749373434,0.5933333333333334,0.4884910485933504,0.7544757033248082,0.463768115942029,0.5530389124581635,0.10809908997661767,29,0.5,0.725,0.475,0.6,0.425,0.8,0.42857142857142855,0.564795918367347,0.1376265462125942,16
0.2718020166669573,0.060150533263106425,0.006847517830984933,0.0011095232349524623,,1.0,1000,2,l2,42,lbfgs,,SelectKBest(score_func=<function mutual_info_classif at 0x7272ba3df420>),,30.0,,"{'balance': None, 'classify__C': 1.0, 'classify__max_iter': 1000, 'classify__n_jobs': 2, 'classify__penalty': 'l2', 'classify__random_state': 42, 'classify__solver': 'lbfgs', 'impute': None, 'select': SelectKBest(score_func=<function mutual_info_classif at 0x7272ba3df420>), 'select__k': 30, 'transform': None}",0.38440492476060195,0.6197802197802198,0.2948275862068966,0.6266971044094678,0.2535087719298245,0.55,0.5186031746031746,0.463974540241455,0.1416114228054006,80,0.4488888888888889,0.5047021943573667,0.3583959899749374,0.6966666666666665,0.6419437340153452,0.5677749360613811,0.4384057971014493,0.5223968867237192,0.11109063057726976,51,0.5,0.6,0.45,0.6285714285714286,0.425,0.55,0.5142857142857142,0.5239795918367347,0.06900781333086883,82
0.15634925024850027,0.051150259226772445,0.006785733359200614,0.001399283227450041,,10.0,1000,2,l2,42,lbfgs,SimpleImputer(strategy='median'),SelectKBest(score_func=<function mutual_info_classif at 0x7272ba3df420>),"PCA(random_state=42, svd_solver='full')",50.0,2.0,"{'balance': None, 'classify__C': 10.0, 'classify__max_iter': 1000, 'classify__n_jobs': 2, 'classify__penalty': 'l2', 'classify__random_state': 42, 'classify__solver': 'lbfgs', 'impute': SimpleImputer(strategy='median'), 'select': SelectKBest(score_func=<function mutual_info_classif at 0x7272ba3df420>), 'select__k': 50, 'transform': PCA(random_state=42, svd_solver='full'), 'transform__n_components': 2}",0.3333333333333333,0.5970588235294118,0.3059322033898305,0.561108653987911,0.28034188034188035,0.8010101010101011,0.3580763322698806,0.46240876112319257,0.18035764449630973,81,0.6088888888888889,0.26332288401253917,0.4536340852130326,0.6399999999999999,0.48593350383631706,0.7647058823529412,0.4456521739130435,0.5231624883166803,0.15075424467913653,50,0.5,0.7,0.475,0.6285714285714286,0.4,0.8,0.34285714285714286,0.5494897959183673,0.15339249865046337,32
0.021264519010271345,0.010573692917441141,0.005217177527291434,0.0005152050756804924,,0.1,1000,2,l2,42,lbfgs,,,"PCA(random_state=42, svd_solver='full')",,5.0,"{'balance': None, 'classify__C': 0.1, 'classify__max_iter': 1000, 'classify__n_jobs': 2, 'classify__penalty': 'l2', 'classify__random_state': 42, 'classify__solver': 'lbfgs', 'impute': None, 'select': None, 'transform': PCA(random_state=42, svd_solver='full'), 'transform__n_components': 5}",0.3333333333333333,0.6095238095238096,0.2833333333333333,0.6472303206997084,0.35229885057471266,0.6543326345213138,0.3525447525447526,0.46179957636156627,0.15378871845443717,82,0.39111111111111113,0.47335423197492166,0.3483709273182958,0.7066666666666666,0.40920716112531974,0.680306905370844,0.4347826086956522,0.49197137318040157,0.13246308907667592,71,0.5,0.6,0.425,0.6857142857142857,0.425,0.675,0.34285714285714286,0.5219387755102042,0.12403312021574713,86
0.04712060519627163,0.012872892752699575,0.009167194366455078,3.9518964709813366e-05,,0.1,1000,2,l2,42,lbfgs,SimpleImputer(strategy='median'),,"PCA(random_state=42, svd_solver='full')",,5.0,"{'balance': None, 'classify__C': 0.1, 'classify__max_iter': 1000, 'classify__n_jobs': 2, 'classify__penalty': 'l2', 'classify__random_state': 42, 'classify__solver': 'lbfgs', 'impute': SimpleImputer(strategy='median'), 'select': None, 'transform': PCA(random_state=42, svd_solver='full'), 'transform__n_components': 5}",0.3333333333333333,0.6095238095238096,0.2833333333333333,0.6472303206997084,0.35229885057471266,0.6543326345213138,0.3525447525447526,0.46179957636156627,0.15378871845443717,82,0.39111111111111113,0.47335423197492166,0.3483709273182958,0.7066666666666666,0.40920716112531974,0.680306905370844,0.4347826086956522,0.49197137318040157,0.13246308907667592,71,0.5,0.6,0.425,0.6857142857142857,0.425,0.675,0.34285714285714286,0.5219387755102042,0.12403312021574713,86
0.21213197708129883,0.023210811270785926,0.009869575500488281,0.00028480747683083034,,0.1,1000,2,l2,42,lbfgs,SimpleImputer(strategy='median'),SelectKBest(score_func=<function mutual_info_classif at 0x7272ba3df420>),"PCA(random_state=42, svd_solver='full')",10.0,5.0,"{'balance': None, 'classify__C': 0.1, 'classify__max_iter': 1000, 'classify__n_jobs': 2, 'classify__penalty': 'l2', 'classify__random_state': 42, 'classify__solver': 'lbfgs', 'impute': SimpleImputer(strategy='median'), 'select': SelectKBest(score_func=<function mutual_info_classif at 0x7272ba3df420>), 'select__k': 10, 'transform': PCA(random_state=42, svd_solver='full'), 'transform__n_components': 5}",0.36507936507936506,0.5843283582089552,0.3059322033898305,0.6472303206997084,0.34031339031339025,0.6851648351648352,0.3037366334254476,0.46168358661164743,0.157063241379953,84,0.3511111111111111,0.54858934169279,0.3583959899749374,0.7366666666666667,0.3785166240409207,0.6803069053708439,0.2717391304347826,0.47504653847029316,0.1671631883452679,102,0.4666666666666667,0.675,0.475,0.6857142857142857,0.45,0.7,0.2857142857142857,0.5340136054421769,0.14499792948777118,58
0.20697310992649623,0.03154962265181479,0.008607932499476842,0.0008097272790271866,,1.0,1000,2,l2,42,lbfgs,,SelectKBest(score_func=<function mutual_info_classif at 0x7272ba3df420>),"PCA(random_state=42, svd_solver='full')",50.0,5.0,"{'balance': None, 'classify__C': 1.0, 'classify__max_iter': 1000, 'classify__n_jobs': 2, 'classify__penalty': 'l2', 'classify__random_state': 42, 'classify__solver': 'lbfgs', 'impute': None, 'select': SelectKBest(score_func=<function mutual_info_classif at 0x7272ba3df420>), 'select__k': 50, 'transform': PCA(random_state=42, svd_solver='full'), 'transform__n_components': 5}",0.3333333333333333,0.6095238095238096,0.30427350427350425,0.6472303206997084,0.22037037037037038,0.6543326345213138,0.4619682539682539,0.4615760323843277,0.16599559702986244,85,0.38222222222222224,0.4670846394984326,0.3583959899749373,0.7066666666666666,0.4578005115089514,0.6803069053708439,0.41666666666666663,0.4955919431298172,0.1302841056535812,69,0.5,0.6,0.4,0.6857142857142857,0.35,0.675,0.45714285714285713,0.5239795918367348,0.12272290788581414,81
0.16402309281485422,0.025394242087418594,0.007636887686593192,0.0013867857378968115,,0.1,1000,2,l2,42,lbfgs,,SelectKBest(score_func=<function mutual_info_classif at 0x7272ba3df420>),"PCA(random_state=42, svd_solver='full')",50.0,5.0,"{'balance': None, 'classify__C': 0.1, 'classify__max_iter': 1000, 'classify__n_jobs': 2, 'classify__penalty': 'l2', 'classify__random_state': 42, 'classify__solver': 'lbfgs', 'impute': None, 'select': SelectKBest(score_func=<function mutual_info_classif at 0x7272ba3df420>), 'select__k': 50, 'transform': PCA(random_state=42, svd_solver='full'), 'transform__n_components': 5}",0.3333333333333333,0.6095238095238096,0.30427350427350425,0.5128205128205128,0.35229885057471266,0.6543326345213138,0.4619682539682539,0.46122155700220574,0.1280628758213669,86,0.38222222222222224,0.4670846394984326,0.3583959899749373,0.5033333333333333,0.41432225063938616,0.6803069053708439,0.41666666666666663,0.4603331439579746,0.10056932057615968,110,0.5,0.6,0.4,0.6,0.425,0.675,0.45714285714285713,0.5224489795918368,0.0960349920608366,84
0.19898581504821777,0.023573153072975188,0.009559222630092077,0.0010153711558881482,,1.0,1000,2,l2,42,lbfgs,SimpleImputer(strategy='median'),SelectKBest(score_func=<function mutual_info_classif at 0x7272ba3df420>),"PCA(random_state=42, svd_solver='full')",10.0,5.0,"{'balance': None, 'classify__C': 1.0, 'classify__max_iter': 1000, 'classify__n_jobs': 2, 'classify__penalty': 'l2', 'classify__random_state': 42, 'classify__solver': 'lbfgs', 'impute': SimpleImputer(strategy='median'), 'select': SelectKBest(score_func=<function mutual_info_classif at 0x7272ba3df420>), 'select__k': 10, 'transform': PCA(random_state=42, svd_solver='full'), 'transform__n_components': 5}",0.36507936507936506,0.6324675324675326,0.3059322033898305,0.6233766233766235,0.28034188034188035,0.6629141311697092,0.3580763322698806,0.46116972401354595,0.15721405996673518,87,0.3511111111111111,0.6112852664576802,0.3408521303258145,0.74,0.35805626598465473,0.659846547314578,0.40579710144927533,0.4952783460918734,0.15670601524033478,70,0.4666666666666667,0.7,0.475,0.6571428571428571,0.4,0.675,0.34285714285714286,0.530952380952381,0.1336533453201136,62
0.20472986357552664,0.04781764364410858,0.007953439440046037,0.0022971227912589507,,0.1,1000,2,l2,42,lbfgs,,SelectKBest(score_func=<function mutual_info_classif at 0x7272ba3df420>),"PCA(random_state=42, svd_solver='full')",30.0,5.0,"{'balance': None, 'classify__C': 0.1, 'classify__max_iter': 1000, 'classify__n_jobs': 2, 'classify__penalty': 'l2', 'classify__random_state': 42, 'classify__solver': 'lbfgs', 'impute': None, 'select': SelectKBest(score_func=<function mutual_info_classif at 0x7272ba3df420>), 'select__k': 30, 'transform': PCA(random_state=42, svd_solver='full'), 'transform__n_components': 5}",0.3333333333333333,0.6094202898550725,0.33214285714285713,0.6861471861471862,0.24285714285714283,0.6326923076923077,0.38639455782312926,0.4604268106930041,0.16399085590249807,88,0.4044444444444445,0.2852664576802508,0.3734335839598998,0.7,0.4168797953964194,0.6930946291560102,0.38768115942028986,0.46582858143675926,0.15113694892333965,104,0.5,0.725,0.45,0.7142857142857143,0.4,0.65,0.37142857142857144,0.5443877551020407,0.13850325935868052,41
0.10640989031110491,0.0025145051131311882,0.0058122362409319195,0.00047386398360360795,,0.1,1000,2,l2,42,lbfgs,SimpleImputer(strategy='median'),SelectKBest(score_func=<function mutual_info_classif at 0x7272ba3df420>),LinearDiscriminantAnalysis(),30.0,1.0,"{'balance': None, 'classify__C': 0.1, 'classify__max_iter': 1000, 'classify__n_jobs': 2, 'classify__penalty': 'l2', 'classify__random_state': 42, 'classify__solver': 'lbfgs', 'impute': SimpleImputer(strategy='median'), 'select': SelectKBest(score_func=<function mutual_info_classif at 0x7272ba3df420>), 'select__k': 30, 'transform': LinearDiscriminantAnalysis(), 'transform__n_components': 1}",0.43270300333704115,0.4753196930946292,0.3059322033898305,0.6717460317460318,0.2535087719298245,0.5454887218045112,0.5243263196751569,0.4584321064252893,0.13289131065469187,89,0.528888888888889,0.4263322884012539,0.44862155388471175,0.7566666666666666,0.5498721227621484,0.5601023017902813,0.6159420289855072,0.5552036930542082,0.10211265308698192,27,0.43333333333333335,0.45,0.475,0.6857142857142857,0.425,0.55,0.5142857142857142,0.5047619047619047,0.08470924374987884,104
0.10029980114528111,0.0007452021424466055,0.005485466548374721,0.00027424339855240253,,0.1,1000,2,l2,42,lbfgs,SimpleImputer(strategy='median'),SelectKBest(score_func=<function mutual_info_classif at 0x7272ba3df420>),LinearDiscriminantAnalysis(),10.0,1.0,"{'balance': None, 'classify__C': 0.1, 'classify__max_iter': 1000, 'classify__n_jobs': 2, 'classify__penalty': 'l2', 'classify__random_state': 42, 'classify__solver': 'lbfgs', 'impute': SimpleImputer(strategy='median'), 'select': SelectKBest(score_func=<function mutual_info_classif at 0x7272ba3df420>), 'select__k': 10, 'transform': LinearDiscriminantAnalysis(), 'transform__n_components': 1}",0.3772893772893772,0.5889090909090908,0.3456521739130435,0.6472303206997084,0.3059523809523809,0.622079772079772,0.2757142857142857,0.4518324859368084,0.1488450810588819,90,0.4444444444444444,0.5266457680250783,0.32330827067669177,0.7433333333333333,0.5115089514066496,0.6982097186700768,0.19565217391304346,0.49187180863847396,0.17960757633838673,73,0.43333333333333335,0.575,0.475,0.6857142857142857,0.45,0.65,0.2571428571428571,0.5037414965986395,0.1357865134382241,106
0.32007288932800293,0.07632657932132997,0.00819918087550572,0.0008568868492071552,,10.0,1000,2,l2,42,lbfgs,,SelectKBest(score_func=<function mutual_info_classif at 0x7272ba3df420>),,30.0,,"{'balance': None, 'classify__C': 10.0, 'classify__max_iter': 1000, 'classify__n_jobs': 2, 'classify__penalty': 'l2', 'classify__random_state': 42, 'classify__solver': 'lbfgs', 'impute': None, 'select': SelectKBest(score_func=<function mutual_info_classif at 0x7272ba3df420>), 'select__k': 30, 'transform': None}",0.42233632862644416,0.3816447779862414,0.30427350427350425,0.6571428571428571,0.2535087719298245,0.5763289555972483,0.5666710717589533,0.45170089533072477,0.14027614872822533,91,0.4533333333333333,0.49216300940438873,0.28571428571428575,0.72,0.5856777493606138,0.5805626598465472,0.41666666666666663,0.5048739577608335,0.12937583050832208,65,0.5,0.375,0.4,0.6571428571428571,0.425,0.575,0.5714285714285714,0.5005102040816326,0.09759178552222557,110
0.4301763262067522,0.05872465682664867,0.009632587432861328,0.0001661801684970344,,10.0,1000,2,l2,42,lbfgs,SimpleImputer(strategy='median'),SelectKBest(score_func=<function mutual_info_classif at 0x7272ba3df420>),,30.0,,"{'balance': None, 'classify__C': 10.0, 'classify__max_iter': 1000, 'classify__n_jobs': 2, 'classify__penalty': 'l2', 'classify__random_state': 42, 'classify__solver': 'lbfgs', 'impute': SimpleImputer(strategy='median'), 'select': SelectKBest(score_func=<function mutual_info_classif at 0x7272ba3df420>), 'select__k': 30, 'transform': None}",0.36507936507936506,0.550329163923634,0.30427350427350425,0.5952380952380952,0.2535087719298245,0.55,0.5428571428571428,0.4516122919002236,0.12918471079702143,92,0.4533333333333333,0.5141065830721003,0.3834586466165414,0.7066666666666667,0.6342710997442456,0.554987212276215,0.4311594202898551,0.5254261374284225,0.10686152556788583,47,0.4666666666666667,0.525,0.4,0.6,0.425,0.55,0.5428571428571428,0.501360544217687,0.06727861923270029,109
0.19296819823128836,0.08708789422107865,0.007766689573015485,0.0013934610780481215,,1.0,1000,2,l2,42,lbfgs,,SelectKBest(score_func=<function mutual_info_classif at 0x7272ba3df420>),"PCA(random_state=42, svd_solver='full')",30.0,10.0,"{'balance': None, 'classify__C': 1.0, 'classify__max_iter': 1000, 'classify__n_jobs': 2, 'classify__penalty': 'l2', 'classify__random_state': 42, 'classify__solver': 'lbfgs', 'impute': None, 'select': SelectKBest(score_func=<function mutual_info_classif at 0x7272ba3df420>), 'select__k': 30, 'transform': PCA(random_state=42, svd_solver='full'), 'transform__n_components': 10}",0.3212669683257918,0.6095238095238096,0.33214285714285713,0.4742857142857143,0.3059523809523809,0.6760317460317461,0.4398496240601503,0.45129330004606427,0.13545243224834197,93,0.38666666666666666,0.5141065830721003,0.28822055137844615,0.5766666666666665,0.5115089514066496,0.7698209718670077,0.45652173913043476,0.5005017328839959,0.14071052484008875,67,0.3333333333333333,0.6,0.45,0.5428571428571428,0.45,0.675,0.42857142857142855,0.49710884353741497,0.10709344503626184,112
0.21023998941693986,0.02321500700250573,0.009978907448904855,0.00027904165058859905,,0.1,1000,2,l2,42,lbfgs,SimpleImputer(strategy='median'),SelectKBest(score_func=<function mutual_info_classif at 0x7272ba3df420>),"PCA(random_state=42, svd_solver='full')",10.0,10.0,"{'balance': None, 'classify__C': 0.1, 'classify__max_iter': 1000, 'classify__n_jobs': 2, 'classify__penalty': 'l2', 'classify__random_state': 42, 'classify__solver': 'lbfgs', 'impute': SimpleImputer(strategy='median'), 'select': SelectKBest(score_func=<function mutual_info_classif at 0x7272ba3df420>), 'select__k': 10, 'transform': PCA(random_state=42, svd_solver='full'), 'transform__n_components': 10}",0.3453145057766367,0.5943046820405311,0.3456521739130435,0.6472303206997084,0.29327272727272724,0.44499999999999995,0.4375624375624375,0.4440481210378692,0.12309480614878597,94,0.38666666666666666,0.5235109717868339,0.3182957393483709,0.7566666666666667,0.4833759590792839,0.360613810741688,0.4130434782608696,0.46316761322148275,0.1363091855779029,107,0.43333333333333335,0.575,0.475,0.6857142857142857,0.425,0.55,0.42857142857142855,0.5103741496598639,0.09075707002053145,99
0.22138377598353795,0.035700451509791585,0.010224001748221261,0.00037798294593326115,,1.0,1000,2,l2,42,lbfgs,SimpleImputer(strategy='median'),SelectKBest(score_func=<function mutual_info_classif at 0x7272ba3df420>),"PCA(random_state=42, svd_solver='full')",10.0,10.0,"{'balance': None, 'classify__C': 1.0, 'classify__max_iter': 1000, 'classify__n_jobs': 2, 'classify__penalty': 'l2', 'classify__random_state': 42, 'classify__solver': 'lbfgs', 'impute': SimpleImputer(strategy='median'), 'select': SelectKBest(score_func=<function mutual_info_classif at 0x7272ba3df420>), 'select__k': 10, 'transform': PCA(random_state=42, svd_solver='full'), 'transform__n_components': 10}",0.36507936507936506,0.5679487179487179,0.3456521739130435,0.6472303206997084,0.34348370927318295,0.41984126984126985,0.4138957816377172,0.44330447691328645,0.1096466116251653,95,0.3555555555555555,0.5266457680250783,0.37092731829573933,0.7400000000000001,0.3017902813299233,0.5242966751918158,0.38405797101449274,0.4576105099160865,0.13968119039223584,111,0.4666666666666667,0.55,0.475,0.6857142857142857,0.35,0.575,0.4,0.5003401360544217,0.10477874456050564,111
0.17629303250994002,0.03073028024212484,0.008681671960013253,0.0020929881088461734,,0.1,1000,2,l2,42,lbfgs,SimpleImputer(strategy='median'),SelectKBest(score_func=<function mutual_info_classif at 0x7272ba3df420>),"PCA(random_state=42, svd_solver='full')",10.0,2.0,"{'balance': None, 'classify__C': 0.1, 'classify__max_iter': 1000, 'classify__n_jobs': 2, 'classify__penalty': 'l2', 'classify__random_state': 42, 'classify__solver': 'lbfgs', 'impute': SimpleImputer(strategy='median'), 'select': SelectKBest(score_func=<function mutual_info_classif at 0x7272ba3df420>), 'select__k': 10, 'transform': PCA(random_state=42, svd_solver='full'), 'transform__n_components': 2}",0.3333333333333333,0.6937229437229437,0.3059322033898305,0.6057142857142856,0.32575122292103426,0.41984126984126985,0.4145021645021645,0.44268534620355166,0.13900016856002698,96,0.5777777777777778,0.5862068965517242,0.39849624060150374,0.76,0.4731457800511509,0.48593350383631717,0.35507246376811596,0.5195189517980844,0.12572083856574195,53,0.5,0.75,0.475,0.6571428571428571,0.425,0.575,0.42857142857142855,0.5443877551020407,0.11362784413938821,41
0.19145209448678152,0.02473495306525167,0.008962018149239677,0.000370657809395925,,1.0,1000,2,l2,42,lbfgs,,SelectKBest(score_func=<function mutual_info_classif at 0x7272ba3df420>),"PCA(random_state=42, svd_solver='full')",10.0,5.0,"{'balance': None, 'classify__C': 1.0, 'classify__max_iter': 1000, 'classify__n_jobs': 2, 'classify__penalty': 'l2', 'classify__random_state': 42, 'classify__solver': 'lbfgs', 'impute': None, 'select': SelectKBest(score_func=<function mutual_info_classif at 0x7272ba3df420>), 'select__k': 10, 'transform': PCA(random_state=42, svd_solver='full'), 'transform__n_components': 5}",0.3333333333333333,0.6954715219421101,0.3059322033898305,0.6233766233766235,0.39133333333333337,0.4080645161290323,0.33061224489795915,0.4411605394860318,0.1432227081793569,97,0.3155555555555556,0.5862068965517242,0.33834586466165417,0.7266666666666667,0.35038363171355497,0.3657289002557545,0.2681159420289855,0.4215719224905565,0.15587929312833862,116,0.5,0.725,0.475,0.6571428571428571,0.45,0.55,0.3142857142857143,0.5244897959183674,0.1260586160372143,80
0.1846038273402623,0.01934413665728998,0.008166176932198661,0.0015006987176654136,,0.1,1000,2,l2,42,lbfgs,SimpleImputer(strategy='median'),SelectKBest(score_func=<function mutual_info_classif at 0x7272ba3df420>),,10.0,,"{'balance': None, 'classify__C': 0.1, 'classify__max_iter': 1000, 'classify__n_jobs': 2, 'classify__penalty': 'l2', 'classify__random_state': 42, 'classify__solver': 'lbfgs', 'impute': SimpleImputer(strategy='median'), 'select': SelectKBest(score_func=<function mutual_info_classif at 0x7272ba3df420>), 'select__k': 10, 'transform': None}",0.3333333333333333,0.550329163923634,0.3059322033898305,0.6057142857142856,0.2535087719298245,0.5958333333333333,0.4421768707482993,0.4409754231960772,0.1352493914989439,98,0.43555555555555553,0.5203761755485893,0.3132832080200501,0.7,0.43478260869565216,0.5575447570332481,0.39492753623188404,0.4794956915835685,0.11655371449889708,99,0.5,0.525,0.475,0.6571428571428571,0.425,0.6,0.42857142857142855,0.5158163265306122,0.08010691522930581,96
0.12901673998151506,0.023565915983120023,0.0073201315743582586,0.0024991440504858573,,10.0,1000,2,l2,42,lbfgs,SimpleImputer(strategy='median'),SelectKBest(score_func=<function mutual_info_classif at 0x7272ba3df420>),LinearDiscriminantAnalysis(),10.0,1.0,"{'balance': None, 'classify__C': 10.0, 'classify__max_iter': 1000, 'classify__n_jobs': 2, 'classify__penalty': 'l2', 'classify__random_state': 42, 'classify__solver': 'lbfgs', 'impute': SimpleImputer(strategy='median'), 'select': SelectKBest(score_func=<function mutual_info_classif at 0x7272ba3df420>), 'select__k': 10, 'transform': LinearDiscriminantAnalysis(), 'transform__n_components': 1}",0.43270300333704115,0.46944444444444444,0.35893416927899685,0.7052947052947053,0.2535087719298245,0.5958333333333333,0.27050427050427056,0.4408889568746594,0.15383639155597673,99,0.4977777777777778,0.5047021943573667,0.31328320802005016,0.7133333333333334,0.5268542199488491,0.659846547314578,0.33695652173913043,0.5075362574987266,0.13776740118403505,62,0.43333333333333335,0.45,0.5,0.7142857142857143,0.425,0.6,0.2857142857142857,0.4869047619047619,0.12717017974404288,116
0.14889063153948104,0.031064363371981155,0.006338323865618024,0.0014525092348208364,,0.1,1000,2,l2,42,lbfgs,,SelectKBest(score_func=<function mutual_info_classif at 0x7272ba3df420>),"PCA(random_state=42, svd_solver='full')",10.0,5.0,"{'balance': None, 'classify__C': 0.1, 'classify__max_iter': 1000, 'classify__n_jobs': 2, 'classify__penalty': 'l2', 'classify__random_state': 42, 'classify__solver': 'lbfgs', 'impute': None, 'select': SelectKBest(score_func=<function mutual_info_classif at 0x7272ba3df420>), 'select__k': 10, 'transform': PCA(random_state=42, svd_solver='full'), 'transform__n_components': 5}",0.38440492476060195,0.6954715219421101,0.3059322033898305,0.576086956521739,0.32575122292103426,0.41984126984126985,0.3580763322698806,0.4379377759494952,0.1336259278526189,100,0.28888888888888886,0.5956112852664577,0.3433583959899749,0.72,0.3554987212276215,0.421994884910486,0.4094202898550725,0.44782463801978584,0.1428086801404797,113,0.5,0.725,0.475,0.6,0.425,0.575,0.34285714285714286,0.5204081632653061,0.11605320556659511,90
0.41916816575186594,0.08814896727341266,0.00906378882271903,0.0006443376388797225,,0.1,1000,2,l2,42,lbfgs,,SelectKBest(score_func=<function mutual_info_classif at 0x7272ba3df420>),,30.0,,"{'balance': None, 'classify__C': 0.1, 'classify__max_iter': 1000, 'classify__n_jobs': 2, 'classify__penalty': 'l2', 'classify__random_state': 42, 'classify__solver': 'lbfgs', 'impute': None, 'select': SelectKBest(score_func=<function mutual_info_classif at 0x7272ba3df420>), 'select__k': 30, 'transform': None}",0.3772893772893772,0.44873015873015876,0.33214285714285713,0.6208933185677372,0.2535087719298245,0.55,0.46836471022517534,0.4358470276978757,0.11706359597650193,101,0.4222222222222222,0.5078369905956113,0.30576441102756896,0.7133333333333334,0.5498721227621484,0.6061381074168798,0.4384057971014492,0.5062247120656019,0.1234182895080637,64,0.43333333333333335,0.425,0.45,0.6285714285714286,0.425,0.55,0.45714285714285713,0.4812925170068028,0.07232071620184496,118
0.19095087051391602,0.07095738721561254,0.009689876011439733,0.003505804493897024,,1.0,1000,2,l2,42,lbfgs,SimpleImputer(strategy='median'),SelectKBest(score_func=<function mutual_info_classif at 0x7272ba3df420>),"PCA(random_state=42, svd_solver='full')",30.0,5.0,"{'balance': None, 'classify__C': 1.0, 'classify__max_iter': 1000, 'classify__n_jobs': 2, 'classify__penalty': 'l2', 'classify__random_state': 42, 'classify__solver': 'lbfgs', 'impute': SimpleImputer(strategy='median'), 'select': SelectKBest(score_func=<function mutual_info_classif at 0x7272ba3df420>), 'select__k': 30, 'transform': PCA(random_state=42, svd_solver='full'), 'transform__n_components': 5}",0.3333333333333333,0.6763440860215054,0.3456521739130435,0.5824175824175825,0.28034188034188035,0.41984126984126985,0.41240310077519376,0.4357619180919726,0.13253222459759473,102,0.40888888888888886,0.40752351097178685,0.3533834586466165,0.5266666666666667,0.41432225063938616,0.5396419437340153,0.4057971014492754,0.4366034029995194,0.06404585840920739,114,0.5,0.7,0.475,0.6571428571428571,0.4,0.575,0.4,0.5295918367346938,0.11007409189248779,67
0.18955544063023158,0.04336054653906623,0.008319786616734095,0.004223060891102656,,10.0,1000,2,l2,42,lbfgs,,SelectKBest(score_func=<function mutual_info_classif at 0x7272ba3df420>),"PCA(random_state=42, svd_solver='full')",10.0,5.0,"{'balance': None, 'classify__C': 10.0, 'classify__max_iter': 1000, 'classify__n_jobs': 2, 'classify__penalty': 'l2', 'classify__random_state': 42, 'classify__solver': 'lbfgs', 'impute': None, 'select': SelectKBest(score_func=<function mutual_info_classif at 0x7272ba3df420>), 'select__k': 10, 'transform': PCA(random_state=42, svd_solver='full'), 'transform__n_components': 5}",0.3453145057766367,0.6954715219421101,0.3059322033898305,0.6472303206997084,0.37389730085582623,0.4080645161290323,0.2718045112781955,0.4353878400101915,0.15523248992450642,103,0.3288888888888889,0.5579937304075235,0.33834586466165417,0.7366666666666667,0.32225063938618925,0.37084398976982097,0.23188405797101452,0.4124105482502512,0.1609100635394526,120,0.43333333333333335,0.725,0.475,0.6857142857142857,0.425,0.55,0.2571428571428571,0.507312925170068,0.149720921373136,101
0.16231748035975865,0.023994376404327954,0.008291619164603097,0.0013464165033198977,,10.0,1000,2,l2,42,lbfgs,,SelectKBest(score_func=<function mutual_info_classif at 0x7272ba3df420>),LinearDiscriminantAnalysis(),10.0,1.0,"{'balance': None, 'classify__C': 10.0, 'classify__max_iter': 1000, 'classify__n_jobs': 2, 'classify__penalty': 'l2', 'classify__random_state': 42, 'classify__solver': 'lbfgs', 'impute': None, 'select': SelectKBest(score_func=<function mutual_info_classif at 0x7272ba3df420>), 'select__k': 10, 'transform': LinearDiscriminantAnalysis(), 'transform__n_components': 1}",0.3333333333333333,0.5889090909090908,0.35893416927899685,0.6472303206997084,0.34031339031339025,0.5322884012539185,0.23994383994383991,0.4344217922474683,0.1420900073806629,104,0.41333333333333333,0.5297805642633229,0.32581453634085217,0.7133333333333334,0.5575447570332481,0.5524296675191817,0.25724637681159424,0.47849750980498085,0.14442139288375833,100,0.5,0.575,0.5,0.6857142857142857,0.45,0.6,0.22857142857142856,0.5056122448979592,0.13420016194186513,103
0.16038523401532853,0.02899002761007425,0.007962942123413086,0.0012161528835131527,,10.0,1000,2,l2,42,lbfgs,,SelectKBest(score_func=<function mutual_info_classif at 0x7272ba3df420>),"PCA(random_state=42, svd_solver='full')",30.0,2.0,"{'balance': None, 'classify__C': 10.0, 'classify__max_iter': 1000, 'classify__n_jobs': 2, 'classify__penalty': 'l2', 'classify__random_state': 42, 'classify__solver': 'lbfgs', 'impute': None, 'select': SelectKBest(score_func=<function mutual_info_classif at 0x7272ba3df420>), 'select__k': 30, 'transform': PCA(random_state=42, svd_solver='full'), 'transform__n_components': 2}",0.3333333333333333,0.5843283582089552,0.3059322033898305,0.6867541061089448,0.34031339031339025,0.41984126984126985,0.3580763322698806,0.43265414192365775,0.1350913797615917,105,0.5822222222222222,0.2727272727272727,0.4285714285714286,0.7466666666666667,0.4859335038363171,0.5882352941176471,0.4492753623188406,0.5076616786371994,0.13861832734082277,61,0.5,0.675,0.475,0.6857142857142857,0.45,0.575,0.34285714285714286,0.5290816326530613,0.11503942427645936,71
0.1586780548095703,0.032195552294494376,0.009530135563441686,0.0020463888953407687,,0.1,1000,2,l2,42,lbfgs,,SelectKBest(score_func=<function mutual_info_classif at 0x7272ba3df420>),"PCA(random_state=42, svd_solver='full')",10.0,2.0,"{'balance': None, 'classify__C': 0.1, 'classify__max_iter': 1000, 'classify__n_jobs': 2, 'classify__penalty': 'l2', 'classify__random_state': 42, 'classify__solver': 'lbfgs', 'impute': None, 'select': SelectKBest(score_func=<function mutual_info_classif at 0x7272ba3df420>), 'select__k': 10, 'transform': PCA(random_state=42, svd_solver='full'), 'transform__n_components': 2}",0.3333333333333333,0.6094202898550725,0.3059322033898305,0.6057142857142856,0.32575122292103426,0.41984126984126985,0.3838345864661654,0.42626102736014154,0.12000524186690652,106,0.5644444444444444,0.2006269592476489,0.3909774436090226,0.7566666666666666,0.4961636828644502,0.6112531969309463,0.463768115942029,0.49770007281502965,0.16266034394774065,68,0.5,0.725,0.475,0.6571428571428571,0.425,0.575,0.37142857142857144,0.5326530612244897,0.11726705355396923,59
0.24489147322518484,0.07197388461072146,0.010263749531337194,0.004892647603721262,,10.0,1000,2,l2,42,lbfgs,,SelectKBest(score_func=<function mutual_info_classif at 0x7272ba3df420>),"PCA(random_state=42, svd_solver='full')",10.0,10.0,"{'balance': None, 'classify__C': 10.0, 'classify__max_iter': 1000, 'classify__n_jobs': 2, 'classify__penalty': 'l2', 'classify__random_state': 42, 'classify__solver': 'lbfgs', 'impute': None, 'select': SelectKBest(score_func=<function mutual_info_classif at 0x7272ba3df420>), 'select__k': 10, 'transform': PCA(random_state=42, svd_solver='full'), 'transform__n_components': 10}",0.3301997649823737,0.6095238095238096,0.35893416927899685,0.4978354978354978,0.29327272727272724,0.622079772079772,0.24985994397759106,0.423100812135824,0.1411924352178797,107,0.3688888888888889,0.4670846394984326,0.368421052631579,0.5966666666666667,0.5473145780051152,0.7161125319693095,0.30797101449275366,0.48177991030753503,0.13544932294872938,94,0.36666666666666664,0.6,0.5,0.5428571428571428,0.425,0.65,0.2571428571428571,0.47738095238095235,0.12713196467902432,119
0.18264034816196986,0.028010732207893862,0.0077048710414341515,0.0011370368251083503,,1.0,1000,2,l2,42,lbfgs,,SelectKBest(score_func=<function mutual_info_classif at 0x7272ba3df420>),,10.0,,"{'balance': None, 'classify__C': 1.0, 'classify__max_iter': 1000, 'classify__n_jobs': 2, 'classify__penalty': 'l2', 'classify__random_state': 42, 'classify__solver': 'lbfgs', 'impute': None, 'select': SelectKBest(score_func=<function mutual_info_classif at 0x7272ba3df420>), 'select__k': 10, 'transform': None}",0.3333333333333333,0.26197916666666665,0.2948275862068966,0.6472303206997084,0.3059523809523809,0.7147734956051386,0.38639455782312926,0.42064154875532195,0.16937201846422684,108,0.4222222222222222,0.6050156739811912,0.30075187969924816,0.6833333333333333,0.5421994884910486,0.6342710997442456,0.3695652173913043,0.5081941306946561,0.13455819249730497,60,0.5,0.35,0.45,0.6857142857142857,0.45,0.725,0.37142857142857144,0.5045918367346939,0.13575072397127586,105
0.1835941927773612,0.028103555709041404,0.009060859680175781,0.0016045470623061776,,10.0,1000,2,l2,42,lbfgs,,SelectKBest(score_func=<function mutual_info_classif at 0x7272ba3df420>),"PCA(random_state=42, svd_solver='full')",10.0,2.0,"{'balance': None, 'classify__C': 10.0, 'classify__max_iter': 1000, 'classify__n_jobs': 2, 'classify__penalty': 'l2', 'classify__random_state': 42, 'classify__solver': 'lbfgs', 'impute': None, 'select': SelectKBest(score_func=<function mutual_info_classif at 0x7272ba3df420>), 'select__k': 10, 'transform': PCA(random_state=42, svd_solver='full'), 'transform__n_components': 2}",0.3333333333333333,0.6094202898550725,0.3059322033898305,0.4768518518518518,0.32575122292103426,0.41984126984126985,0.473051948051948,0.4205974456063343,0.10094526125002984,109,0.5688888888888889,0.3260188087774295,0.406015037593985,0.5933333333333334,0.48337595907928393,0.5933503836317136,0.36231884057971014,0.4761858931263349,0.10456466959859687,101,0.5,0.725,0.475,0.6,0.425,0.575,0.4857142857142857,0.5408163265306122,0.09338267968226084,47
0.1080639021737235,0.014075289968184508,0.005734818322317941,0.00045530338652144295,,1.0,1000,2,l2,42,lbfgs,SimpleImputer(strategy='median'),SelectKBest(score_func=<function mutual_info_classif at 0x7272ba3df420>),LinearDiscriminantAnalysis(),10.0,1.0,"{'balance': None, 'classify__C': 1.0, 'classify__max_iter': 1000, 'classify__n_jobs': 2, 'classify__penalty': 'l2', 'classify__random_state': 42, 'classify__solver': 'lbfgs', 'impute': SimpleImputer(strategy='median'), 'select': SelectKBest(score_func=<function mutual_info_classif at 0x7272ba3df420>), 'select__k': 10, 'transform': LinearDiscriminantAnalysis(), 'transform__n_components': 1}",0.3333333333333333,0.44873015873015876,0.3456521739130435,0.6233766233766235,0.3059523809523809,0.5502421307506054,0.32886392886392884,0.4194501042742963,0.11557293436833242,110,0.3911111111111112,0.5266457680250783,0.32832080200501257,0.7566666666666666,0.5447570332480818,0.4936061381074169,0.5072463768115942,0.5069076994249945,0.12517466720639794,63,0.5,0.425,0.475,0.6571428571428571,0.45,0.625,0.34285714285714286,0.49642857142857144,0.10259035695964738,113
0.10315769059317452,0.012462332157800864,0.004903214318411691,2.5979611129439016e-05,,0.1,1000,2,l2,42,lbfgs,,SelectKBest(score_func=<function mutual_info_classif at 0x7272ba3df420>),LinearDiscriminantAnalysis(),10.0,1.0,"{'balance': None, 'classify__C': 0.1, 'classify__max_iter': 1000, 'classify__n_jobs': 2, 'classify__penalty': 'l2', 'classify__random_state': 42, 'classify__solver': 'lbfgs', 'impute': None, 'select': SelectKBest(score_func=<function mutual_info_classif at 0x7272ba3df420>), 'select__k': 10, 'transform': LinearDiscriminantAnalysis(), 'transform__n_components': 1}",0.3772893772893772,0.5679487179487179,0.3059322033898305,0.6717460317460318,0.3059523809523809,0.4080645161290323,0.29624429624429627,0.41902536052852385,0.13551946992507358,111,0.4444444444444444,0.5172413793103449,0.31328320802005016,0.71,0.5524296675191815,0.5012787723785166,0.19565217391304346,0.4620470922265115,0.1547541771420899,108,0.43333333333333335,0.55,0.475,0.6857142857142857,0.45,0.55,0.2857142857142857,0.4899659863945578,0.1148121681620595,115
0.1931814125605992,0.015693078781534694,0.009893110820225306,0.00031801973725195757,,1.0,1000,2,l2,42,lbfgs,SimpleImputer(strategy='median'),SelectKBest(score_func=<function mutual_info_classif at 0x7272ba3df420>),"PCA(random_state=42, svd_solver='full')",10.0,2.0,"{'balance': None, 'classify__C': 1.0, 'classify__max_iter': 1000, 'classify__n_jobs': 2, 'classify__penalty': 'l2', 'classify__random_state': 42, 'classify__solver': 'lbfgs', 'impute': SimpleImputer(strategy='median'), 'select': SelectKBest(score_func=<function mutual_info_classif at 0x7272ba3df420>), 'select__k': 10, 'transform': PCA(random_state=42, svd_solver='full'), 'transform__n_components': 2}",0.3333333333333333,0.6094202898550725,0.3059322033898305,0.6057142857142856,0.23181818181818178,0.41984126984126985,0.4138957816377172,0.41713647794138436,0.13431556686878876,112,0.5866666666666667,0.20376175548589337,0.39348370927318294,0.76,0.4578005115089514,0.4961636828644501,0.4673913043478261,0.4807525185924244,0.1578785750508339,97,0.5,0.725,0.475,0.6571428571428571,0.375,0.575,0.4,0.5295918367346938,0.12015712329023369,67
0.284271172114781,0.060014774732932256,0.008358580725533622,0.0010349391739745526,,0.1,1000,2,l2,42,lbfgs,,SelectKBest(score_func=<function mutual_info_classif at 0x7272ba3df420>),,10.0,,"{'balance': None, 'classify__C': 0.1, 'classify__max_iter': 1000, 'classify__n_jobs': 2, 'classify__penalty': 'l2', 'classify__random_state': 42, 'classify__solver': 'lbfgs', 'impute': None, 'select': SelectKBest(score_func=<function mutual_info_classif at 0x7272ba3df420>), 'select__k': 10, 'transform': None}",0.3023255813953488,0.6094202898550725,0.35893416927899685,0.5128205128205128,0.2535087719298245,0.4080645161290323,0.4375624375624375,0.4118051827101751,0.1132457107887977,113,0.3466666666666667,0.25705329153605017,0.3107769423558897,0.6366666666666667,0.48593350383631717,0.5268542199488491,0.37681159420289856,0.42010898360190546,0.12446097199232131,117,0.43333333333333335,0.725,0.5,0.6,0.425,0.55,0.42857142857142855,0.5231292517006803,0.10320004794512799,83
0.1635866505759103,0.01725937001459461,0.007462671824863979,0.0010539060044935343,,1.0,1000,2,l2,42,lbfgs,,SelectKBest(score_func=<function mutual_info_classif at 0x7272ba3df420>),"PCA(random_state=42, svd_solver='full')",10.0,2.0,"{'balance': None, 'classify__C': 1.0, 'classify__max_iter': 1000, 'classify__n_jobs': 2, 'classify__penalty': 'l2', 'classify__random_state': 42, 'classify__solver': 'lbfgs', 'impute': None, 'select': SelectKBest(score_func=<function mutual_info_classif at 0x7272ba3df420>), 'select__k': 10, 'transform': PCA(random_state=42, svd_solver='full'), 'transform__n_components': 2}",0.3333333333333333,0.6937229437229437,0.3059322033898305,0.4768518518518518,0.23181818181818178,0.41984126984126985,0.4138957816377172,0.4107707950850183,0.13811609615604567,114,0.5911111111111111,0.5893416927899686,0.3909774436090226,0.6,0.4578005115089514,0.5038363171355499,0.4673913043478261,0.5143511972146328,0.07520090576986421,56,0.5,0.75,0.475,0.6,0.375,0.575,0.4,0.525,0.11952286093343935,79
0.23422626086643764,0.06308029430829137,0.009146043232509069,0.0016677344268425497,,10.0,1000,2,l2,42,lbfgs,SimpleImputer(strategy='median'),SelectKBest(score_func=<function mutual_info_classif at 0x7272ba3df420>),"PCA(random_state=42, svd_solver='full')",10.0,10.0,"{'balance': None, 'classify__C': 10.0, 'classify__max_iter': 1000, 'classify__n_jobs': 2, 'classify__penalty': 'l2', 'classify__random_state': 42, 'classify__solver': 'lbfgs', 'impute': SimpleImputer(strategy='median'), 'select': SelectKBest(score_func=<function mutual_info_classif at 0x7272ba3df420>), 'select__k': 10, 'transform': PCA(random_state=42, svd_solver='full'), 'transform__n_components': 10}",0.3453145057766367,0.5266666666666666,0.3059322033898305,0.46012367211035354,0.2535087719298245,0.622079772079772,0.3580763322698806,0.41024313203185203,0.12147945195894941,115,0.38666666666666666,0.54858934169279,0.32832080200501257,0.5633333333333334,0.5089514066496164,0.7161125319693095,0.3695652173913043,0.4887913285297189,0.1262699903055613,81,0.43333333333333335,0.5,0.475,0.5714285714285714,0.425,0.65,0.34285714285714286,0.4853741496598639,0.09372677184591008,117
0.23846561568123953,0.0701987082096891,0.008754934583391463,0.0010902640075019143,,10.0,1000,2,l2,42,lbfgs,SimpleImputer(strategy='median'),SelectKBest(score_func=<function mutual_info_classif at 0x7272ba3df420>),,10.0,,"{'balance': None, 'classify__C': 10.0, 'classify__max_iter': 1000, 'classify__n_jobs': 2, 'classify__penalty': 'l2', 'classify__random_state': 42, 'classify__solver': 'lbfgs', 'impute': SimpleImputer(strategy='median'), 'select': SelectKBest(score_func=<function mutual_info_classif at 0x7272ba3df420>), 'select__k': 10, 'transform': None}",0.3333333333333333,0.6094202898550725,0.3059322033898305,0.5158927094410964,0.3059523809523809,0.5322884012539185,0.24985994397759106,0.4075256088861747,0.13042345393898394,116,0.4666666666666667,0.26332288401253917,0.32581453634085217,0.6033333333333334,0.5473145780051151,0.4936061381074169,0.30434782608695654,0.42920085179326856,0.1216653549009363,115,0.5,0.725,0.475,0.5142857142857142,0.45,0.6,0.2571428571428571,0.503061224489796,0.13248615873891414,107
0.1177527904510498,0.009378483605355502,0.006088631493704659,0.0006022224466302352,,0.1,1000,2,l2,42,lbfgs,,SelectKBest(score_func=<function mutual_info_classif at 0x7272ba3df420>),"PCA(random_state=42, svd_solver='full')",10.0,10.0,"{'balance': None, 'classify__C': 0.1, 'classify__max_iter': 1000, 'classify__n_jobs': 2, 'classify__penalty': 'l2', 'classify__random_state': 42, 'classify__solver': 'lbfgs', 'impute': None, 'select': SelectKBest(score_func=<function mutual_info_classif at 0x7272ba3df420>), 'select__k': 10, 'transform': PCA(random_state=42, svd_solver='full'), 'transform__n_components': 10}",0.38440492476060195,0.629862700228833,0.3059322033898305,0.576086956521739,0.24285714285714283,0.41984126984126985,0.2718045112781955,0.40439852983965885,0.13852366551794784,117,0.37333333333333335,0.5768025078369906,0.2857142857142857,0.7166666666666668,0.5268542199488491,0.5140664961636828,0.25724637681159424,0.4643834123536289,0.1538897700356422,106,0.5,0.625,0.475,0.6,0.4,0.575,0.2571428571428571,0.4903061224489796,0.11964040944365355,114
0.2800960200173514,0.1755150700357998,0.0071256160736083984,0.0018750216903773034,,10.0,1000,2,l2,42,lbfgs,,SelectKBest(score_func=<function mutual_info_classif at 0x7272ba3df420>),,10.0,,"{'balance': None, 'classify__C': 10.0, 'classify__max_iter': 1000, 'classify__n_jobs': 2, 'classify__penalty': 'l2', 'classify__random_state': 42, 'classify__solver': 'lbfgs', 'impute': None, 'select': SelectKBest(score_func=<function mutual_info_classif at 0x7272ba3df420>), 'select__k': 10, 'transform': None}",0.3333333333333333,0.6094202898550725,0.3059322033898305,0.5606060606060607,0.3059523809523809,0.44499999999999995,0.24985994397759106,0.4014434588734669,0.12891955707019082,118,0.4222222222222222,0.25705329153605017,0.33834586466165417,0.58,0.5473145780051151,0.4936061381074169,0.2753623188405797,0.4162720590532912,0.1202815787069545,119,0.5,0.725,0.475,0.6,0.45,0.55,0.2571428571428571,0.5081632653061225,0.13350394297736662,100
0.16071210588727677,0.04291389745113844,0.006540196282523019,0.0005557515505732132,,1.0,1000,2,l2,42,lbfgs,SimpleImputer(strategy='median'),SelectKBest(score_func=<function mutual_info_classif at 0x7272ba3df420>),,10.0,,"{'balance': None, 'classify__C': 1.0, 'classify__max_iter': 1000, 'classify__n_jobs': 2, 'classify__penalty': 'l2', 'classify__random_state': 42, 'classify__solver': 'lbfgs', 'impute': SimpleImputer(strategy='median'), 'select': SelectKBest(score_func=<function mutual_info_classif at 0x7272ba3df420>), 'select__k': 10, 'transform': None}",0.3333333333333333,0.6094202898550725,0.3059322033898305,0.4548104956268221,0.35472727272727267,0.41984126984126985,0.2718045112781955,0.39283848229311374,0.10601388779546218,119,0.4222222222222222,0.25391849529780564,0.33834586466165417,0.6366666666666667,0.5294117647058824,0.5191815856777493,0.2282608695652174,0.41828678125674257,0.14129559503916717,118,0.5,0.725,0.475,0.5142857142857142,0.475,0.575,0.2571428571428571,0.503061224489796,0.12907255755789304,107
0.10413769313267299,0.0023218335252653704,0.0050591060093470985,0.00018614220340224511,,1.0,1000,2,l2,42,lbfgs,,SelectKBest(score_func=<function mutual_info_classif at 0x7272ba3df420>),LinearDiscriminantAnalysis(),10.0,1.0,"{'balance': None, 'classify__C': 1.0, 'classify__max_iter': 1000, 'classify__n_jobs': 2, 'classify__penalty': 'l2', 'classify__random_state': 42, 'classify__solver': 'lbfgs', 'impute': None, 'select': SelectKBest(score_func=<function mutual_info_classif at 0x7272ba3df420>), 'select__k': 10, 'transform': LinearDiscriminantAnalysis(), 'transform__n_components': 1}",0.4276094276094276,0.3816447779862414,0.35893416927899685,0.5158927094410964,0.32575122292103426,0.41984126984126985,0.27050427050427056,0.3857396925117624,0.07316217160640234,120,0.4755555555555555,0.5266457680250783,0.31328320802005016,0.6033333333333334,0.5370843989769821,0.43989769820971864,0.3369565217391305,0.46182235483712125,0.09871781790466008,109,0.43333333333333335,0.375,0.5,0.5142857142857142,0.425,0.575,0.2857142857142857,0.4440476190476191,0.08906435144189183,120
0.0007502351488385882,4.0266171376888595e-05,0.0,0.0,SMOTE(random_state=42),10.0,1000,2,l2,42,lbfgs,SimpleImputer(strategy='median'),,LinearDiscriminantAnalysis(),,2.0,"{'balance': SMOTE(random_state=42), 'classify__C': 10.0, 'classify__max_iter': 1000, 'classify__n_jobs': 2, 'classify__penalty': 'l2', 'classify__random_state': 42, 'classify__solver': 'lbfgs', 'impute': SimpleImputer(strategy='median'), 'select': None, 'transform': LinearDiscriminantAnalysis(), 'transform__n_components': 2}",,,,,,,,,,121,,,,,,,,,,121,,,,,,,,,,121
0.0007629053933279854,4.393697973077039e-05,0.0,0.0,SMOTE(random_state=42),10.0,1000,2,l2,42,lbfgs,SimpleImputer(strategy='median'),,LinearDiscriminantAnalysis(),,1.0,"{'balance': SMOTE(random_state=42), 'classify__C': 10.0, 'classify__max_iter': 1000, 'classify__n_jobs': 2, 'classify__penalty': 'l2', 'classify__random_state': 42, 'classify__solver': 'lbfgs', 'impute': SimpleImputer(strategy='median'), 'select': None, 'transform': LinearDiscriminantAnalysis(), 'transform__n_components': 1}",,,,,,,,,,121,,,,,,,,,,121,,,,,,,,,,121
0.000797407967703683,0.00010612223853369029,0.0,0.0,SMOTE(random_state=42),10.0,1000,2,l2,42,lbfgs,,,LinearDiscriminantAnalysis(),,2.0,"{'balance': SMOTE(random_state=42), 'classify__C': 10.0, 'classify__max_iter': 1000, 'classify__n_jobs': 2, 'classify__penalty': 'l2', 'classify__random_state': 42, 'classify__solver': 'lbfgs', 'impute': None, 'select': None, 'transform': LinearDiscriminantAnalysis(), 'transform__n_components': 2}",,,,,,,,,,121,,,,,,,,,,121,,,,,,,,,,121
0.0006745542798723493,0.0001462796155698498,0.0,0.0,SMOTE(random_state=42),10.0,1000,2,l2,42,lbfgs,,,LinearDiscriminantAnalysis(),,1.0,"{'balance': SMOTE(random_state=42), 'classify__C': 10.0, 'classify__max_iter': 1000, 'classify__n_jobs': 2, 'classify__penalty': 'l2', 'classify__random_state': 42, 'classify__solver': 'lbfgs', 'impute': None, 'select': None, 'transform': LinearDiscriminantAnalysis(), 'transform__n_components': 1}",,,,,,,,,,121,,,,,,,,,,121,,,,,,,,,,121
0.0006590230124337333,0.00016592883034988247,0.0,0.0,SMOTE(random_state=42),1.0,1000,2,l2,42,lbfgs,SimpleImputer(strategy='median'),,LinearDiscriminantAnalysis(),,2.0,"{'balance': SMOTE(random_state=42), 'classify__C': 1.0, 'classify__max_iter': 1000, 'classify__n_jobs': 2, 'classify__penalty': 'l2', 'classify__random_state': 42, 'classify__solver': 'lbfgs', 'impute': SimpleImputer(strategy='median'), 'select': None, 'transform': LinearDiscriminantAnalysis(), 'transform__n_components': 2}",,,,,,,,,,121,,,,,,,,,,121,,,,,,,,,,121
0.0006577968597412109,0.00015192243316125697,0.0,0.0,SMOTE(random_state=42),1.0,1000,2,l2,42,lbfgs,SimpleImputer(strategy='median'),,LinearDiscriminantAnalysis(),,1.0,"{'balance': SMOTE(random_state=42), 'classify__C': 1.0, 'classify__max_iter': 1000, 'classify__n_jobs': 2, 'classify__penalty': 'l2', 'classify__random_state': 42, 'classify__solver': 'lbfgs', 'impute': SimpleImputer(strategy='median'), 'select': None, 'transform': LinearDiscriminantAnalysis(), 'transform__n_components': 1}",,,,,,,,,,121,,,,,,,,,,121,,,,,,,,,,121
0.0005875655582972936,0.00016484097979365742,0.0,0.0,SMOTE(random_state=42),1.0,1000,2,l2,42,lbfgs,,,LinearDiscriminantAnalysis(),,2.0,"{'balance': SMOTE(random_state=42), 'classify__C': 1.0, 'classify__max_iter': 1000, 'classify__n_jobs': 2, 'classify__penalty': 'l2', 'classify__random_state': 42, 'classify__solver': 'lbfgs', 'impute': None, 'select': None, 'transform': LinearDiscriminantAnalysis(), 'transform__n_components': 2}",,,,,,,,,,121,,,,,,,,,,121,,,,,,,,,,121
0.0006701265062604632,0.0001391216676916751,0.0,0.0,SMOTE(random_state=42),1.0,1000,2,l2,42,lbfgs,,,LinearDiscriminantAnalysis(),,1.0,"{'balance': SMOTE(random_state=42), 'classify__C': 1.0, 'classify__max_iter': 1000, 'classify__n_jobs': 2, 'classify__penalty': 'l2', 'classify__random_state': 42, 'classify__solver': 'lbfgs', 'impute': None, 'select': None, 'transform': LinearDiscriminantAnalysis(), 'transform__n_components': 1}",,,,,,,,,,121,,,,,,,,,,121,,,,,,,,,,121
0.0007793222154889788,5.4274027379755346e-05,0.0,0.0,SMOTE(random_state=42),0.1,1000,2,l2,42,lbfgs,SimpleImputer(strategy='median'),,LinearDiscriminantAnalysis(),,2.0,"{'balance': SMOTE(random_state=42), 'classify__C': 0.1, 'classify__max_iter': 1000, 'classify__n_jobs': 2, 'classify__penalty': 'l2', 'classify__random_state': 42, 'classify__solver': 'lbfgs', 'impute': SimpleImputer(strategy='median'), 'select': None, 'transform': LinearDiscriminantAnalysis(), 'transform__n_components': 2}",,,,,,,,,,121,,,,,,,,,,121,,,,,,,,,,121
0.0007258483341761998,2.682208474260825e-05,0.0,0.0,SMOTE(random_state=42),0.1,1000,2,l2,42,lbfgs,SimpleImputer(strategy='median'),,LinearDiscriminantAnalysis(),,1.0,"{'balance': SMOTE(random_state=42), 'classify__C': 0.1, 'classify__max_iter': 1000, 'classify__n_jobs': 2, 'classify__penalty': 'l2', 'classify__random_state': 42, 'classify__solver': 'lbfgs', 'impute': SimpleImputer(strategy='median'), 'select': None, 'transform': LinearDiscriminantAnalysis(), 'transform__n_components': 1}",,,,,,,,,,121,,,,,,,,,,121,,,,,,,,,,121
0.0006704671042306083,3.3404969624095595e-05,0.0,0.0,SMOTE(random_state=42),0.1,1000,2,l2,42,lbfgs,,,LinearDiscriminantAnalysis(),,2.0,"{'balance': SMOTE(random_state=42), 'classify__C': 0.1, 'classify__max_iter': 1000, 'classify__n_jobs': 2, 'classify__penalty': 'l2', 'classify__random_state': 42, 'classify__solver': 'lbfgs', 'impute': None, 'select': None, 'transform': LinearDiscriminantAnalysis(), 'transform__n_components': 2}",,,,,,,,,,121,,,,,,,,,,121,,,,,,,,,,121
0.000671250479561942,3.554570231858808e-05,0.0,0.0,SMOTE(random_state=42),0.1,1000,2,l2,42,lbfgs,,,LinearDiscriminantAnalysis(),,1.0,"{'balance': SMOTE(random_state=42), 'classify__C': 0.1, 'classify__max_iter': 1000, 'classify__n_jobs': 2, 'classify__penalty': 'l2', 'classify__random_state': 42, 'classify__solver': 'lbfgs', 'impute': None, 'select': None, 'transform': LinearDiscriminantAnalysis(), 'transform__n_components': 1}",,,,,,,,,,121,,,,,,,,,,121,,,,,,,,,,121
0.004134995596749442,9.903422343352366e-05,0.0,0.0,,10.0,1000,2,l2,42,lbfgs,SimpleImputer(strategy='median'),,LinearDiscriminantAnalysis(),,2.0,"{'balance': None, 'classify__C': 10.0, 'classify__max_iter': 1000, 'classify__n_jobs': 2, 'classify__penalty': 'l2', 'classify__random_state': 42, 'classify__solver': 'lbfgs', 'impute': SimpleImputer(strategy='median'), 'select': None, 'transform': LinearDiscriminantAnalysis(), 'transform__n_components': 2}",,,,,,,,,,121,,,,,,,,,,121,,,,,,,,,,121
0.0013341563088553293,4.3187419696938e-05,0.0,0.0,,10.0,1000,2,l2,42,lbfgs,,,LinearDiscriminantAnalysis(),,2.0,"{'balance': None, 'classify__C': 10.0, 'classify__max_iter': 1000, 'classify__n_jobs': 2, 'classify__penalty': 'l2', 'classify__random_state': 42, 'classify__solver': 'lbfgs', 'impute': None, 'select': None, 'transform': LinearDiscriminantAnalysis(), 'transform__n_components': 2}",,,,,,,,,,121,,,,,,,,,,121,,,,,,,,,,121
0.0007632119315011161,0.00012127666905862019,0.0,0.0,SMOTE(random_state=42),10.0,1000,2,l2,42,lbfgs,SimpleImputer(strategy='median'),,,,,"{'balance': SMOTE(random_state=42), 'classify__C': 10.0, 'classify__max_iter': 1000, 'classify__n_jobs': 2, 'classify__penalty': 'l2', 'classify__random_state': 42, 'classify__solver': 'lbfgs', 'impute': SimpleImputer(strategy='median'), 'select': None, 'transform': None}",,,,,,,,,,121,,,,,,,,,,121,,,,,,,,,,121
0.0006593295506068639,0.00017817623583692589,0.0,0.0,SMOTE(random_state=42),10.0,1000,2,l2,42,lbfgs,,,,,,"{'balance': SMOTE(random_state=42), 'classify__C': 10.0, 'classify__max_iter': 1000, 'classify__n_jobs': 2, 'classify__penalty': 'l2', 'classify__random_state': 42, 'classify__solver': 'lbfgs', 'impute': None, 'select': None, 'transform': None}",,,,,,,,,,121,,,,,,,,,,121,,,,,,,,,,121
0.0009267330169677734,0.00043531352613232607,0.0,0.0,SMOTE(random_state=42),1.0,1000,2,l2,42,lbfgs,SimpleImputer(strategy='median'),,,,,"{'balance': SMOTE(random_state=42), 'classify__C': 1.0, 'classify__max_iter': 1000, 'classify__n_jobs': 2, 'classify__penalty': 'l2', 'classify__random_state': 42, 'classify__solver': 'lbfgs', 'impute': SimpleImputer(strategy='median'), 'select': None, 'transform': None}",,,,,,,,,,121,,,,,,,,,,121,,,,,,,,,,121
0.0009510517120361328,0.0005613079824106339,0.0,0.0,SMOTE(random_state=42),1.0,1000,2,l2,42,lbfgs,,,,,,"{'balance': SMOTE(random_state=42), 'classify__C': 1.0, 'classify__max_iter': 1000, 'classify__n_jobs': 2, 'classify__penalty': 'l2', 'classify__random_state': 42, 'classify__solver': 'lbfgs', 'impute': None, 'select': None, 'transform': None}",,,,,,,,,,121,,,,,,,,,,121,,,,,,,,,,121
0.0008827277592250279,6.242715751180585e-05,0.0,0.0,SMOTE(random_state=42),0.1,1000,2,l2,42,lbfgs,SimpleImputer(strategy='median'),,,,,"{'balance': SMOTE(random_state=42), 'classify__C': 0.1, 'classify__max_iter': 1000, 'classify__n_jobs': 2, 'classify__penalty': 'l2', 'classify__random_state': 42, 'classify__solver': 'lbfgs', 'impute': SimpleImputer(strategy='median'), 'select': None, 'transform': None}",,,,,,,,,,121,,,,,,,,,,121,,,,,,,,,,121
0.0008140632084437779,1.5290610914001008e-05,0.0,0.0,SMOTE(random_state=42),0.1,1000,2,l2,42,lbfgs,,,,,,"{'balance': SMOTE(random_state=42), 'classify__C': 0.1, 'classify__max_iter': 1000, 'classify__n_jobs': 2, 'classify__penalty': 'l2', 'classify__random_state': 42, 'classify__solver': 'lbfgs', 'impute': None, 'select': None, 'transform': None}",,,,,,,,,,121,,,,,,,,,,121,,,,,,,,,,121
0.00041665349687848775,3.8688691193681764e-05,0.0,0.0,SMOTE(random_state=42),10.0,1000,2,l2,42,lbfgs,,SelectKBest(score_func=<function mutual_info_classif at 0x7272ba3df420>),"PCA(random_state=42, svd_solver='full')",30.0,10.0,"{'balance': SMOTE(random_state=42), 'classify__C': 10.0, 'classify__max_iter': 1000, 'classify__n_jobs': 2, 'classify__penalty': 'l2', 'classify__random_state': 42, 'classify__solver': 'lbfgs', 'impute': None, 'select': SelectKBest(score_func=<function mutual_info_classif at 0x7272ba3df420>), 'select__k': 30, 'transform': PCA(random_state=42, svd_solver='full'), 'transform__n_components': 10}",,,,,,,,,,121,,,,,,,,,,121,,,,,,,,,,121
0.0004028252192905971,7.88879604405075e-06,0.0,0.0,SMOTE(random_state=42),10.0,1000,2,l2,42,lbfgs,,SelectKBest(score_func=<function mutual_info_classif at 0x7272ba3df420>),"PCA(random_state=42, svd_solver='full')",30.0,5.0,"{'balance': SMOTE(random_state=42), 'classify__C': 10.0, 'classify__max_iter': 1000, 'classify__n_jobs': 2, 'classify__penalty': 'l2', 'classify__random_state': 42, 'classify__solver': 'lbfgs', 'impute': None, 'select': SelectKBest(score_func=<function mutual_info_classif at 0x7272ba3df420>), 'select__k': 30, 'transform': PCA(random_state=42, svd_solver='full'), 'transform__n_components': 5}",,,,,,,,,,121,,,,,,,,,,121,,,,,,,,,,121
0.0006161417279924665,0.00011785884752490516,0.0,0.0,SMOTE(random_state=42),10.0,1000,2,l2,42,lbfgs,,SelectKBest(score_func=<function mutual_info_classif at 0x7272ba3df420>),"PCA(random_state=42, svd_solver='full')",30.0,2.0,"{'balance': SMOTE(random_state=42), 'classify__C': 10.0, 'classify__max_iter': 1000, 'classify__n_jobs': 2, 'classify__penalty': 'l2', 'classify__random_state': 42, 'classify__solver': 'lbfgs', 'impute': None, 'select': SelectKBest(score_func=<function mutual_info_classif at 0x7272ba3df420>), 'select__k': 30, 'transform': PCA(random_state=42, svd_solver='full'), 'transform__n_components': 2}",,,,,,,,,,121,,,,,,,,,,121,,,,,,,,,,121
0.0006574222019740514,2.0980779668986374e-05,0.0,0.0,SMOTE(random_state=42),10.0,1000,2,l2,42,lbfgs,,SelectKBest(score_func=<function mutual_info_classif at 0x7272ba3df420>),"PCA(random_state=42, svd_solver='full')",10.0,10.0,"{'balance': SMOTE(random_state=42), 'classify__C': 10.0, 'classify__max_iter': 1000, 'classify__n_jobs': 2, 'classify__penalty': 'l2', 'classify__random_state': 42, 'classify__solver': 'lbfgs', 'impute': None, 'select': SelectKBest(score_func=<function mutual_info_classif at 0x7272ba3df420>), 'select__k': 10, 'transform': PCA(random_state=42, svd_solver='full'), 'transform__n_components': 10}",,,,,,,,,,121,,,,,,,,,,121,,,,,,,,,,121
0.0007136549268450056,0.0001502713071999247,0.0,0.0,SMOTE(random_state=42),10.0,1000,2,l2,42,lbfgs,,SelectKBest(score_func=<function mutual_info_classif at 0x7272ba3df420>),"PCA(random_state=42, svd_solver='full')",10.0,5.0,"{'balance': SMOTE(random_state=42), 'classify__C': 10.0, 'classify__max_iter': 1000, 'classify__n_jobs': 2, 'classify__penalty': 'l2', 'classify__random_state': 42, 'classify__solver': 'lbfgs', 'impute': None, 'select': SelectKBest(score_func=<function mutual_info_classif at 0x7272ba3df420>), 'select__k': 10, 'transform': PCA(random_state=42, svd_solver='full'), 'transform__n_components': 5}",,,,,,,,,,121,,,,,,,,,,121,,,,,,,,,,121
0.0004279954092843192,2.9189464627411013e-05,0.0,0.0,SMOTE(random_state=42),10.0,1000,2,l2,42,lbfgs,,SelectKBest(score_func=<function mutual_info_classif at 0x7272ba3df420>),"PCA(random_state=42, svd_solver='full')",10.0,2.0,"{'balance': SMOTE(random_state=42), 'classify__C': 10.0, 'classify__max_iter': 1000, 'classify__n_jobs': 2, 'classify__penalty': 'l2', 'classify__random_state': 42, 'classify__solver': 'lbfgs', 'impute': None, 'select': SelectKBest(score_func=<function mutual_info_classif at 0x7272ba3df420>), 'select__k': 10, 'transform': PCA(random_state=42, svd_solver='full'), 'transform__n_components': 2}",,,,,,,,,,121,,,,,,,,,,121,,,,,,,,,,121
0.0004592282431466239,2.227739861445058e-05,0.0,0.0,SMOTE(random_state=42),1.0,1000,2,l2,42,lbfgs,SimpleImputer(strategy='median'),SelectKBest(score_func=<function mutual_info_classif at 0x7272ba3df420>),"PCA(random_state=42, svd_solver='full')",50.0,10.0,"{'balance': SMOTE(random_state=42), 'classify__C': 1.0, 'classify__max_iter': 1000, 'classify__n_jobs': 2, 'classify__penalty': 'l2', 'classify__random_state': 42, 'classify__solver': 'lbfgs', 'impute': SimpleImputer(strategy='median'), 'select': SelectKBest(score_func=<function mutual_info_classif at 0x7272ba3df420>), 'select__k': 50, 'transform': PCA(random_state=42, svd_solver='full'), 'transform__n_components': 10}",,,,,,,,,,121,,,,,,,,,,121,,,,,,,,,,121
0.00045871734619140625,1.5623760160893632e-05,0.0,0.0,SMOTE(random_state=42),1.0,1000,2,l2,42,lbfgs,SimpleImputer(strategy='median'),SelectKBest(score_func=<function mutual_info_classif at 0x7272ba3df420>),"PCA(random_state=42, svd_solver='full')",50.0,5.0,"{'balance': SMOTE(random_state=42), 'classify__C': 1.0, 'classify__max_iter': 1000, 'classify__n_jobs': 2, 'classify__penalty': 'l2', 'classify__random_state': 42, 'classify__solver': 'lbfgs', 'impute': SimpleImputer(strategy='median'), 'select': SelectKBest(score_func=<function mutual_info_classif at 0x7272ba3df420>), 'select__k': 50, 'transform': PCA(random_state=42, svd_solver='full'), 'transform__n_components': 5}",,,,,,,,,,121,,,,,,,,,,121,,,,,,,,,,121
0.00045933042253766743,3.62472098572063e-05,0.0,0.0,SMOTE(random_state=42),1.0,1000,2,l2,42,lbfgs,SimpleImputer(strategy='median'),SelectKBest(score_func=<function mutual_info_classif at 0x7272ba3df420>),"PCA(random_state=42, svd_solver='full')",50.0,2.0,"{'balance': SMOTE(random_state=42), 'classify__C': 1.0, 'classify__max_iter': 1000, 'classify__n_jobs': 2, 'classify__penalty': 'l2', 'classify__random_state': 42, 'classify__solver': 'lbfgs', 'impute': SimpleImputer(strategy='median'), 'select': SelectKBest(score_func=<function mutual_info_classif at 0x7272ba3df420>), 'select__k': 50, 'transform': PCA(random_state=42, svd_solver='full'), 'transform__n_components': 2}",,,,,,,,,,121,,,,,,,,,,121,,,,,,,,,,121
0.0005197525024414062,0.000123398470665076,0.0,0.0,SMOTE(random_state=42),1.0,1000,2,l2,42,lbfgs,SimpleImputer(strategy='median'),SelectKBest(score_func=<function mutual_info_classif at 0x7272ba3df420>),"PCA(random_state=42, svd_solver='full')",30.0,10.0,"{'balance': SMOTE(random_state=42), 'classify__C': 1.0, 'classify__max_iter': 1000, 'classify__n_jobs': 2, 'classify__penalty': 'l2', 'classify__random_state': 42, 'classify__solver': 'lbfgs', 'impute': SimpleImputer(strategy='median'), 'select': SelectKBest(score_func=<function mutual_info_classif at 0x7272ba3df420>), 'select__k': 30, 'transform': PCA(random_state=42, svd_solver='full'), 'transform__n_components': 10}",,,,,,,,,,121,,,,,,,,,,121,,,,,,,,,,121
0.0007183892386300224,2.2704169740936586e-05,0.0,0.0,SMOTE(random_state=42),1.0,1000,2,l2,42,lbfgs,SimpleImputer(strategy='median'),SelectKBest(score_func=<function mutual_info_classif at 0x7272ba3df420>),"PCA(random_state=42, svd_solver='full')",30.0,5.0,"{'balance': SMOTE(random_state=42), 'classify__C': 1.0, 'classify__max_iter': 1000, 'classify__n_jobs': 2, 'classify__penalty': 'l2', 'classify__random_state': 42, 'classify__solver': 'lbfgs', 'impute': SimpleImputer(strategy='median'), 'select': SelectKBest(score_func=<function mutual_info_classif at 0x7272ba3df420>), 'select__k': 30, 'transform': PCA(random_state=42, svd_solver='full'), 'transform__n_components': 5}",,,,,,,,,,121,,,,,,,,,,121,,,,,,,,,,121
0.0007371902465820312,2.377603163024324e-05,0.0,0.0,SMOTE(random_state=42),1.0,1000,2,l2,42,lbfgs,SimpleImputer(strategy='median'),SelectKBest(score_func=<function mutual_info_classif at 0x7272ba3df420>),"PCA(random_state=42, svd_solver='full')",30.0,2.0,"{'balance': SMOTE(random_state=42), 'classify__C': 1.0, 'classify__max_iter': 1000, 'classify__n_jobs': 2, 'classify__penalty': 'l2', 'classify__random_state': 42, 'classify__solver': 'lbfgs', 'impute': SimpleImputer(strategy='median'), 'select': SelectKBest(score_func=<function mutual_info_classif at 0x7272ba3df420>), 'select__k': 30, 'transform': PCA(random_state=42, svd_solver='full'), 'transform__n_components': 2}",,,,,,,,,,121,,,,,,,,,,121,,,,,,,,,,121
0.0007568768092564174,3.556557209303387e-05,0.0,0.0,SMOTE(random_state=42),1.0,1000,2,l2,42,lbfgs,SimpleImputer(strategy='median'),SelectKBest(score_func=<function mutual_info_classif at 0x7272ba3df420>),"PCA(random_state=42, svd_solver='full')",10.0,10.0,"{'balance': SMOTE(random_state=42), 'classify__C': 1.0, 'classify__max_iter': 1000, 'classify__n_jobs': 2, 'classify__penalty': 'l2', 'classify__random_state': 42, 'classify__solver': 'lbfgs', 'impute': SimpleImputer(strategy='median'), 'select': SelectKBest(score_func=<function mutual_info_classif at 0x7272ba3df420>), 'select__k': 10, 'transform': PCA(random_state=42, svd_solver='full'), 'transform__n_components': 10}",,,,,,,,,,121,,,,,,,,,,121,,,,,,,,,,121
0.0008098738534109933,6.240264201893631e-05,0.0,0.0,SMOTE(random_state=42),1.0,1000,2,l2,42,lbfgs,SimpleImputer(strategy='median'),SelectKBest(score_func=<function mutual_info_classif at 0x7272ba3df420>),"PCA(random_state=42, svd_solver='full')",10.0,5.0,"{'balance': SMOTE(random_state=42), 'classify__C': 1.0, 'classify__max_iter': 1000, 'classify__n_jobs': 2, 'classify__penalty': 'l2', 'classify__random_state': 42, 'classify__solver': 'lbfgs', 'impute': SimpleImputer(strategy='median'), 'select': SelectKBest(score_func=<function mutual_info_classif at 0x7272ba3df420>), 'select__k': 10, 'transform': PCA(random_state=42, svd_solver='full'), 'transform__n_components': 5}",,,,,,,,,,121,,,,,,,,,,121,,,,,,,,,,121
0.0006038802010672433,0.0003641091292760047,0.0,0.0,SMOTE(random_state=42),1.0,1000,2,l2,42,lbfgs,SimpleImputer(strategy='median'),SelectKBest(score_func=<function mutual_info_classif at 0x7272ba3df420>),"PCA(random_state=42, svd_solver='full')",10.0,2.0,"{'balance': SMOTE(random_state=42), 'classify__C': 1.0, 'classify__max_iter': 1000, 'classify__n_jobs': 2, 'classify__penalty': 'l2', 'classify__random_state': 42, 'classify__solver': 'lbfgs', 'impute': SimpleImputer(strategy='median'), 'select': SelectKBest(score_func=<function mutual_info_classif at 0x7272ba3df420>), 'select__k': 10, 'transform': PCA(random_state=42, svd_solver='full'), 'transform__n_components': 2}",,,,,,,,,,121,,,,,,,,,,121,,,,,,,,,,121
0.0004909719739641462,8.843182745513363e-05,0.0,0.0,SMOTE(random_state=42),1.0,1000,2,l2,42,lbfgs,,SelectKBest(score_func=<function mutual_info_classif at 0x7272ba3df420>),"PCA(random_state=42, svd_solver='full')",50.0,10.0,"{'balance': SMOTE(random_state=42), 'classify__C': 1.0, 'classify__max_iter': 1000, 'classify__n_jobs': 2, 'classify__penalty': 'l2', 'classify__random_state': 42, 'classify__solver': 'lbfgs', 'impute': None, 'select': SelectKBest(score_func=<function mutual_info_classif at 0x7272ba3df420>), 'select__k': 50, 'transform': PCA(random_state=42, svd_solver='full'), 'transform__n_components': 10}",,,,,,,,,,121,,,,,,,,,,121,,,,,,,,,,121
0.11413070133754186,0.023572307046886804,0.0,0.0,,0.1,1000,2,l2,42,lbfgs,,SelectKBest(score_func=<function mutual_info_classif at 0x7272ba3df420>),LinearDiscriminantAnalysis(),30.0,2.0,"{'balance': None, 'classify__C': 0.1, 'classify__max_iter': 1000, 'classify__n_jobs': 2, 'classify__penalty': 'l2', 'classify__random_state': 42, 'classify__solver': 'lbfgs', 'impute': None, 'select': SelectKBest(score_func=<function mutual_info_classif at 0x7272ba3df420>), 'select__k': 30, 'transform': LinearDiscriminantAnalysis(), 'transform__n_components': 2}",,,,,,,,,,121,,,,,,,,,,121,,,,,,,,,,121
0.09900968415396554,0.0071593185731261035,0.0,0.0,,0.1,1000,2,l2,42,lbfgs,,SelectKBest(score_func=<function mutual_info_classif at 0x7272ba3df420>),LinearDiscriminantAnalysis(),10.0,2.0,"{'balance': None, 'classify__C': 0.1, 'classify__max_iter': 1000, 'classify__n_jobs': 2, 'classify__penalty': 'l2', 'classify__random_state': 42, 'classify__solver': 'lbfgs', 'impute': None, 'select': SelectKBest(score_func=<function mutual_info_classif at 0x7272ba3df420>), 'select__k': 10, 'transform': LinearDiscriminantAnalysis(), 'transform__n_components': 2}",,,,,,,,,,121,,,,,,,,,,121,,,,,,,,,,121
0.0004563331604003906,1.2078604834601887e-05,0.0,0.0,SMOTE(random_state=42),10.0,1000,2,l2,42,lbfgs,SimpleImputer(strategy='median'),SelectKBest(score_func=<function mutual_info_classif at 0x7272ba3df420>),"PCA(random_state=42, svd_solver='full')",50.0,10.0,"{'balance': SMOTE(random_state=42), 'classify__C': 10.0, 'classify__max_iter': 1000, 'classify__n_jobs': 2, 'classify__penalty': 'l2', 'classify__random_state': 42, 'classify__solver': 'lbfgs', 'impute': SimpleImputer(strategy='median'), 'select': SelectKBest(score_func=<function mutual_info_classif at 0x7272ba3df420>), 'select__k': 50, 'transform': PCA(random_state=42, svd_solver='full'), 'transform__n_components': 10}",,,,,,,,,,121,,,,,,,,,,121,,,,,,,,,,121
0.0004528250013078962,9.930285542521048e-06,0.0,0.0,SMOTE(random_state=42),10.0,1000,2,l2,42,lbfgs,SimpleImputer(strategy='median'),SelectKBest(score_func=<function mutual_info_classif at 0x7272ba3df420>),"PCA(random_state=42, svd_solver='full')",50.0,5.0,"{'balance': SMOTE(random_state=42), 'classify__C': 10.0, 'classify__max_iter': 1000, 'classify__n_jobs': 2, 'classify__penalty': 'l2', 'classify__random_state': 42, 'classify__solver': 'lbfgs', 'impute': SimpleImputer(strategy='median'), 'select': SelectKBest(score_func=<function mutual_info_classif at 0x7272ba3df420>), 'select__k': 50, 'transform': PCA(random_state=42, svd_solver='full'), 'transform__n_components': 5}",,,,,,,,,,121,,,,,,,,,,121,,,,,,,,,,121
0.0004534721374511719,1.1763210551716911e-05,0.0,0.0,SMOTE(random_state=42),10.0,1000,2,l2,42,lbfgs,SimpleImputer(strategy='median'),SelectKBest(score_func=<function mutual_info_classif at 0x7272ba3df420>),"PCA(random_state=42, svd_solver='full')",50.0,2.0,"{'balance': SMOTE(random_state=42), 'classify__C': 10.0, 'classify__max_iter': 1000, 'classify__n_jobs': 2, 'classify__penalty': 'l2', 'classify__random_state': 42, 'classify__solver': 'lbfgs', 'impute': SimpleImputer(strategy='median'), 'select': SelectKBest(score_func=<function mutual_info_classif at 0x7272ba3df420>), 'select__k': 50, 'transform': PCA(random_state=42, svd_solver='full'), 'transform__n_components': 2}",,,,,,,,,,121,,,,,,,,,,121,,,,,,,,,,121
0.00045367649623325894,6.474945681955764e-06,0.0,0.0,SMOTE(random_state=42),10.0,1000,2,l2,42,lbfgs,SimpleImputer(strategy='median'),SelectKBest(score_func=<function mutual_info_classif at 0x7272ba3df420>),"PCA(random_state=42, svd_solver='full')",30.0,10.0,"{'balance': SMOTE(random_state=42), 'classify__C': 10.0, 'classify__max_iter': 1000, 'classify__n_jobs': 2, 'classify__penalty': 'l2', 'classify__random_state': 42, 'classify__solver': 'lbfgs', 'impute': SimpleImputer(strategy='median'), 'select': SelectKBest(score_func=<function mutual_info_classif at 0x7272ba3df420>), 'select__k': 30, 'transform': PCA(random_state=42, svd_solver='full'), 'transform__n_components': 10}",,,,,,,,,,121,,,,,,,,,,121,,,,,,,,,,121
0.0004738398960658482,6.0933271954303235e-05,0.0,0.0,SMOTE(random_state=42),10.0,1000,2,l2,42,lbfgs,SimpleImputer(strategy='median'),SelectKBest(score_func=<function mutual_info_classif at 0x7272ba3df420>),"PCA(random_state=42, svd_solver='full')",30.0,5.0,"{'balance': SMOTE(random_state=42), 'classify__C': 10.0, 'classify__max_iter': 1000, 'classify__n_jobs': 2, 'classify__penalty': 'l2', 'classify__random_state': 42, 'classify__solver': 'lbfgs', 'impute': SimpleImputer(strategy='median'), 'select': SelectKBest(score_func=<function mutual_info_classif at 0x7272ba3df420>), 'select__k': 30, 'transform': PCA(random_state=42, svd_solver='full'), 'transform__n_components': 5}",,,,,,,,,,121,,,,,,,,,,121,,,,,,,,,,121
0.00046627862112862725,6.409760609325814e-06,0.0,0.0,SMOTE(random_state=42),10.0,1000,2,l2,42,lbfgs,SimpleImputer(strategy='median'),SelectKBest(score_func=<function mutual_info_classif at 0x7272ba3df420>),"PCA(random_state=42, svd_solver='full')",30.0,2.0,"{'balance': SMOTE(random_state=42), 'classify__C': 10.0, 'classify__max_iter': 1000, 'classify__n_jobs': 2, 'classify__penalty': 'l2', 'classify__random_state': 42, 'classify__solver': 'lbfgs', 'impute': SimpleImputer(strategy='median'), 'select': SelectKBest(score_func=<function mutual_info_classif at 0x7272ba3df420>), 'select__k': 30, 'transform': PCA(random_state=42, svd_solver='full'), 'transform__n_components': 2}",,,,,,,,,,121,,,,,,,,,,121,,,,,,,,,,121
0.00045183726719447544,1.7376505990285584e-05,0.0,0.0,SMOTE(random_state=42),10.0,1000,2,l2,42,lbfgs,SimpleImputer(strategy='median'),SelectKBest(score_func=<function mutual_info_classif at 0x7272ba3df420>),"PCA(random_state=42, svd_solver='full')",10.0,10.0,"{'balance': SMOTE(random_state=42), 'classify__C': 10.0, 'classify__max_iter': 1000, 'classify__n_jobs': 2, 'classify__penalty': 'l2', 'classify__random_state': 42, 'classify__solver': 'lbfgs', 'impute': SimpleImputer(strategy='median'), 'select': SelectKBest(score_func=<function mutual_info_classif at 0x7272ba3df420>), 'select__k': 10, 'transform': PCA(random_state=42, svd_solver='full'), 'transform__n_components': 10}",,,,,,,,,,121,,,,,,,,,,121,,,,,,,,,,121
0.0005187647683279854,0.00010404688788029865,0.0,0.0,SMOTE(random_state=42),10.0,1000,2,l2,42,lbfgs,SimpleImputer(strategy='median'),SelectKBest(score_func=<function mutual_info_classif at 0x7272ba3df420>),"PCA(random_state=42, svd_solver='full')",10.0,5.0,"{'balance': SMOTE(random_state=42), 'classify__C': 10.0, 'classify__max_iter': 1000, 'classify__n_jobs': 2, 'classify__penalty': 'l2', 'classify__random_state': 42, 'classify__solver': 'lbfgs', 'impute': SimpleImputer(strategy='median'), 'select': SelectKBest(score_func=<function mutual_info_classif at 0x7272ba3df420>), 'select__k': 10, 'transform': PCA(random_state=42, svd_solver='full'), 'transform__n_components': 5}",,,,,,,,,,121,,,,,,,,,,121,,,,,,,,,,121
0.0004558563232421875,3.360361046313863e-05,0.0,0.0,SMOTE(random_state=42),10.0,1000,2,l2,42,lbfgs,SimpleImputer(strategy='median'),SelectKBest(score_func=<function mutual_info_classif at 0x7272ba3df420>),"PCA(random_state=42, svd_solver='full')",10.0,2.0,"{'balance': SMOTE(random_state=42), 'classify__C': 10.0, 'classify__max_iter': 1000, 'classify__n_jobs': 2, 'classify__penalty': 'l2', 'classify__random_state': 42, 'classify__solver': 'lbfgs', 'impute': SimpleImputer(strategy='median'), 'select': SelectKBest(score_func=<function mutual_info_classif at 0x7272ba3df420>), 'select__k': 10, 'transform': PCA(random_state=42, svd_solver='full'), 'transform__n_components': 2}",,,,,,,,,,121,,,,,,,,,,121,,,,,,,,,,121
0.0004055840628487723,1.3978631997032442e-05,0.0,0.0,SMOTE(random_state=42),10.0,1000,2,l2,42,lbfgs,,SelectKBest(score_func=<function mutual_info_classif at 0x7272ba3df420>),"PCA(random_state=42, svd_solver='full')",50.0,10.0,"{'balance': SMOTE(random_state=42), 'classify__C': 10.0, 'classify__max_iter': 1000, 'classify__n_jobs': 2, 'classify__penalty': 'l2', 'classify__random_state': 42, 'classify__solver': 'lbfgs', 'impute': None, 'select': SelectKBest(score_func=<function mutual_info_classif at 0x7272ba3df420>), 'select__k': 50, 'transform': PCA(random_state=42, svd_solver='full'), 'transform__n_components': 10}",,,,,,,,,,121,,,,,,,,,,121,,,,,,,,,,121
0.0004132475171770368,1.3903073969496503e-05,0.0,0.0,SMOTE(random_state=42),10.0,1000,2,l2,42,lbfgs,,SelectKBest(score_func=<function mutual_info_classif at 0x7272ba3df420>),"PCA(random_state=42, svd_solver='full')",50.0,5.0,"{'balance': SMOTE(random_state=42), 'classify__C': 10.0, 'classify__max_iter': 1000, 'classify__n_jobs': 2, 'classify__penalty': 'l2', 'classify__random_state': 42, 'classify__solver': 'lbfgs', 'impute': None, 'select': SelectKBest(score_func=<function mutual_info_classif at 0x7272ba3df420>), 'select__k': 50, 'transform': PCA(random_state=42, svd_solver='full'), 'transform__n_components': 5}",,,,,,,,,,121,,,,,,,,,,121,,,,,,,,,,121
0.0004124641418457031,1.3859952157056544e-05,0.0,0.0,SMOTE(random_state=42),10.0,1000,2,l2,42,lbfgs,,SelectKBest(score_func=<function mutual_info_classif at 0x7272ba3df420>),"PCA(random_state=42, svd_solver='full')",50.0,2.0,"{'balance': SMOTE(random_state=42), 'classify__C': 10.0, 'classify__max_iter': 1000, 'classify__n_jobs': 2, 'classify__penalty': 'l2', 'classify__random_state': 42, 'classify__solver': 'lbfgs', 'impute': None, 'select': SelectKBest(score_func=<function mutual_info_classif at 0x7272ba3df420>), 'select__k': 50, 'transform': PCA(random_state=42, svd_solver='full'), 'transform__n_components': 2}",,,,,,,,,,121,,,,,,,,,,121,,,,,,,,,,121
0.10503097942897252,0.0203469302566926,0.0,0.0,,1.0,1000,2,l2,42,lbfgs,SimpleImputer(strategy='median'),SelectKBest(score_func=<function mutual_info_classif at 0x7272ba3df420>),LinearDiscriminantAnalysis(),10.0,2.0,"{'balance': None, 'classify__C': 1.0, 'classify__max_iter': 1000, 'classify__n_jobs': 2, 'classify__penalty': 'l2', 'classify__random_state': 42, 'classify__solver': 'lbfgs', 'impute': SimpleImputer(strategy='median'), 'select': SelectKBest(score_func=<function mutual_info_classif at 0x7272ba3df420>), 'select__k': 10, 'transform': LinearDiscriminantAnalysis(), 'transform__n_components': 2}",,,,,,,,,,121,,,,,,,,,,121,,,,,,,,,,121
0.0968160969870431,0.0017095549496957824,0.0,0.0,,1.0,1000,2,l2,42,lbfgs,,SelectKBest(score_func=<function mutual_info_classif at 0x7272ba3df420>),LinearDiscriminantAnalysis(),50.0,2.0,"{'balance': None, 'classify__C': 1.0, 'classify__max_iter': 1000, 'classify__n_jobs': 2, 'classify__penalty': 'l2', 'classify__random_state': 42, 'classify__solver': 'lbfgs', 'impute': None, 'select': SelectKBest(score_func=<function mutual_info_classif at 0x7272ba3df420>), 'select__k': 50, 'transform': LinearDiscriminantAnalysis(), 'transform__n_components': 2}",,,,,,,,,,121,,,,,,,,,,121,,,,,,,,,,121
0.09693544251578194,0.002383730970032679,0.0,0.0,,1.0,1000,2,l2,42,lbfgs,,SelectKBest(score_func=<function mutual_info_classif at 0x7272ba3df420>),LinearDiscriminantAnalysis(),30.0,2.0,"{'balance': None, 'classify__C': 1.0, 'classify__max_iter': 1000, 'classify__n_jobs': 2, 'classify__penalty': 'l2', 'classify__random_state': 42, 'classify__solver': 'lbfgs', 'impute': None, 'select': SelectKBest(score_func=<function mutual_info_classif at 0x7272ba3df420>), 'select__k': 30, 'transform': LinearDiscriminantAnalysis(), 'transform__n_components': 2}",,,,,,,,,,121,,,,,,,,,,121,,,,,,,,,,121
0.09595588275364467,0.0008959167422613412,0.0,0.0,,1.0,1000,2,l2,42,lbfgs,,SelectKBest(score_func=<function mutual_info_classif at 0x7272ba3df420>),LinearDiscriminantAnalysis(),10.0,2.0,"{'balance': None, 'classify__C': 1.0, 'classify__max_iter': 1000, 'classify__n_jobs': 2, 'classify__penalty': 'l2', 'classify__random_state': 42, 'classify__solver': 'lbfgs', 'impute': None, 'select': SelectKBest(score_func=<function mutual_info_classif at 0x7272ba3df420>), 'select__k': 10, 'transform': LinearDiscriminantAnalysis(), 'transform__n_components': 2}",,,,,,,,,,121,,,,,,,,,,121,,,,,,,,,,121
0.09759950637817383,0.001234619627333729,0.0,0.0,,0.1,1000,2,l2,42,lbfgs,SimpleImputer(strategy='median'),SelectKBest(score_func=<function mutual_info_classif at 0x7272ba3df420>),LinearDiscriminantAnalysis(),50.0,2.0,"{'balance': None, 'classify__C': 0.1, 'classify__max_iter': 1000, 'classify__n_jobs': 2, 'classify__penalty': 'l2', 'classify__random_state': 42, 'classify__solver': 'lbfgs', 'impute': SimpleImputer(strategy='median'), 'select': SelectKBest(score_func=<function mutual_info_classif at 0x7272ba3df420>), 'select__k': 50, 'transform': LinearDiscriminantAnalysis(), 'transform__n_components': 2}",,,,,,,,,,121,,,,,,,,,,121,,,,,,,,,,121
0.10086747578212193,0.0019343083240700935,0.0,0.0,,0.1,1000,2,l2,42,lbfgs,SimpleImputer(strategy='median'),SelectKBest(score_func=<function mutual_info_classif at 0x7272ba3df420>),LinearDiscriminantAnalysis(),30.0,2.0,"{'balance': None, 'classify__C': 0.1, 'classify__max_iter': 1000, 'classify__n_jobs': 2, 'classify__penalty': 'l2', 'classify__random_state': 42, 'classify__solver': 'lbfgs', 'impute': SimpleImputer(strategy='median'), 'select': SelectKBest(score_func=<function mutual_info_classif at 0x7272ba3df420>), 'select__k': 30, 'transform': LinearDiscriminantAnalysis(), 'transform__n_components': 2}",,,,,,,,,,121,,,,,,,,,,121,,,,,,,,,,121
0.09826983724321638,0.0007172663546136887,0.0,0.0,,0.1,1000,2,l2,42,lbfgs,SimpleImputer(strategy='median'),SelectKBest(score_func=<function mutual_info_classif at 0x7272ba3df420>),LinearDiscriminantAnalysis(),10.0,2.0,"{'balance': None, 'classify__C': 0.1, 'classify__max_iter': 1000, 'classify__n_jobs': 2, 'classify__penalty': 'l2', 'classify__random_state': 42, 'classify__solver': 'lbfgs', 'impute': SimpleImputer(strategy='median'), 'select': SelectKBest(score_func=<function mutual_info_classif at 0x7272ba3df420>), 'select__k': 10, 'transform': LinearDiscriminantAnalysis(), 'transform__n_components': 2}",,,,,,,,,,121,,,,,,,,,,121,,,,,,,,,,121
0.09754317147391182,0.002002001766844759,0.0,0.0,,0.1,1000,2,l2,42,lbfgs,,SelectKBest(score_func=<function mutual_info_classif at 0x7272ba3df420>),LinearDiscriminantAnalysis(),50.0,2.0,"{'balance': None, 'classify__C': 0.1, 'classify__max_iter': 1000, 'classify__n_jobs': 2, 'classify__penalty': 'l2', 'classify__random_state': 42, 'classify__solver': 'lbfgs', 'impute': None, 'select': SelectKBest(score_func=<function mutual_info_classif at 0x7272ba3df420>), 'select__k': 50, 'transform': LinearDiscriminantAnalysis(), 'transform__n_components': 2}",,,,,,,,,,121,,,,,,,,,,121,,,,,,,,,,121
0.00043208258492606025,4.1978834539444335e-05,0.0,0.0,SMOTE(random_state=42),1.0,1000,2,l2,42,lbfgs,,SelectKBest(score_func=<function mutual_info_classif at 0x7272ba3df420>),"PCA(random_state=42, svd_solver='full')",50.0,5.0,"{'balance': SMOTE(random_state=42), 'classify__C': 1.0, 'classify__max_iter': 1000, 'classify__n_jobs': 2, 'classify__penalty': 'l2', 'classify__random_state': 42, 'classify__solver': 'lbfgs', 'impute': None, 'select': SelectKBest(score_func=<function mutual_info_classif at 0x7272ba3df420>), 'select__k': 50, 'transform': PCA(random_state=42, svd_solver='full'), 'transform__n_components': 5}",,,,,,,,,,121,,,,,,,,,,121,,,,,,,,,,121
0.00040541376386369975,1.6915413368550733e-05,0.0,0.0,SMOTE(random_state=42),1.0,1000,2,l2,42,lbfgs,,SelectKBest(score_func=<function mutual_info_classif at 0x7272ba3df420>),"PCA(random_state=42, svd_solver='full')",50.0,2.0,"{'balance': SMOTE(random_state=42), 'classify__C': 1.0, 'classify__max_iter': 1000, 'classify__n_jobs': 2, 'classify__penalty': 'l2', 'classify__random_state': 42, 'classify__solver': 'lbfgs', 'impute': None, 'select': SelectKBest(score_func=<function mutual_info_classif at 0x7272ba3df420>), 'select__k': 50, 'transform': PCA(random_state=42, svd_solver='full'), 'transform__n_components': 2}",,,,,,,,,,121,,,,,,,,,,121,,,,,,,,,,121
0.0004819120679582868,0.00014439405003879882,0.0,0.0,SMOTE(random_state=42),1.0,1000,2,l2,42,lbfgs,,SelectKBest(score_func=<function mutual_info_classif at 0x7272ba3df420>),"PCA(random_state=42, svd_solver='full')",30.0,10.0,"{'balance': SMOTE(random_state=42), 'classify__C': 1.0, 'classify__max_iter': 1000, 'classify__n_jobs': 2, 'classify__penalty': 'l2', 'classify__random_state': 42, 'classify__solver': 'lbfgs', 'impute': None, 'select': SelectKBest(score_func=<function mutual_info_classif at 0x7272ba3df420>), 'select__k': 30, 'transform': PCA(random_state=42, svd_solver='full'), 'transform__n_components': 10}",,,,,,,,,,121,,,,,,,,,,121,,,,,,,,,,121
0.000423431396484375,4.686140414464288e-05,0.0,0.0,SMOTE(random_state=42),1.0,1000,2,l2,42,lbfgs,,SelectKBest(score_func=<function mutual_info_classif at 0x7272ba3df420>),"PCA(random_state=42, svd_solver='full')",30.0,5.0,"{'balance': SMOTE(random_state=42), 'classify__C': 1.0, 'classify__max_iter': 1000, 'classify__n_jobs': 2, 'classify__penalty': 'l2', 'classify__random_state': 42, 'classify__solver': 'lbfgs', 'impute': None, 'select': SelectKBest(score_func=<function mutual_info_classif at 0x7272ba3df420>), 'select__k': 30, 'transform': PCA(random_state=42, svd_solver='full'), 'transform__n_components': 5}",,,,,,,,,,121,,,,,,,,,,121,,,,,,,,,,121
0.0004219668252127511,2.087312637152143e-05,0.0,0.0,SMOTE(random_state=42),1.0,1000,2,l2,42,lbfgs,,SelectKBest(score_func=<function mutual_info_classif at 0x7272ba3df420>),"PCA(random_state=42, svd_solver='full')",30.0,2.0,"{'balance': SMOTE(random_state=42), 'classify__C': 1.0, 'classify__max_iter': 1000, 'classify__n_jobs': 2, 'classify__penalty': 'l2', 'classify__random_state': 42, 'classify__solver': 'lbfgs', 'impute': None, 'select': SelectKBest(score_func=<function mutual_info_classif at 0x7272ba3df420>), 'select__k': 30, 'transform': PCA(random_state=42, svd_solver='full'), 'transform__n_components': 2}",,,,,,,,,,121,,,,,,,,,,121,,,,,,,,,,121
0.0004095690590994699,1.140530331683389e-05,0.0,0.0,SMOTE(random_state=42),1.0,1000,2,l2,42,lbfgs,,SelectKBest(score_func=<function mutual_info_classif at 0x7272ba3df420>),"PCA(random_state=42, svd_solver='full')",10.0,10.0,"{'balance': SMOTE(random_state=42), 'classify__C': 1.0, 'classify__max_iter': 1000, 'classify__n_jobs': 2, 'classify__penalty': 'l2', 'classify__random_state': 42, 'classify__solver': 'lbfgs', 'impute': None, 'select': SelectKBest(score_func=<function mutual_info_classif at 0x7272ba3df420>), 'select__k': 10, 'transform': PCA(random_state=42, svd_solver='full'), 'transform__n_components': 10}",,,,,,,,,,121,,,,,,,,,,121,,,,,,,,,,121
0.00042441913059779575,2.022262981612694e-05,0.0,0.0,SMOTE(random_state=42),1.0,1000,2,l2,42,lbfgs,,SelectKBest(score_func=<function mutual_info_classif at 0x7272ba3df420>),"PCA(random_state=42, svd_solver='full')",10.0,5.0,"{'balance': SMOTE(random_state=42), 'classify__C': 1.0, 'classify__max_iter': 1000, 'classify__n_jobs': 2, 'classify__penalty': 'l2', 'classify__random_state': 42, 'classify__solver': 'lbfgs', 'impute': None, 'select': SelectKBest(score_func=<function mutual_info_classif at 0x7272ba3df420>), 'select__k': 10, 'transform': PCA(random_state=42, svd_solver='full'), 'transform__n_components': 5}",,,,,,,,,,121,,,,,,,,,,121,,,,,,,,,,121
0.00048276356288364956,8.076006660815797e-05,0.0,0.0,SMOTE(random_state=42),1.0,1000,2,l2,42,lbfgs,,SelectKBest(score_func=<function mutual_info_classif at 0x7272ba3df420>),"PCA(random_state=42, svd_solver='full')",10.0,2.0,"{'balance': SMOTE(random_state=42), 'classify__C': 1.0, 'classify__max_iter': 1000, 'classify__n_jobs': 2, 'classify__penalty': 'l2', 'classify__random_state': 42, 'classify__solver': 'lbfgs', 'impute': None, 'select': SelectKBest(score_func=<function mutual_info_classif at 0x7272ba3df420>), 'select__k': 10, 'transform': PCA(random_state=42, svd_solver='full'), 'transform__n_components': 2}",,,,,,,,,,121,,,,,,,,,,121,,,,,,,,,,121
0.0007616451808384486,4.418200319667561e-05,0.0,0.0,SMOTE(random_state=42),0.1,1000,2,l2,42,lbfgs,SimpleImputer(strategy='median'),SelectKBest(score_func=<function mutual_info_classif at 0x7272ba3df420>),"PCA(random_state=42, svd_solver='full')",50.0,10.0,"{'balance': SMOTE(random_state=42), 'classify__C': 0.1, 'classify__max_iter': 1000, 'classify__n_jobs': 2, 'classify__penalty': 'l2', 'classify__random_state': 42, 'classify__solver': 'lbfgs', 'impute': SimpleImputer(strategy='median'), 'select': SelectKBest(score_func=<function mutual_info_classif at 0x7272ba3df420>), 'select__k': 50, 'transform': PCA(random_state=42, svd_solver='full'), 'transform__n_components': 10}",,,,,,,,,,121,,,,,,,,,,121,,,,,,,,,,121
0.0006696156093052455,0.00022168469812728744,0.0,0.0,SMOTE(random_state=42),0.1,1000,2,l2,42,lbfgs,SimpleImputer(strategy='median'),SelectKBest(score_func=<function mutual_info_classif at 0x7272ba3df420>),"PCA(random_state=42, svd_solver='full')",50.0,5.0,"{'balance': SMOTE(random_state=42), 'classify__C': 0.1, 'classify__max_iter': 1000, 'classify__n_jobs': 2, 'classify__penalty': 'l2', 'classify__random_state': 42, 'classify__solver': 'lbfgs', 'impute': SimpleImputer(strategy='median'), 'select': SelectKBest(score_func=<function mutual_info_classif at 0x7272ba3df420>), 'select__k': 50, 'transform': PCA(random_state=42, svd_solver='full'), 'transform__n_components': 5}",,,,,,,,,,121,,,,,,,,,,121,,,,,,,,,,121
0.0007469313485281808,0.00022556930066026294,0.0,0.0,SMOTE(random_state=42),0.1,1000,2,l2,42,lbfgs,SimpleImputer(strategy='median'),SelectKBest(score_func=<function mutual_info_classif at 0x7272ba3df420>),"PCA(random_state=42, svd_solver='full')",50.0,2.0,"{'balance': SMOTE(random_state=42), 'classify__C': 0.1, 'classify__max_iter': 1000, 'classify__n_jobs': 2, 'classify__penalty': 'l2', 'classify__random_state': 42, 'classify__solver': 'lbfgs', 'impute': SimpleImputer(strategy='median'), 'select': SelectKBest(score_func=<function mutual_info_classif at 0x7272ba3df420>), 'select__k': 50, 'transform': PCA(random_state=42, svd_solver='full'), 'transform__n_components': 2}",,,,,,,,,,121,,,,,,,,,,121,,,,,,,,,,121
0.0008557864597865514,0.00021429280985118258,0.0,0.0,SMOTE(random_state=42),0.1,1000,2,l2,42,lbfgs,SimpleImputer(strategy='median'),SelectKBest(score_func=<function mutual_info_classif at 0x7272ba3df420>),"PCA(random_state=42, svd_solver='full')",30.0,10.0,"{'balance': SMOTE(random_state=42), 'classify__C': 0.1, 'classify__max_iter': 1000, 'classify__n_jobs': 2, 'classify__penalty': 'l2', 'classify__random_state': 42, 'classify__solver': 'lbfgs', 'impute': SimpleImputer(strategy='median'), 'select': SelectKBest(score_func=<function mutual_info_classif at 0x7272ba3df420>), 'select__k': 30, 'transform': PCA(random_state=42, svd_solver='full'), 'transform__n_components': 10}",,,,,,,,,,121,,,,,,,,,,121,,,,,,,,,,121
0.0007662773132324219,0.0002299515104136994,0.0,0.0,SMOTE(random_state=42),0.1,1000,2,l2,42,lbfgs,SimpleImputer(strategy='median'),SelectKBest(score_func=<function mutual_info_classif at 0x7272ba3df420>),"PCA(random_state=42, svd_solver='full')",30.0,5.0,"{'balance': SMOTE(random_state=42), 'classify__C': 0.1, 'classify__max_iter': 1000, 'classify__n_jobs': 2, 'classify__penalty': 'l2', 'classify__random_state': 42, 'classify__solver': 'lbfgs', 'impute': SimpleImputer(strategy='median'), 'select': SelectKBest(score_func=<function mutual_info_classif at 0x7272ba3df420>), 'select__k': 30, 'transform': PCA(random_state=42, svd_solver='full'), 'transform__n_components': 5}",,,,,,,,,,121,,,,,,,,,,121,,,,,,,,,,121
0.0005978516169956752,0.00020077493152510282,0.0,0.0,SMOTE(random_state=42),0.1,1000,2,l2,42,lbfgs,SimpleImputer(strategy='median'),SelectKBest(score_func=<function mutual_info_classif at 0x7272ba3df420>),"PCA(random_state=42, svd_solver='full')",30.0,2.0,"{'balance': SMOTE(random_state=42), 'classify__C': 0.1, 'classify__max_iter': 1000, 'classify__n_jobs': 2, 'classify__penalty': 'l2', 'classify__random_state': 42, 'classify__solver': 'lbfgs', 'impute': SimpleImputer(strategy='median'), 'select': SelectKBest(score_func=<function mutual_info_classif at 0x7272ba3df420>), 'select__k': 30, 'transform': PCA(random_state=42, svd_solver='full'), 'transform__n_components': 2}",,,,,,,,,,121,,,,,,,,,,121,,,,,,,,,,121
0.00046382631574358257,3.514802729102736e-05,0.0,0.0,SMOTE(random_state=42),0.1,1000,2,l2,42,lbfgs,SimpleImputer(strategy='median'),SelectKBest(score_func=<function mutual_info_classif at 0x7272ba3df420>),"PCA(random_state=42, svd_solver='full')",10.0,10.0,"{'balance': SMOTE(random_state=42), 'classify__C': 0.1, 'classify__max_iter': 1000, 'classify__n_jobs': 2, 'classify__penalty': 'l2', 'classify__random_state': 42, 'classify__solver': 'lbfgs', 'impute': SimpleImputer(strategy='median'), 'select': SelectKBest(score_func=<function mutual_info_classif at 0x7272ba3df420>), 'select__k': 10, 'transform': PCA(random_state=42, svd_solver='full'), 'transform__n_components': 10}",,,,,,,,,,121,,,,,,,,,,121,,,,,,,,,,121
0.0004515988486153739,2.1077153491500205e-05,0.0,0.0,SMOTE(random_state=42),0.1,1000,2,l2,42,lbfgs,SimpleImputer(strategy='median'),SelectKBest(score_func=<function mutual_info_classif at 0x7272ba3df420>),"PCA(random_state=42, svd_solver='full')",10.0,5.0,"{'balance': SMOTE(random_state=42), 'classify__C': 0.1, 'classify__max_iter': 1000, 'classify__n_jobs': 2, 'classify__penalty': 'l2', 'classify__random_state': 42, 'classify__solver': 'lbfgs', 'impute': SimpleImputer(strategy='median'), 'select': SelectKBest(score_func=<function mutual_info_classif at 0x7272ba3df420>), 'select__k': 10, 'transform': PCA(random_state=42, svd_solver='full'), 'transform__n_components': 5}",,,,,,,,,,121,,,,,,,,,,121,,,,,,,,,,121
0.10460308619907924,0.0015121502668190062,0.0,0.0,,10.0,1000,2,l2,42,lbfgs,SimpleImputer(strategy='median'),SelectKBest(score_func=<function mutual_info_classif at 0x7272ba3df420>),LinearDiscriminantAnalysis(),50.0,2.0,"{'balance': None, 'classify__C': 10.0, 'classify__max_iter': 1000, 'classify__n_jobs': 2, 'classify__penalty': 'l2', 'classify__random_state': 42, 'classify__solver': 'lbfgs', 'impute': SimpleImputer(strategy='median'), 'select': SelectKBest(score_func=<function mutual_info_classif at 0x7272ba3df420>), 'select__k': 50, 'transform': LinearDiscriminantAnalysis(), 'transform__n_components': 2}",,,,,,,,,,121,,,,,,,,,,121,,,,,,,,,,121
0.10360380581447057,0.0020822351677692924,0.0,0.0,,10.0,1000,2,l2,42,lbfgs,SimpleImputer(strategy='median'),SelectKBest(score_func=<function mutual_info_classif at 0x7272ba3df420>),LinearDiscriminantAnalysis(),30.0,2.0,"{'balance': None, 'classify__C': 10.0, 'classify__max_iter': 1000, 'classify__n_jobs': 2, 'classify__penalty': 'l2', 'classify__random_state': 42, 'classify__solver': 'lbfgs', 'impute': SimpleImputer(strategy='median'), 'select': SelectKBest(score_func=<function mutual_info_classif at 0x7272ba3df420>), 'select__k': 30, 'transform': LinearDiscriminantAnalysis(), 'transform__n_components': 2}",,,,,,,,,,121,,,,,,,,,,121,,,,,,,,,,121
0.12215263502938407,0.031119317136031516,0.0,0.0,,10.0,1000,2,l2,42,lbfgs,SimpleImputer(strategy='median'),SelectKBest(score_func=<function mutual_info_classif at 0x7272ba3df420>),LinearDiscriminantAnalysis(),10.0,2.0,"{'balance': None, 'classify__C': 10.0, 'classify__max_iter': 1000, 'classify__n_jobs': 2, 'classify__penalty': 'l2', 'classify__random_state': 42, 'classify__solver': 'lbfgs', 'impute': SimpleImputer(strategy='median'), 'select': SelectKBest(score_func=<function mutual_info_classif at 0x7272ba3df420>), 'select__k': 10, 'transform': LinearDiscriminantAnalysis(), 'transform__n_components': 2}",,,,,,,,,,121,,,,,,,,,,121,,,,,,,,,,121
0.16420272418430873,0.001384589697226909,0.0,0.0,,10.0,1000,2,l2,42,lbfgs,,SelectKBest(score_func=<function mutual_info_classif at 0x7272ba3df420>),LinearDiscriminantAnalysis(),50.0,2.0,"{'balance': None, 'classify__C': 10.0, 'classify__max_iter': 1000, 'classify__n_jobs': 2, 'classify__penalty': 'l2', 'classify__random_state': 42, 'classify__solver': 'lbfgs', 'impute': None, 'select': SelectKBest(score_func=<function mutual_info_classif at 0x7272ba3df420>), 'select__k': 50, 'transform': LinearDiscriminantAnalysis(), 'transform__n_components': 2}",,,,,,,,,,121,,,,,,,,,,121,,,,,,,,,,121
0.165147032056536,0.0005032087570775781,0.0,0.0,,10.0,1000,2,l2,42,lbfgs,,SelectKBest(score_func=<function mutual_info_classif at 0x7272ba3df420>),LinearDiscriminantAnalysis(),30.0,2.0,"{'balance': None, 'classify__C': 10.0, 'classify__max_iter': 1000, 'classify__n_jobs': 2, 'classify__penalty': 'l2', 'classify__random_state': 42, 'classify__solver': 'lbfgs', 'impute': None, 'select': SelectKBest(score_func=<function mutual_info_classif at 0x7272ba3df420>), 'select__k': 30, 'transform': LinearDiscriminantAnalysis(), 'transform__n_components': 2}",,,,,,,,,,121,,,,,,,,,,121,,,,,,,,,,121
0.17359021731785365,0.018596934607793977,0.0,0.0,,10.0,1000,2,l2,42,lbfgs,,SelectKBest(score_func=<function mutual_info_classif at 0x7272ba3df420>),LinearDiscriminantAnalysis(),10.0,2.0,"{'balance': None, 'classify__C': 10.0, 'classify__max_iter': 1000, 'classify__n_jobs': 2, 'classify__penalty': 'l2', 'classify__random_state': 42, 'classify__solver': 'lbfgs', 'impute': None, 'select': SelectKBest(score_func=<function mutual_info_classif at 0x7272ba3df420>), 'select__k': 10, 'transform': LinearDiscriminantAnalysis(), 'transform__n_components': 2}",,,,,,,,,,121,,,,,,,,,,121,,,,,,,,,,121
0.10969213077000209,0.013644682439134817,0.0,0.0,,1.0,1000,2,l2,42,lbfgs,SimpleImputer(strategy='median'),SelectKBest(score_func=<function mutual_info_classif at 0x7272ba3df420>),LinearDiscriminantAnalysis(),50.0,2.0,"{'balance': None, 'classify__C': 1.0, 'classify__max_iter': 1000, 'classify__n_jobs': 2, 'classify__penalty': 'l2', 'classify__random_state': 42, 'classify__solver': 'lbfgs', 'impute': SimpleImputer(strategy='median'), 'select': SelectKBest(score_func=<function mutual_info_classif at 0x7272ba3df420>), 'select__k': 50, 'transform': LinearDiscriminantAnalysis(), 'transform__n_components': 2}",,,,,,,,,,121,,,,,,,,,,121,,,,,,,,,,121
0.1168931211744036,0.028009426879266185,0.0,0.0,,1.0,1000,2,l2,42,lbfgs,SimpleImputer(strategy='median'),SelectKBest(score_func=<function mutual_info_classif at 0x7272ba3df420>),LinearDiscriminantAnalysis(),30.0,2.0,"{'balance': None, 'classify__C': 1.0, 'classify__max_iter': 1000, 'classify__n_jobs': 2, 'classify__penalty': 'l2', 'classify__random_state': 42, 'classify__solver': 'lbfgs', 'impute': SimpleImputer(strategy='median'), 'select': SelectKBest(score_func=<function mutual_info_classif at 0x7272ba3df420>), 'select__k': 30, 'transform': LinearDiscriminantAnalysis(), 'transform__n_components': 2}",,,,,,,,,,121,,,,,,,,,,121,,,,,,,,,,121
0.00040340423583984375,9.698852392228091e-06,0.0,0.0,SMOTE(random_state=42),1.0,1000,2,l2,42,lbfgs,,SelectKBest(score_func=<function mutual_info_classif at 0x7272ba3df420>),LinearDiscriminantAnalysis(),30.0,2.0,"{'balance': SMOTE(random_state=42), 'classify__C': 1.0, 'classify__max_iter': 1000, 'classify__n_jobs': 2, 'classify__penalty': 'l2', 'classify__random_state': 42, 'classify__solver': 'lbfgs', 'impute': None, 'select': SelectKBest(score_func=<function mutual_info_classif at 0x7272ba3df420>), 'select__k': 30, 'transform': LinearDiscriminantAnalysis(), 'transform__n_components': 2}",,,,,,,,,,121,,,,,,,,,,121,,,,,,,,,,121
0.000398533684866769,1.3761085333324265e-05,0.0,0.0,SMOTE(random_state=42),1.0,1000,2,l2,42,lbfgs,,SelectKBest(score_func=<function mutual_info_classif at 0x7272ba3df420>),LinearDiscriminantAnalysis(),30.0,1.0,"{'balance': SMOTE(random_state=42), 'classify__C': 1.0, 'classify__max_iter': 1000, 'classify__n_jobs': 2, 'classify__penalty': 'l2', 'classify__random_state': 42, 'classify__solver': 'lbfgs', 'impute': None, 'select': SelectKBest(score_func=<function mutual_info_classif at 0x7272ba3df420>), 'select__k': 30, 'transform': LinearDiscriminantAnalysis(), 'transform__n_components': 1}",,,,,,,,,,121,,,,,,,,,,121,,,,,,,,,,121
0.00040156500680106025,7.148826041049286e-06,0.0,0.0,SMOTE(random_state=42),1.0,1000,2,l2,42,lbfgs,,SelectKBest(score_func=<function mutual_info_classif at 0x7272ba3df420>),LinearDiscriminantAnalysis(),10.0,2.0,"{'balance': SMOTE(random_state=42), 'classify__C': 1.0, 'classify__max_iter': 1000, 'classify__n_jobs': 2, 'classify__penalty': 'l2', 'classify__random_state': 42, 'classify__solver': 'lbfgs', 'impute': None, 'select': SelectKBest(score_func=<function mutual_info_classif at 0x7272ba3df420>), 'select__k': 10, 'transform': LinearDiscriminantAnalysis(), 'transform__n_components': 2}",,,,,,,,,,121,,,,,,,,,,121,,,,,,,,,,121
0.0003975459507533482,1.3241422339794972e-05,0.0,0.0,SMOTE(random_state=42),1.0,1000,2,l2,42,lbfgs,,SelectKBest(score_func=<function mutual_info_classif at 0x7272ba3df420>),LinearDiscriminantAnalysis(),10.0,1.0,"{'balance': SMOTE(random_state=42), 'classify__C': 1.0, 'classify__max_iter': 1000, 'classify__n_jobs': 2, 'classify__penalty': 'l2', 'classify__random_state': 42, 'classify__solver': 'lbfgs', 'impute': None, 'select': SelectKBest(score_func=<function mutual_info_classif at 0x7272ba3df420>), 'select__k': 10, 'transform': LinearDiscriminantAnalysis(), 'transform__n_components': 1}",,,,,,,,,,121,,,,,,,,,,121,,,,,,,,,,121
0.00045187132699148994,8.818001855437246e-06,0.0,0.0,SMOTE(random_state=42),0.1,1000,2,l2,42,lbfgs,SimpleImputer(strategy='median'),SelectKBest(score_func=<function mutual_info_classif at 0x7272ba3df420>),LinearDiscriminantAnalysis(),50.0,2.0,"{'balance': SMOTE(random_state=42), 'classify__C': 0.1, 'classify__max_iter': 1000, 'classify__n_jobs': 2, 'classify__penalty': 'l2', 'classify__random_state': 42, 'classify__solver': 'lbfgs', 'impute': SimpleImputer(strategy='median'), 'select': SelectKBest(score_func=<function mutual_info_classif at 0x7272ba3df420>), 'select__k': 50, 'transform': LinearDiscriminantAnalysis(), 'transform__n_components': 2}",,,,,,,,,,121,,,,,,,,,,121,,,,,,,,,,121
0.0004488400050571987,9.669383816876604e-06,0.0,0.0,SMOTE(random_state=42),0.1,1000,2,l2,42,lbfgs,SimpleImputer(strategy='median'),SelectKBest(score_func=<function mutual_info_classif at 0x7272ba3df420>),LinearDiscriminantAnalysis(),50.0,1.0,"{'balance': SMOTE(random_state=42), 'classify__C': 0.1, 'classify__max_iter': 1000, 'classify__n_jobs': 2, 'classify__penalty': 'l2', 'classify__random_state': 42, 'classify__solver': 'lbfgs', 'impute': SimpleImputer(strategy='median'), 'select': SelectKBest(score_func=<function mutual_info_classif at 0x7272ba3df420>), 'select__k': 50, 'transform': LinearDiscriminantAnalysis(), 'transform__n_components': 1}",,,,,,,,,,121,,,,,,,,,,121,,,,,,,,,,121
0.00044417381286621094,2.190264763063098e-05,0.0,0.0,SMOTE(random_state=42),0.1,1000,2,l2,42,lbfgs,SimpleImputer(strategy='median'),SelectKBest(score_func=<function mutual_info_classif at 0x7272ba3df420>),LinearDiscriminantAnalysis(),30.0,2.0,"{'balance': SMOTE(random_state=42), 'classify__C': 0.1, 'classify__max_iter': 1000, 'classify__n_jobs': 2, 'classify__penalty': 'l2', 'classify__random_state': 42, 'classify__solver': 'lbfgs', 'impute': SimpleImputer(strategy='median'), 'select': SelectKBest(score_func=<function mutual_info_classif at 0x7272ba3df420>), 'select__k': 30, 'transform': LinearDiscriminantAnalysis(), 'transform__n_components': 2}",,,,,,,,,,121,,,,,,,,,,121,,,,,,,,,,121
0.0004487378256661551,1.070832651488058e-05,0.0,0.0,SMOTE(random_state=42),0.1,1000,2,l2,42,lbfgs,SimpleImputer(strategy='median'),SelectKBest(score_func=<function mutual_info_classif at 0x7272ba3df420>),LinearDiscriminantAnalysis(),30.0,1.0,"{'balance': SMOTE(random_state=42), 'classify__C': 0.1, 'classify__max_iter': 1000, 'classify__n_jobs': 2, 'classify__penalty': 'l2', 'classify__random_state': 42, 'classify__solver': 'lbfgs', 'impute': SimpleImputer(strategy='median'), 'select': SelectKBest(score_func=<function mutual_info_classif at 0x7272ba3df420>), 'select__k': 30, 'transform': LinearDiscriminantAnalysis(), 'transform__n_components': 1}",,,,,,,,,,121,,,,,,,,,,121,,,,,,,,,,121
0.0004501683371407645,9.334870167487388e-06,0.0,0.0,SMOTE(random_state=42),0.1,1000,2,l2,42,lbfgs,SimpleImputer(strategy='median'),SelectKBest(score_func=<function mutual_info_classif at 0x7272ba3df420>),LinearDiscriminantAnalysis(),10.0,2.0,"{'balance': SMOTE(random_state=42), 'classify__C': 0.1, 'classify__max_iter': 1000, 'classify__n_jobs': 2, 'classify__penalty': 'l2', 'classify__random_state': 42, 'classify__solver': 'lbfgs', 'impute': SimpleImputer(strategy='median'), 'select': SelectKBest(score_func=<function mutual_info_classif at 0x7272ba3df420>), 'select__k': 10, 'transform': LinearDiscriminantAnalysis(), 'transform__n_components': 2}",,,,,,,,,,121,,,,,,,,,,121,,,,,,,,,,121
0.0004493168422154018,6.737299909089264e-06,0.0,0.0,SMOTE(random_state=42),0.1,1000,2,l2,42,lbfgs,SimpleImputer(strategy='median'),SelectKBest(score_func=<function mutual_info_classif at 0x7272ba3df420>),LinearDiscriminantAnalysis(),10.0,1.0,"{'balance': SMOTE(random_state=42), 'classify__C': 0.1, 'classify__max_iter': 1000, 'classify__n_jobs': 2, 'classify__penalty': 'l2', 'classify__random_state': 42, 'classify__solver': 'lbfgs', 'impute': SimpleImputer(strategy='median'), 'select': SelectKBest(score_func=<function mutual_info_classif at 0x7272ba3df420>), 'select__k': 10, 'transform': LinearDiscriminantAnalysis(), 'transform__n_components': 1}",,,,,,,,,,121,,,,,,,,,,121,,,,,,,,,,121
0.00039305005754743306,1.0930064287507908e-05,0.0,0.0,SMOTE(random_state=42),0.1,1000,2,l2,42,lbfgs,,SelectKBest(score_func=<function mutual_info_classif at 0x7272ba3df420>),LinearDiscriminantAnalysis(),50.0,2.0,"{'balance': SMOTE(random_state=42), 'classify__C': 0.1, 'classify__max_iter': 1000, 'classify__n_jobs': 2, 'classify__penalty': 'l2', 'classify__random_state': 42, 'classify__solver': 'lbfgs', 'impute': None, 'select': SelectKBest(score_func=<function mutual_info_classif at 0x7272ba3df420>), 'select__k': 50, 'transform': LinearDiscriminantAnalysis(), 'transform__n_components': 2}",,,,,,,,,,121,,,,,,,,,,121,,,,,,,,,,121
0.0004838194165910993,9.886720742044951e-05,0.0,0.0,SMOTE(random_state=42),0.1,1000,2,l2,42,lbfgs,,SelectKBest(score_func=<function mutual_info_classif at 0x7272ba3df420>),LinearDiscriminantAnalysis(),50.0,1.0,"{'balance': SMOTE(random_state=42), 'classify__C': 0.1, 'classify__max_iter': 1000, 'classify__n_jobs': 2, 'classify__penalty': 'l2', 'classify__random_state': 42, 'classify__solver': 'lbfgs', 'impute': None, 'select': SelectKBest(score_func=<function mutual_info_classif at 0x7272ba3df420>), 'select__k': 50, 'transform': LinearDiscriminantAnalysis(), 'transform__n_components': 1}",,,,,,,,,,121,,,,,,,,,,121,,,,,,,,,,121
0.0006387914930071149,1.6295254851795648e-05,0.0,0.0,SMOTE(random_state=42),0.1,1000,2,l2,42,lbfgs,,SelectKBest(score_func=<function mutual_info_classif at 0x7272ba3df420>),LinearDiscriminantAnalysis(),30.0,2.0,"{'balance': SMOTE(random_state=42), 'classify__C': 0.1, 'classify__max_iter': 1000, 'classify__n_jobs': 2, 'classify__penalty': 'l2', 'classify__random_state': 42, 'classify__solver': 'lbfgs', 'impute': None, 'select': SelectKBest(score_func=<function mutual_info_classif at 0x7272ba3df420>), 'select__k': 30, 'transform': LinearDiscriminantAnalysis(), 'transform__n_components': 2}",,,,,,,,,,121,,,,,,,,,,121,,,,,,,,,,121
0.0006929806300571986,7.130291399883147e-05,0.0,0.0,SMOTE(random_state=42),0.1,1000,2,l2,42,lbfgs,,SelectKBest(score_func=<function mutual_info_classif at 0x7272ba3df420>),LinearDiscriminantAnalysis(),30.0,1.0,"{'balance': SMOTE(random_state=42), 'classify__C': 0.1, 'classify__max_iter': 1000, 'classify__n_jobs': 2, 'classify__penalty': 'l2', 'classify__random_state': 42, 'classify__solver': 'lbfgs', 'impute': None, 'select': SelectKBest(score_func=<function mutual_info_classif at 0x7272ba3df420>), 'select__k': 30, 'transform': LinearDiscriminantAnalysis(), 'transform__n_components': 1}",,,,,,,,,,121,,,,,,,,,,121,,,,,,,,,,121
0.0004763262612479074,6.366310900454595e-05,0.0,0.0,SMOTE(random_state=42),0.1,1000,2,l2,42,lbfgs,,SelectKBest(score_func=<function mutual_info_classif at 0x7272ba3df420>),LinearDiscriminantAnalysis(),10.0,2.0,"{'balance': SMOTE(random_state=42), 'classify__C': 0.1, 'classify__max_iter': 1000, 'classify__n_jobs': 2, 'classify__penalty': 'l2', 'classify__random_state': 42, 'classify__solver': 'lbfgs', 'impute': None, 'select': SelectKBest(score_func=<function mutual_info_classif at 0x7272ba3df420>), 'select__k': 10, 'transform': LinearDiscriminantAnalysis(), 'transform__n_components': 2}",,,,,,,,,,121,,,,,,,,,,121,,,,,,,,,,121
0.0004506451742989676,4.093454850853414e-05,0.0,0.0,SMOTE(random_state=42),0.1,1000,2,l2,42,lbfgs,,SelectKBest(score_func=<function mutual_info_classif at 0x7272ba3df420>),LinearDiscriminantAnalysis(),10.0,1.0,"{'balance': SMOTE(random_state=42), 'classify__C': 0.1, 'classify__max_iter': 1000, 'classify__n_jobs': 2, 'classify__penalty': 'l2', 'classify__random_state': 42, 'classify__solver': 'lbfgs', 'impute': None, 'select': SelectKBest(score_func=<function mutual_info_classif at 0x7272ba3df420>), 'select__k': 10, 'transform': LinearDiscriminantAnalysis(), 'transform__n_components': 1}",,,,,,,,,,121,,,,,,,,,,121,,,,,,,,,,121
0.0004553454262869699,7.511864873797472e-06,0.0,0.0,SMOTE(random_state=42),10.0,1000,2,l2,42,lbfgs,SimpleImputer(strategy='median'),SelectKBest(score_func=<function mutual_info_classif at 0x7272ba3df420>),LinearDiscriminantAnalysis(),10.0,2.0,"{'balance': SMOTE(random_state=42), 'classify__C': 10.0, 'classify__max_iter': 1000, 'classify__n_jobs': 2, 'classify__penalty': 'l2', 'classify__random_state': 42, 'classify__solver': 'lbfgs', 'impute': SimpleImputer(strategy='median'), 'select': SelectKBest(score_func=<function mutual_info_classif at 0x7272ba3df420>), 'select__k': 10, 'transform': LinearDiscriminantAnalysis(), 'transform__n_components': 2}",,,,,,,,,,121,,,,,,,,,,121,,,,,,,,,,121
0.00044686453683035713,1.1336234351705488e-05,0.0,0.0,SMOTE(random_state=42),10.0,1000,2,l2,42,lbfgs,SimpleImputer(strategy='median'),SelectKBest(score_func=<function mutual_info_classif at 0x7272ba3df420>),LinearDiscriminantAnalysis(),10.0,1.0,"{'balance': SMOTE(random_state=42), 'classify__C': 10.0, 'classify__max_iter': 1000, 'classify__n_jobs': 2, 'classify__penalty': 'l2', 'classify__random_state': 42, 'classify__solver': 'lbfgs', 'impute': SimpleImputer(strategy='median'), 'select': SelectKBest(score_func=<function mutual_info_classif at 0x7272ba3df420>), 'select__k': 10, 'transform': LinearDiscriminantAnalysis(), 'transform__n_components': 1}",,,,,,,,,,121,,,,,,,,,,121,,,,,,,,,,121
0.00040527752467564175,1.2666306857985623e-05,0.0,0.0,SMOTE(random_state=42),10.0,1000,2,l2,42,lbfgs,,SelectKBest(score_func=<function mutual_info_classif at 0x7272ba3df420>),LinearDiscriminantAnalysis(),50.0,2.0,"{'balance': SMOTE(random_state=42), 'classify__C': 10.0, 'classify__max_iter': 1000, 'classify__n_jobs': 2, 'classify__penalty': 'l2', 'classify__random_state': 42, 'classify__solver': 'lbfgs', 'impute': None, 'select': SelectKBest(score_func=<function mutual_info_classif at 0x7272ba3df420>), 'select__k': 50, 'transform': LinearDiscriminantAnalysis(), 'transform__n_components': 2}",,,,,,,,,,121,,,,,,,,,,121,,,,,,,,,,121
0.00040081569126674106,7.869803366239972e-06,0.0,0.0,SMOTE(random_state=42),10.0,1000,2,l2,42,lbfgs,,SelectKBest(score_func=<function mutual_info_classif at 0x7272ba3df420>),LinearDiscriminantAnalysis(),50.0,1.0,"{'balance': SMOTE(random_state=42), 'classify__C': 10.0, 'classify__max_iter': 1000, 'classify__n_jobs': 2, 'classify__penalty': 'l2', 'classify__random_state': 42, 'classify__solver': 'lbfgs', 'impute': None, 'select': SelectKBest(score_func=<function mutual_info_classif at 0x7272ba3df420>), 'select__k': 50, 'transform': LinearDiscriminantAnalysis(), 'transform__n_components': 1}",,,,,,,,,,121,,,,,,,,,,121,,,,,,,,,,121
0.00040071351187569756,1.2998710802570596e-05,0.0,0.0,SMOTE(random_state=42),10.0,1000,2,l2,42,lbfgs,,SelectKBest(score_func=<function mutual_info_classif at 0x7272ba3df420>),LinearDiscriminantAnalysis(),30.0,2.0,"{'balance': SMOTE(random_state=42), 'classify__C': 10.0, 'classify__max_iter': 1000, 'classify__n_jobs': 2, 'classify__penalty': 'l2', 'classify__random_state': 42, 'classify__solver': 'lbfgs', 'impute': None, 'select': SelectKBest(score_func=<function mutual_info_classif at 0x7272ba3df420>), 'select__k': 30, 'transform': LinearDiscriminantAnalysis(), 'transform__n_components': 2}",,,,,,,,,,121,,,,,,,,,,121,,,,,,,,,,121
0.0004044600895472935,1.2449310086452665e-05,0.0,0.0,SMOTE(random_state=42),10.0,1000,2,l2,42,lbfgs,,SelectKBest(score_func=<function mutual_info_classif at 0x7272ba3df420>),LinearDiscriminantAnalysis(),30.0,1.0,"{'balance': SMOTE(random_state=42), 'classify__C': 10.0, 'classify__max_iter': 1000, 'classify__n_jobs': 2, 'classify__penalty': 'l2', 'classify__random_state': 42, 'classify__solver': 'lbfgs', 'impute': None, 'select': SelectKBest(score_func=<function mutual_info_classif at 0x7272ba3df420>), 'select__k': 30, 'transform': LinearDiscriminantAnalysis(), 'transform__n_components': 1}",,,,,,,,,,121,,,,,,,,,,121,,,,,,,,,,121
0.00039540018354143413,1.2943081384726923e-05,0.0,0.0,SMOTE(random_state=42),10.0,1000,2,l2,42,lbfgs,,SelectKBest(score_func=<function mutual_info_classif at 0x7272ba3df420>),LinearDiscriminantAnalysis(),10.0,2.0,"{'balance': SMOTE(random_state=42), 'classify__C': 10.0, 'classify__max_iter': 1000, 'classify__n_jobs': 2, 'classify__penalty': 'l2', 'classify__random_state': 42, 'classify__solver': 'lbfgs', 'impute': None, 'select': SelectKBest(score_func=<function mutual_info_classif at 0x7272ba3df420>), 'select__k': 10, 'transform': LinearDiscriminantAnalysis(), 'transform__n_components': 2}",,,,,,,,,,121,,,,,,,,,,121,,,,,,,,,,121
0.0004104546138218471,1.2238135808621961e-05,0.0,0.0,SMOTE(random_state=42),10.0,1000,2,l2,42,lbfgs,,SelectKBest(score_func=<function mutual_info_classif at 0x7272ba3df420>),LinearDiscriminantAnalysis(),10.0,1.0,"{'balance': SMOTE(random_state=42), 'classify__C': 10.0, 'classify__max_iter': 1000, 'classify__n_jobs': 2, 'classify__penalty': 'l2', 'classify__random_state': 42, 'classify__solver': 'lbfgs', 'impute': None, 'select': SelectKBest(score_func=<function mutual_info_classif at 0x7272ba3df420>), 'select__k': 10, 'transform': LinearDiscriminantAnalysis(), 'transform__n_components': 1}",,,,,,,,,,121,,,,,,,,,,121,,,,,,,,,,121
0.0004505770547049386,9.430074681239652e-06,0.0,0.0,SMOTE(random_state=42),1.0,1000,2,l2,42,lbfgs,SimpleImputer(strategy='median'),SelectKBest(score_func=<function mutual_info_classif at 0x7272ba3df420>),LinearDiscriminantAnalysis(),50.0,2.0,"{'balance': SMOTE(random_state=42), 'classify__C': 1.0, 'classify__max_iter': 1000, 'classify__n_jobs': 2, 'classify__penalty': 'l2', 'classify__random_state': 42, 'classify__solver': 'lbfgs', 'impute': SimpleImputer(strategy='median'), 'select': SelectKBest(score_func=<function mutual_info_classif at 0x7272ba3df420>), 'select__k': 50, 'transform': LinearDiscriminantAnalysis(), 'transform__n_components': 2}",,,,,,,,,,121,,,,,,,,,,121,,,,,,,,,,121
0.00044230052403041294,9.916958961689509e-06,0.0,0.0,SMOTE(random_state=42),1.0,1000,2,l2,42,lbfgs,SimpleImputer(strategy='median'),SelectKBest(score_func=<function mutual_info_classif at 0x7272ba3df420>),LinearDiscriminantAnalysis(),50.0,1.0,"{'balance': SMOTE(random_state=42), 'classify__C': 1.0, 'classify__max_iter': 1000, 'classify__n_jobs': 2, 'classify__penalty': 'l2', 'classify__random_state': 42, 'classify__solver': 'lbfgs', 'impute': SimpleImputer(strategy='median'), 'select': SelectKBest(score_func=<function mutual_info_classif at 0x7272ba3df420>), 'select__k': 50, 'transform': LinearDiscriminantAnalysis(), 'transform__n_components': 1}",,,,,,,,,,121,,,,,,,,,,121,,,,,,,,,,121
0.00043899672372000556,1.034050052398325e-05,0.0,0.0,SMOTE(random_state=42),1.0,1000,2,l2,42,lbfgs,SimpleImputer(strategy='median'),SelectKBest(score_func=<function mutual_info_classif at 0x7272ba3df420>),LinearDiscriminantAnalysis(),30.0,2.0,"{'balance': SMOTE(random_state=42), 'classify__C': 1.0, 'classify__max_iter': 1000, 'classify__n_jobs': 2, 'classify__penalty': 'l2', 'classify__random_state': 42, 'classify__solver': 'lbfgs', 'impute': SimpleImputer(strategy='median'), 'select': SelectKBest(score_func=<function mutual_info_classif at 0x7272ba3df420>), 'select__k': 30, 'transform': LinearDiscriminantAnalysis(), 'transform__n_components': 2}",,,,,,,,,,121,,,,,,,,,,121,,,,,,,,,,121
0.0006182874952043806,0.00019035965399931228,0.0,0.0,SMOTE(random_state=42),1.0,1000,2,l2,42,lbfgs,SimpleImputer(strategy='median'),SelectKBest(score_func=<function mutual_info_classif at 0x7272ba3df420>),LinearDiscriminantAnalysis(),30.0,1.0,"{'balance': SMOTE(random_state=42), 'classify__C': 1.0, 'classify__max_iter': 1000, 'classify__n_jobs': 2, 'classify__penalty': 'l2', 'classify__random_state': 42, 'classify__solver': 'lbfgs', 'impute': SimpleImputer(strategy='median'), 'select': SelectKBest(score_func=<function mutual_info_classif at 0x7272ba3df420>), 'select__k': 30, 'transform': LinearDiscriminantAnalysis(), 'transform__n_components': 1}",,,,,,,,,,121,,,,,,,,,,121,,,,,,,,,,121
0.00044907842363630025,7.7202373525829e-06,0.0,0.0,SMOTE(random_state=42),1.0,1000,2,l2,42,lbfgs,SimpleImputer(strategy='median'),SelectKBest(score_func=<function mutual_info_classif at 0x7272ba3df420>),LinearDiscriminantAnalysis(),10.0,2.0,"{'balance': SMOTE(random_state=42), 'classify__C': 1.0, 'classify__max_iter': 1000, 'classify__n_jobs': 2, 'classify__penalty': 'l2', 'classify__random_state': 42, 'classify__solver': 'lbfgs', 'impute': SimpleImputer(strategy='median'), 'select': SelectKBest(score_func=<function mutual_info_classif at 0x7272ba3df420>), 'select__k': 10, 'transform': LinearDiscriminantAnalysis(), 'transform__n_components': 2}",,,,,,,,,,121,,,,,,,,,,121,,,,,,,,,,121
0.0004380430494035993,1.1479313812988983e-05,0.0,0.0,SMOTE(random_state=42),1.0,1000,2,l2,42,lbfgs,SimpleImputer(strategy='median'),SelectKBest(score_func=<function mutual_info_classif at 0x7272ba3df420>),LinearDiscriminantAnalysis(),10.0,1.0,"{'balance': SMOTE(random_state=42), 'classify__C': 1.0, 'classify__max_iter': 1000, 'classify__n_jobs': 2, 'classify__penalty': 'l2', 'classify__random_state': 42, 'classify__solver': 'lbfgs', 'impute': SimpleImputer(strategy='median'), 'select': SelectKBest(score_func=<function mutual_info_classif at 0x7272ba3df420>), 'select__k': 10, 'transform': LinearDiscriminantAnalysis(), 'transform__n_components': 1}",,,,,,,,,,121,,,,,,,,,,121,,,,,,,,,,121
0.00040800230843680244,8.657220554721303e-06,0.0,0.0,SMOTE(random_state=42),1.0,1000,2,l2,42,lbfgs,,SelectKBest(score_func=<function mutual_info_classif at 0x7272ba3df420>),LinearDiscriminantAnalysis(),50.0,2.0,"{'balance': SMOTE(random_state=42), 'classify__C': 1.0, 'classify__max_iter': 1000, 'classify__n_jobs': 2, 'classify__penalty': 'l2', 'classify__random_state': 42, 'classify__solver': 'lbfgs', 'impute': None, 'select': SelectKBest(score_func=<function mutual_info_classif at 0x7272ba3df420>), 'select__k': 50, 'transform': LinearDiscriminantAnalysis(), 'transform__n_components': 2}",,,,,,,,,,121,,,,,,,,,,121,,,,,,,,,,121
0.0003943783896309989,1.6659802317276622e-05,0.0,0.0,SMOTE(random_state=42),1.0,1000,2,l2,42,lbfgs,,SelectKBest(score_func=<function mutual_info_classif at 0x7272ba3df420>),LinearDiscriminantAnalysis(),50.0,1.0,"{'balance': SMOTE(random_state=42), 'classify__C': 1.0, 'classify__max_iter': 1000, 'classify__n_jobs': 2, 'classify__penalty': 'l2', 'classify__random_state': 42, 'classify__solver': 'lbfgs', 'impute': None, 'select': SelectKBest(score_func=<function mutual_info_classif at 0x7272ba3df420>), 'select__k': 50, 'transform': LinearDiscriminantAnalysis(), 'transform__n_components': 1}",,,,,,,,,,121,,,,,,,,,,121,,,,,,,,,,121
0.0008055823189871651,0.0001687573133171157,0.0,0.0,SMOTE(random_state=42),0.1,1000,2,l2,42,lbfgs,SimpleImputer(strategy='median'),SelectKBest(score_func=<function mutual_info_classif at 0x7272ba3df420>),"PCA(random_state=42, svd_solver='full')",10.0,2.0,"{'balance': SMOTE(random_state=42), 'classify__C': 0.1, 'classify__max_iter': 1000, 'classify__n_jobs': 2, 'classify__penalty': 'l2', 'classify__random_state': 42, 'classify__solver': 'lbfgs', 'impute': SimpleImputer(strategy='median'), 'select': SelectKBest(score_func=<function mutual_info_classif at 0x7272ba3df420>), 'select__k': 10, 'transform': PCA(random_state=42, svd_solver='full'), 'transform__n_components': 2}",,,,,,,,,,121,,,,,,,,,,121,,,,,,,,,,121
0.0005619866507393974,0.00017329942689833563,0.0,0.0,SMOTE(random_state=42),0.1,1000,2,l2,42,lbfgs,,SelectKBest(score_func=<function mutual_info_classif at 0x7272ba3df420>),"PCA(random_state=42, svd_solver='full')",50.0,10.0,"{'balance': SMOTE(random_state=42), 'classify__C': 0.1, 'classify__max_iter': 1000, 'classify__n_jobs': 2, 'classify__penalty': 'l2', 'classify__random_state': 42, 'classify__solver': 'lbfgs', 'impute': None, 'select': SelectKBest(score_func=<function mutual_info_classif at 0x7272ba3df420>), 'select__k': 50, 'transform': PCA(random_state=42, svd_solver='full'), 'transform__n_components': 10}",,,,,,,,,,121,,,,,,,,,,121,,,,,,,,,,121
0.0006154945918491908,0.0001269145825270965,0.0,0.0,SMOTE(random_state=42),0.1,1000,2,l2,42,lbfgs,,SelectKBest(score_func=<function mutual_info_classif at 0x7272ba3df420>),"PCA(random_state=42, svd_solver='full')",50.0,5.0,"{'balance': SMOTE(random_state=42), 'classify__C': 0.1, 'classify__max_iter': 1000, 'classify__n_jobs': 2, 'classify__penalty': 'l2', 'classify__random_state': 42, 'classify__solver': 'lbfgs', 'impute': None, 'select': SelectKBest(score_func=<function mutual_info_classif at 0x7272ba3df420>), 'select__k': 50, 'transform': PCA(random_state=42, svd_solver='full'), 'transform__n_components': 5}",,,,,,,,,,121,,,,,,,,,,121,,,,,,,,,,121
0.0006387574332101005,0.00016160526293616183,0.0,0.0,SMOTE(random_state=42),0.1,1000,2,l2,42,lbfgs,,SelectKBest(score_func=<function mutual_info_classif at 0x7272ba3df420>),"PCA(random_state=42, svd_solver='full')",50.0,2.0,"{'balance': SMOTE(random_state=42), 'classify__C': 0.1, 'classify__max_iter': 1000, 'classify__n_jobs': 2, 'classify__penalty': 'l2', 'classify__random_state': 42, 'classify__solver': 'lbfgs', 'impute': None, 'select': SelectKBest(score_func=<function mutual_info_classif at 0x7272ba3df420>), 'select__k': 50, 'transform': PCA(random_state=42, svd_solver='full'), 'transform__n_components': 2}",,,,,,,,,,121,,,,,,,,,,121,,,,,,,,,,121
0.0005465575626918248,0.0001459448272706324,0.0,0.0,SMOTE(random_state=42),0.1,1000,2,l2,42,lbfgs,,SelectKBest(score_func=<function mutual_info_classif at 0x7272ba3df420>),"PCA(random_state=42, svd_solver='full')",30.0,10.0,"{'balance': SMOTE(random_state=42), 'classify__C': 0.1, 'classify__max_iter': 1000, 'classify__n_jobs': 2, 'classify__penalty': 'l2', 'classify__random_state': 42, 'classify__solver': 'lbfgs', 'impute': None, 'select': SelectKBest(score_func=<function mutual_info_classif at 0x7272ba3df420>), 'select__k': 30, 'transform': PCA(random_state=42, svd_solver='full'), 'transform__n_components': 10}",,,,,,,,,,121,,,,,,,,,,121,,,,,,,,,,121
0.0007622241973876953,7.147764689226827e-05,0.0,0.0,SMOTE(random_state=42),0.1,1000,2,l2,42,lbfgs,,SelectKBest(score_func=<function mutual_info_classif at 0x7272ba3df420>),"PCA(random_state=42, svd_solver='full')",30.0,5.0,"{'balance': SMOTE(random_state=42), 'classify__C': 0.1, 'classify__max_iter': 1000, 'classify__n_jobs': 2, 'classify__penalty': 'l2', 'classify__random_state': 42, 'classify__solver': 'lbfgs', 'impute': None, 'select': SelectKBest(score_func=<function mutual_info_classif at 0x7272ba3df420>), 'select__k': 30, 'transform': PCA(random_state=42, svd_solver='full'), 'transform__n_components': 5}",,,,,,,,,,121,,,,,,,,,,121,,,,,,,,,,121
0.0005657672882080078,0.0001483538962386223,0.0,0.0,SMOTE(random_state=42),0.1,1000,2,l2,42,lbfgs,,SelectKBest(score_func=<function mutual_info_classif at 0x7272ba3df420>),"PCA(random_state=42, svd_solver='full')",30.0,2.0,"{'balance': SMOTE(random_state=42), 'classify__C': 0.1, 'classify__max_iter': 1000, 'classify__n_jobs': 2, 'classify__penalty': 'l2', 'classify__random_state': 42, 'classify__solver': 'lbfgs', 'impute': None, 'select': SelectKBest(score_func=<function mutual_info_classif at 0x7272ba3df420>), 'select__k': 30, 'transform': PCA(random_state=42, svd_solver='full'), 'transform__n_components': 2}",,,,,,,,,,121,,,,,,,,,,121,,,,,,,,,,121
0.0007312638419015067,6.64533087505827e-05,0.0,0.0,SMOTE(random_state=42),0.1,1000,2,l2,42,lbfgs,,SelectKBest(score_func=<function mutual_info_classif at 0x7272ba3df420>),"PCA(random_state=42, svd_solver='full')",10.0,10.0,"{'balance': SMOTE(random_state=42), 'classify__C': 0.1, 'classify__max_iter': 1000, 'classify__n_jobs': 2, 'classify__penalty': 'l2', 'classify__random_state': 42, 'classify__solver': 'lbfgs', 'impute': None, 'select': SelectKBest(score_func=<function mutual_info_classif at 0x7272ba3df420>), 'select__k': 10, 'transform': PCA(random_state=42, svd_solver='full'), 'transform__n_components': 10}",,,,,,,,,,121,,,,,,,,,,121,,,,,,,,,,121
0.0007600443703787667,3.797766643255384e-05,0.0,0.0,SMOTE(random_state=42),0.1,1000,2,l2,42,lbfgs,,SelectKBest(score_func=<function mutual_info_classif at 0x7272ba3df420>),"PCA(random_state=42, svd_solver='full')",10.0,5.0,"{'balance': SMOTE(random_state=42), 'classify__C': 0.1, 'classify__max_iter': 1000, 'classify__n_jobs': 2, 'classify__penalty': 'l2', 'classify__random_state': 42, 'classify__solver': 'lbfgs', 'impute': None, 'select': SelectKBest(score_func=<function mutual_info_classif at 0x7272ba3df420>), 'select__k': 10, 'transform': PCA(random_state=42, svd_solver='full'), 'transform__n_components': 5}",,,,,,,,,,121,,,,,,,,,,121,,,,,,,,,,121
0.0008158343178885323,9.312779406147826e-05,0.0,0.0,SMOTE(random_state=42),0.1,1000,2,l2,42,lbfgs,,SelectKBest(score_func=<function mutual_info_classif at 0x7272ba3df420>),"PCA(random_state=42, svd_solver='full')",10.0,2.0,"{'balance': SMOTE(random_state=42), 'classify__C': 0.1, 'classify__max_iter': 1000, 'classify__n_jobs': 2, 'classify__penalty': 'l2', 'classify__random_state': 42, 'classify__solver': 'lbfgs', 'impute': None, 'select': SelectKBest(score_func=<function mutual_info_classif at 0x7272ba3df420>), 'select__k': 10, 'transform': PCA(random_state=42, svd_solver='full'), 'transform__n_components': 2}",,,,,,,,,,121,,,,,,,,,,121,,,,,,,,,,121
0.0004481588091169085,9.541607608736925e-06,0.0,0.0,SMOTE(random_state=42),10.0,1000,2,l2,42,lbfgs,SimpleImputer(strategy='median'),SelectKBest(score_func=<function mutual_info_classif at 0x7272ba3df420>),LinearDiscriminantAnalysis(),50.0,2.0,"{'balance': SMOTE(random_state=42), 'classify__C': 10.0, 'classify__max_iter': 1000, 'classify__n_jobs': 2, 'classify__penalty': 'l2', 'classify__random_state': 42, 'classify__solver': 'lbfgs', 'impute': SimpleImputer(strategy='median'), 'select': SelectKBest(score_func=<function mutual_info_classif at 0x7272ba3df420>), 'select__k': 50, 'transform': LinearDiscriminantAnalysis(), 'transform__n_components': 2}",,,,,,,,,,121,,,,,,,,,,121,,,,,,,,,,121
0.00044574056352887837,8.102080483201783e-06,0.0,0.0,SMOTE(random_state=42),10.0,1000,2,l2,42,lbfgs,SimpleImputer(strategy='median'),SelectKBest(score_func=<function mutual_info_classif at 0x7272ba3df420>),LinearDiscriminantAnalysis(),50.0,1.0,"{'balance': SMOTE(random_state=42), 'classify__C': 10.0, 'classify__max_iter': 1000, 'classify__n_jobs': 2, 'classify__penalty': 'l2', 'classify__random_state': 42, 'classify__solver': 'lbfgs', 'impute': SimpleImputer(strategy='median'), 'select': SelectKBest(score_func=<function mutual_info_classif at 0x7272ba3df420>), 'select__k': 50, 'transform': LinearDiscriminantAnalysis(), 'transform__n_components': 1}",,,,,,,,,,121,,,,,,,,,,121,,,,,,,,,,121
0.00045640127999441963,6.316600332552041e-06,0.0,0.0,SMOTE(random_state=42),10.0,1000,2,l2,42,lbfgs,SimpleImputer(strategy='median'),SelectKBest(score_func=<function mutual_info_classif at 0x7272ba3df420>),LinearDiscriminantAnalysis(),30.0,2.0,"{'balance': SMOTE(random_state=42), 'classify__C': 10.0, 'classify__max_iter': 1000, 'classify__n_jobs': 2, 'classify__penalty': 'l2', 'classify__random_state': 42, 'classify__solver': 'lbfgs', 'impute': SimpleImputer(strategy='median'), 'select': SelectKBest(score_func=<function mutual_info_classif at 0x7272ba3df420>), 'select__k': 30, 'transform': LinearDiscriminantAnalysis(), 'transform__n_components': 2}",,,,,,,,,,121,,,,,,,,,,121,,,,,,,,,,121
0.0004467282976422991,6.484076549601329e-06,0.0,0.0,SMOTE(random_state=42),10.0,1000,2,l2,42,lbfgs,SimpleImputer(strategy='median'),SelectKBest(score_func=<function mutual_info_classif at 0x7272ba3df420>),LinearDiscriminantAnalysis(),30.0,1.0,"{'balance': SMOTE(random_state=42), 'classify__C': 10.0, 'classify__max_iter': 1000, 'classify__n_jobs': 2, 'classify__penalty': 'l2', 'classify__random_state': 42, 'classify__solver': 'lbfgs', 'impute': SimpleImputer(strategy='median'), 'select': SelectKBest(score_func=<function mutual_info_classif at 0x7272ba3df420>), 'select__k': 30, 'transform': LinearDiscriminantAnalysis(), 'transform__n_components': 1}",,,,,,,,,,121,,,,,,,,,,121,,,,,,,,,,121
0.0006402901240757533,0.00018388513777786985,0.0,0.0,SMOTE(random_state=42),1.0,1000,2,l2,42,lbfgs,SimpleImputer(strategy='median'),,"PCA(random_state=42, svd_solver='full')",,2.0,"{'balance': SMOTE(random_state=42), 'classify__C': 1.0, 'classify__max_iter': 1000, 'classify__n_jobs': 2, 'classify__penalty': 'l2', 'classify__random_state': 42, 'classify__solver': 'lbfgs', 'impute': SimpleImputer(strategy='median'), 'select': None, 'transform': PCA(random_state=42, svd_solver='full'), 'transform__n_components': 2}",,,,,,,,,,121,,,,,,,,,,121,,,,,,,,,,121
0.0006763253893171038,6.311897035664942e-05,0.0,0.0,SMOTE(random_state=42),1.0,1000,2,l2,42,lbfgs,,,"PCA(random_state=42, svd_solver='full')",,10.0,"{'balance': SMOTE(random_state=42), 'classify__C': 1.0, 'classify__max_iter': 1000, 'classify__n_jobs': 2, 'classify__penalty': 'l2', 'classify__random_state': 42, 'classify__solver': 'lbfgs', 'impute': None, 'select': None, 'transform': PCA(random_state=42, svd_solver='full'), 'transform__n_components': 10}",,,,,,,,,,121,,,,,,,,,,121,,,,,,,,,,121
0.0005562646048409599,0.0001841004526367589,0.0,0.0,SMOTE(random_state=42),1.0,1000,2,l2,42,lbfgs,,,"PCA(random_state=42, svd_solver='full')",,5.0,"{'balance': SMOTE(random_state=42), 'classify__C': 1.0, 'classify__max_iter': 1000, 'classify__n_jobs': 2, 'classify__penalty': 'l2', 'classify__random_state': 42, 'classify__solver': 'lbfgs', 'impute': None, 'select': None, 'transform': PCA(random_state=42, svd_solver='full'), 'transform__n_components': 5}",,,,,,,,,,121,,,,,,,,,,121,,,,,,,,,,121
0.000667367662702288,8.468539601696645e-05,0.0,0.0,SMOTE(random_state=42),1.0,1000,2,l2,42,lbfgs,,,"PCA(random_state=42, svd_solver='full')",,2.0,"{'balance': SMOTE(random_state=42), 'classify__C': 1.0, 'classify__max_iter': 1000, 'classify__n_jobs': 2, 'classify__penalty': 'l2', 'classify__random_state': 42, 'classify__solver': 'lbfgs', 'impute': None, 'select': None, 'transform': PCA(random_state=42, svd_solver='full'), 'transform__n_components': 2}",,,,,,,,,,121,,,,,,,,,,121,,,,,,,,,,121
0.0007420267377580915,3.336685185188307e-05,0.0,0.0,SMOTE(random_state=42),0.1,1000,2,l2,42,lbfgs,SimpleImputer(strategy='median'),,"PCA(random_state=42, svd_solver='full')",,10.0,"{'balance': SMOTE(random_state=42), 'classify__C': 0.1, 'classify__max_iter': 1000, 'classify__n_jobs': 2, 'classify__penalty': 'l2', 'classify__random_state': 42, 'classify__solver': 'lbfgs', 'impute': SimpleImputer(strategy='median'), 'select': None, 'transform': PCA(random_state=42, svd_solver='full'), 'transform__n_components': 10}",,,,,,,,,,121,,,,,,,,,,121,,,,,,,,,,121
0.0007423332759312221,6.140508173324113e-05,0.0,0.0,SMOTE(random_state=42),0.1,1000,2,l2,42,lbfgs,SimpleImputer(strategy='median'),,"PCA(random_state=42, svd_solver='full')",,5.0,"{'balance': SMOTE(random_state=42), 'classify__C': 0.1, 'classify__max_iter': 1000, 'classify__n_jobs': 2, 'classify__penalty': 'l2', 'classify__random_state': 42, 'classify__solver': 'lbfgs', 'impute': SimpleImputer(strategy='median'), 'select': None, 'transform': PCA(random_state=42, svd_solver='full'), 'transform__n_components': 5}",,,,,,,,,,121,,,,,,,,,,121,,,,,,,,,,121
0.0007365090506417411,3.6253834160240746e-05,0.0,0.0,SMOTE(random_state=42),0.1,1000,2,l2,42,lbfgs,SimpleImputer(strategy='median'),,"PCA(random_state=42, svd_solver='full')",,2.0,"{'balance': SMOTE(random_state=42), 'classify__C': 0.1, 'classify__max_iter': 1000, 'classify__n_jobs': 2, 'classify__penalty': 'l2', 'classify__random_state': 42, 'classify__solver': 'lbfgs', 'impute': SimpleImputer(strategy='median'), 'select': None, 'transform': PCA(random_state=42, svd_solver='full'), 'transform__n_components': 2}",,,,,,,,,,121,,,,,,,,,,121,,,,,,,,,,121
0.0006601810455322266,6.251232002540574e-05,0.0,0.0,SMOTE(random_state=42),0.1,1000,2,l2,42,lbfgs,,,"PCA(random_state=42, svd_solver='full')",,10.0,"{'balance': SMOTE(random_state=42), 'classify__C': 0.1, 'classify__max_iter': 1000, 'classify__n_jobs': 2, 'classify__penalty': 'l2', 'classify__random_state': 42, 'classify__solver': 'lbfgs', 'impute': None, 'select': None, 'transform': PCA(random_state=42, svd_solver='full'), 'transform__n_components': 10}",,,,,,,,,,121,,,,,,,,,,121,,,,,,,,,,121
0.0006321498325892857,7.13306807967557e-06,0.0,0.0,SMOTE(random_state=42),0.1,1000,2,l2,42,lbfgs,,,"PCA(random_state=42, svd_solver='full')",,5.0,"{'balance': SMOTE(random_state=42), 'classify__C': 0.1, 'classify__max_iter': 1000, 'classify__n_jobs': 2, 'classify__penalty': 'l2', 'classify__random_state': 42, 'classify__solver': 'lbfgs', 'impute': None, 'select': None, 'transform': PCA(random_state=42, svd_solver='full'), 'transform__n_components': 5}",,,,,,,,,,121,,,,,,,,,,121,,,,,,,,,,121
0.0006795270102364677,4.0410854722531705e-05,0.0,0.0,SMOTE(random_state=42),0.1,1000,2,l2,42,lbfgs,,,"PCA(random_state=42, svd_solver='full')",,2.0,"{'balance': SMOTE(random_state=42), 'classify__C': 0.1, 'classify__max_iter': 1000, 'classify__n_jobs': 2, 'classify__penalty': 'l2', 'classify__random_state': 42, 'classify__solver': 'lbfgs', 'impute': None, 'select': None, 'transform': PCA(random_state=42, svd_solver='full'), 'transform__n_components': 2}",,,,,,,,,,121,,,,,,,,,,121,,,,,,,,,,121
0.0007843290056501116,8.962180477213113e-05,0.0,0.0,SMOTE(random_state=42),10.0,1000,2,l2,42,lbfgs,SimpleImputer(strategy='median'),SelectKBest(score_func=<function mutual_info_classif at 0x7272ba3df420>),,50.0,,"{'balance': SMOTE(random_state=42), 'classify__C': 10.0, 'classify__max_iter': 1000, 'classify__n_jobs': 2, 'classify__penalty': 'l2', 'classify__random_state': 42, 'classify__solver': 'lbfgs', 'impute': SimpleImputer(strategy='median'), 'select': SelectKBest(score_func=<function mutual_info_classif at 0x7272ba3df420>), 'select__k': 50, 'transform': None}",,,,,,,,,,121,,,,,,,,,,121,,,,,,,,,,121
0.000503608158656529,4.5088893929282817e-05,0.0,0.0,SMOTE(random_state=42),10.0,1000,2,l2,42,lbfgs,SimpleImputer(strategy='median'),SelectKBest(score_func=<function mutual_info_classif at 0x7272ba3df420>),,30.0,,"{'balance': SMOTE(random_state=42), 'classify__C': 10.0, 'classify__max_iter': 1000, 'classify__n_jobs': 2, 'classify__penalty': 'l2', 'classify__random_state': 42, 'classify__solver': 'lbfgs', 'impute': SimpleImputer(strategy='median'), 'select': SelectKBest(score_func=<function mutual_info_classif at 0x7272ba3df420>), 'select__k': 30, 'transform': None}",,,,,,,,,,121,,,,,,,,,,121,,,,,,,,,,121
0.0007447855813162667,0.00010663662829326096,0.0,0.0,SMOTE(random_state=42),10.0,1000,2,l2,42,lbfgs,SimpleImputer(strategy='median'),SelectKBest(score_func=<function mutual_info_classif at 0x7272ba3df420>),,10.0,,"{'balance': SMOTE(random_state=42), 'classify__C': 10.0, 'classify__max_iter': 1000, 'classify__n_jobs': 2, 'classify__penalty': 'l2', 'classify__random_state': 42, 'classify__solver': 'lbfgs', 'impute': SimpleImputer(strategy='median'), 'select': SelectKBest(score_func=<function mutual_info_classif at 0x7272ba3df420>), 'select__k': 10, 'transform': None}",,,,,,,,,,121,,,,,,,,,,121,,,,,,,,,,121
0.0006517682756696429,0.00015525125750788412,0.0,0.0,SMOTE(random_state=42),10.0,1000,2,l2,42,lbfgs,,SelectKBest(score_func=<function mutual_info_classif at 0x7272ba3df420>),,50.0,,"{'balance': SMOTE(random_state=42), 'classify__C': 10.0, 'classify__max_iter': 1000, 'classify__n_jobs': 2, 'classify__penalty': 'l2', 'classify__random_state': 42, 'classify__solver': 'lbfgs', 'impute': None, 'select': SelectKBest(score_func=<function mutual_info_classif at 0x7272ba3df420>), 'select__k': 50, 'transform': None}",,,,,,,,,,121,,,,,,,,,,121,,,,,,,,,,121
0.0007384845188685826,0.00011883368974193646,0.0,0.0,SMOTE(random_state=42),10.0,1000,2,l2,42,lbfgs,,SelectKBest(score_func=<function mutual_info_classif at 0x7272ba3df420>),,30.0,,"{'balance': SMOTE(random_state=42), 'classify__C': 10.0, 'classify__max_iter': 1000, 'classify__n_jobs': 2, 'classify__penalty': 'l2', 'classify__random_state': 42, 'classify__solver': 'lbfgs', 'impute': None, 'select': SelectKBest(score_func=<function mutual_info_classif at 0x7272ba3df420>), 'select__k': 30, 'transform': None}",,,,,,,,,,121,,,,,,,,,,121,,,,,,,,,,121
0.0007307870047433036,5.4045482318780945e-05,0.0,0.0,SMOTE(random_state=42),10.0,1000,2,l2,42,lbfgs,,SelectKBest(score_func=<function mutual_info_classif at 0x7272ba3df420>),,10.0,,"{'balance': SMOTE(random_state=42), 'classify__C': 10.0, 'classify__max_iter': 1000, 'classify__n_jobs': 2, 'classify__penalty': 'l2', 'classify__random_state': 42, 'classify__solver': 'lbfgs', 'impute': None, 'select': SelectKBest(score_func=<function mutual_info_classif at 0x7272ba3df420>), 'select__k': 10, 'transform': None}",,,,,,,,,,121,,,,,,,,,,121,,,,,,,,,,121
0.0007610661642892021,2.8817647857196924e-05,0.0,0.0,SMOTE(random_state=42),1.0,1000,2,l2,42,lbfgs,SimpleImputer(strategy='median'),SelectKBest(score_func=<function mutual_info_classif at 0x7272ba3df420>),,50.0,,"{'balance': SMOTE(random_state=42), 'classify__C': 1.0, 'classify__max_iter': 1000, 'classify__n_jobs': 2, 'classify__penalty': 'l2', 'classify__random_state': 42, 'classify__solver': 'lbfgs', 'impute': SimpleImputer(strategy='median'), 'select': SelectKBest(score_func=<function mutual_info_classif at 0x7272ba3df420>), 'select__k': 50, 'transform': None}",,,,,,,,,,121,,,,,,,,,,121,,,,,,,,,,121
0.0007547651018415179,2.1710014922563087e-05,0.0,0.0,SMOTE(random_state=42),1.0,1000,2,l2,42,lbfgs,SimpleImputer(strategy='median'),SelectKBest(score_func=<function mutual_info_classif at 0x7272ba3df420>),,30.0,,"{'balance': SMOTE(random_state=42), 'classify__C': 1.0, 'classify__max_iter': 1000, 'classify__n_jobs': 2, 'classify__penalty': 'l2', 'classify__random_state': 42, 'classify__solver': 'lbfgs', 'impute': SimpleImputer(strategy='median'), 'select': SelectKBest(score_func=<function mutual_info_classif at 0x7272ba3df420>), 'select__k': 30, 'transform': None}",,,,,,,,,,121,,,,,,,,,,121,,,,,,,,,,121
0.0008341925484793526,6.901753760492386e-05,0.0,0.0,SMOTE(random_state=42),1.0,1000,2,l2,42,lbfgs,SimpleImputer(strategy='median'),SelectKBest(score_func=<function mutual_info_classif at 0x7272ba3df420>),,10.0,,"{'balance': SMOTE(random_state=42), 'classify__C': 1.0, 'classify__max_iter': 1000, 'classify__n_jobs': 2, 'classify__penalty': 'l2', 'classify__random_state': 42, 'classify__solver': 'lbfgs', 'impute': SimpleImputer(strategy='median'), 'select': SelectKBest(score_func=<function mutual_info_classif at 0x7272ba3df420>), 'select__k': 10, 'transform': None}",,,,,,,,,,121,,,,,,,,,,121,,,,,,,,,,121
0.0007549354008265904,6.560229908122643e-05,0.0,0.0,SMOTE(random_state=42),1.0,1000,2,l2,42,lbfgs,,SelectKBest(score_func=<function mutual_info_classif at 0x7272ba3df420>),,50.0,,"{'balance': SMOTE(random_state=42), 'classify__C': 1.0, 'classify__max_iter': 1000, 'classify__n_jobs': 2, 'classify__penalty': 'l2', 'classify__random_state': 42, 'classify__solver': 'lbfgs', 'impute': None, 'select': SelectKBest(score_func=<function mutual_info_classif at 0x7272ba3df420>), 'select__k': 50, 'transform': None}",,,,,,,,,,121,,,,,,,,,,121,,,,,,,,,,121
0.0007212162017822266,0.00017089877771749983,0.0,0.0,SMOTE(random_state=42),1.0,1000,2,l2,42,lbfgs,,SelectKBest(score_func=<function mutual_info_classif at 0x7272ba3df420>),,30.0,,"{'balance': SMOTE(random_state=42), 'classify__C': 1.0, 'classify__max_iter': 1000, 'classify__n_jobs': 2, 'classify__penalty': 'l2', 'classify__random_state': 42, 'classify__solver': 'lbfgs', 'impute': None, 'select': SelectKBest(score_func=<function mutual_info_classif at 0x7272ba3df420>), 'select__k': 30, 'transform': None}",,,,,,,,,,121,,,,,,,,,,121,,,,,,,,,,121
0.0005144732339041573,9.399468550513392e-05,0.0,0.0,SMOTE(random_state=42),1.0,1000,2,l2,42,lbfgs,,SelectKBest(score_func=<function mutual_info_classif at 0x7272ba3df420>),,10.0,,"{'balance': SMOTE(random_state=42), 'classify__C': 1.0, 'classify__max_iter': 1000, 'classify__n_jobs': 2, 'classify__penalty': 'l2', 'classify__random_state': 42, 'classify__solver': 'lbfgs', 'impute': None, 'select': SelectKBest(score_func=<function mutual_info_classif at 0x7272ba3df420>), 'select__k': 10, 'transform': None}",,,,,,,,,,121,,,,,,,,,,121,,,,,,,,,,121
0.0008437292916434151,0.00011396347005343482,0.0,0.0,SMOTE(random_state=42),0.1,1000,2,l2,42,lbfgs,SimpleImputer(strategy='median'),SelectKBest(score_func=<function mutual_info_classif at 0x7272ba3df420>),,50.0,,"{'balance': SMOTE(random_state=42), 'classify__C': 0.1, 'classify__max_iter': 1000, 'classify__n_jobs': 2, 'classify__penalty': 'l2', 'classify__random_state': 42, 'classify__solver': 'lbfgs', 'impute': SimpleImputer(strategy='median'), 'select': SelectKBest(score_func=<function mutual_info_classif at 0x7272ba3df420>), 'select__k': 50, 'transform': None}",,,,,,,,,,121,,,,,,,,,,121,,,,,,,,,,121
0.0007606915065220424,6.945062378319908e-05,0.0,0.0,SMOTE(random_state=42),0.1,1000,2,l2,42,lbfgs,SimpleImputer(strategy='median'),SelectKBest(score_func=<function mutual_info_classif at 0x7272ba3df420>),,30.0,,"{'balance': SMOTE(random_state=42), 'classify__C': 0.1, 'classify__max_iter': 1000, 'classify__n_jobs': 2, 'classify__penalty': 'l2', 'classify__random_state': 42, 'classify__solver': 'lbfgs', 'impute': SimpleImputer(strategy='median'), 'select': SelectKBest(score_func=<function mutual_info_classif at 0x7272ba3df420>), 'select__k': 30, 'transform': None}",,,,,,,,,,121,,,,,,,,,,121,,,,,,,,,,121
0.0008150850023542132,3.2348882809066995e-05,0.0,0.0,SMOTE(random_state=42),0.1,1000,2,l2,42,lbfgs,SimpleImputer(strategy='median'),SelectKBest(score_func=<function mutual_info_classif at 0x7272ba3df420>),,10.0,,"{'balance': SMOTE(random_state=42), 'classify__C': 0.1, 'classify__max_iter': 1000, 'classify__n_jobs': 2, 'classify__penalty': 'l2', 'classify__random_state': 42, 'classify__solver': 'lbfgs', 'impute': SimpleImputer(strategy='median'), 'select': SelectKBest(score_func=<function mutual_info_classif at 0x7272ba3df420>), 'select__k': 10, 'transform': None}",,,,,,,,,,121,,,,,,,,,,121,,,,,,,,,,121
0.0007345335824148995,5.6752555175365656e-05,0.0,0.0,SMOTE(random_state=42),0.1,1000,2,l2,42,lbfgs,,SelectKBest(score_func=<function mutual_info_classif at 0x7272ba3df420>),,50.0,,"{'balance': SMOTE(random_state=42), 'classify__C': 0.1, 'classify__max_iter': 1000, 'classify__n_jobs': 2, 'classify__penalty': 'l2', 'classify__random_state': 42, 'classify__solver': 'lbfgs', 'impute': None, 'select': SelectKBest(score_func=<function mutual_info_classif at 0x7272ba3df420>), 'select__k': 50, 'transform': None}",,,,,,,,,,121,,,,,,,,,,121,,,,,,,,,,121
0.004108871732439313,5.3929964665980646e-05,0.0,0.0,,1.0,1000,2,l2,42,lbfgs,SimpleImputer(strategy='median'),,LinearDiscriminantAnalysis(),,2.0,"{'balance': None, 'classify__C': 1.0, 'classify__max_iter': 1000, 'classify__n_jobs': 2, 'classify__penalty': 'l2', 'classify__random_state': 42, 'classify__solver': 'lbfgs', 'impute': SimpleImputer(strategy='median'), 'select': None, 'transform': LinearDiscriminantAnalysis(), 'transform__n_components': 2}",,,,,,,,,,121,,,,,,,,,,121,,,,,,,,,,121
0.0013405254908970424,3.36554917663455e-05,0.0,0.0,,1.0,1000,2,l2,42,lbfgs,,,LinearDiscriminantAnalysis(),,2.0,"{'balance': None, 'classify__C': 1.0, 'classify__max_iter': 1000, 'classify__n_jobs': 2, 'classify__penalty': 'l2', 'classify__random_state': 42, 'classify__solver': 'lbfgs', 'impute': None, 'select': None, 'transform': LinearDiscriminantAnalysis(), 'transform__n_components': 2}",,,,,,,,,,121,,,,,,,,,,121,,,,,,,,,,121
0.004171030861990792,8.588789527748183e-05,0.0,0.0,,0.1,1000,2,l2,42,lbfgs,SimpleImputer(strategy='median'),,LinearDiscriminantAnalysis(),,2.0,"{'balance': None, 'classify__C': 0.1, 'classify__max_iter': 1000, 'classify__n_jobs': 2, 'classify__penalty': 'l2', 'classify__random_state': 42, 'classify__solver': 'lbfgs', 'impute': SimpleImputer(strategy='median'), 'select': None, 'transform': LinearDiscriminantAnalysis(), 'transform__n_components': 2}",,,,,,,,,,121,,,,,,,,,,121,,,,,,,,,,121
0.0013588837214878627,4.569413420209248e-05,0.0,0.0,,0.1,1000,2,l2,42,lbfgs,,,LinearDiscriminantAnalysis(),,2.0,"{'balance': None, 'classify__C': 0.1, 'classify__max_iter': 1000, 'classify__n_jobs': 2, 'classify__penalty': 'l2', 'classify__random_state': 42, 'classify__solver': 'lbfgs', 'impute': None, 'select': None, 'transform': LinearDiscriminantAnalysis(), 'transform__n_components': 2}",,,,,,,,,,121,,,,,,,,,,121,,,,,,,,,,121
0.0007512569427490234,2.603367441537638e-05,0.0,0.0,SMOTE(random_state=42),10.0,1000,2,l2,42,lbfgs,SimpleImputer(strategy='median'),,"PCA(random_state=42, svd_solver='full')",,10.0,"{'balance': SMOTE(random_state=42), 'classify__C': 10.0, 'classify__max_iter': 1000, 'classify__n_jobs': 2, 'classify__penalty': 'l2', 'classify__random_state': 42, 'classify__solver': 'lbfgs', 'impute': SimpleImputer(strategy='median'), 'select': None, 'transform': PCA(random_state=42, svd_solver='full'), 'transform__n_components': 10}",,,,,,,,,,121,,,,,,,,,,121,,,,,,,,,,121
0.0007198538099016462,7.975667114076551e-06,0.0,0.0,SMOTE(random_state=42),10.0,1000,2,l2,42,lbfgs,SimpleImputer(strategy='median'),,"PCA(random_state=42, svd_solver='full')",,5.0,"{'balance': SMOTE(random_state=42), 'classify__C': 10.0, 'classify__max_iter': 1000, 'classify__n_jobs': 2, 'classify__penalty': 'l2', 'classify__random_state': 42, 'classify__solver': 'lbfgs', 'impute': SimpleImputer(strategy='median'), 'select': None, 'transform': PCA(random_state=42, svd_solver='full'), 'transform__n_components': 5}",,,,,,,,,,121,,,,,,,,,,121,,,,,,,,,,121
0.0007426398141043526,1.8132995783553442e-05,0.0,0.0,SMOTE(random_state=42),10.0,1000,2,l2,42,lbfgs,SimpleImputer(strategy='median'),,"PCA(random_state=42, svd_solver='full')",,2.0,"{'balance': SMOTE(random_state=42), 'classify__C': 10.0, 'classify__max_iter': 1000, 'classify__n_jobs': 2, 'classify__penalty': 'l2', 'classify__random_state': 42, 'classify__solver': 'lbfgs', 'impute': SimpleImputer(strategy='median'), 'select': None, 'transform': PCA(random_state=42, svd_solver='full'), 'transform__n_components': 2}",,,,,,,,,,121,,,,,,,,,,121,,,,,,,,,,121
0.0006585461752755302,2.991869645736907e-05,0.0,0.0,SMOTE(random_state=42),10.0,1000,2,l2,42,lbfgs,,,"PCA(random_state=42, svd_solver='full')",,10.0,"{'balance': SMOTE(random_state=42), 'classify__C': 10.0, 'classify__max_iter': 1000, 'classify__n_jobs': 2, 'classify__penalty': 'l2', 'classify__random_state': 42, 'classify__solver': 'lbfgs', 'impute': None, 'select': None, 'transform': PCA(random_state=42, svd_solver='full'), 'transform__n_components': 10}",,,,,,,,,,121,,,,,,,,,,121,,,,,,,,,,121
0.0006685938153948103,4.313404018802812e-05,0.0,0.0,SMOTE(random_state=42),10.0,1000,2,l2,42,lbfgs,,,"PCA(random_state=42, svd_solver='full')",,5.0,"{'balance': SMOTE(random_state=42), 'classify__C': 10.0, 'classify__max_iter': 1000, 'classify__n_jobs': 2, 'classify__penalty': 'l2', 'classify__random_state': 42, 'classify__solver': 'lbfgs', 'impute': None, 'select': None, 'transform': PCA(random_state=42, svd_solver='full'), 'transform__n_components': 5}",,,,,,,,,,121,,,,,,,,,,121,,,,,,,,,,121
0.0006715570177350726,3.21969046493146e-05,0.0,0.0,SMOTE(random_state=42),10.0,1000,2,l2,42,lbfgs,,,"PCA(random_state=42, svd_solver='full')",,2.0,"{'balance': SMOTE(random_state=42), 'classify__C': 10.0, 'classify__max_iter': 1000, 'classify__n_jobs': 2, 'classify__penalty': 'l2', 'classify__random_state': 42, 'classify__solver': 'lbfgs', 'impute': None, 'select': None, 'transform': PCA(random_state=42, svd_solver='full'), 'transform__n_components': 2}",,,,,,,,,,121,,,,,,,,,,121,,,,,,,,,,121
0.0006590230124337333,0.0001915712168931946,0.0,0.0,SMOTE(random_state=42),1.0,1000,2,l2,42,lbfgs,SimpleImputer(strategy='median'),,"PCA(random_state=42, svd_solver='full')",,10.0,"{'balance': SMOTE(random_state=42), 'classify__C': 1.0, 'classify__max_iter': 1000, 'classify__n_jobs': 2, 'classify__penalty': 'l2', 'classify__random_state': 42, 'classify__solver': 'lbfgs', 'impute': SimpleImputer(strategy='median'), 'select': None, 'transform': PCA(random_state=42, svd_solver='full'), 'transform__n_components': 10}",,,,,,,,,,121,,,,,,,,,,121,,,,,,,,,,121
0.0007748263222830636,4.7289792812653846e-05,0.0,0.0,SMOTE(random_state=42),1.0,1000,2,l2,42,lbfgs,SimpleImputer(strategy='median'),,"PCA(random_state=42, svd_solver='full')",,5.0,"{'balance': SMOTE(random_state=42), 'classify__C': 1.0, 'classify__max_iter': 1000, 'classify__n_jobs': 2, 'classify__penalty': 'l2', 'classify__random_state': 42, 'classify__solver': 'lbfgs', 'impute': SimpleImputer(strategy='median'), 'select': None, 'transform': PCA(random_state=42, svd_solver='full'), 'transform__n_components': 5}",,,,,,,,,,121,,,,,,,,,,121,,,,,,,,,,121
0.0007595675332205636,5.760819737031874e-05,0.0,0.0,SMOTE(random_state=42),0.1,1000,2,l2,42,lbfgs,,SelectKBest(score_func=<function mutual_info_classif at 0x7272ba3df420>),,30.0,,"{'balance': SMOTE(random_state=42), 'classify__C': 0.1, 'classify__max_iter': 1000, 'classify__n_jobs': 2, 'classify__penalty': 'l2', 'classify__random_state': 42, 'classify__solver': 'lbfgs', 'impute': None, 'select': SelectKBest(score_func=<function mutual_info_classif at 0x7272ba3df420>), 'select__k': 30, 'transform': None}",,,,,,,,,,121,,,,,,,,,,121,,,,,,,,,,121
0.0007307188851492745,3.496353878664942e-05,0.0,0.0,SMOTE(random_state=42),0.1,1000,2,l2,42,lbfgs,,SelectKBest(score_func=<function mutual_info_classif at 0x7272ba3df420>),,10.0,,"{'balance': SMOTE(random_state=42), 'classify__C': 0.1, 'classify__max_iter': 1000, 'classify__n_jobs': 2, 'classify__penalty': 'l2', 'classify__random_state': 42, 'classify__solver': 'lbfgs', 'impute': None, 'select': SelectKBest(score_func=<function mutual_info_classif at 0x7272ba3df420>), 'select__k': 10, 'transform': None}",,,,,,,,,,121,,,,,,,,,,121,,,,,,,,,,121
