mean_fit_time,std_fit_time,mean_score_time,std_score_time,param_balance,param_classify__n_components,param_classify__shrinkage,param_classify__solver,param_classify__store_covariance,param_classify__tol,param_select,param_transform,params,split0_test_f1_weighted_scorer,split1_test_f1_weighted_scorer,split2_test_f1_weighted_scorer,split3_test_f1_weighted_scorer,split4_test_f1_weighted_scorer,mean_test_f1_weighted_scorer,std_test_f1_weighted_scorer,rank_test_f1_weighted_scorer,split0_test_roc_auc_scorer,split1_test_roc_auc_scorer,split2_test_roc_auc_scorer,split3_test_roc_auc_scorer,split4_test_roc_auc_scorer,mean_test_roc_auc_scorer,std_test_roc_auc_scorer,rank_test_roc_auc_scorer,split0_test_accuracy_scorer,split1_test_accuracy_scorer,split2_test_accuracy_scorer,split3_test_accuracy_scorer,split4_test_accuracy_scorer,mean_test_accuracy_scorer,std_test_accuracy_scorer,rank_test_accuracy_scorer
0.009191370010375977,0.0020653425943212007,0.016437768936157227,0.0018042678667306753,,1,0.8,lsqr,True,0.0001,,,"{'balance': None, 'classify__n_components': 1, 'classify__shrinkage': 0.8, 'classify__solver': 'lsqr', 'classify__store_covariance': True, 'classify__tol': 0.0001, 'select': None, 'transform': None}",0.5173453996983409,0.5989994942747372,0.5598774937161749,0.6243185078909613,0.6229555236728838,0.5846992838506196,0.04096434008487972,1,0.5547083492184521,0.6073198627525733,0.5386961494471979,0.5880670987418986,0.6119318181818182,0.580144655668388,0.028902128083446298,25,0.5384615384615384,0.6057692307692307,0.5673076923076923,0.625,0.625,0.5923076923076923,0.034185363143521504,19
0.008847332000732422,0.006012701227323888,0.012280750274658202,0.006450396510965642,,1,0.8,eigen,True,0.0001,,,"{'balance': None, 'classify__n_components': 1, 'classify__shrinkage': 0.8, 'classify__solver': 'eigen', 'classify__store_covariance': True, 'classify__tol': 0.0001, 'select': None, 'transform': None}",0.5173453996983409,0.5989994942747372,0.5598774937161749,0.6243185078909613,0.6229555236728838,0.5846992838506196,0.04096434008487972,1,0.5547083492184521,0.6073198627525733,0.5386961494471979,0.5880670987418986,0.6119318181818182,0.580144655668388,0.028902128083446298,25,0.5384615384615384,0.6057692307692307,0.5673076923076923,0.625,0.625,0.5923076923076923,0.034185363143521504,19
0.011946582794189453,0.004024641422832287,0.022239303588867186,0.003879244622859548,,,0.8,eigen,True,0.0001,,,"{'balance': None, 'classify__n_components': None, 'classify__shrinkage': 0.8, 'classify__solver': 'eigen', 'classify__store_covariance': True, 'classify__tol': 0.0001, 'select': None, 'transform': None}",0.5173453996983409,0.5989994942747372,0.5598774937161749,0.6243185078909613,0.6229555236728838,0.5846992838506196,0.04096434008487972,1,0.5547083492184521,0.6073198627525733,0.5386961494471979,0.5880670987418986,0.6119318181818182,0.580144655668388,0.028902128083446298,25,0.5384615384615384,0.6057692307692307,0.5673076923076923,0.625,0.625,0.5923076923076923,0.034185363143521504,19
0.01343364715576172,0.003392376701697558,0.03401627540588379,0.005537586714618464,,,0.8,lsqr,True,0.0001,,,"{'balance': None, 'classify__n_components': None, 'classify__shrinkage': 0.8, 'classify__solver': 'lsqr', 'classify__store_covariance': True, 'classify__tol': 0.0001, 'select': None, 'transform': None}",0.5173453996983409,0.5989994942747372,0.5598774937161749,0.6243185078909613,0.6229555236728838,0.5846992838506196,0.04096434008487972,1,0.5547083492184521,0.6073198627525733,0.5386961494471979,0.5880670987418986,0.6119318181818182,0.580144655668388,0.028902128083446298,25,0.5384615384615384,0.6057692307692307,0.5673076923076923,0.625,0.625,0.5923076923076923,0.034185363143521504,19
0.017381715774536132,0.0019664190283515057,0.03174233436584473,0.0035851809486903857,,,0.6,eigen,True,0.0001,,,"{'balance': None, 'classify__n_components': None, 'classify__shrinkage': 0.6, 'classify__solver': 'eigen', 'classify__store_covariance': True, 'classify__tol': 0.0001, 'select': None, 'transform': None}",0.5291823561054331,0.5919580419580419,0.5365251068376068,0.5904747596153845,0.6422524843577475,0.5780785497748429,0.04142976364117883,5,0.5611894776972931,0.6031261913839115,0.5371711780404118,0.5930232558139534,0.6267045454545456,0.5842429296780232,0.031571734081358854,9,0.5673076923076923,0.625,0.5769230769230769,0.5961538461538461,0.6538461538461539,0.6038461538461538,0.031832587225474725,1
0.01439495086669922,0.005306312855739324,0.0303708553314209,0.0038042197092182663,,,0.6,lsqr,True,0.0001,,,"{'balance': None, 'classify__n_components': None, 'classify__shrinkage': 0.6, 'classify__solver': 'lsqr', 'classify__store_covariance': True, 'classify__tol': 0.0001, 'select': None, 'transform': None}",0.5291823561054331,0.5919580419580419,0.5365251068376068,0.5904747596153845,0.6422524843577475,0.5780785497748429,0.04142976364117883,5,0.5611894776972931,0.6031261913839115,0.5371711780404118,0.5930232558139534,0.6267045454545456,0.5842429296780232,0.031571734081358854,9,0.5673076923076923,0.625,0.5769230769230769,0.5961538461538461,0.6538461538461539,0.6038461538461538,0.031832587225474725,1
0.009750175476074218,0.0030276618362783912,0.01679515838623047,0.003891550431783524,,1,0.6,eigen,True,0.0001,,,"{'balance': None, 'classify__n_components': 1, 'classify__shrinkage': 0.6, 'classify__solver': 'eigen', 'classify__store_covariance': True, 'classify__tol': 0.0001, 'select': None, 'transform': None}",0.5291823561054331,0.5919580419580419,0.5365251068376068,0.5904747596153845,0.6422524843577475,0.5780785497748429,0.04142976364117883,5,0.5611894776972931,0.6031261913839115,0.5371711780404118,0.5930232558139534,0.6267045454545456,0.5842429296780232,0.031571734081358854,9,0.5673076923076923,0.625,0.5769230769230769,0.5961538461538461,0.6538461538461539,0.6038461538461538,0.031832587225474725,1
0.009389877319335938,0.0020588002559026606,0.01956462860107422,0.00417989256562894,,1,0.6,lsqr,True,0.0001,,,"{'balance': None, 'classify__n_components': 1, 'classify__shrinkage': 0.6, 'classify__solver': 'lsqr', 'classify__store_covariance': True, 'classify__tol': 0.0001, 'select': None, 'transform': None}",0.5291823561054331,0.5919580419580419,0.5365251068376068,0.5904747596153845,0.6422524843577475,0.5780785497748429,0.04142976364117883,5,0.5611894776972931,0.6031261913839115,0.5371711780404118,0.5930232558139534,0.6267045454545456,0.5842429296780232,0.031571734081358854,9,0.5673076923076923,0.625,0.5769230769230769,0.5961538461538461,0.6538461538461539,0.6038461538461538,0.031832587225474725,1
0.021717262268066407,0.003171579134824998,0.03720521926879883,0.006318285330937998,,1,0.0,lsqr,True,0.0001,,,"{'balance': None, 'classify__n_components': 1, 'classify__shrinkage': 0.0, 'classify__solver': 'lsqr', 'classify__store_covariance': True, 'classify__tol': 0.0001, 'select': None, 'transform': None}",0.48733189887036044,0.6343526039178212,0.5841951475754292,0.5568839557389176,0.6108270676691728,0.5747181347543403,0.05080226546876395,9,0.48799085017155924,0.6111322912695386,0.55165840640488,0.6120853983987801,0.6085227272727273,0.574277934703497,0.04882101544325026,41,0.5288461538461539,0.6538461538461539,0.6153846153846154,0.5673076923076923,0.625,0.5980769230769231,0.04443930772419748,5
0.010068988800048828,0.0028989497002294747,0.028218603134155272,0.005976074822072284,,,0.0,lsqr,True,0.0001,,,"{'balance': None, 'classify__n_components': None, 'classify__shrinkage': 0.0, 'classify__solver': 'lsqr', 'classify__store_covariance': True, 'classify__tol': 0.0001, 'select': None, 'transform': None}",0.48733189887036044,0.6343526039178212,0.5841951475754292,0.5568839557389176,0.6108270676691728,0.5747181347543403,0.05080226546876395,9,0.48799085017155924,0.6111322912695386,0.55165840640488,0.6120853983987801,0.6085227272727273,0.574277934703497,0.04882101544325026,41,0.5288461538461539,0.6538461538461539,0.6153846153846154,0.5673076923076923,0.625,0.5980769230769231,0.04443930772419748,5
0.009545135498046874,0.0023497892046231194,0.028357219696044923,0.005846130979960551,,,,lsqr,True,0.0001,,,"{'balance': None, 'classify__n_components': None, 'classify__shrinkage': None, 'classify__solver': 'lsqr', 'classify__store_covariance': True, 'classify__tol': 0.0001, 'select': None, 'transform': None}",0.48733189887036044,0.6343526039178212,0.5841951475754292,0.5568839557389176,0.6108270676691728,0.5747181347543403,0.05080226546876395,9,0.48799085017155924,0.6111322912695386,0.55165840640488,0.6120853983987801,0.6085227272727273,0.574277934703497,0.04882101544325026,41,0.5288461538461539,0.6538461538461539,0.6153846153846154,0.5673076923076923,0.625,0.5980769230769231,0.04443930772419748,5
0.013062810897827149,0.003091538181499345,0.03605976104736328,0.008223963954002397,,1,,lsqr,True,0.0001,,,"{'balance': None, 'classify__n_components': 1, 'classify__shrinkage': None, 'classify__solver': 'lsqr', 'classify__store_covariance': True, 'classify__tol': 0.0001, 'select': None, 'transform': None}",0.48733189887036044,0.6343526039178212,0.5841951475754292,0.5568839557389176,0.6108270676691728,0.5747181347543403,0.05080226546876395,9,0.48799085017155924,0.6111322912695386,0.55165840640488,0.6120853983987801,0.6085227272727273,0.574277934703497,0.04882101544325026,41,0.5288461538461539,0.6538461538461539,0.6153846153846154,0.5673076923076923,0.625,0.5980769230769231,0.04443930772419748,5
0.00987229347229004,0.0018414777798250804,0.022801303863525392,0.0060802900069336805,,1,0.7,eigen,True,0.0001,,,"{'balance': None, 'classify__n_components': 1, 'classify__shrinkage': 0.7, 'classify__solver': 'eigen', 'classify__store_covariance': True, 'classify__tol': 0.0001, 'select': None, 'transform': None}",0.5048694751326601,0.5977878330819508,0.5327838827838828,0.6033753475440222,0.6299472884838739,0.573752765405278,0.04698162044214128,13,0.5608082348455966,0.6077011056042699,0.5333587495234464,0.5865421273351125,0.6191287878787879,0.5815078010374426,0.03122042760292285,17,0.5288461538461539,0.6153846153846154,0.5576923076923077,0.6057692307692307,0.6346153846153846,0.5884615384615384,0.03912882682572269,35
0.003928756713867188,0.00014388229197200144,0.012285089492797852,0.00027577412756296893,,1,0.7,lsqr,True,0.0001,,,"{'balance': None, 'classify__n_components': 1, 'classify__shrinkage': 0.7, 'classify__solver': 'lsqr', 'classify__store_covariance': True, 'classify__tol': 0.0001, 'select': None, 'transform': None}",0.5048694751326601,0.5977878330819508,0.5327838827838828,0.6033753475440222,0.6299472884838739,0.573752765405278,0.04698162044214128,13,0.5608082348455966,0.6077011056042699,0.5333587495234464,0.5865421273351125,0.6191287878787879,0.5815078010374426,0.03122042760292285,17,0.5288461538461539,0.6153846153846154,0.5576923076923077,0.6057692307692307,0.6346153846153846,0.5884615384615384,0.03912882682572269,35
0.011305618286132812,0.0033669493397942237,0.021057558059692384,0.005356018716272963,,,0.7,lsqr,True,0.0001,,,"{'balance': None, 'classify__n_components': None, 'classify__shrinkage': 0.7, 'classify__solver': 'lsqr', 'classify__store_covariance': True, 'classify__tol': 0.0001, 'select': None, 'transform': None}",0.5048694751326601,0.5977878330819508,0.5327838827838828,0.6033753475440222,0.6299472884838739,0.573752765405278,0.04698162044214128,13,0.5608082348455966,0.6077011056042699,0.5333587495234464,0.5865421273351125,0.6191287878787879,0.5815078010374426,0.03122042760292285,17,0.5288461538461539,0.6153846153846154,0.5576923076923077,0.6057692307692307,0.6346153846153846,0.5884615384615384,0.03912882682572269,35
0.014197111129760742,0.00448297792270989,0.02329263687133789,0.006227180560366893,,,0.7,eigen,True,0.0001,,,"{'balance': None, 'classify__n_components': None, 'classify__shrinkage': 0.7, 'classify__solver': 'eigen', 'classify__store_covariance': True, 'classify__tol': 0.0001, 'select': None, 'transform': None}",0.5048694751326601,0.5977878330819508,0.5327838827838828,0.6033753475440222,0.6299472884838739,0.573752765405278,0.04698162044214128,13,0.5608082348455966,0.6077011056042699,0.5333587495234464,0.5865421273351125,0.6191287878787879,0.5815078010374426,0.03122042760292285,17,0.5288461538461539,0.6153846153846154,0.5576923076923077,0.6057692307692307,0.6346153846153846,0.5884615384615384,0.03912882682572269,35
0.009363842010498048,0.0038260028421586724,0.01775217056274414,0.007019842508184039,,,,svd,True,0.0001,,,"{'balance': None, 'classify__n_components': None, 'classify__shrinkage': None, 'classify__solver': 'svd', 'classify__store_covariance': True, 'classify__tol': 0.0001, 'select': None, 'transform': None}",0.48733189887036044,0.6343526039178212,0.5710328133405057,0.5568839557389176,0.6108270676691728,0.5720856679073556,0.05058353348117082,17,0.48799085017155924,0.6111322912695386,0.55165840640488,0.6120853983987801,0.6085227272727273,0.574277934703497,0.04882101544325026,41,0.5288461538461539,0.6538461538461539,0.6057692307692307,0.5673076923076923,0.625,0.5961538461538461,0.04385290096535146,9
0.01315460205078125,0.007810052071077218,0.0312800407409668,0.020704053449251206,,1,,svd,True,0.0001,,,"{'balance': None, 'classify__n_components': 1, 'classify__shrinkage': None, 'classify__solver': 'svd', 'classify__store_covariance': True, 'classify__tol': 0.0001, 'select': None, 'transform': None}",0.48733189887036044,0.6343526039178212,0.5710328133405057,0.5568839557389176,0.6108270676691728,0.5720856679073556,0.05058353348117082,17,0.48799085017155924,0.6111322912695386,0.55165840640488,0.6120853983987801,0.6085227272727273,0.574277934703497,0.04882101544325026,41,0.5288461538461539,0.6538461538461539,0.6057692307692307,0.5673076923076923,0.625,0.5961538461538461,0.04385290096535146,9
0.01710972785949707,0.0022753539151256835,0.0199678897857666,0.01048901077570769,,1,auto,eigen,True,0.0001,,,"{'balance': None, 'classify__n_components': 1, 'classify__shrinkage': 'auto', 'classify__solver': 'eigen', 'classify__store_covariance': True, 'classify__tol': 0.0001, 'select': None, 'transform': None}",0.5218244197117436,0.6338084991931147,0.5725551514327475,0.5534702139965297,0.562753036437247,0.5688822641542765,0.036656365186222534,19,0.5306900495615707,0.5996950057186428,0.5299275638581777,0.5998856271444909,0.5945075757575757,0.5709411644080916,0.03323314229368017,47,0.5576923076923077,0.6634615384615384,0.6153846153846154,0.5673076923076923,0.5769230769230769,0.5961538461538461,0.03893933986791651,9
0.020635652542114257,0.005875483957613271,0.030305862426757812,0.00943760426649401,,1,auto,lsqr,True,0.0001,,,"{'balance': None, 'classify__n_components': 1, 'classify__shrinkage': 'auto', 'classify__solver': 'lsqr', 'classify__store_covariance': True, 'classify__tol': 0.0001, 'select': None, 'transform': None}",0.5218244197117436,0.6338084991931147,0.5725551514327475,0.5534702139965297,0.562753036437247,0.5688822641542765,0.036656365186222534,19,0.5306900495615707,0.5996950057186428,0.5299275638581777,0.5998856271444909,0.5945075757575757,0.5709411644080916,0.03323314229368017,47,0.5576923076923077,0.6634615384615384,0.6153846153846154,0.5673076923076923,0.5769230769230769,0.5961538461538461,0.03893933986791651,9
0.014820528030395509,0.007215831355016817,0.011018896102905273,0.004189680365170766,,,auto,eigen,True,0.0001,,,"{'balance': None, 'classify__n_components': None, 'classify__shrinkage': 'auto', 'classify__solver': 'eigen', 'classify__store_covariance': True, 'classify__tol': 0.0001, 'select': None, 'transform': None}",0.5218244197117436,0.6338084991931147,0.5725551514327475,0.5534702139965297,0.562753036437247,0.5688822641542765,0.036656365186222534,19,0.5306900495615707,0.5996950057186428,0.5299275638581777,0.5998856271444909,0.5945075757575757,0.5709411644080916,0.03323314229368017,47,0.5576923076923077,0.6634615384615384,0.6153846153846154,0.5673076923076923,0.5769230769230769,0.5961538461538461,0.03893933986791651,9
0.014310789108276368,0.0029808251302336666,0.020145225524902343,0.0036553756868258087,,,auto,lsqr,True,0.0001,,,"{'balance': None, 'classify__n_components': None, 'classify__shrinkage': 'auto', 'classify__solver': 'lsqr', 'classify__store_covariance': True, 'classify__tol': 0.0001, 'select': None, 'transform': None}",0.5218244197117436,0.6338084991931147,0.5725551514327475,0.5534702139965297,0.562753036437247,0.5688822641542765,0.036656365186222534,19,0.5306900495615707,0.5996950057186428,0.5299275638581777,0.5998856271444909,0.5945075757575757,0.5709411644080916,0.03323314229368017,47,0.5576923076923077,0.6634615384615384,0.6153846153846154,0.5673076923076923,0.5769230769230769,0.5961538461538461,0.03893933986791651,9
0.0073028564453125,0.005285070173415306,0.018061017990112303,0.011148197956575305,,1,0.9,lsqr,True,0.0001,,,"{'balance': None, 'classify__n_components': 1, 'classify__shrinkage': 0.9, 'classify__solver': 'lsqr', 'classify__store_covariance': True, 'classify__tol': 0.0001, 'select': None, 'transform': None}",0.5174958629157103,0.5609943434691474,0.529607017851532,0.5791539910183977,0.6460603445175674,0.5666623119544709,0.04534898018613793,23,0.5497521921463973,0.6073198627525733,0.5409836065573771,0.5899733130003812,0.6020833333333334,0.5780224615580124,0.02739040353811699,37,0.5288461538461539,0.5576923076923077,0.5288461538461539,0.5769230769230769,0.6442307692307693,0.5673076923076923,0.0425691223484205,43
0.00449986457824707,7.612498767728006e-05,0.008706760406494141,0.0009285632102656172,,1,0.9,eigen,True,0.0001,,,"{'balance': None, 'classify__n_components': 1, 'classify__shrinkage': 0.9, 'classify__solver': 'eigen', 'classify__store_covariance': True, 'classify__tol': 0.0001, 'select': None, 'transform': None}",0.5174958629157103,0.5609943434691474,0.529607017851532,0.5791539910183977,0.6460603445175674,0.5666623119544709,0.04534898018613793,23,0.5497521921463973,0.6073198627525733,0.5409836065573771,0.5899733130003812,0.6020833333333334,0.5780224615580124,0.02739040353811699,37,0.5288461538461539,0.5576923076923077,0.5288461538461539,0.5769230769230769,0.6442307692307693,0.5673076923076923,0.0425691223484205,43
0.013203907012939452,0.002280913747217698,0.028154897689819335,0.0037811994966776173,,,0.9,lsqr,True,0.0001,,,"{'balance': None, 'classify__n_components': None, 'classify__shrinkage': 0.9, 'classify__solver': 'lsqr', 'classify__store_covariance': True, 'classify__tol': 0.0001, 'select': None, 'transform': None}",0.5174958629157103,0.5609943434691474,0.529607017851532,0.5791539910183977,0.6460603445175674,0.5666623119544709,0.04534898018613793,23,0.5497521921463973,0.6073198627525733,0.5409836065573771,0.5899733130003812,0.6020833333333334,0.5780224615580124,0.02739040353811699,37,0.5288461538461539,0.5576923076923077,0.5288461538461539,0.5769230769230769,0.6442307692307693,0.5673076923076923,0.0425691223484205,43
0.012581729888916015,0.0037158886524199897,0.019130992889404296,0.004180824400656229,,,0.9,eigen,True,0.0001,,,"{'balance': None, 'classify__n_components': None, 'classify__shrinkage': 0.9, 'classify__solver': 'eigen', 'classify__store_covariance': True, 'classify__tol': 0.0001, 'select': None, 'transform': None}",0.5174958629157103,0.5609943434691474,0.529607017851532,0.5791539910183977,0.6460603445175674,0.5666623119544709,0.04534898018613793,23,0.5497521921463973,0.6073198627525733,0.5409836065573771,0.5899733130003812,0.6020833333333334,0.5780224615580124,0.02739040353811699,37,0.5288461538461539,0.5576923076923077,0.5288461538461539,0.5769230769230769,0.6442307692307693,0.5673076923076923,0.0425691223484205,43
0.003812551498413086,0.00011192913095056745,0.008232545852661134,0.00013234498285124124,,1,0.5,lsqr,True,0.0001,,,"{'balance': None, 'classify__n_components': 1, 'classify__shrinkage': 0.5, 'classify__solver': 'lsqr', 'classify__store_covariance': True, 'classify__tol': 0.0001, 'select': None, 'transform': None}",0.5218244197117436,0.5710328133405057,0.5154347993926448,0.5878698224852071,0.6274440931975178,0.5647211896255239,0.041902600303363076,27,0.5688143347312238,0.6027449485322149,0.5310712924132672,0.5964544414792223,0.6304924242424242,0.5859154882796704,0.03370975751820746,1,0.5576923076923077,0.6057692307692307,0.5673076923076923,0.5961538461538461,0.6442307692307693,0.5942307692307691,0.03064880278944083,15
0.008279132843017577,0.0032342600843460125,0.014573097229003906,0.0047509645239583705,,1,0.5,eigen,True,0.0001,,,"{'balance': None, 'classify__n_components': 1, 'classify__shrinkage': 0.5, 'classify__solver': 'eigen', 'classify__store_covariance': True, 'classify__tol': 0.0001, 'select': None, 'transform': None}",0.5218244197117436,0.5710328133405057,0.5154347993926448,0.5878698224852071,0.6274440931975178,0.5647211896255239,0.041902600303363076,27,0.5688143347312238,0.6027449485322149,0.5310712924132672,0.5964544414792223,0.6304924242424242,0.5859154882796704,0.03370975751820746,1,0.5576923076923077,0.6057692307692307,0.5673076923076923,0.5961538461538461,0.6442307692307693,0.5942307692307691,0.03064880278944083,15
0.009572887420654297,0.002734373806742691,0.02589387893676758,0.00709991494756909,,,0.5,lsqr,True,0.0001,,,"{'balance': None, 'classify__n_components': None, 'classify__shrinkage': 0.5, 'classify__solver': 'lsqr', 'classify__store_covariance': True, 'classify__tol': 0.0001, 'select': None, 'transform': None}",0.5218244197117436,0.5710328133405057,0.5154347993926448,0.5878698224852071,0.6274440931975178,0.5647211896255239,0.041902600303363076,27,0.5688143347312238,0.6027449485322149,0.5310712924132672,0.5964544414792223,0.6304924242424242,0.5859154882796704,0.03370975751820746,1,0.5576923076923077,0.6057692307692307,0.5673076923076923,0.5961538461538461,0.6442307692307693,0.5942307692307691,0.03064880278944083,15
0.016338109970092773,0.005814690413859705,0.030729103088378906,0.008655979352278475,,,0.5,eigen,True,0.0001,,,"{'balance': None, 'classify__n_components': None, 'classify__shrinkage': 0.5, 'classify__solver': 'eigen', 'classify__store_covariance': True, 'classify__tol': 0.0001, 'select': None, 'transform': None}",0.5218244197117436,0.5710328133405057,0.5154347993926448,0.5878698224852071,0.6274440931975178,0.5647211896255239,0.041902600303363076,27,0.5688143347312238,0.6027449485322149,0.5310712924132672,0.5964544414792223,0.6304924242424242,0.5859154882796704,0.03370975751820746,1,0.5576923076923077,0.6057692307692307,0.5673076923076923,0.5961538461538461,0.6442307692307693,0.5942307692307691,0.03064880278944083,15
0.006068086624145508,0.003527807111032331,0.016042137145996095,0.014081668467044266,,,0.4,lsqr,True,0.0001,,,"{'balance': None, 'classify__n_components': None, 'classify__shrinkage': 0.4, 'classify__solver': 'lsqr', 'classify__store_covariance': True, 'classify__tol': 0.0001, 'select': None, 'transform': None}",0.5154580662393162,0.5710328133405057,0.5293941356107207,0.5615632854438826,0.6114667940754898,0.557783018941983,0.03367231948379092,31,0.5669081204727411,0.6054136484940907,0.528783835303088,0.5945482272207396,0.6331439393939394,0.5857595541769197,0.03552580260483154,5,0.5576923076923077,0.6057692307692307,0.5865384615384616,0.5769230769230769,0.6346153846153846,0.5923076923076922,0.026227272494203552,27
0.004451560974121094,9.040226392909495e-05,0.008007621765136719,0.00010663038459682702,,,0.4,eigen,True,0.0001,,,"{'balance': None, 'classify__n_components': None, 'classify__shrinkage': 0.4, 'classify__solver': 'eigen', 'classify__store_covariance': True, 'classify__tol': 0.0001, 'select': None, 'transform': None}",0.5154580662393162,0.5710328133405057,0.5293941356107207,0.5615632854438826,0.6114667940754898,0.557783018941983,0.03367231948379092,31,0.5669081204727411,0.6054136484940907,0.528783835303088,0.5945482272207396,0.6331439393939394,0.5857595541769197,0.03552580260483154,5,0.5576923076923077,0.6057692307692307,0.5865384615384616,0.5769230769230769,0.6346153846153846,0.5923076923076922,0.026227272494203552,27
0.01981010437011719,0.003001323938216105,0.04447817802429199,0.006949767257020512,,1,0.4,lsqr,True,0.0001,,,"{'balance': None, 'classify__n_components': 1, 'classify__shrinkage': 0.4, 'classify__solver': 'lsqr', 'classify__store_covariance': True, 'classify__tol': 0.0001, 'select': None, 'transform': None}",0.5154580662393162,0.5710328133405057,0.5293941356107207,0.5615632854438826,0.6114667940754898,0.557783018941983,0.03367231948379092,31,0.5669081204727411,0.6054136484940907,0.528783835303088,0.5945482272207396,0.6331439393939394,0.5857595541769197,0.03552580260483154,5,0.5576923076923077,0.6057692307692307,0.5865384615384616,0.5769230769230769,0.6346153846153846,0.5923076923076922,0.026227272494203552,27
0.004648685455322266,0.00024085464485212128,0.008464765548706055,0.0001963794310110943,,1,0.4,eigen,True,0.0001,,,"{'balance': None, 'classify__n_components': 1, 'classify__shrinkage': 0.4, 'classify__solver': 'eigen', 'classify__store_covariance': True, 'classify__tol': 0.0001, 'select': None, 'transform': None}",0.5154580662393162,0.5710328133405057,0.5293941356107207,0.5615632854438826,0.6114667940754898,0.557783018941983,0.03367231948379092,31,0.5669081204727411,0.6054136484940907,0.528783835303088,0.5945482272207396,0.6331439393939394,0.5857595541769197,0.03552580260483154,5,0.5576923076923077,0.6057692307692307,0.5865384615384616,0.5769230769230769,0.6346153846153846,0.5923076923076922,0.026227272494203552,27
0.006174707412719726,0.004612647758270925,0.012587547302246094,0.008710993067445202,,,0.3,lsqr,True,0.0001,,,"{'balance': None, 'classify__n_components': None, 'classify__shrinkage': 0.3, 'classify__solver': 'lsqr', 'classify__store_covariance': True, 'classify__tol': 0.0001, 'select': None, 'transform': None}",0.4802092543471854,0.5441268191268192,0.5433390531856895,0.5575666163901458,0.6229685807150597,0.54964206475298,0.04545467525297817,35,0.5661456347693481,0.6038886770873045,0.5245901639344263,0.5857796416317195,0.6308712121212121,0.5822550659088022,0.03585727298762922,13,0.5288461538461539,0.5961538461538461,0.6057692307692307,0.5769230769230769,0.6538461538461539,0.5923076923076922,0.04061290784989014,27
0.005319643020629883,0.0018675328573321606,0.01468501091003418,0.009848757739299361,,,0.3,eigen,True,0.0001,,,"{'balance': None, 'classify__n_components': None, 'classify__shrinkage': 0.3, 'classify__solver': 'eigen', 'classify__store_covariance': True, 'classify__tol': 0.0001, 'select': None, 'transform': None}",0.4802092543471854,0.5441268191268192,0.5433390531856895,0.5575666163901458,0.6229685807150597,0.54964206475298,0.04545467525297817,35,0.5661456347693481,0.6038886770873045,0.5245901639344263,0.5857796416317195,0.6308712121212121,0.5822550659088022,0.03585727298762922,13,0.5288461538461539,0.5961538461538461,0.6057692307692307,0.5769230769230769,0.6538461538461539,0.5923076923076922,0.04061290784989014,27
0.003908681869506836,0.00016103359158161636,0.008329248428344727,0.00021879451523418764,,1,0.3,lsqr,True,0.0001,,,"{'balance': None, 'classify__n_components': 1, 'classify__shrinkage': 0.3, 'classify__solver': 'lsqr', 'classify__store_covariance': True, 'classify__tol': 0.0001, 'select': None, 'transform': None}",0.4802092543471854,0.5441268191268192,0.5433390531856895,0.5575666163901458,0.6229685807150597,0.54964206475298,0.04545467525297817,35,0.5661456347693481,0.6038886770873045,0.5245901639344263,0.5857796416317195,0.6308712121212121,0.5822550659088022,0.03585727298762922,13,0.5288461538461539,0.5961538461538461,0.6057692307692307,0.5769230769230769,0.6538461538461539,0.5923076923076922,0.04061290784989014,27
0.004599475860595703,0.00014804366253330257,0.010251379013061524,0.0035945534280527806,,1,0.3,eigen,True,0.0001,,,"{'balance': None, 'classify__n_components': 1, 'classify__shrinkage': 0.3, 'classify__solver': 'eigen', 'classify__store_covariance': True, 'classify__tol': 0.0001, 'select': None, 'transform': None}",0.4802092543471854,0.5441268191268192,0.5433390531856895,0.5575666163901458,0.6229685807150597,0.54964206475298,0.04545467525297817,35,0.5661456347693481,0.6038886770873045,0.5245901639344263,0.5857796416317195,0.6308712121212121,0.5822550659088022,0.03585727298762922,13,0.5288461538461539,0.5961538461538461,0.6057692307692307,0.5769230769230769,0.6538461538461539,0.5923076923076922,0.04061290784989014,27
0.009066581726074219,0.002176507630001514,0.016617536544799805,0.0029230207642235136,,,1.0,lsqr,True,0.0001,,,"{'balance': None, 'classify__n_components': None, 'classify__shrinkage': 1.0, 'classify__solver': 'lsqr', 'classify__store_covariance': True, 'classify__tol': 0.0001, 'select': None, 'transform': None}",0.5384615384615384,0.5384615384615384,0.5418956043956044,0.5507990989642366,0.5769230769230769,0.5493081714411989,0.014526189547492182,39,0.5467022493328251,0.6157072054898971,0.5428898208158597,0.5983606557377049,0.59375,0.5794819862752574,0.02927710576711262,33,0.5384615384615384,0.5384615384615384,0.5384615384615384,0.5480769230769231,0.5769230769230769,0.548076923076923,0.014896089793105438,47
0.013678646087646485,0.006243137777265405,0.025568151473999025,0.009114326944300357,,,1.0,eigen,True,0.0001,,,"{'balance': None, 'classify__n_components': None, 'classify__shrinkage': 1.0, 'classify__solver': 'eigen', 'classify__store_covariance': True, 'classify__tol': 0.0001, 'select': None, 'transform': None}",0.5384615384615384,0.5384615384615384,0.5418956043956044,0.5507990989642366,0.5769230769230769,0.5493081714411989,0.014526189547492182,39,0.5467022493328251,0.6157072054898971,0.5428898208158597,0.5983606557377049,0.59375,0.5794819862752574,0.02927710576711262,33,0.5384615384615384,0.5384615384615384,0.5384615384615384,0.5480769230769231,0.5769230769230769,0.548076923076923,0.014896089793105438,47
0.004780817031860352,0.0003560072865391811,0.009140205383300782,0.0011001603137922294,,1,1.0,eigen,True,0.0001,,,"{'balance': None, 'classify__n_components': 1, 'classify__shrinkage': 1.0, 'classify__solver': 'eigen', 'classify__store_covariance': True, 'classify__tol': 0.0001, 'select': None, 'transform': None}",0.5384615384615384,0.5384615384615384,0.5418956043956044,0.5507990989642366,0.5769230769230769,0.5493081714411989,0.014526189547492182,39,0.5467022493328251,0.6157072054898971,0.5428898208158597,0.5983606557377049,0.59375,0.5794819862752574,0.02927710576711262,33,0.5384615384615384,0.5384615384615384,0.5384615384615384,0.5480769230769231,0.5769230769230769,0.548076923076923,0.014896089793105438,47
0.009535551071166992,0.004356357374271056,0.023221492767333984,0.007577945091930403,,1,1.0,lsqr,True,0.0001,,,"{'balance': None, 'classify__n_components': 1, 'classify__shrinkage': 1.0, 'classify__solver': 'lsqr', 'classify__store_covariance': True, 'classify__tol': 0.0001, 'select': None, 'transform': None}",0.5384615384615384,0.5384615384615384,0.5418956043956044,0.5507990989642366,0.5769230769230769,0.5493081714411989,0.014526189547492182,39,0.5467022493328251,0.6157072054898971,0.5428898208158597,0.5983606557377049,0.59375,0.5794819862752574,0.02927710576711262,33,0.5384615384615384,0.5384615384615384,0.5384615384615384,0.5480769230769231,0.5769230769230769,0.548076923076923,0.014896089793105438,47
0.008282232284545898,0.002331705787507184,0.02224245071411133,0.013321380719508195,,,0.2,eigen,True,0.0001,,,"{'balance': None, 'classify__n_components': None, 'classify__shrinkage': 0.2, 'classify__solver': 'eigen', 'classify__store_covariance': True, 'classify__tol': 0.0001, 'select': None, 'transform': None}",0.5082571274878968,0.5441268191268192,0.5346062434297728,0.5452882934891776,0.609897794513179,0.548435255609369,0.033501143984112865,43,0.5638581776591689,0.6050324056423941,0.5226839496759436,0.5869233701868091,0.6285984848484849,0.5814192776025602,0.03625460915586999,21,0.5480769230769231,0.5961538461538461,0.6057692307692307,0.5673076923076923,0.6442307692307693,0.5923076923076923,0.03308586641170241,19
0.011325311660766602,0.00258352234331323,0.01996026039123535,0.002366110148011838,,,0.2,lsqr,True,0.0001,,,"{'balance': None, 'classify__n_components': None, 'classify__shrinkage': 0.2, 'classify__solver': 'lsqr', 'classify__store_covariance': True, 'classify__tol': 0.0001, 'select': None, 'transform': None}",0.5082571274878968,0.5441268191268192,0.5346062434297728,0.5452882934891776,0.609897794513179,0.548435255609369,0.033501143984112865,43,0.5638581776591689,0.6050324056423941,0.5226839496759436,0.5869233701868091,0.6285984848484849,0.5814192776025602,0.03625460915586999,21,0.5480769230769231,0.5961538461538461,0.6057692307692307,0.5673076923076923,0.6442307692307693,0.5923076923076923,0.03308586641170241,19
0.004188632965087891,0.0007254270956306966,0.009979152679443359,0.00368707581287763,,1,0.2,lsqr,True,0.0001,,,"{'balance': None, 'classify__n_components': 1, 'classify__shrinkage': 0.2, 'classify__solver': 'lsqr', 'classify__store_covariance': True, 'classify__tol': 0.0001, 'select': None, 'transform': None}",0.5082571274878968,0.5441268191268192,0.5346062434297728,0.5452882934891776,0.609897794513179,0.548435255609369,0.033501143984112865,43,0.5638581776591689,0.6050324056423941,0.5226839496759436,0.5869233701868091,0.6285984848484849,0.5814192776025602,0.03625460915586999,21,0.5480769230769231,0.5961538461538461,0.6057692307692307,0.5673076923076923,0.6442307692307693,0.5923076923076923,0.03308586641170241,19
0.004427957534790039,0.00010525076139697953,0.008073854446411132,7.389828377509754e-05,,1,0.2,eigen,True,0.0001,,,"{'balance': None, 'classify__n_components': 1, 'classify__shrinkage': 0.2, 'classify__solver': 'eigen', 'classify__store_covariance': True, 'classify__tol': 0.0001, 'select': None, 'transform': None}",0.5082571274878968,0.5441268191268192,0.5346062434297728,0.5452882934891776,0.609897794513179,0.548435255609369,0.033501143984112865,43,0.5638581776591689,0.6050324056423941,0.5226839496759436,0.5869233701868091,0.6285984848484849,0.5814192776025602,0.03625460915586999,21,0.5480769230769231,0.5961538461538461,0.6057692307692307,0.5673076923076923,0.6442307692307693,0.5923076923076923,0.03308586641170241,19
0.014068937301635743,0.0035367991516304645,0.028835439682006837,0.003478021854973129,,1,0.1,lsqr,True,0.0001,,,"{'balance': None, 'classify__n_components': 1, 'classify__shrinkage': 0.1, 'classify__solver': 'lsqr', 'classify__store_covariance': True, 'classify__tol': 0.0001, 'select': None, 'transform': None}",0.5070458952811895,0.5658350658350658,0.5119041089629325,0.5250788843109189,0.5753205128205129,0.5370368934421239,0.02817474420338755,47,0.5451772779260389,0.6118947769729317,0.5207777354174609,0.5907357987037744,0.6304924242424242,0.579815602652526,0.04099206669796926,29,0.5384615384615384,0.6153846153846154,0.5865384615384616,0.5480769230769231,0.6153846153846154,0.5807692307692307,0.032522181779399556,39
0.01518707275390625,0.0046266985206893044,0.03481173515319824,0.004257786522258219,,1,0.1,eigen,True,0.0001,,,"{'balance': None, 'classify__n_components': 1, 'classify__shrinkage': 0.1, 'classify__solver': 'eigen', 'classify__store_covariance': True, 'classify__tol': 0.0001, 'select': None, 'transform': None}",0.5070458952811895,0.5658350658350658,0.5119041089629325,0.5250788843109189,0.5753205128205129,0.5370368934421239,0.02817474420338755,47,0.5451772779260389,0.6118947769729317,0.5207777354174609,0.5907357987037744,0.6304924242424242,0.579815602652526,0.04099206669796926,29,0.5384615384615384,0.6153846153846154,0.5865384615384616,0.5480769230769231,0.6153846153846154,0.5807692307692307,0.032522181779399556,39
0.00458230972290039,0.00086340884090014,0.01176605224609375,0.005516572425844138,,,0.1,lsqr,True,0.0001,,,"{'balance': None, 'classify__n_components': None, 'classify__shrinkage': 0.1, 'classify__solver': 'lsqr', 'classify__store_covariance': True, 'classify__tol': 0.0001, 'select': None, 'transform': None}",0.5070458952811895,0.5658350658350658,0.5119041089629325,0.5250788843109189,0.5753205128205129,0.5370368934421239,0.02817474420338755,47,0.5451772779260389,0.6118947769729317,0.5207777354174609,0.5907357987037744,0.6304924242424242,0.579815602652526,0.04099206669796926,29,0.5384615384615384,0.6153846153846154,0.5865384615384616,0.5480769230769231,0.6153846153846154,0.5807692307692307,0.032522181779399556,39
0.015627288818359376,0.002835596381723025,0.023266935348510744,0.003926690834755706,,,0.1,eigen,True,0.0001,,,"{'balance': None, 'classify__n_components': None, 'classify__shrinkage': 0.1, 'classify__solver': 'eigen', 'classify__store_covariance': True, 'classify__tol': 0.0001, 'select': None, 'transform': None}",0.5070458952811895,0.5658350658350658,0.5119041089629325,0.5250788843109189,0.5753205128205129,0.5370368934421239,0.02817474420338755,47,0.5451772779260389,0.6118947769729317,0.5207777354174609,0.5907357987037744,0.6304924242424242,0.579815602652526,0.04099206669796926,29,0.5384615384615384,0.6153846153846154,0.5865384615384616,0.5480769230769231,0.6153846153846154,0.5807692307692307,0.032522181779399556,39
0.004560708999633789,2.0727886942897273e-05,0.0,0.0,,1,0.8,svd,True,0.0001,,,"{'balance': None, 'classify__n_components': 1, 'classify__shrinkage': 0.8, 'classify__solver': 'svd', 'classify__store_covariance': True, 'classify__tol': 0.0001, 'select': None, 'transform': None}",,,,,,,,51,,,,,,,,51,,,,,,,,51
0.0017297744750976562,0.00019366301936975675,0.0,0.0,,1,0.7,svd,True,0.0001,,,"{'balance': None, 'classify__n_components': 1, 'classify__shrinkage': 0.7, 'classify__solver': 'svd', 'classify__store_covariance': True, 'classify__tol': 0.0001, 'select': None, 'transform': None}",,,,,,,,51,,,,,,,,51,,,,,,,,51
0.006416940689086914,0.0014691031436072568,0.0,0.0,,1,0.9,svd,True,0.0001,,,"{'balance': None, 'classify__n_components': 1, 'classify__shrinkage': 0.9, 'classify__solver': 'svd', 'classify__store_covariance': True, 'classify__tol': 0.0001, 'select': None, 'transform': None}",,,,,,,,51,,,,,,,,51,,,,,,,,51
0.0023087978363037108,0.0013426068169403167,0.0,0.0,,1,1.0,svd,True,0.0001,,,"{'balance': None, 'classify__n_components': 1, 'classify__shrinkage': 1.0, 'classify__solver': 'svd', 'classify__store_covariance': True, 'classify__tol': 0.0001, 'select': None, 'transform': None}",,,,,,,,51,,,,,,,,51,,,,,,,,51
0.003198099136352539,0.002676841614478825,0.0,0.0,,1,0.6,svd,True,0.0001,,,"{'balance': None, 'classify__n_components': 1, 'classify__shrinkage': 0.6, 'classify__solver': 'svd', 'classify__store_covariance': True, 'classify__tol': 0.0001, 'select': None, 'transform': None}",,,,,,,,51,,,,,,,,51,,,,,,,,51
0.001593780517578125,0.00013345976120064413,0.0,0.0,,1,0.5,svd,True,0.0001,,,"{'balance': None, 'classify__n_components': 1, 'classify__shrinkage': 0.5, 'classify__solver': 'svd', 'classify__store_covariance': True, 'classify__tol': 0.0001, 'select': None, 'transform': None}",,,,,,,,51,,,,,,,,51,,,,,,,,51
0.0188997745513916,0.0036766557843129224,0.008180809020996094,0.01636161804199219,,1,0.0,eigen,True,0.0001,,,"{'balance': None, 'classify__n_components': 1, 'classify__shrinkage': 0.0, 'classify__solver': 'eigen', 'classify__store_covariance': True, 'classify__tol': 0.0001, 'select': None, 'transform': None}",,,,0.4401932480100843,,,,51,,,,0.617804041174228,,,,51,,,,0.5673076923076923,,,,51
0.008452653884887695,0.006565123237063188,0.0,0.0,,1,0.0,svd,True,0.0001,,,"{'balance': None, 'classify__n_components': 1, 'classify__shrinkage': 0.0, 'classify__solver': 'svd', 'classify__store_covariance': True, 'classify__tol': 0.0001, 'select': None, 'transform': None}",,,,,,,,51,,,,,,,,51,,,,,,,,51
0.013718080520629884,0.0034146523092093784,0.010817766189575195,0.02163553237915039,,1,,eigen,True,0.0001,,,"{'balance': None, 'classify__n_components': 1, 'classify__shrinkage': None, 'classify__solver': 'eigen', 'classify__store_covariance': True, 'classify__tol': 0.0001, 'select': None, 'transform': None}",,,,0.4401932480100843,,,,51,,,,0.617804041174228,,,,51,,,,0.5673076923076923,,,,51
0.010439777374267578,0.007374361574018687,0.0,0.0,,1,auto,svd,True,0.0001,,,"{'balance': None, 'classify__n_components': 1, 'classify__shrinkage': 'auto', 'classify__solver': 'svd', 'classify__store_covariance': True, 'classify__tol': 0.0001, 'select': None, 'transform': None}",,,,,,,,51,,,,,,,,51,,,,,,,,51
0.00243988037109375,0.0017222788408958708,0.0,0.0,,1,0.4,svd,True,0.0001,,,"{'balance': None, 'classify__n_components': 1, 'classify__shrinkage': 0.4, 'classify__solver': 'svd', 'classify__store_covariance': True, 'classify__tol': 0.0001, 'select': None, 'transform': None}",,,,,,,,51,,,,,,,,51,,,,,,,,51
0.010509109497070313,0.005485799824718592,0.0,0.0,,1,0.1,svd,True,0.0001,,,"{'balance': None, 'classify__n_components': 1, 'classify__shrinkage': 0.1, 'classify__solver': 'svd', 'classify__store_covariance': True, 'classify__tol': 0.0001, 'select': None, 'transform': None}",,,,,,,,51,,,,,,,,51,,,,,,,,51
0.009292840957641602,0.0016606978928091363,0.0,0.0,,1,0.2,svd,True,0.0001,,,"{'balance': None, 'classify__n_components': 1, 'classify__shrinkage': 0.2, 'classify__solver': 'svd', 'classify__store_covariance': True, 'classify__tol': 0.0001, 'select': None, 'transform': None}",,,,,,,,51,,,,,,,,51,,,,,,,,51
0.0017235279083251953,0.0003520886920409964,0.0,0.0,,1,0.3,svd,True,0.0001,,,"{'balance': None, 'classify__n_components': 1, 'classify__shrinkage': 0.3, 'classify__solver': 'svd', 'classify__store_covariance': True, 'classify__tol': 0.0001, 'select': None, 'transform': None}",,,,,,,,51,,,,,,,,51,,,,,,,,51
0.006495237350463867,0.0025692708896290608,0.0,0.0,,,0.6,svd,True,0.0001,,,"{'balance': None, 'classify__n_components': None, 'classify__shrinkage': 0.6, 'classify__solver': 'svd', 'classify__store_covariance': True, 'classify__tol': 0.0001, 'select': None, 'transform': None}",,,,,,,,51,,,,,,,,51,,,,,,,,51
0.00524444580078125,0.0037099891447760942,0.0,0.0,,,0.5,svd,True,0.0001,,,"{'balance': None, 'classify__n_components': None, 'classify__shrinkage': 0.5, 'classify__solver': 'svd', 'classify__store_covariance': True, 'classify__tol': 0.0001, 'select': None, 'transform': None}",,,,,,,,51,,,,,,,,51,,,,,,,,51
0.0015803813934326173,6.7965037212195e-05,0.0,0.0,,,0.4,svd,True,0.0001,,,"{'balance': None, 'classify__n_components': None, 'classify__shrinkage': 0.4, 'classify__solver': 'svd', 'classify__store_covariance': True, 'classify__tol': 0.0001, 'select': None, 'transform': None}",,,,,,,,51,,,,,,,,51,,,,,,,,51
0.0031099319458007812,0.0017548812236577857,0.0,0.0,,,0.3,svd,True,0.0001,,,"{'balance': None, 'classify__n_components': None, 'classify__shrinkage': 0.3, 'classify__solver': 'svd', 'classify__store_covariance': True, 'classify__tol': 0.0001, 'select': None, 'transform': None}",,,,,,,,51,,,,,,,,51,,,,,,,,51
0.007046175003051758,0.0028478875600448225,0.0,0.0,,,0.2,svd,True,0.0001,,,"{'balance': None, 'classify__n_components': None, 'classify__shrinkage': 0.2, 'classify__solver': 'svd', 'classify__store_covariance': True, 'classify__tol': 0.0001, 'select': None, 'transform': None}",,,,,,,,51,,,,,,,,51,,,,,,,,51
0.001815652847290039,0.00032173848664865113,0.0,0.0,,,0.1,svd,True,0.0001,,,"{'balance': None, 'classify__n_components': None, 'classify__shrinkage': 0.1, 'classify__solver': 'svd', 'classify__store_covariance': True, 'classify__tol': 0.0001, 'select': None, 'transform': None}",,,,,,,,51,,,,,,,,51,,,,,,,,51
0.0025359630584716798,0.0016096506468296766,0.0,0.0,,,0.0,svd,True,0.0001,,,"{'balance': None, 'classify__n_components': None, 'classify__shrinkage': 0.0, 'classify__solver': 'svd', 'classify__store_covariance': True, 'classify__tol': 0.0001, 'select': None, 'transform': None}",,,,,,,,51,,,,,,,,51,,,,,,,,51
0.009962081909179688,0.002618000302430769,0.0018901824951171875,0.003780364990234375,,,0.0,eigen,True,0.0001,,,"{'balance': None, 'classify__n_components': None, 'classify__shrinkage': 0.0, 'classify__solver': 'eigen', 'classify__store_covariance': True, 'classify__tol': 0.0001, 'select': None, 'transform': None}",,,,0.4401932480100843,,,,51,,,,0.617804041174228,,,,51,,,,0.5673076923076923,,,,51
0.0028567790985107424,0.002403415216011343,0.0,0.0,,,auto,svd,True,0.0001,,,"{'balance': None, 'classify__n_components': None, 'classify__shrinkage': 'auto', 'classify__solver': 'svd', 'classify__store_covariance': True, 'classify__tol': 0.0001, 'select': None, 'transform': None}",,,,,,,,51,,,,,,,,51,,,,,,,,51
0.01225123405456543,0.0026694028979487275,0.005062103271484375,0.01012420654296875,,,,eigen,True,0.0001,,,"{'balance': None, 'classify__n_components': None, 'classify__shrinkage': None, 'classify__solver': 'eigen', 'classify__store_covariance': True, 'classify__tol': 0.0001, 'select': None, 'transform': None}",,,,0.4401932480100843,,,,51,,,,0.617804041174228,,,,51,,,,0.5673076923076923,,,,51
0.0064738750457763675,0.0027263766996417894,0.0,0.0,,,0.8,svd,True,0.0001,,,"{'balance': None, 'classify__n_components': None, 'classify__shrinkage': 0.8, 'classify__solver': 'svd', 'classify__store_covariance': True, 'classify__tol': 0.0001, 'select': None, 'transform': None}",,,,,,,,51,,,,,,,,51,,,,,,,,51
0.0016986370086669923,0.00010939247194558396,0.0,0.0,,,0.7,svd,True,0.0001,,,"{'balance': None, 'classify__n_components': None, 'classify__shrinkage': 0.7, 'classify__solver': 'svd', 'classify__store_covariance': True, 'classify__tol': 0.0001, 'select': None, 'transform': None}",,,,,,,,51,,,,,,,,51,,,,,,,,51
0.002122831344604492,0.0006904826536006797,0.0,0.0,,,1.0,svd,True,0.0001,,,"{'balance': None, 'classify__n_components': None, 'classify__shrinkage': 1.0, 'classify__solver': 'svd', 'classify__store_covariance': True, 'classify__tol': 0.0001, 'select': None, 'transform': None}",,,,,,,,51,,,,,,,,51,,,,,,,,51
0.004444742202758789,0.0036957076118173554,0.0,0.0,,,0.9,svd,True,0.0001,,,"{'balance': None, 'classify__n_components': None, 'classify__shrinkage': 0.9, 'classify__solver': 'svd', 'classify__store_covariance': True, 'classify__tol': 0.0001, 'select': None, 'transform': None}",,,,,,,,51,,,,,,,,51,,,,,,,,51
0.0020341873168945312,0.0014975996927166562,0.0,0.0,RandomUnderSampler(random_state=42),1,,svd,True,0.0001,,,"{'balance': RandomUnderSampler(random_state=42), 'classify__n_components': 1, 'classify__shrinkage': None, 'classify__solver': 'svd', 'classify__store_covariance': True, 'classify__tol': 0.0001, 'select': None, 'transform': None}",,,,,,,,51,,,,,,,,51,,,,,,,,51
0.0009340763092041016,8.450052255299109e-05,0.0,0.0,RandomUnderSampler(random_state=42),1,,lsqr,True,0.0001,,,"{'balance': RandomUnderSampler(random_state=42), 'classify__n_components': 1, 'classify__shrinkage': None, 'classify__solver': 'lsqr', 'classify__store_covariance': True, 'classify__tol': 0.0001, 'select': None, 'transform': None}",,,,,,,,51,,,,,,,,51,,,,,,,,51
0.003985404968261719,0.0038570095906513674,0.0,0.0,RandomUnderSampler(random_state=42),1,,eigen,True,0.0001,,,"{'balance': RandomUnderSampler(random_state=42), 'classify__n_components': 1, 'classify__shrinkage': None, 'classify__solver': 'eigen', 'classify__store_covariance': True, 'classify__tol': 0.0001, 'select': None, 'transform': None}",,,,,,,,51,,,,,,,,51,,,,,,,,51
0.004870557785034179,0.0045542606460066545,0.0,0.0,RandomUnderSampler(random_state=42),1,auto,svd,True,0.0001,,,"{'balance': RandomUnderSampler(random_state=42), 'classify__n_components': 1, 'classify__shrinkage': 'auto', 'classify__solver': 'svd', 'classify__store_covariance': True, 'classify__tol': 0.0001, 'select': None, 'transform': None}",,,,,,,,51,,,,,,,,51,,,,,,,,51
0.0036562442779541015,0.0035229536905928643,0.0,0.0,RandomUnderSampler(random_state=42),1,auto,lsqr,True,0.0001,,,"{'balance': RandomUnderSampler(random_state=42), 'classify__n_components': 1, 'classify__shrinkage': 'auto', 'classify__solver': 'lsqr', 'classify__store_covariance': True, 'classify__tol': 0.0001, 'select': None, 'transform': None}",,,,,,,,51,,,,,,,,51,,,,,,,,51
0.004050302505493164,0.00392190293221995,0.0,0.0,RandomUnderSampler(random_state=42),1,auto,eigen,True,0.0001,,,"{'balance': RandomUnderSampler(random_state=42), 'classify__n_components': 1, 'classify__shrinkage': 'auto', 'classify__solver': 'eigen', 'classify__store_covariance': True, 'classify__tol': 0.0001, 'select': None, 'transform': None}",,,,,,,,51,,,,,,,,51,,,,,,,,51
0.002069711685180664,0.0014959057980205826,0.0,0.0,RandomUnderSampler(random_state=42),1,0.0,svd,True,0.0001,,,"{'balance': RandomUnderSampler(random_state=42), 'classify__n_components': 1, 'classify__shrinkage': 0.0, 'classify__solver': 'svd', 'classify__store_covariance': True, 'classify__tol': 0.0001, 'select': None, 'transform': None}",,,,,,,,51,,,,,,,,51,,,,,,,,51
0.0022594451904296873,0.0017514214111932632,0.0,0.0,RandomUnderSampler(random_state=42),1,0.0,lsqr,True,0.0001,,,"{'balance': RandomUnderSampler(random_state=42), 'classify__n_components': 1, 'classify__shrinkage': 0.0, 'classify__solver': 'lsqr', 'classify__store_covariance': True, 'classify__tol': 0.0001, 'select': None, 'transform': None}",,,,,,,,51,,,,,,,,51,,,,,,,,51
0.0020247936248779298,0.002371241850216075,0.0,0.0,RandomUnderSampler(random_state=42),1,0.0,eigen,True,0.0001,,,"{'balance': RandomUnderSampler(random_state=42), 'classify__n_components': 1, 'classify__shrinkage': 0.0, 'classify__solver': 'eigen', 'classify__store_covariance': True, 'classify__tol': 0.0001, 'select': None, 'transform': None}",,,,,,,,51,,,,,,,,51,,,,,,,,51
0.0020496368408203123,0.0024353705589226877,0.0,0.0,RandomUnderSampler(random_state=42),1,0.1,svd,True,0.0001,,,"{'balance': RandomUnderSampler(random_state=42), 'classify__n_components': 1, 'classify__shrinkage': 0.1, 'classify__solver': 'svd', 'classify__store_covariance': True, 'classify__tol': 0.0001, 'select': None, 'transform': None}",,,,,,,,51,,,,,,,,51,,,,,,,,51
0.002017307281494141,0.0024540726851516124,0.0,0.0,RandomUnderSampler(random_state=42),1,0.1,lsqr,True,0.0001,,,"{'balance': RandomUnderSampler(random_state=42), 'classify__n_components': 1, 'classify__shrinkage': 0.1, 'classify__solver': 'lsqr', 'classify__store_covariance': True, 'classify__tol': 0.0001, 'select': None, 'transform': None}",,,,,,,,51,,,,,,,,51,,,,,,,,51
0.004035282135009766,0.005111774442173156,0.0,0.0,RandomUnderSampler(random_state=42),1,0.1,eigen,True,0.0001,,,"{'balance': RandomUnderSampler(random_state=42), 'classify__n_components': 1, 'classify__shrinkage': 0.1, 'classify__solver': 'eigen', 'classify__store_covariance': True, 'classify__tol': 0.0001, 'select': None, 'transform': None}",,,,,,,,51,,,,,,,,51,,,,,,,,51
0.0008301258087158204,4.259930910269552e-05,0.0,0.0,RandomUnderSampler(random_state=42),1,0.2,svd,True,0.0001,,,"{'balance': RandomUnderSampler(random_state=42), 'classify__n_components': 1, 'classify__shrinkage': 0.2, 'classify__solver': 'svd', 'classify__store_covariance': True, 'classify__tol': 0.0001, 'select': None, 'transform': None}",,,,,,,,51,,,,,,,,51,,,,,,,,51
0.0013951301574707032,0.0012059108840032828,0.0,0.0,RandomUnderSampler(random_state=42),1,0.2,lsqr,True,0.0001,,,"{'balance': RandomUnderSampler(random_state=42), 'classify__n_components': 1, 'classify__shrinkage': 0.2, 'classify__solver': 'lsqr', 'classify__store_covariance': True, 'classify__tol': 0.0001, 'select': None, 'transform': None}",,,,,,,,51,,,,,,,,51,,,,,,,,51
0.0016618728637695312,0.0016556088314616717,0.0,0.0,RandomUnderSampler(random_state=42),1,0.2,eigen,True,0.0001,,,"{'balance': RandomUnderSampler(random_state=42), 'classify__n_components': 1, 'classify__shrinkage': 0.2, 'classify__solver': 'eigen', 'classify__store_covariance': True, 'classify__tol': 0.0001, 'select': None, 'transform': None}",,,,,,,,51,,,,,,,,51,,,,,,,,51
0.0016853809356689453,0.0010220334255969083,0.0,0.0,RandomUnderSampler(random_state=42),1,0.3,svd,True,0.0001,,,"{'balance': RandomUnderSampler(random_state=42), 'classify__n_components': 1, 'classify__shrinkage': 0.3, 'classify__solver': 'svd', 'classify__store_covariance': True, 'classify__tol': 0.0001, 'select': None, 'transform': None}",,,,,,,,51,,,,,,,,51,,,,,,,,51
0.0014946937561035156,0.0012554392918404597,0.0,0.0,RandomUnderSampler(random_state=42),1,0.3,lsqr,True,0.0001,,,"{'balance': RandomUnderSampler(random_state=42), 'classify__n_components': 1, 'classify__shrinkage': 0.3, 'classify__solver': 'lsqr', 'classify__store_covariance': True, 'classify__tol': 0.0001, 'select': None, 'transform': None}",,,,,,,,51,,,,,,,,51,,,,,,,,51
0.002885913848876953,0.0016290668860040683,0.0,0.0,RandomUnderSampler(random_state=42),1,0.3,eigen,True,0.0001,,,"{'balance': RandomUnderSampler(random_state=42), 'classify__n_components': 1, 'classify__shrinkage': 0.3, 'classify__solver': 'eigen', 'classify__store_covariance': True, 'classify__tol': 0.0001, 'select': None, 'transform': None}",,,,,,,,51,,,,,,,,51,,,,,,,,51
0.0015516281127929688,0.0008506867516231597,0.0,0.0,RandomUnderSampler(random_state=42),1,0.4,svd,True,0.0001,,,"{'balance': RandomUnderSampler(random_state=42), 'classify__n_components': 1, 'classify__shrinkage': 0.4, 'classify__solver': 'svd', 'classify__store_covariance': True, 'classify__tol': 0.0001, 'select': None, 'transform': None}",,,,,,,,51,,,,,,,,51,,,,,,,,51
0.001480436325073242,0.00123733572379793,0.0,0.0,RandomUnderSampler(random_state=42),1,0.4,lsqr,True,0.0001,,,"{'balance': RandomUnderSampler(random_state=42), 'classify__n_components': 1, 'classify__shrinkage': 0.4, 'classify__solver': 'lsqr', 'classify__store_covariance': True, 'classify__tol': 0.0001, 'select': None, 'transform': None}",,,,,,,,51,,,,,,,,51,,,,,,,,51
0.0014644145965576171,0.0011825633952472746,0.0,0.0,RandomUnderSampler(random_state=42),1,0.4,eigen,True,0.0001,,,"{'balance': RandomUnderSampler(random_state=42), 'classify__n_components': 1, 'classify__shrinkage': 0.4, 'classify__solver': 'eigen', 'classify__store_covariance': True, 'classify__tol': 0.0001, 'select': None, 'transform': None}",,,,,,,,51,,,,,,,,51,,,,,,,,51
0.0021541595458984377,0.0016245378250275332,0.0,0.0,RandomUnderSampler(random_state=42),1,0.5,svd,True,0.0001,,,"{'balance': RandomUnderSampler(random_state=42), 'classify__n_components': 1, 'classify__shrinkage': 0.5, 'classify__solver': 'svd', 'classify__store_covariance': True, 'classify__tol': 0.0001, 'select': None, 'transform': None}",,,,,,,,51,,,,,,,,51,,,,,,,,51
0.000861501693725586,4.1326571727851745e-05,0.0,0.0,RandomUnderSampler(random_state=42),1,0.5,lsqr,True,0.0001,,,"{'balance': RandomUnderSampler(random_state=42), 'classify__n_components': 1, 'classify__shrinkage': 0.5, 'classify__solver': 'lsqr', 'classify__store_covariance': True, 'classify__tol': 0.0001, 'select': None, 'transform': None}",,,,,,,,51,,,,,,,,51,,,,,,,,51
0.0020680904388427736,0.002448928968462208,0.0,0.0,RandomUnderSampler(random_state=42),1,0.5,eigen,True,0.0001,,,"{'balance': RandomUnderSampler(random_state=42), 'classify__n_components': 1, 'classify__shrinkage': 0.5, 'classify__solver': 'eigen', 'classify__store_covariance': True, 'classify__tol': 0.0001, 'select': None, 'transform': None}",,,,,,,,51,,,,,,,,51,,,,,,,,51
0.002951192855834961,0.0025463854826890927,0.0,0.0,RandomUnderSampler(random_state=42),1,0.6,svd,True,0.0001,,,"{'balance': RandomUnderSampler(random_state=42), 'classify__n_components': 1, 'classify__shrinkage': 0.6, 'classify__solver': 'svd', 'classify__store_covariance': True, 'classify__tol': 0.0001, 'select': None, 'transform': None}",,,,,,,,51,,,,,,,,51,,,,,,,,51
0.0008313179016113282,2.4690497284944813e-05,0.0,0.0,RandomUnderSampler(random_state=42),1,0.6,lsqr,True,0.0001,,,"{'balance': RandomUnderSampler(random_state=42), 'classify__n_components': 1, 'classify__shrinkage': 0.6, 'classify__solver': 'lsqr', 'classify__store_covariance': True, 'classify__tol': 0.0001, 'select': None, 'transform': None}",,,,,,,,51,,,,,,,,51,,,,,,,,51
0.0018210411071777344,0.0012726858341774552,0.0,0.0,RandomUnderSampler(random_state=42),1,0.6,eigen,True,0.0001,,,"{'balance': RandomUnderSampler(random_state=42), 'classify__n_components': 1, 'classify__shrinkage': 0.6, 'classify__solver': 'eigen', 'classify__store_covariance': True, 'classify__tol': 0.0001, 'select': None, 'transform': None}",,,,,,,,51,,,,,,,,51,,,,,,,,51
0.0008295059204101562,3.010817935717959e-05,0.0,0.0,RandomUnderSampler(random_state=42),1,0.7,svd,True,0.0001,,,"{'balance': RandomUnderSampler(random_state=42), 'classify__n_components': 1, 'classify__shrinkage': 0.7, 'classify__solver': 'svd', 'classify__store_covariance': True, 'classify__tol': 0.0001, 'select': None, 'transform': None}",,,,,,,,51,,,,,,,,51,,,,,,,,51
0.0021520137786865236,0.0016347265276285905,0.0,0.0,RandomUnderSampler(random_state=42),1,0.7,lsqr,True,0.0001,,,"{'balance': RandomUnderSampler(random_state=42), 'classify__n_components': 1, 'classify__shrinkage': 0.7, 'classify__solver': 'lsqr', 'classify__store_covariance': True, 'classify__tol': 0.0001, 'select': None, 'transform': None}",,,,,,,,51,,,,,,,,51,,,,,,,,51
0.0044957160949707035,0.004445992745897126,0.0,0.0,RandomUnderSampler(random_state=42),1,0.7,eigen,True,0.0001,,,"{'balance': RandomUnderSampler(random_state=42), 'classify__n_components': 1, 'classify__shrinkage': 0.7, 'classify__solver': 'eigen', 'classify__store_covariance': True, 'classify__tol': 0.0001, 'select': None, 'transform': None}",,,,,,,,51,,,,,,,,51,,,,,,,,51
0.004450511932373047,0.004435661875949455,0.0,0.0,RandomUnderSampler(random_state=42),1,0.8,svd,True,0.0001,,,"{'balance': RandomUnderSampler(random_state=42), 'classify__n_components': 1, 'classify__shrinkage': 0.8, 'classify__solver': 'svd', 'classify__store_covariance': True, 'classify__tol': 0.0001, 'select': None, 'transform': None}",,,,,,,,51,,,,,,,,51,,,,,,,,51
0.004496335983276367,0.004488220664441964,0.0,0.0,RandomUnderSampler(random_state=42),1,0.8,lsqr,True,0.0001,,,"{'balance': RandomUnderSampler(random_state=42), 'classify__n_components': 1, 'classify__shrinkage': 0.8, 'classify__solver': 'lsqr', 'classify__store_covariance': True, 'classify__tol': 0.0001, 'select': None, 'transform': None}",,,,,,,,51,,,,,,,,51,,,,,,,,51
0.0018702030181884765,0.002097304651528598,0.0,0.0,RandomUnderSampler(random_state=42),1,0.8,eigen,True,0.0001,,,"{'balance': RandomUnderSampler(random_state=42), 'classify__n_components': 1, 'classify__shrinkage': 0.8, 'classify__solver': 'eigen', 'classify__store_covariance': True, 'classify__tol': 0.0001, 'select': None, 'transform': None}",,,,,,,,51,,,,,,,,51,,,,,,,,51
0.0042513847351074215,0.0043190417123911955,0.0,0.0,RandomUnderSampler(random_state=42),1,0.9,svd,True,0.0001,,,"{'balance': RandomUnderSampler(random_state=42), 'classify__n_components': 1, 'classify__shrinkage': 0.9, 'classify__solver': 'svd', 'classify__store_covariance': True, 'classify__tol': 0.0001, 'select': None, 'transform': None}",,,,,,,,51,,,,,,,,51,,,,,,,,51
0.0007996559143066406,4.360570875045052e-05,0.0,0.0,RandomUnderSampler(random_state=42),1,0.9,lsqr,True,0.0001,,,"{'balance': RandomUnderSampler(random_state=42), 'classify__n_components': 1, 'classify__shrinkage': 0.9, 'classify__solver': 'lsqr', 'classify__store_covariance': True, 'classify__tol': 0.0001, 'select': None, 'transform': None}",,,,,,,,51,,,,,,,,51,,,,,,,,51
0.0038613796234130858,0.0037737651974691943,0.0,0.0,RandomUnderSampler(random_state=42),1,0.9,eigen,True,0.0001,,,"{'balance': RandomUnderSampler(random_state=42), 'classify__n_components': 1, 'classify__shrinkage': 0.9, 'classify__solver': 'eigen', 'classify__store_covariance': True, 'classify__tol': 0.0001, 'select': None, 'transform': None}",,,,,,,,51,,,,,,,,51,,,,,,,,51
0.0032395362854003907,0.003512306075956706,0.0,0.0,RandomUnderSampler(random_state=42),1,1.0,svd,True,0.0001,,,"{'balance': RandomUnderSampler(random_state=42), 'classify__n_components': 1, 'classify__shrinkage': 1.0, 'classify__solver': 'svd', 'classify__store_covariance': True, 'classify__tol': 0.0001, 'select': None, 'transform': None}",,,,,,,,51,,,,,,,,51,,,,,,,,51
0.0025370121002197266,0.0034856960156651644,0.0,0.0,RandomUnderSampler(random_state=42),1,1.0,lsqr,True,0.0001,,,"{'balance': RandomUnderSampler(random_state=42), 'classify__n_components': 1, 'classify__shrinkage': 1.0, 'classify__solver': 'lsqr', 'classify__store_covariance': True, 'classify__tol': 0.0001, 'select': None, 'transform': None}",,,,,,,,51,,,,,,,,51,,,,,,,,51
0.004028511047363281,0.004173479191438698,0.0,0.0,RandomUnderSampler(random_state=42),1,1.0,eigen,True,0.0001,,,"{'balance': RandomUnderSampler(random_state=42), 'classify__n_components': 1, 'classify__shrinkage': 1.0, 'classify__solver': 'eigen', 'classify__store_covariance': True, 'classify__tol': 0.0001, 'select': None, 'transform': None}",,,,,,,,51,,,,,,,,51,,,,,,,,51
0.0011715412139892579,0.0007901550180088301,0.0,0.0,RandomUnderSampler(random_state=42),,,svd,True,0.0001,,,"{'balance': RandomUnderSampler(random_state=42), 'classify__n_components': None, 'classify__shrinkage': None, 'classify__solver': 'svd', 'classify__store_covariance': True, 'classify__tol': 0.0001, 'select': None, 'transform': None}",,,,,,,,51,,,,,,,,51,,,,,,,,51
0.0023211002349853515,0.0030307741927367584,0.0,0.0,RandomUnderSampler(random_state=42),,,lsqr,True,0.0001,,,"{'balance': RandomUnderSampler(random_state=42), 'classify__n_components': None, 'classify__shrinkage': None, 'classify__solver': 'lsqr', 'classify__store_covariance': True, 'classify__tol': 0.0001, 'select': None, 'transform': None}",,,,,,,,51,,,,,,,,51,,,,,,,,51
0.0020626544952392577,0.002489104611620438,0.0,0.0,RandomUnderSampler(random_state=42),,,eigen,True,0.0001,,,"{'balance': RandomUnderSampler(random_state=42), 'classify__n_components': None, 'classify__shrinkage': None, 'classify__solver': 'eigen', 'classify__store_covariance': True, 'classify__tol': 0.0001, 'select': None, 'transform': None}",,,,,,,,51,,,,,,,,51,,,,,,,,51
0.003053712844848633,0.002795955336738299,0.0,0.0,RandomUnderSampler(random_state=42),,auto,svd,True,0.0001,,,"{'balance': RandomUnderSampler(random_state=42), 'classify__n_components': None, 'classify__shrinkage': 'auto', 'classify__solver': 'svd', 'classify__store_covariance': True, 'classify__tol': 0.0001, 'select': None, 'transform': None}",,,,,,,,51,,,,,,,,51,,,,,,,,51
0.002633810043334961,0.00240925969813159,0.0,0.0,RandomUnderSampler(random_state=42),,auto,lsqr,True,0.0001,,,"{'balance': RandomUnderSampler(random_state=42), 'classify__n_components': None, 'classify__shrinkage': 'auto', 'classify__solver': 'lsqr', 'classify__store_covariance': True, 'classify__tol': 0.0001, 'select': None, 'transform': None}",,,,,,,,51,,,,,,,,51,,,,,,,,51
0.004068326950073242,0.0044601394747383755,0.0,0.0,RandomUnderSampler(random_state=42),,auto,eigen,True,0.0001,,,"{'balance': RandomUnderSampler(random_state=42), 'classify__n_components': None, 'classify__shrinkage': 'auto', 'classify__solver': 'eigen', 'classify__store_covariance': True, 'classify__tol': 0.0001, 'select': None, 'transform': None}",,,,,,,,51,,,,,,,,51,,,,,,,,51
0.002070903778076172,0.002626192620570895,0.0,0.0,RandomUnderSampler(random_state=42),,0.0,svd,True,0.0001,,,"{'balance': RandomUnderSampler(random_state=42), 'classify__n_components': None, 'classify__shrinkage': 0.0, 'classify__solver': 'svd', 'classify__store_covariance': True, 'classify__tol': 0.0001, 'select': None, 'transform': None}",,,,,,,,51,,,,,,,,51,,,,,,,,51
0.0022593021392822267,0.0024678709605801623,0.0,0.0,RandomUnderSampler(random_state=42),,0.0,lsqr,True,0.0001,,,"{'balance': RandomUnderSampler(random_state=42), 'classify__n_components': None, 'classify__shrinkage': 0.0, 'classify__solver': 'lsqr', 'classify__store_covariance': True, 'classify__tol': 0.0001, 'select': None, 'transform': None}",,,,,,,,51,,,,,,,,51,,,,,,,,51
0.00438385009765625,0.004633732435052493,0.0,0.0,RandomUnderSampler(random_state=42),,0.0,eigen,True,0.0001,,,"{'balance': RandomUnderSampler(random_state=42), 'classify__n_components': None, 'classify__shrinkage': 0.0, 'classify__solver': 'eigen', 'classify__store_covariance': True, 'classify__tol': 0.0001, 'select': None, 'transform': None}",,,,,,,,51,,,,,,,,51,,,,,,,,51
0.002602243423461914,0.003601562516269862,0.0,0.0,RandomUnderSampler(random_state=42),,0.1,svd,True,0.0001,,,"{'balance': RandomUnderSampler(random_state=42), 'classify__n_components': None, 'classify__shrinkage': 0.1, 'classify__solver': 'svd', 'classify__store_covariance': True, 'classify__tol': 0.0001, 'select': None, 'transform': None}",,,,,,,,51,,,,,,,,51,,,,,,,,51
0.0032167911529541017,0.0035030319905389657,0.0,0.0,RandomUnderSampler(random_state=42),,0.1,lsqr,True,0.0001,,,"{'balance': RandomUnderSampler(random_state=42), 'classify__n_components': None, 'classify__shrinkage': 0.1, 'classify__solver': 'lsqr', 'classify__store_covariance': True, 'classify__tol': 0.0001, 'select': None, 'transform': None}",,,,,,,,51,,,,,,,,51,,,,,,,,51
0.0026138782501220702,0.0036252744853023356,0.0,0.0,RandomUnderSampler(random_state=42),,0.1,eigen,True,0.0001,,,"{'balance': RandomUnderSampler(random_state=42), 'classify__n_components': None, 'classify__shrinkage': 0.1, 'classify__solver': 'eigen', 'classify__store_covariance': True, 'classify__tol': 0.0001, 'select': None, 'transform': None}",,,,,,,,51,,,,,,,,51,,,,,,,,51
0.0035835742950439454,0.002696293534312638,0.0,0.0,RandomUnderSampler(random_state=42),,0.2,svd,True,0.0001,,,"{'balance': RandomUnderSampler(random_state=42), 'classify__n_components': None, 'classify__shrinkage': 0.2, 'classify__solver': 'svd', 'classify__store_covariance': True, 'classify__tol': 0.0001, 'select': None, 'transform': None}",,,,,,,,51,,,,,,,,51,,,,,,,,51
0.002126789093017578,0.002742738885261109,0.0,0.0,RandomUnderSampler(random_state=42),,0.2,lsqr,True,0.0001,,,"{'balance': RandomUnderSampler(random_state=42), 'classify__n_components': None, 'classify__shrinkage': 0.2, 'classify__solver': 'lsqr', 'classify__store_covariance': True, 'classify__tol': 0.0001, 'select': None, 'transform': None}",,,,,,,,51,,,,,,,,51,,,,,,,,51
0.0007748603820800781,5.134276427714674e-05,0.0,0.0,RandomUnderSampler(random_state=42),,0.2,eigen,True,0.0001,,,"{'balance': RandomUnderSampler(random_state=42), 'classify__n_components': None, 'classify__shrinkage': 0.2, 'classify__solver': 'eigen', 'classify__store_covariance': True, 'classify__tol': 0.0001, 'select': None, 'transform': None}",,,,,,,,51,,,,,,,,51,,,,,,,,51
0.0007232666015625,1.6554973072531837e-05,0.0,0.0,RandomUnderSampler(random_state=42),,0.3,svd,True,0.0001,,,"{'balance': RandomUnderSampler(random_state=42), 'classify__n_components': None, 'classify__shrinkage': 0.3, 'classify__solver': 'svd', 'classify__store_covariance': True, 'classify__tol': 0.0001, 'select': None, 'transform': None}",,,,,,,,51,,,,,,,,51,,,,,,,,51
0.001850461959838867,0.002162283044016851,0.0,0.0,RandomUnderSampler(random_state=42),,0.3,lsqr,True,0.0001,,,"{'balance': RandomUnderSampler(random_state=42), 'classify__n_components': None, 'classify__shrinkage': 0.3, 'classify__solver': 'lsqr', 'classify__store_covariance': True, 'classify__tol': 0.0001, 'select': None, 'transform': None}",,,,,,,,51,,,,,,,,51,,,,,,,,51
0.0030992507934570314,0.003944272744590086,0.0,0.0,RandomUnderSampler(random_state=42),,0.3,eigen,True,0.0001,,,"{'balance': RandomUnderSampler(random_state=42), 'classify__n_components': None, 'classify__shrinkage': 0.3, 'classify__solver': 'eigen', 'classify__store_covariance': True, 'classify__tol': 0.0001, 'select': None, 'transform': None}",,,,,,,,51,,,,,,,,51,,,,,,,,51
0.0007834911346435546,5.357545052547193e-05,0.0,0.0,RandomUnderSampler(random_state=42),,0.4,svd,True,0.0001,,,"{'balance': RandomUnderSampler(random_state=42), 'classify__n_components': None, 'classify__shrinkage': 0.4, 'classify__solver': 'svd', 'classify__store_covariance': True, 'classify__tol': 0.0001, 'select': None, 'transform': None}",,,,,,,,51,,,,,,,,51,,,,,,,,51
0.0025791168212890626,0.003623900085465553,0.0,0.0,RandomUnderSampler(random_state=42),,0.4,lsqr,True,0.0001,,,"{'balance': RandomUnderSampler(random_state=42), 'classify__n_components': None, 'classify__shrinkage': 0.4, 'classify__solver': 'lsqr', 'classify__store_covariance': True, 'classify__tol': 0.0001, 'select': None, 'transform': None}",,,,,,,,51,,,,,,,,51,,,,,,,,51
0.0017720699310302735,0.0020267243799399425,0.0,0.0,RandomUnderSampler(random_state=42),,0.4,eigen,True,0.0001,,,"{'balance': RandomUnderSampler(random_state=42), 'classify__n_components': None, 'classify__shrinkage': 0.4, 'classify__solver': 'eigen', 'classify__store_covariance': True, 'classify__tol': 0.0001, 'select': None, 'transform': None}",,,,,,,,51,,,,,,,,51,,,,,,,,51
0.002584028244018555,0.002718111851915414,0.0,0.0,RandomUnderSampler(random_state=42),,0.5,svd,True,0.0001,,,"{'balance': RandomUnderSampler(random_state=42), 'classify__n_components': None, 'classify__shrinkage': 0.5, 'classify__solver': 'svd', 'classify__store_covariance': True, 'classify__tol': 0.0001, 'select': None, 'transform': None}",,,,,,,,51,,,,,,,,51,,,,,,,,51
0.001976490020751953,0.002396632098963611,0.0,0.0,RandomUnderSampler(random_state=42),,0.5,lsqr,True,0.0001,,,"{'balance': RandomUnderSampler(random_state=42), 'classify__n_components': None, 'classify__shrinkage': 0.5, 'classify__solver': 'lsqr', 'classify__store_covariance': True, 'classify__tol': 0.0001, 'select': None, 'transform': None}",,,,,,,,51,,,,,,,,51,,,,,,,,51
0.004488134384155273,0.004414790154734436,0.0,0.0,RandomUnderSampler(random_state=42),,0.5,eigen,True,0.0001,,,"{'balance': RandomUnderSampler(random_state=42), 'classify__n_components': None, 'classify__shrinkage': 0.5, 'classify__solver': 'eigen', 'classify__store_covariance': True, 'classify__tol': 0.0001, 'select': None, 'transform': None}",,,,,,,,51,,,,,,,,51,,,,,,,,51
0.0020141124725341795,0.0024063058655722004,0.0,0.0,RandomUnderSampler(random_state=42),,0.6,svd,True,0.0001,,,"{'balance': RandomUnderSampler(random_state=42), 'classify__n_components': None, 'classify__shrinkage': 0.6, 'classify__solver': 'svd', 'classify__store_covariance': True, 'classify__tol': 0.0001, 'select': None, 'transform': None}",,,,,,,,51,,,,,,,,51,,,,,,,,51
0.004480409622192383,0.00445066686777818,0.0,0.0,RandomUnderSampler(random_state=42),,0.6,lsqr,True,0.0001,,,"{'balance': RandomUnderSampler(random_state=42), 'classify__n_components': None, 'classify__shrinkage': 0.6, 'classify__solver': 'lsqr', 'classify__store_covariance': True, 'classify__tol': 0.0001, 'select': None, 'transform': None}",,,,,,,,51,,,,,,,,51,,,,,,,,51
0.004512977600097656,0.004431310355329539,0.0,0.0,RandomUnderSampler(random_state=42),,0.6,eigen,True,0.0001,,,"{'balance': RandomUnderSampler(random_state=42), 'classify__n_components': None, 'classify__shrinkage': 0.6, 'classify__solver': 'eigen', 'classify__store_covariance': True, 'classify__tol': 0.0001, 'select': None, 'transform': None}",,,,,,,,51,,,,,,,,51,,,,,,,,51
0.002644205093383789,0.003627198081710466,0.0,0.0,RandomUnderSampler(random_state=42),,0.7,svd,True,0.0001,,,"{'balance': RandomUnderSampler(random_state=42), 'classify__n_components': None, 'classify__shrinkage': 0.7, 'classify__solver': 'svd', 'classify__store_covariance': True, 'classify__tol': 0.0001, 'select': None, 'transform': None}",,,,,,,,51,,,,,,,,51,,,,,,,,51
0.004903030395507812,0.004988887034588764,0.0,0.0,RandomUnderSampler(random_state=42),,0.7,lsqr,True,0.0001,,,"{'balance': RandomUnderSampler(random_state=42), 'classify__n_components': None, 'classify__shrinkage': 0.7, 'classify__solver': 'lsqr', 'classify__store_covariance': True, 'classify__tol': 0.0001, 'select': None, 'transform': None}",,,,,,,,51,,,,,,,,51,,,,,,,,51
0.005455732345581055,0.004704256555778411,0.0,0.0,RandomUnderSampler(random_state=42),,0.7,eigen,True,0.0001,,,"{'balance': RandomUnderSampler(random_state=42), 'classify__n_components': None, 'classify__shrinkage': 0.7, 'classify__solver': 'eigen', 'classify__store_covariance': True, 'classify__tol': 0.0001, 'select': None, 'transform': None}",,,,,,,,51,,,,,,,,51,,,,,,,,51
0.002900552749633789,0.004045158084126359,0.0,0.0,RandomUnderSampler(random_state=42),,0.8,svd,True,0.0001,,,"{'balance': RandomUnderSampler(random_state=42), 'classify__n_components': None, 'classify__shrinkage': 0.8, 'classify__solver': 'svd', 'classify__store_covariance': True, 'classify__tol': 0.0001, 'select': None, 'transform': None}",,,,,,,,51,,,,,,,,51,,,,,,,,51
0.002116537094116211,0.002445552602769954,0.0,0.0,RandomUnderSampler(random_state=42),,0.8,lsqr,True,0.0001,,,"{'balance': RandomUnderSampler(random_state=42), 'classify__n_components': None, 'classify__shrinkage': 0.8, 'classify__solver': 'lsqr', 'classify__store_covariance': True, 'classify__tol': 0.0001, 'select': None, 'transform': None}",,,,,,,,51,,,,,,,,51,,,,,,,,51
0.0020692825317382814,0.0014932786143105536,0.0,0.0,RandomUnderSampler(random_state=42),,0.8,eigen,True,0.0001,,,"{'balance': RandomUnderSampler(random_state=42), 'classify__n_components': None, 'classify__shrinkage': 0.8, 'classify__solver': 'eigen', 'classify__store_covariance': True, 'classify__tol': 0.0001, 'select': None, 'transform': None}",,,,,,,,51,,,,,,,,51,,,,,,,,51
0.0014774322509765625,0.0012079978256450737,0.0,0.0,RandomUnderSampler(random_state=42),,0.9,svd,True,0.0001,,,"{'balance': RandomUnderSampler(random_state=42), 'classify__n_components': None, 'classify__shrinkage': 0.9, 'classify__solver': 'svd', 'classify__store_covariance': True, 'classify__tol': 0.0001, 'select': None, 'transform': None}",,,,,,,,51,,,,,,,,51,,,,,,,,51
0.001247549057006836,0.0008314787782430895,0.0,0.0,RandomUnderSampler(random_state=42),,0.9,lsqr,True,0.0001,,,"{'balance': RandomUnderSampler(random_state=42), 'classify__n_components': None, 'classify__shrinkage': 0.9, 'classify__solver': 'lsqr', 'classify__store_covariance': True, 'classify__tol': 0.0001, 'select': None, 'transform': None}",,,,,,,,51,,,,,,,,51,,,,,,,,51
0.0022896766662597657,0.0028252096598171588,0.0,0.0,RandomUnderSampler(random_state=42),,0.9,eigen,True,0.0001,,,"{'balance': RandomUnderSampler(random_state=42), 'classify__n_components': None, 'classify__shrinkage': 0.9, 'classify__solver': 'eigen', 'classify__store_covariance': True, 'classify__tol': 0.0001, 'select': None, 'transform': None}",,,,,,,,51,,,,,,,,51,,,,,,,,51
0.003322458267211914,0.0030335645238042186,0.0,0.0,RandomUnderSampler(random_state=42),,1.0,svd,True,0.0001,,,"{'balance': RandomUnderSampler(random_state=42), 'classify__n_components': None, 'classify__shrinkage': 1.0, 'classify__solver': 'svd', 'classify__store_covariance': True, 'classify__tol': 0.0001, 'select': None, 'transform': None}",,,,,,,,51,,,,,,,,51,,,,,,,,51
0.001309347152709961,0.0008914015746362639,0.0,0.0,RandomUnderSampler(random_state=42),,1.0,lsqr,True,0.0001,,,"{'balance': RandomUnderSampler(random_state=42), 'classify__n_components': None, 'classify__shrinkage': 1.0, 'classify__solver': 'lsqr', 'classify__store_covariance': True, 'classify__tol': 0.0001, 'select': None, 'transform': None}",,,,,,,,51,,,,,,,,51,,,,,,,,51
0.0016430377960205077,0.0015307499251009259,0.0,0.0,RandomUnderSampler(random_state=42),,1.0,eigen,True,0.0001,,,"{'balance': RandomUnderSampler(random_state=42), 'classify__n_components': None, 'classify__shrinkage': 1.0, 'classify__solver': 'eigen', 'classify__store_covariance': True, 'classify__tol': 0.0001, 'select': None, 'transform': None}",,,,,,,,51,,,,,,,,51,,,,,,,,51
0.0022310256958007813,0.0016782844008156096,0.0,0.0,SMOTE(random_state=42),1,,svd,True,0.0001,,,"{'balance': SMOTE(random_state=42), 'classify__n_components': 1, 'classify__shrinkage': None, 'classify__solver': 'svd', 'classify__store_covariance': True, 'classify__tol': 0.0001, 'select': None, 'transform': None}",,,,,,,,51,,,,,,,,51,,,,,,,,51
0.0022940635681152344,0.0015268082694215536,0.0,0.0,SMOTE(random_state=42),1,,lsqr,True,0.0001,,,"{'balance': SMOTE(random_state=42), 'classify__n_components': 1, 'classify__shrinkage': None, 'classify__solver': 'lsqr', 'classify__store_covariance': True, 'classify__tol': 0.0001, 'select': None, 'transform': None}",,,,,,,,51,,,,,,,,51,,,,,,,,51
0.0011483192443847655,0.0006201383123228092,0.0,0.0,SMOTE(random_state=42),1,,eigen,True,0.0001,,,"{'balance': SMOTE(random_state=42), 'classify__n_components': 1, 'classify__shrinkage': None, 'classify__solver': 'eigen', 'classify__store_covariance': True, 'classify__tol': 0.0001, 'select': None, 'transform': None}",,,,,,,,51,,,,,,,,51,,,,,,,,51
0.002120828628540039,0.002476076524942374,0.0,0.0,SMOTE(random_state=42),1,auto,svd,True,0.0001,,,"{'balance': SMOTE(random_state=42), 'classify__n_components': 1, 'classify__shrinkage': 'auto', 'classify__solver': 'svd', 'classify__store_covariance': True, 'classify__tol': 0.0001, 'select': None, 'transform': None}",,,,,,,,51,,,,,,,,51,,,,,,,,51
0.0027184486389160156,0.002438320830996659,0.0,0.0,SMOTE(random_state=42),1,auto,lsqr,True,0.0001,,,"{'balance': SMOTE(random_state=42), 'classify__n_components': 1, 'classify__shrinkage': 'auto', 'classify__solver': 'lsqr', 'classify__store_covariance': True, 'classify__tol': 0.0001, 'select': None, 'transform': None}",,,,,,,,51,,,,,,,,51,,,,,,,,51
0.003418731689453125,0.002350186660686485,0.0,0.0,SMOTE(random_state=42),1,auto,eigen,True,0.0001,,,"{'balance': SMOTE(random_state=42), 'classify__n_components': 1, 'classify__shrinkage': 'auto', 'classify__solver': 'eigen', 'classify__store_covariance': True, 'classify__tol': 0.0001, 'select': None, 'transform': None}",,,,,,,,51,,,,,,,,51,,,,,,,,51
0.003691959381103516,0.0035272266931163183,0.0,0.0,SMOTE(random_state=42),1,0.0,svd,True,0.0001,,,"{'balance': SMOTE(random_state=42), 'classify__n_components': 1, 'classify__shrinkage': 0.0, 'classify__solver': 'svd', 'classify__store_covariance': True, 'classify__tol': 0.0001, 'select': None, 'transform': None}",,,,,,,,51,,,,,,,,51,,,,,,,,51
0.0027143478393554686,0.0027394170296023645,0.0,0.0,SMOTE(random_state=42),1,0.0,lsqr,True,0.0001,,,"{'balance': SMOTE(random_state=42), 'classify__n_components': 1, 'classify__shrinkage': 0.0, 'classify__solver': 'lsqr', 'classify__store_covariance': True, 'classify__tol': 0.0001, 'select': None, 'transform': None}",,,,,,,,51,,,,,,,,51,,,,,,,,51
0.0020349979400634765,0.0015182009106913066,0.0,0.0,SMOTE(random_state=42),1,0.0,eigen,True,0.0001,,,"{'balance': SMOTE(random_state=42), 'classify__n_components': 1, 'classify__shrinkage': 0.0, 'classify__solver': 'eigen', 'classify__store_covariance': True, 'classify__tol': 0.0001, 'select': None, 'transform': None}",,,,,,,,51,,,,,,,,51,,,,,,,,51
0.0021636486053466797,0.0016189548974303565,0.0,0.0,SMOTE(random_state=42),1,0.1,svd,True,0.0001,,,"{'balance': SMOTE(random_state=42), 'classify__n_components': 1, 'classify__shrinkage': 0.1, 'classify__solver': 'svd', 'classify__store_covariance': True, 'classify__tol': 0.0001, 'select': None, 'transform': None}",,,,,,,,51,,,,,,,,51,,,,,,,,51
0.0024530887603759766,0.0020698755176589275,0.0,0.0,SMOTE(random_state=42),1,0.1,lsqr,True,0.0001,,,"{'balance': SMOTE(random_state=42), 'classify__n_components': 1, 'classify__shrinkage': 0.1, 'classify__solver': 'lsqr', 'classify__store_covariance': True, 'classify__tol': 0.0001, 'select': None, 'transform': None}",,,,,,,,51,,,,,,,,51,,,,,,,,51
0.00145263671875,0.001218853340595397,0.0,0.0,SMOTE(random_state=42),1,0.1,eigen,True,0.0001,,,"{'balance': SMOTE(random_state=42), 'classify__n_components': 1, 'classify__shrinkage': 0.1, 'classify__solver': 'eigen', 'classify__store_covariance': True, 'classify__tol': 0.0001, 'select': None, 'transform': None}",,,,,,,,51,,,,,,,,51,,,,,,,,51
0.0014073371887207032,0.0011837608542255784,0.0,0.0,SMOTE(random_state=42),1,0.2,svd,True,0.0001,,,"{'balance': SMOTE(random_state=42), 'classify__n_components': 1, 'classify__shrinkage': 0.2, 'classify__solver': 'svd', 'classify__store_covariance': True, 'classify__tol': 0.0001, 'select': None, 'transform': None}",,,,,,,,51,,,,,,,,51,,,,,,,,51
0.0019951820373535155,0.0014740968665209366,0.0,0.0,SMOTE(random_state=42),1,0.2,lsqr,True,0.0001,,,"{'balance': SMOTE(random_state=42), 'classify__n_components': 1, 'classify__shrinkage': 0.2, 'classify__solver': 'lsqr', 'classify__store_covariance': True, 'classify__tol': 0.0001, 'select': None, 'transform': None}",,,,,,,,51,,,,,,,,51,,,,,,,,51
0.0026000022888183595,0.002752373273842769,0.0,0.0,SMOTE(random_state=42),1,0.2,eigen,True,0.0001,,,"{'balance': SMOTE(random_state=42), 'classify__n_components': 1, 'classify__shrinkage': 0.2, 'classify__solver': 'eigen', 'classify__store_covariance': True, 'classify__tol': 0.0001, 'select': None, 'transform': None}",,,,,,,,51,,,,,,,,51,,,,,,,,51
0.003391075134277344,0.0031536657448864927,0.0,0.0,SMOTE(random_state=42),1,0.3,svd,True,0.0001,,,"{'balance': SMOTE(random_state=42), 'classify__n_components': 1, 'classify__shrinkage': 0.3, 'classify__solver': 'svd', 'classify__store_covariance': True, 'classify__tol': 0.0001, 'select': None, 'transform': None}",,,,,,,,51,,,,,,,,51,,,,,,,,51
0.0020931243896484377,0.0015201308075887229,0.0,0.0,SMOTE(random_state=42),1,0.3,lsqr,True,0.0001,,,"{'balance': SMOTE(random_state=42), 'classify__n_components': 1, 'classify__shrinkage': 0.3, 'classify__solver': 'lsqr', 'classify__store_covariance': True, 'classify__tol': 0.0001, 'select': None, 'transform': None}",,,,,,,,51,,,,,,,,51,,,,,,,,51
0.0008179664611816407,5.1229800713237875e-05,0.0,0.0,SMOTE(random_state=42),1,0.3,eigen,True,0.0001,,,"{'balance': SMOTE(random_state=42), 'classify__n_components': 1, 'classify__shrinkage': 0.3, 'classify__solver': 'eigen', 'classify__store_covariance': True, 'classify__tol': 0.0001, 'select': None, 'transform': None}",,,,,,,,51,,,,,,,,51,,,,,,,,51
0.0020692825317382814,0.001510421613152282,0.0,0.0,SMOTE(random_state=42),1,0.4,svd,True,0.0001,,,"{'balance': SMOTE(random_state=42), 'classify__n_components': 1, 'classify__shrinkage': 0.4, 'classify__solver': 'svd', 'classify__store_covariance': True, 'classify__tol': 0.0001, 'select': None, 'transform': None}",,,,,,,,51,,,,,,,,51,,,,,,,,51
0.0007973670959472656,2.9239334159434602e-05,0.0,0.0,SMOTE(random_state=42),1,0.4,lsqr,True,0.0001,,,"{'balance': SMOTE(random_state=42), 'classify__n_components': 1, 'classify__shrinkage': 0.4, 'classify__solver': 'lsqr', 'classify__store_covariance': True, 'classify__tol': 0.0001, 'select': None, 'transform': None}",,,,,,,,51,,,,,,,,51,,,,,,,,51
0.003235006332397461,0.0029467200840003227,0.0,0.0,SMOTE(random_state=42),1,0.4,eigen,True,0.0001,,,"{'balance': SMOTE(random_state=42), 'classify__n_components': 1, 'classify__shrinkage': 0.4, 'classify__solver': 'eigen', 'classify__store_covariance': True, 'classify__tol': 0.0001, 'select': None, 'transform': None}",,,,,,,,51,,,,,,,,51,,,,,,,,51
0.002021455764770508,0.002447372684109148,0.0,0.0,SMOTE(random_state=42),1,0.5,svd,True,0.0001,,,"{'balance': SMOTE(random_state=42), 'classify__n_components': 1, 'classify__shrinkage': 0.5, 'classify__solver': 'svd', 'classify__store_covariance': True, 'classify__tol': 0.0001, 'select': None, 'transform': None}",,,,,,,,51,,,,,,,,51,,,,,,,,51
0.0020873546600341797,0.0024059512137165943,0.0,0.0,SMOTE(random_state=42),1,0.5,lsqr,True,0.0001,,,"{'balance': SMOTE(random_state=42), 'classify__n_components': 1, 'classify__shrinkage': 0.5, 'classify__solver': 'lsqr', 'classify__store_covariance': True, 'classify__tol': 0.0001, 'select': None, 'transform': None}",,,,,,,,51,,,,,,,,51,,,,,,,,51
0.0022800445556640627,0.0028663328741291355,0.0,0.0,SMOTE(random_state=42),1,0.5,eigen,True,0.0001,,,"{'balance': SMOTE(random_state=42), 'classify__n_components': 1, 'classify__shrinkage': 0.5, 'classify__solver': 'eigen', 'classify__store_covariance': True, 'classify__tol': 0.0001, 'select': None, 'transform': None}",,,,,,,,51,,,,,,,,51,,,,,,,,51
0.0024715423583984374,0.0014074753102644225,0.0,0.0,SMOTE(random_state=42),1,0.6,svd,True,0.0001,,,"{'balance': SMOTE(random_state=42), 'classify__n_components': 1, 'classify__shrinkage': 0.6, 'classify__solver': 'svd', 'classify__store_covariance': True, 'classify__tol': 0.0001, 'select': None, 'transform': None}",,,,,,,,51,,,,,,,,51,,,,,,,,51
0.001930093765258789,0.0009467474862859288,0.0,0.0,SMOTE(random_state=42),1,0.6,lsqr,True,0.0001,,,"{'balance': SMOTE(random_state=42), 'classify__n_components': 1, 'classify__shrinkage': 0.6, 'classify__solver': 'lsqr', 'classify__store_covariance': True, 'classify__tol': 0.0001, 'select': None, 'transform': None}",,,,,,,,51,,,,,,,,51,,,,,,,,51
0.001120138168334961,0.0007685336623129916,0.0,0.0,SMOTE(random_state=42),1,0.6,eigen,True,0.0001,,,"{'balance': SMOTE(random_state=42), 'classify__n_components': 1, 'classify__shrinkage': 0.6, 'classify__solver': 'eigen', 'classify__store_covariance': True, 'classify__tol': 0.0001, 'select': None, 'transform': None}",,,,,,,,51,,,,,,,,51,,,,,,,,51
0.0018193244934082032,0.001326426909601715,0.0,0.0,SMOTE(random_state=42),1,0.7,svd,True,0.0001,,,"{'balance': SMOTE(random_state=42), 'classify__n_components': 1, 'classify__shrinkage': 0.7, 'classify__solver': 'svd', 'classify__store_covariance': True, 'classify__tol': 0.0001, 'select': None, 'transform': None}",,,,,,,,51,,,,,,,,51,,,,,,,,51
0.0025774478912353516,0.002369540522090128,0.0,0.0,SMOTE(random_state=42),1,0.7,lsqr,True,0.0001,,,"{'balance': SMOTE(random_state=42), 'classify__n_components': 1, 'classify__shrinkage': 0.7, 'classify__solver': 'lsqr', 'classify__store_covariance': True, 'classify__tol': 0.0001, 'select': None, 'transform': None}",,,,,,,,51,,,,,,,,51,,,,,,,,51
0.0020506858825683595,0.002458102702621578,0.0,0.0,SMOTE(random_state=42),1,0.7,eigen,True,0.0001,,,"{'balance': SMOTE(random_state=42), 'classify__n_components': 1, 'classify__shrinkage': 0.7, 'classify__solver': 'eigen', 'classify__store_covariance': True, 'classify__tol': 0.0001, 'select': None, 'transform': None}",,,,,,,,51,,,,,,,,51,,,,,,,,51
0.0020208835601806642,0.0024620592948471605,0.0,0.0,SMOTE(random_state=42),1,0.8,svd,True,0.0001,,,"{'balance': SMOTE(random_state=42), 'classify__n_components': 1, 'classify__shrinkage': 0.8, 'classify__solver': 'svd', 'classify__store_covariance': True, 'classify__tol': 0.0001, 'select': None, 'transform': None}",,,,,,,,51,,,,,,,,51,,,,,,,,51
0.001999521255493164,0.002397113757339133,0.0,0.0,SMOTE(random_state=42),1,0.8,lsqr,True,0.0001,,,"{'balance': SMOTE(random_state=42), 'classify__n_components': 1, 'classify__shrinkage': 0.8, 'classify__solver': 'lsqr', 'classify__store_covariance': True, 'classify__tol': 0.0001, 'select': None, 'transform': None}",,,,,,,,51,,,,,,,,51,,,,,,,,51
0.0037937164306640625,0.003818859315340077,0.0,0.0,SMOTE(random_state=42),1,0.8,eigen,True,0.0001,,,"{'balance': SMOTE(random_state=42), 'classify__n_components': 1, 'classify__shrinkage': 0.8, 'classify__solver': 'eigen', 'classify__store_covariance': True, 'classify__tol': 0.0001, 'select': None, 'transform': None}",,,,,,,,51,,,,,,,,51,,,,,,,,51
0.0037880897521972655,0.003824096105828884,0.0,0.0,SMOTE(random_state=42),1,0.9,svd,True,0.0001,,,"{'balance': SMOTE(random_state=42), 'classify__n_components': 1, 'classify__shrinkage': 0.9, 'classify__solver': 'svd', 'classify__store_covariance': True, 'classify__tol': 0.0001, 'select': None, 'transform': None}",,,,,,,,51,,,,,,,,51,,,,,,,,51
0.0007611274719238281,3.667048263057558e-05,0.0,0.0,SMOTE(random_state=42),1,0.9,lsqr,True,0.0001,,,"{'balance': SMOTE(random_state=42), 'classify__n_components': 1, 'classify__shrinkage': 0.9, 'classify__solver': 'lsqr', 'classify__store_covariance': True, 'classify__tol': 0.0001, 'select': None, 'transform': None}",,,,,,,,51,,,,,,,,51,,,,,,,,51
0.0035193920135498046,0.005297978306690235,0.0,0.0,SMOTE(random_state=42),1,0.9,eigen,True,0.0001,,,"{'balance': SMOTE(random_state=42), 'classify__n_components': 1, 'classify__shrinkage': 0.9, 'classify__solver': 'eigen', 'classify__store_covariance': True, 'classify__tol': 0.0001, 'select': None, 'transform': None}",,,,,,,,51,,,,,,,,51,,,,,,,,51
0.009177064895629883,0.006060932194229609,0.0,0.0,SMOTE(random_state=42),1,1.0,svd,True,0.0001,,,"{'balance': SMOTE(random_state=42), 'classify__n_components': 1, 'classify__shrinkage': 1.0, 'classify__solver': 'svd', 'classify__store_covariance': True, 'classify__tol': 0.0001, 'select': None, 'transform': None}",,,,,,,,51,,,,,,,,51,,,,,,,,51
0.005339241027832032,0.004359826611152963,0.0,0.0,SMOTE(random_state=42),1,1.0,lsqr,True,0.0001,,,"{'balance': SMOTE(random_state=42), 'classify__n_components': 1, 'classify__shrinkage': 1.0, 'classify__solver': 'lsqr', 'classify__store_covariance': True, 'classify__tol': 0.0001, 'select': None, 'transform': None}",,,,,,,,51,,,,,,,,51,,,,,,,,51
0.0019840717315673826,0.002396977031230273,0.0,0.0,SMOTE(random_state=42),1,1.0,eigen,True,0.0001,,,"{'balance': SMOTE(random_state=42), 'classify__n_components': 1, 'classify__shrinkage': 1.0, 'classify__solver': 'eigen', 'classify__store_covariance': True, 'classify__tol': 0.0001, 'select': None, 'transform': None}",,,,,,,,51,,,,,,,,51,,,,,,,,51
0.0007584095001220703,4.432611128451943e-05,0.0,0.0,SMOTE(random_state=42),,,svd,True,0.0001,,,"{'balance': SMOTE(random_state=42), 'classify__n_components': None, 'classify__shrinkage': None, 'classify__solver': 'svd', 'classify__store_covariance': True, 'classify__tol': 0.0001, 'select': None, 'transform': None}",,,,,,,,51,,,,,,,,51,,,,,,,,51
0.001942586898803711,0.002229795550337036,0.0,0.0,SMOTE(random_state=42),,,lsqr,True,0.0001,,,"{'balance': SMOTE(random_state=42), 'classify__n_components': None, 'classify__shrinkage': None, 'classify__solver': 'lsqr', 'classify__store_covariance': True, 'classify__tol': 0.0001, 'select': None, 'transform': None}",,,,,,,,51,,,,,,,,51,,,,,,,,51
0.001531839370727539,0.0014128192380620625,0.0,0.0,SMOTE(random_state=42),,,eigen,True,0.0001,,,"{'balance': SMOTE(random_state=42), 'classify__n_components': None, 'classify__shrinkage': None, 'classify__solver': 'eigen', 'classify__store_covariance': True, 'classify__tol': 0.0001, 'select': None, 'transform': None}",,,,,,,,51,,,,,,,,51,,,,,,,,51
0.0025910854339599608,0.002398819286626143,0.0,0.0,SMOTE(random_state=42),,auto,svd,True,0.0001,,,"{'balance': SMOTE(random_state=42), 'classify__n_components': None, 'classify__shrinkage': 'auto', 'classify__solver': 'svd', 'classify__store_covariance': True, 'classify__tol': 0.0001, 'select': None, 'transform': None}",,,,,,,,51,,,,,,,,51,,,,,,,,51
0.002019023895263672,0.0015028475482031763,0.0,0.0,SMOTE(random_state=42),,auto,lsqr,True,0.0001,,,"{'balance': SMOTE(random_state=42), 'classify__n_components': None, 'classify__shrinkage': 'auto', 'classify__solver': 'lsqr', 'classify__store_covariance': True, 'classify__tol': 0.0001, 'select': None, 'transform': None}",,,,,,,,51,,,,,,,,51,,,,,,,,51
0.0013581275939941405,0.0012120741498584367,0.0,0.0,SMOTE(random_state=42),,auto,eigen,True,0.0001,,,"{'balance': SMOTE(random_state=42), 'classify__n_components': None, 'classify__shrinkage': 'auto', 'classify__solver': 'eigen', 'classify__store_covariance': True, 'classify__tol': 0.0001, 'select': None, 'transform': None}",,,,,,,,51,,,,,,,,51,,,,,,,,51
0.0019663333892822265,0.001491104009081408,0.0,0.0,SMOTE(random_state=42),,0.0,svd,True,0.0001,,,"{'balance': SMOTE(random_state=42), 'classify__n_components': None, 'classify__shrinkage': 0.0, 'classify__solver': 'svd', 'classify__store_covariance': True, 'classify__tol': 0.0001, 'select': None, 'transform': None}",,,,,,,,51,,,,,,,,51,,,,,,,,51
0.0007552623748779297,2.0015463364869878e-05,0.0,0.0,SMOTE(random_state=42),,0.0,lsqr,True,0.0001,,,"{'balance': SMOTE(random_state=42), 'classify__n_components': None, 'classify__shrinkage': 0.0, 'classify__solver': 'lsqr', 'classify__store_covariance': True, 'classify__tol': 0.0001, 'select': None, 'transform': None}",,,,,,,,51,,,,,,,,51,,,,,,,,51
0.0007706642150878906,7.94273882162061e-06,0.0,0.0,SMOTE(random_state=42),,0.0,eigen,True,0.0001,,,"{'balance': SMOTE(random_state=42), 'classify__n_components': None, 'classify__shrinkage': 0.0, 'classify__solver': 'eigen', 'classify__store_covariance': True, 'classify__tol': 0.0001, 'select': None, 'transform': None}",,,,,,,,51,,,,,,,,51,,,,,,,,51
0.004505300521850586,0.004869027718489913,0.0,0.0,SMOTE(random_state=42),,0.1,svd,True,0.0001,,,"{'balance': SMOTE(random_state=42), 'classify__n_components': None, 'classify__shrinkage': 0.1, 'classify__solver': 'svd', 'classify__store_covariance': True, 'classify__tol': 0.0001, 'select': None, 'transform': None}",,,,,,,,51,,,,,,,,51,,,,,,,,51
0.001833057403564453,0.0019856081369114174,0.0,0.0,SMOTE(random_state=42),,0.1,lsqr,True,0.0001,,,"{'balance': SMOTE(random_state=42), 'classify__n_components': None, 'classify__shrinkage': 0.1, 'classify__solver': 'lsqr', 'classify__store_covariance': True, 'classify__tol': 0.0001, 'select': None, 'transform': None}",,,,,,,,51,,,,,,,,51,,,,,,,,51
0.0008173942565917969,4.409766733378564e-05,0.0,0.0,SMOTE(random_state=42),,0.1,eigen,True,0.0001,,,"{'balance': SMOTE(random_state=42), 'classify__n_components': None, 'classify__shrinkage': 0.1, 'classify__solver': 'eigen', 'classify__store_covariance': True, 'classify__tol': 0.0001, 'select': None, 'transform': None}",,,,,,,,51,,,,,,,,51,,,,,,,,51
0.0007730484008789063,2.9086519455062073e-05,0.0,0.0,SMOTE(random_state=42),,0.2,svd,True,0.0001,,,"{'balance': SMOTE(random_state=42), 'classify__n_components': None, 'classify__shrinkage': 0.2, 'classify__solver': 'svd', 'classify__store_covariance': True, 'classify__tol': 0.0001, 'select': None, 'transform': None}",,,,,,,,51,,,,,,,,51,,,,,,,,51
0.0007570266723632812,1.971212745778489e-05,0.0,0.0,SMOTE(random_state=42),,0.2,lsqr,True,0.0001,,,"{'balance': SMOTE(random_state=42), 'classify__n_components': None, 'classify__shrinkage': 0.2, 'classify__solver': 'lsqr', 'classify__store_covariance': True, 'classify__tol': 0.0001, 'select': None, 'transform': None}",,,,,,,,51,,,,,,,,51,,,,,,,,51
0.0009494781494140625,0.0003627166335621124,0.0,0.0,SMOTE(random_state=42),,0.2,eigen,True,0.0001,,,"{'balance': SMOTE(random_state=42), 'classify__n_components': None, 'classify__shrinkage': 0.2, 'classify__solver': 'eigen', 'classify__store_covariance': True, 'classify__tol': 0.0001, 'select': None, 'transform': None}",,,,,,,,51,,,,,,,,51,,,,,,,,51
0.0008062362670898437,8.810172686026778e-05,0.0,0.0,SMOTE(random_state=42),,0.3,svd,True,0.0001,,,"{'balance': SMOTE(random_state=42), 'classify__n_components': None, 'classify__shrinkage': 0.3, 'classify__solver': 'svd', 'classify__store_covariance': True, 'classify__tol': 0.0001, 'select': None, 'transform': None}",,,,,,,,51,,,,,,,,51,,,,,,,,51
0.0007815837860107421,2.3751756168528272e-05,0.0,0.0,SMOTE(random_state=42),,0.3,lsqr,True,0.0001,,,"{'balance': SMOTE(random_state=42), 'classify__n_components': None, 'classify__shrinkage': 0.3, 'classify__solver': 'lsqr', 'classify__store_covariance': True, 'classify__tol': 0.0001, 'select': None, 'transform': None}",,,,,,,,51,,,,,,,,51,,,,,,,,51
0.0007599830627441406,3.0340710354571397e-05,0.0,0.0,SMOTE(random_state=42),,0.3,eigen,True,0.0001,,,"{'balance': SMOTE(random_state=42), 'classify__n_components': None, 'classify__shrinkage': 0.3, 'classify__solver': 'eigen', 'classify__store_covariance': True, 'classify__tol': 0.0001, 'select': None, 'transform': None}",,,,,,,,51,,,,,,,,51,,,,,,,,51
0.0007575035095214843,2.078123953753357e-05,0.0,0.0,SMOTE(random_state=42),,0.4,svd,True,0.0001,,,"{'balance': SMOTE(random_state=42), 'classify__n_components': None, 'classify__shrinkage': 0.4, 'classify__solver': 'svd', 'classify__store_covariance': True, 'classify__tol': 0.0001, 'select': None, 'transform': None}",,,,,,,,51,,,,,,,,51,,,,,,,,51
0.0013808250427246095,0.001244716985005074,0.0,0.0,SMOTE(random_state=42),,0.4,lsqr,True,0.0001,,,"{'balance': SMOTE(random_state=42), 'classify__n_components': None, 'classify__shrinkage': 0.4, 'classify__solver': 'lsqr', 'classify__store_covariance': True, 'classify__tol': 0.0001, 'select': None, 'transform': None}",,,,,,,,51,,,,,,,,51,,,,,,,,51
0.0020148754119873047,0.002416442586368679,0.0,0.0,SMOTE(random_state=42),,0.4,eigen,True,0.0001,,,"{'balance': SMOTE(random_state=42), 'classify__n_components': None, 'classify__shrinkage': 0.4, 'classify__solver': 'eigen', 'classify__store_covariance': True, 'classify__tol': 0.0001, 'select': None, 'transform': None}",,,,,,,,51,,,,,,,,51,,,,,,,,51
0.0020483970642089845,0.0024205770315430513,0.0,0.0,SMOTE(random_state=42),,0.5,svd,True,0.0001,,,"{'balance': SMOTE(random_state=42), 'classify__n_components': None, 'classify__shrinkage': 0.5, 'classify__solver': 'svd', 'classify__store_covariance': True, 'classify__tol': 0.0001, 'select': None, 'transform': None}",,,,,,,,51,,,,,,,,51,,,,,,,,51
0.0026662349700927734,0.003652841116771079,0.0,0.0,SMOTE(random_state=42),,0.5,lsqr,True,0.0001,,,"{'balance': SMOTE(random_state=42), 'classify__n_components': None, 'classify__shrinkage': 0.5, 'classify__solver': 'lsqr', 'classify__store_covariance': True, 'classify__tol': 0.0001, 'select': None, 'transform': None}",,,,,,,,51,,,,,,,,51,,,,,,,,51
0.004609346389770508,0.004681378145419772,0.0,0.0,SMOTE(random_state=42),,0.5,eigen,True,0.0001,,,"{'balance': SMOTE(random_state=42), 'classify__n_components': None, 'classify__shrinkage': 0.5, 'classify__solver': 'eigen', 'classify__store_covariance': True, 'classify__tol': 0.0001, 'select': None, 'transform': None}",,,,,,,,51,,,,,,,,51,,,,,,,,51
0.0038200855255126954,0.0038453624942744896,0.0,0.0,SMOTE(random_state=42),,0.6,svd,True,0.0001,,,"{'balance': SMOTE(random_state=42), 'classify__n_components': None, 'classify__shrinkage': 0.6, 'classify__solver': 'svd', 'classify__store_covariance': True, 'classify__tol': 0.0001, 'select': None, 'transform': None}",,,,,,,,51,,,,,,,,51,,,,,,,,51
0.004656076431274414,0.0076367794118241605,0.0,0.0,SMOTE(random_state=42),,0.6,lsqr,True,0.0001,,,"{'balance': SMOTE(random_state=42), 'classify__n_components': None, 'classify__shrinkage': 0.6, 'classify__solver': 'lsqr', 'classify__store_covariance': True, 'classify__tol': 0.0001, 'select': None, 'transform': None}",,,,,,,,51,,,,,,,,51,,,,,,,,51
0.0016749382019042968,0.0015735597856091452,0.0,0.0,SMOTE(random_state=42),,0.6,eigen,True,0.0001,,,"{'balance': SMOTE(random_state=42), 'classify__n_components': None, 'classify__shrinkage': 0.6, 'classify__solver': 'eigen', 'classify__store_covariance': True, 'classify__tol': 0.0001, 'select': None, 'transform': None}",,,,,,,,51,,,,,,,,51,,,,,,,,51
0.0027217864990234375,0.0036477798822623078,0.0,0.0,SMOTE(random_state=42),,0.7,svd,True,0.0001,,,"{'balance': SMOTE(random_state=42), 'classify__n_components': None, 'classify__shrinkage': 0.7, 'classify__solver': 'svd', 'classify__store_covariance': True, 'classify__tol': 0.0001, 'select': None, 'transform': None}",,,,,,,,51,,,,,,,,51,,,,,,,,51
0.0036925315856933595,0.004772397231719355,0.0,0.0,SMOTE(random_state=42),,0.7,lsqr,True,0.0001,,,"{'balance': SMOTE(random_state=42), 'classify__n_components': None, 'classify__shrinkage': 0.7, 'classify__solver': 'lsqr', 'classify__store_covariance': True, 'classify__tol': 0.0001, 'select': None, 'transform': None}",,,,,,,,51,,,,,,,,51,,,,,,,,51
0.0011547565460205077,0.0008092729964693853,0.0,0.0,SMOTE(random_state=42),,0.7,eigen,True,0.0001,,,"{'balance': SMOTE(random_state=42), 'classify__n_components': None, 'classify__shrinkage': 0.7, 'classify__solver': 'eigen', 'classify__store_covariance': True, 'classify__tol': 0.0001, 'select': None, 'transform': None}",,,,,,,,51,,,,,,,,51,,,,,,,,51
0.0007449150085449219,1.874800975892307e-05,0.0,0.0,SMOTE(random_state=42),,0.8,svd,True,0.0001,,,"{'balance': SMOTE(random_state=42), 'classify__n_components': None, 'classify__shrinkage': 0.8, 'classify__solver': 'svd', 'classify__store_covariance': True, 'classify__tol': 0.0001, 'select': None, 'transform': None}",,,,,,,,51,,,,,,,,51,,,,,,,,51
0.0007959842681884765,3.451938768211755e-05,0.0,0.0,SMOTE(random_state=42),,0.8,lsqr,True,0.0001,,,"{'balance': SMOTE(random_state=42), 'classify__n_components': None, 'classify__shrinkage': 0.8, 'classify__solver': 'lsqr', 'classify__store_covariance': True, 'classify__tol': 0.0001, 'select': None, 'transform': None}",,,,,,,,51,,,,,,,,51,,,,,,,,51
0.0051745414733886715,0.0055576407456844985,0.0,0.0,SMOTE(random_state=42),,0.8,eigen,True,0.0001,,,"{'balance': SMOTE(random_state=42), 'classify__n_components': None, 'classify__shrinkage': 0.8, 'classify__solver': 'eigen', 'classify__store_covariance': True, 'classify__tol': 0.0001, 'select': None, 'transform': None}",,,,,,,,51,,,,,,,,51,,,,,,,,51
0.006769657135009766,0.004898260920075765,0.0,0.0,SMOTE(random_state=42),,0.9,svd,True,0.0001,,,"{'balance': SMOTE(random_state=42), 'classify__n_components': None, 'classify__shrinkage': 0.9, 'classify__solver': 'svd', 'classify__store_covariance': True, 'classify__tol': 0.0001, 'select': None, 'transform': None}",,,,,,,,51,,,,,,,,51,,,,,,,,51
0.0037348270416259766,0.0034844218410050886,0.0,0.0,SMOTE(random_state=42),,0.9,lsqr,True,0.0001,,,"{'balance': SMOTE(random_state=42), 'classify__n_components': None, 'classify__shrinkage': 0.9, 'classify__solver': 'lsqr', 'classify__store_covariance': True, 'classify__tol': 0.0001, 'select': None, 'transform': None}",,,,,,,,51,,,,,,,,51,,,,,,,,51
0.0009012699127197265,9.695636769972865e-06,0.0,0.0,SMOTE(random_state=42),,0.9,eigen,True,0.0001,,,"{'balance': SMOTE(random_state=42), 'classify__n_components': None, 'classify__shrinkage': 0.9, 'classify__solver': 'eigen', 'classify__store_covariance': True, 'classify__tol': 0.0001, 'select': None, 'transform': None}",,,,,,,,51,,,,,,,,51,,,,,,,,51
0.0008986473083496093,2.6563467807310094e-05,0.0,0.0,SMOTE(random_state=42),,1.0,svd,True,0.0001,,,"{'balance': SMOTE(random_state=42), 'classify__n_components': None, 'classify__shrinkage': 1.0, 'classify__solver': 'svd', 'classify__store_covariance': True, 'classify__tol': 0.0001, 'select': None, 'transform': None}",,,,,,,,51,,,,,,,,51,,,,,,,,51
0.0009099483489990234,5.272447776857496e-06,0.0,0.0,SMOTE(random_state=42),,1.0,lsqr,True,0.0001,,,"{'balance': SMOTE(random_state=42), 'classify__n_components': None, 'classify__shrinkage': 1.0, 'classify__solver': 'lsqr', 'classify__store_covariance': True, 'classify__tol': 0.0001, 'select': None, 'transform': None}",,,,,,,,51,,,,,,,,51,,,,,,,,51
0.0009870052337646485,5.308150731099385e-05,0.0,0.0,SMOTE(random_state=42),,1.0,eigen,True,0.0001,,,"{'balance': SMOTE(random_state=42), 'classify__n_components': None, 'classify__shrinkage': 1.0, 'classify__solver': 'eigen', 'classify__store_covariance': True, 'classify__tol': 0.0001, 'select': None, 'transform': None}",,,,,,,,51,,,,,,,,51,,,,,,,,51
