mean_fit_time,std_fit_time,mean_score_time,std_score_time,param_balance,param_classify__max_depth,param_classify__max_features,param_classify__n_estimators,param_impute,param_select,param_transform,param_select__k,params,split0_test_balanced_accuracy_scorer,split1_test_balanced_accuracy_scorer,split2_test_balanced_accuracy_scorer,split3_test_balanced_accuracy_scorer,split4_test_balanced_accuracy_scorer,mean_test_balanced_accuracy_scorer,std_test_balanced_accuracy_scorer,rank_test_balanced_accuracy_scorer,split0_test_f1_weighted_scorer,split1_test_f1_weighted_scorer,split2_test_f1_weighted_scorer,split3_test_f1_weighted_scorer,split4_test_f1_weighted_scorer,mean_test_f1_weighted_scorer,std_test_f1_weighted_scorer,rank_test_f1_weighted_scorer,split0_test_roc_auc_scorer,split1_test_roc_auc_scorer,split2_test_roc_auc_scorer,split3_test_roc_auc_scorer,split4_test_roc_auc_scorer,mean_test_roc_auc_scorer,std_test_roc_auc_scorer,rank_test_roc_auc_scorer,split0_test_accuracy_scorer,split1_test_accuracy_scorer,split2_test_accuracy_scorer,split3_test_accuracy_scorer,split4_test_accuracy_scorer,mean_test_accuracy_scorer,std_test_accuracy_scorer,rank_test_accuracy_scorer
0.43008108139038087,0.07108020707768369,0.06048617362976074,0.01174374969702868,,5,log2,100,SimpleImputer(strategy='median'),,StandardScaler(),,"{'balance': None, 'classify__max_depth': 5, 'classify__max_features': 'log2', 'classify__n_estimators': 100, 'impute': SimpleImputer(strategy='median'), 'select': None, 'transform': StandardScaler()}",0.6428571428571428,0.4580209895052474,0.6919040479760119,0.7271364317841079,0.5449775112443778,0.6129792246733776,0.0987825625698902,1,0.6458702587734846,0.4621301775147929,0.7011834319526629,0.7307692307692307,0.5531393882518548,0.6186184974524053,0.09890755472281049,1,0.5833333333333334,0.4407796101949025,0.6296851574212894,0.7406296851574212,0.6221889055472264,0.6033233383308346,0.09666845593795825,62,0.6538461538461539,0.4807692307692308,0.7115384615384616,0.7307692307692307,0.5576923076923077,0.626923076923077,0.09468102788531668,1
0.37446112632751466,0.02497214966968045,0.07847929000854492,0.024172854255987527,,5,log2,100,,,StandardScaler(),,"{'balance': None, 'classify__max_depth': 5, 'classify__max_features': 'log2', 'classify__n_estimators': 100, 'impute': None, 'select': None, 'transform': StandardScaler()}",0.6428571428571428,0.4580209895052474,0.6919040479760119,0.7271364317841079,0.5449775112443778,0.6129792246733776,0.0987825625698902,1,0.6458702587734846,0.4621301775147929,0.7011834319526629,0.7307692307692307,0.5531393882518548,0.6186184974524053,0.09890755472281049,1,0.5833333333333334,0.4407796101949025,0.6296851574212894,0.7406296851574212,0.6221889055472264,0.6033233383308346,0.09666845593795825,62,0.6538461538461539,0.4807692307692308,0.7115384615384616,0.7307692307692307,0.5576923076923077,0.626923076923077,0.09468102788531668,1
0.5798853397369385,0.08341985300042591,0.05017566680908203,0.00549020116715494,,5,log2,100,SimpleImputer(strategy='median'),SelectKBest(score_func=<function mutual_info_classif at 0x7a970c879120>),,all,"{'balance': None, 'classify__max_depth': 5, 'classify__max_features': 'log2', 'classify__n_estimators': 100, 'impute': SimpleImputer(strategy='median'), 'select': SelectKBest(score_func=<function mutual_info_classif at 0x7a970c879120>), 'select__k': 'all', 'transform': None}",0.6428571428571428,0.4580209895052474,0.6919040479760119,0.7271364317841079,0.5449775112443778,0.6129792246733776,0.0987825625698902,1,0.6458702587734846,0.4621301775147929,0.7011834319526629,0.7307692307692307,0.5531393882518548,0.6186184974524053,0.09890755472281049,1,0.5833333333333334,0.4407796101949025,0.6296851574212894,0.7406296851574212,0.6221889055472264,0.6033233383308346,0.09666845593795825,62,0.6538461538461539,0.4807692307692308,0.7115384615384616,0.7307692307692307,0.5576923076923077,0.626923076923077,0.09468102788531668,1
0.6217404365539551,0.09205888743484783,0.05290966033935547,0.02103077309465391,,5,log2,100,,SelectKBest(score_func=<function mutual_info_classif at 0x7a970c879120>),,all,"{'balance': None, 'classify__max_depth': 5, 'classify__max_features': 'log2', 'classify__n_estimators': 100, 'impute': None, 'select': SelectKBest(score_func=<function mutual_info_classif at 0x7a970c879120>), 'select__k': 'all', 'transform': None}",0.6428571428571428,0.4580209895052474,0.6919040479760119,0.7271364317841079,0.5449775112443778,0.6129792246733776,0.0987825625698902,1,0.6458702587734846,0.4621301775147929,0.7011834319526629,0.7307692307692307,0.5531393882518548,0.6186184974524053,0.09890755472281049,1,0.5833333333333334,0.4407796101949025,0.6296851574212894,0.7406296851574212,0.6221889055472264,0.6033233383308346,0.09666845593795825,62,0.6538461538461539,0.4807692307692308,0.7115384615384616,0.7307692307692307,0.5576923076923077,0.626923076923077,0.09468102788531668,1
0.2630284309387207,0.04104650977416496,0.041632223129272464,0.00930068054600755,,5,log2,100,SimpleImputer(strategy='median'),,,,"{'balance': None, 'classify__max_depth': 5, 'classify__max_features': 'log2', 'classify__n_estimators': 100, 'impute': SimpleImputer(strategy='median'), 'select': None, 'transform': None}",0.6428571428571428,0.4580209895052474,0.6919040479760119,0.7271364317841079,0.5449775112443778,0.6129792246733776,0.0987825625698902,1,0.6458702587734846,0.4621301775147929,0.7011834319526629,0.7307692307692307,0.5531393882518548,0.6186184974524053,0.09890755472281049,1,0.5833333333333334,0.4407796101949025,0.6296851574212894,0.7406296851574212,0.6221889055472264,0.6033233383308346,0.09666845593795825,62,0.6538461538461539,0.4807692307692308,0.7115384615384616,0.7307692307692307,0.5576923076923077,0.626923076923077,0.09468102788531668,1
0.24862070083618165,0.022080661161696047,0.05507950782775879,0.01867344485625316,,5,log2,100,,,,,"{'balance': None, 'classify__max_depth': 5, 'classify__max_features': 'log2', 'classify__n_estimators': 100, 'impute': None, 'select': None, 'transform': None}",0.6428571428571428,0.4580209895052474,0.6919040479760119,0.7271364317841079,0.5449775112443778,0.6129792246733776,0.0987825625698902,1,0.6458702587734846,0.4621301775147929,0.7011834319526629,0.7307692307692307,0.5531393882518548,0.6186184974524053,0.09890755472281049,1,0.5833333333333334,0.4407796101949025,0.6296851574212894,0.7406296851574212,0.6221889055472264,0.6033233383308346,0.09666845593795825,62,0.6538461538461539,0.4807692307692308,0.7115384615384616,0.7307692307692307,0.5576923076923077,0.626923076923077,0.09468102788531668,1
1.209833526611328,0.0861253769968325,0.1524836540222168,0.05078178150735498,,5,sqrt,300,SimpleImputer(strategy='median'),SelectKBest(score_func=<function mutual_info_classif at 0x7a970c879120>),,20,"{'balance': None, 'classify__max_depth': 5, 'classify__max_features': 'sqrt', 'classify__n_estimators': 300, 'impute': SimpleImputer(strategy='median'), 'select': SelectKBest(score_func=<function mutual_info_classif at 0x7a970c879120>), 'select__k': 20, 'transform': None}",0.6220238095238095,0.4580209895052474,0.6746626686656672,0.7008995502248876,0.5967016491754122,0.6104617334190048,0.0846899766470441,7,0.6237231603085261,0.4621301775147929,0.6836538461538461,0.7085691662512097,0.6045673076923077,0.6165287315841365,0.08603600593309148,7,0.5729166666666667,0.4257871064467766,0.6131934032983508,0.6956521739130436,0.6461769115442278,0.5907452523738131,0.09177265265988191,203,0.6346153846153846,0.4807692307692308,0.6923076923076923,0.7115384615384616,0.6153846153846154,0.6269230769230769,0.08122581569978028,7
1.06989483833313,0.1381122586224383,0.09804277420043946,0.016014179463921037,SMOTE(random_state=42),,sqrt,200,,SelectKBest(score_func=<function mutual_info_classif at 0x7a970c879120>),,20,"{'balance': SMOTE(random_state=42), 'classify__max_depth': None, 'classify__max_features': 'sqrt', 'classify__n_estimators': 200, 'impute': None, 'select': SelectKBest(score_func=<function mutual_info_classif at 0x7a970c879120>), 'select__k': 20, 'transform': None}",0.5803571428571428,0.47526236881559225,0.6664167916041979,0.6581709145427286,0.6574212893553224,0.6075257014349967,0.07314969246244171,8,0.5769230769230769,0.4776714513556619,0.6722149789946401,0.6548717948717949,0.6661157270913368,0.6095594058473022,0.07434663869177413,18,0.5922619047619049,0.4272863568215892,0.6551724137931034,0.6626686656671663,0.6664167916041979,0.6007612265295924,0.09085101038071333,98,0.5769230769230769,0.5,0.6730769230769231,0.6538461538461539,0.6730769230769231,0.6153846153846153,0.06771852639099621,37
1.3654917240142823,0.13633212700266428,0.1531013011932373,0.03507796427147366,,,sqrt,300,,SelectKBest(score_func=<function mutual_info_classif at 0x7a970c879120>),,20,"{'balance': None, 'classify__max_depth': None, 'classify__max_features': 'sqrt', 'classify__n_estimators': 300, 'impute': None, 'select': SelectKBest(score_func=<function mutual_info_classif at 0x7a970c879120>), 'select__k': 20, 'transform': None}",0.6071428571428572,0.492503748125937,0.5967016491754122,0.709895052473763,0.631184407796102,0.6074855429428142,0.0698377645337513,9,0.6107226107226107,0.4930493064821423,0.6045673076923077,0.7120768369368593,0.638387927861612,0.6117607979391064,0.070593985673955,8,0.5870535714285714,0.4145427286356822,0.5764617691154423,0.7218890554722639,0.666416791604198,0.5932727832512316,0.10407488904901085,191,0.6153846153846154,0.5192307692307693,0.6153846153846154,0.7115384615384616,0.6538461538461539,0.6230769230769231,0.06272887088576957,8
1.05640606880188,0.15200284213038007,0.11865172386169434,0.027011496137724474,SMOTE(random_state=42),5,sqrt,200,,SelectKBest(score_func=<function mutual_info_classif at 0x7a970c879120>),,20,"{'balance': SMOTE(random_state=42), 'classify__max_depth': 5, 'classify__max_features': 'sqrt', 'classify__n_estimators': 200, 'impute': None, 'select': SelectKBest(score_func=<function mutual_info_classif at 0x7a970c879120>), 'select__k': 20, 'transform': None}",0.6398809523809523,0.48425787106446777,0.6056971514242879,0.7316341829085458,0.5757121439280359,0.607436460341258,0.08082096467901113,10,0.633939497424514,0.4923195084485407,0.613053613053613,0.7315705128205129,0.5781822344322344,0.609813073235883,0.07774664914516208,17,0.6205357142857143,0.4737631184407796,0.5967016491754122,0.7091454272863568,0.6221889055472264,0.6044669629470979,0.07572799744115064,46,0.6346153846153846,0.5,0.6153846153846154,0.7307692307692307,0.5769230769230769,0.6115384615384615,0.07536891516255931,43
0.7889933109283447,0.09283091420807339,0.10209093093872071,0.02777631673820468,,5,sqrt,300,SimpleImputer(strategy='median'),,,,"{'balance': None, 'classify__max_depth': 5, 'classify__max_features': 'sqrt', 'classify__n_estimators': 300, 'impute': SimpleImputer(strategy='median'), 'select': None, 'transform': None}",0.5892857142857143,0.553223388305847,0.6139430284857571,0.7053973013493253,0.5667166416791605,0.6057132148211608,0.053945202415372914,11,0.5929595827900912,0.558029689608637,0.6214990138067061,0.7107779226423294,0.5743589743589743,0.6115250366413475,0.053922833783935184,9,0.6264880952380952,0.4332833583208396,0.5832083958020989,0.7406296851574212,0.6101949025487257,0.5987608874134361,0.09864175906694027,114,0.5961538461538461,0.5769230769230769,0.6346153846153846,0.7115384615384616,0.5769230769230769,0.6192307692307691,0.0507342536856651,23
1.2402372360229492,0.045456701830478986,0.1223522663116455,0.029664989516089927,,5,sqrt,300,SimpleImputer(strategy='median'),SelectKBest(score_func=<function mutual_info_classif at 0x7a970c879120>),,all,"{'balance': None, 'classify__max_depth': 5, 'classify__max_features': 'sqrt', 'classify__n_estimators': 300, 'impute': SimpleImputer(strategy='median'), 'select': SelectKBest(score_func=<function mutual_info_classif at 0x7a970c879120>), 'select__k': 'all', 'transform': None}",0.5892857142857143,0.553223388305847,0.6139430284857571,0.7053973013493253,0.5667166416791605,0.6057132148211608,0.053945202415372914,11,0.5929595827900912,0.558029689608637,0.6214990138067061,0.7107779226423294,0.5743589743589743,0.6115250366413475,0.053922833783935184,9,0.6264880952380952,0.4332833583208396,0.5832083958020989,0.7406296851574212,0.6101949025487257,0.5987608874134361,0.09864175906694027,114,0.5961538461538461,0.5769230769230769,0.6346153846153846,0.7115384615384616,0.5769230769230769,0.6192307692307691,0.0507342536856651,23
1.4209545612335206,0.2727007323530007,0.1586249828338623,0.03803263250365583,,5,sqrt,300,,SelectKBest(score_func=<function mutual_info_classif at 0x7a970c879120>),,all,"{'balance': None, 'classify__max_depth': 5, 'classify__max_features': 'sqrt', 'classify__n_estimators': 300, 'impute': None, 'select': SelectKBest(score_func=<function mutual_info_classif at 0x7a970c879120>), 'select__k': 'all', 'transform': None}",0.5892857142857143,0.553223388305847,0.6139430284857571,0.7053973013493253,0.5667166416791605,0.6057132148211608,0.053945202415372914,11,0.5929595827900912,0.558029689608637,0.6214990138067061,0.7107779226423294,0.5743589743589743,0.6115250366413475,0.053922833783935184,9,0.6264880952380952,0.4332833583208396,0.5832083958020989,0.7406296851574212,0.6101949025487257,0.5987608874134361,0.09864175906694027,114,0.5961538461538461,0.5769230769230769,0.6346153846153846,0.7115384615384616,0.5769230769230769,0.6192307692307691,0.0507342536856651,23
1.2373407363891602,0.11795862092146213,0.14081201553344727,0.026255349108034638,,5,sqrt,300,SimpleImputer(strategy='median'),,StandardScaler(),,"{'balance': None, 'classify__max_depth': 5, 'classify__max_features': 'sqrt', 'classify__n_estimators': 300, 'impute': SimpleImputer(strategy='median'), 'select': None, 'transform': StandardScaler()}",0.5892857142857143,0.553223388305847,0.6139430284857571,0.7053973013493253,0.5667166416791605,0.6057132148211608,0.053945202415372914,11,0.5929595827900912,0.558029689608637,0.6214990138067061,0.7107779226423294,0.5743589743589743,0.6115250366413475,0.053922833783935184,9,0.6264880952380952,0.4332833583208396,0.5832083958020989,0.7406296851574212,0.6101949025487257,0.5987608874134361,0.09864175906694027,114,0.5961538461538461,0.5769230769230769,0.6346153846153846,0.7115384615384616,0.5769230769230769,0.6192307692307691,0.0507342536856651,23
1.1227571010589599,0.10036930000518265,0.12206006050109863,0.001109388707944068,,5,sqrt,300,,,StandardScaler(),,"{'balance': None, 'classify__max_depth': 5, 'classify__max_features': 'sqrt', 'classify__n_estimators': 300, 'impute': None, 'select': None, 'transform': StandardScaler()}",0.5892857142857143,0.553223388305847,0.6139430284857571,0.7053973013493253,0.5667166416791605,0.6057132148211608,0.053945202415372914,11,0.5929595827900912,0.558029689608637,0.6214990138067061,0.7107779226423294,0.5743589743589743,0.6115250366413475,0.053922833783935184,9,0.6264880952380952,0.4332833583208396,0.5832083958020989,0.7406296851574212,0.6101949025487257,0.5987608874134361,0.09864175906694027,114,0.5961538461538461,0.5769230769230769,0.6346153846153846,0.7115384615384616,0.5769230769230769,0.6192307692307691,0.0507342536856651,23
0.803788137435913,0.0957584596616221,0.09011211395263671,0.00957323202773797,,5,sqrt,300,,,,,"{'balance': None, 'classify__max_depth': 5, 'classify__max_features': 'sqrt', 'classify__n_estimators': 300, 'impute': None, 'select': None, 'transform': None}",0.5892857142857143,0.553223388305847,0.6139430284857571,0.7053973013493253,0.5667166416791605,0.6057132148211608,0.053945202415372914,11,0.5929595827900912,0.558029689608637,0.6214990138067061,0.7107779226423294,0.5743589743589743,0.6115250366413475,0.053922833783935184,9,0.6264880952380952,0.4332833583208396,0.5832083958020989,0.7406296851574212,0.6101949025487257,0.5987608874134361,0.09864175906694027,114,0.5961538461538461,0.5769230769230769,0.6346153846153846,0.7115384615384616,0.5769230769230769,0.6192307692307691,0.0507342536856651,23
1.0962034702301025,0.16957739825235948,0.10079059600830079,0.015835030271324352,,,log2,200,,SelectKBest(score_func=<function mutual_info_classif at 0x7a970c879120>),,20,"{'balance': None, 'classify__max_depth': None, 'classify__max_features': 'log2', 'classify__n_estimators': 200, 'impute': None, 'select': SelectKBest(score_func=<function mutual_info_classif at 0x7a970c879120>), 'select__k': 20, 'transform': None}",0.6666666666666667,0.49700149925037485,0.6139430284857571,0.6146926536731634,0.6356821589205397,0.6055972013993003,0.05758470433046981,17,0.6704910908300739,0.5019723865877712,0.6214990138067061,0.6165293040293041,0.6441105769230769,0.6109204744353864,0.057729180751301595,15,0.5863095238095238,0.4392803598200899,0.5989505247376312,0.6701649175412294,0.7053973013493254,0.60002052545156,0.09170718396617064,104,0.6730769230769231,0.5192307692307693,0.6346153846153846,0.6153846153846154,0.6538461538461539,0.6192307692307693,0.053570724143015835,9
1.3746178150177002,0.1722173851340899,0.12663516998291016,0.01607720809567596,,5,sqrt,300,,SelectKBest(score_func=<function mutual_info_classif at 0x7a970c879120>),,20,"{'balance': None, 'classify__max_depth': 5, 'classify__max_features': 'sqrt', 'classify__n_estimators': 300, 'impute': None, 'select': SelectKBest(score_func=<function mutual_info_classif at 0x7a970c879120>), 'select__k': 20, 'transform': None}",0.6279761904761905,0.4580209895052474,0.6139430284857571,0.6836581709145427,0.6401799100449774,0.604755657885343,0.07698720415804303,18,0.6317253368100826,0.4621301775147929,0.6214990138067061,0.6904428904428905,0.6485288904643743,0.6108652618077693,0.07800191358304966,16,0.5788690476190477,0.4062968515742129,0.6026986506746627,0.6941529235382309,0.6851574212893553,0.5934349789391018,0.10380344067308266,190,0.6346153846153846,0.4807692307692308,0.6346153846153846,0.6923076923076923,0.6538461538461539,0.6192307692307693,0.0723649527777953,9
0.4527085781097412,0.04944652966105493,0.06539006233215332,0.024075045803793056,,10,sqrt,100,,,StandardScaler(),,"{'balance': None, 'classify__max_depth': 10, 'classify__max_features': 'sqrt', 'classify__n_estimators': 100, 'impute': None, 'select': None, 'transform': StandardScaler()}",0.5833333333333334,0.43628185907046474,0.6266866566716641,0.7443778110944528,0.6274362818590704,0.6036231884057971,0.09932336031273666,19,0.5841150719199499,0.43749233222917433,0.6312217194570137,0.7493408662900188,0.6336520353469506,0.6071644050486216,0.10081108978581277,25,0.5877976190476191,0.4302848575712144,0.5787106446776612,0.7421289355322339,0.719640179910045,0.6117124473477548,0.11245787137469304,21,0.5961538461538461,0.46153846153846156,0.6538461538461539,0.75,0.6346153846153846,0.6192307692307693,0.09373890466887645,9
0.2823657989501953,0.021982972412089793,0.04789509773254395,0.009797490096561088,,10,sqrt,100,,,,,"{'balance': None, 'classify__max_depth': 10, 'classify__max_features': 'sqrt', 'classify__n_estimators': 100, 'impute': None, 'select': None, 'transform': None}",0.5833333333333334,0.43628185907046474,0.6266866566716641,0.7443778110944528,0.6274362818590704,0.6036231884057971,0.09932336031273666,19,0.5841150719199499,0.43749233222917433,0.6312217194570137,0.7493408662900188,0.6336520353469506,0.6071644050486216,0.10081108978581277,25,0.5877976190476191,0.4302848575712144,0.5787106446776612,0.7421289355322339,0.719640179910045,0.6117124473477548,0.11245787137469304,21,0.5961538461538461,0.46153846153846156,0.6538461538461539,0.75,0.6346153846153846,0.6192307692307693,0.09373890466887645,9
0.28506007194519045,0.06742117073183923,0.03660869598388672,0.0029761017251701866,,10,sqrt,100,SimpleImputer(strategy='median'),,,,"{'balance': None, 'classify__max_depth': 10, 'classify__max_features': 'sqrt', 'classify__n_estimators': 100, 'impute': SimpleImputer(strategy='median'), 'select': None, 'transform': None}",0.5833333333333334,0.43628185907046474,0.6266866566716641,0.7443778110944528,0.6274362818590704,0.6036231884057971,0.09932336031273666,19,0.5841150719199499,0.43749233222917433,0.6312217194570137,0.7493408662900188,0.6336520353469506,0.6071644050486216,0.10081108978581277,25,0.5877976190476191,0.4302848575712144,0.5787106446776612,0.7421289355322339,0.719640179910045,0.6117124473477548,0.11245787137469304,21,0.5961538461538461,0.46153846153846156,0.6538461538461539,0.75,0.6346153846153846,0.6192307692307693,0.09373890466887645,9
0.5030066967010498,0.09386785353711648,0.060264968872070314,0.021866555136772766,,10,sqrt,100,,SelectKBest(score_func=<function mutual_info_classif at 0x7a970c879120>),,all,"{'balance': None, 'classify__max_depth': 10, 'classify__max_features': 'sqrt', 'classify__n_estimators': 100, 'impute': None, 'select': SelectKBest(score_func=<function mutual_info_classif at 0x7a970c879120>), 'select__k': 'all', 'transform': None}",0.5833333333333334,0.43628185907046474,0.6266866566716641,0.7443778110944528,0.6274362818590704,0.6036231884057971,0.09932336031273666,19,0.5841150719199499,0.43749233222917433,0.6312217194570137,0.7493408662900188,0.6336520353469506,0.6071644050486216,0.10081108978581277,25,0.5877976190476191,0.4302848575712144,0.5787106446776612,0.7421289355322339,0.719640179910045,0.6117124473477548,0.11245787137469304,21,0.5961538461538461,0.46153846153846156,0.6538461538461539,0.75,0.6346153846153846,0.6192307692307693,0.09373890466887645,9
0.46781373023986816,0.06438902548209922,0.0487607479095459,0.016798072891252,,10,sqrt,100,SimpleImputer(strategy='median'),SelectKBest(score_func=<function mutual_info_classif at 0x7a970c879120>),,all,"{'balance': None, 'classify__max_depth': 10, 'classify__max_features': 'sqrt', 'classify__n_estimators': 100, 'impute': SimpleImputer(strategy='median'), 'select': SelectKBest(score_func=<function mutual_info_classif at 0x7a970c879120>), 'select__k': 'all', 'transform': None}",0.5833333333333334,0.43628185907046474,0.6266866566716641,0.7443778110944528,0.6274362818590704,0.6036231884057971,0.09932336031273666,19,0.5841150719199499,0.43749233222917433,0.6312217194570137,0.7493408662900188,0.6336520353469506,0.6071644050486216,0.10081108978581277,25,0.5877976190476191,0.4302848575712144,0.5787106446776612,0.7421289355322339,0.719640179910045,0.6117124473477548,0.11245787137469304,21,0.5961538461538461,0.46153846153846156,0.6538461538461539,0.75,0.6346153846153846,0.6192307692307693,0.09373890466887645,9
0.4304208755493164,0.05864215888108373,0.05879077911376953,0.006486536295638678,,10,sqrt,100,SimpleImputer(strategy='median'),,StandardScaler(),,"{'balance': None, 'classify__max_depth': 10, 'classify__max_features': 'sqrt', 'classify__n_estimators': 100, 'impute': SimpleImputer(strategy='median'), 'select': None, 'transform': StandardScaler()}",0.5833333333333334,0.43628185907046474,0.6266866566716641,0.7443778110944528,0.6274362818590704,0.6036231884057971,0.09932336031273666,19,0.5841150719199499,0.43749233222917433,0.6312217194570137,0.7493408662900188,0.6336520353469506,0.6071644050486216,0.10081108978581277,25,0.5877976190476191,0.4302848575712144,0.5787106446776612,0.7421289355322339,0.719640179910045,0.6117124473477548,0.11245787137469304,21,0.5961538461538461,0.46153846153846156,0.6538461538461539,0.75,0.6346153846153846,0.6192307692307693,0.09373890466887645,9
0.7219248294830323,0.10942662148634873,0.06690945625305175,0.01545279782142176,,,sqrt,100,SimpleImputer(strategy='median'),SelectKBest(score_func=<function mutual_info_classif at 0x7a970c879120>),,all,"{'balance': None, 'classify__max_depth': None, 'classify__max_features': 'sqrt', 'classify__n_estimators': 100, 'impute': SimpleImputer(strategy='median'), 'select': SelectKBest(score_func=<function mutual_info_classif at 0x7a970c879120>), 'select__k': 'all', 'transform': None}",0.625,0.43628185907046474,0.6266866566716641,0.7008995502248876,0.6274362818590704,0.6032608695652174,0.08834150752614833,25,0.6283468723422974,0.43749233222917433,0.6312217194570137,0.7085691662512097,0.6336520353469506,0.6078564251253292,0.09033071380929272,19,0.6257440476190477,0.43553223388305845,0.5704647676161919,0.7436281859070465,0.7338830584707646,0.6218504586992218,0.1137991638254672,2,0.6346153846153846,0.46153846153846156,0.6538461538461539,0.7115384615384616,0.6346153846153846,0.6192307692307693,0.083736696373374,9
0.43676166534423827,0.06422103695075593,0.05788345336914062,0.007583993711097964,,,sqrt,100,SimpleImputer(strategy='median'),,StandardScaler(),,"{'balance': None, 'classify__max_depth': None, 'classify__max_features': 'sqrt', 'classify__n_estimators': 100, 'impute': SimpleImputer(strategy='median'), 'select': None, 'transform': StandardScaler()}",0.625,0.43628185907046474,0.6266866566716641,0.7008995502248876,0.6274362818590704,0.6032608695652174,0.08834150752614833,25,0.6283468723422974,0.43749233222917433,0.6312217194570137,0.7085691662512097,0.6336520353469506,0.6078564251253292,0.09033071380929272,19,0.6257440476190477,0.43553223388305845,0.5704647676161919,0.7436281859070465,0.7338830584707646,0.6218504586992218,0.1137991638254672,2,0.6346153846153846,0.46153846153846156,0.6538461538461539,0.7115384615384616,0.6346153846153846,0.6192307692307693,0.083736696373374,9
0.2715914249420166,0.1246735349639081,0.03596696853637695,0.006418860658325455,,,sqrt,100,SimpleImputer(strategy='median'),,,,"{'balance': None, 'classify__max_depth': None, 'classify__max_features': 'sqrt', 'classify__n_estimators': 100, 'impute': SimpleImputer(strategy='median'), 'select': None, 'transform': None}",0.625,0.43628185907046474,0.6266866566716641,0.7008995502248876,0.6274362818590704,0.6032608695652174,0.08834150752614833,25,0.6283468723422974,0.43749233222917433,0.6312217194570137,0.7085691662512097,0.6336520353469506,0.6078564251253292,0.09033071380929272,19,0.6257440476190477,0.43553223388305845,0.5704647676161919,0.7436281859070465,0.7338830584707646,0.6218504586992218,0.1137991638254672,2,0.6346153846153846,0.46153846153846156,0.6538461538461539,0.7115384615384616,0.6346153846153846,0.6192307692307693,0.083736696373374,9
0.29768939018249513,0.06596562146043676,0.04586005210876465,0.008133599020335083,,,sqrt,100,,,,,"{'balance': None, 'classify__max_depth': None, 'classify__max_features': 'sqrt', 'classify__n_estimators': 100, 'impute': None, 'select': None, 'transform': None}",0.625,0.43628185907046474,0.6266866566716641,0.7008995502248876,0.6274362818590704,0.6032608695652174,0.08834150752614833,25,0.6283468723422974,0.43749233222917433,0.6312217194570137,0.7085691662512097,0.6336520353469506,0.6078564251253292,0.09033071380929272,19,0.6257440476190477,0.43553223388305845,0.5704647676161919,0.7436281859070465,0.7338830584707646,0.6218504586992218,0.1137991638254672,2,0.6346153846153846,0.46153846153846156,0.6538461538461539,0.7115384615384616,0.6346153846153846,0.6192307692307693,0.083736696373374,9
0.40584654808044435,0.03018732888297828,0.06086964607238769,0.011856915545384534,,,sqrt,100,,,StandardScaler(),,"{'balance': None, 'classify__max_depth': None, 'classify__max_features': 'sqrt', 'classify__n_estimators': 100, 'impute': None, 'select': None, 'transform': StandardScaler()}",0.625,0.43628185907046474,0.6266866566716641,0.7008995502248876,0.6274362818590704,0.6032608695652174,0.08834150752614833,25,0.6283468723422974,0.43749233222917433,0.6312217194570137,0.7085691662512097,0.6336520353469506,0.6078564251253292,0.09033071380929272,19,0.6257440476190477,0.43553223388305845,0.5704647676161919,0.7436281859070465,0.7338830584707646,0.6218504586992218,0.1137991638254672,2,0.6346153846153846,0.46153846153846156,0.6538461538461539,0.7115384615384616,0.6346153846153846,0.6192307692307693,0.083736696373374,9
0.6948474407196045,0.1455305717402227,0.05835576057434082,0.011966623854770249,,,sqrt,100,,SelectKBest(score_func=<function mutual_info_classif at 0x7a970c879120>),,all,"{'balance': None, 'classify__max_depth': None, 'classify__max_features': 'sqrt', 'classify__n_estimators': 100, 'impute': None, 'select': SelectKBest(score_func=<function mutual_info_classif at 0x7a970c879120>), 'select__k': 'all', 'transform': None}",0.625,0.43628185907046474,0.6266866566716641,0.7008995502248876,0.6274362818590704,0.6032608695652174,0.08834150752614833,25,0.6283468723422974,0.43749233222917433,0.6312217194570137,0.7085691662512097,0.6336520353469506,0.6078564251253292,0.09033071380929272,19,0.6257440476190477,0.43553223388305845,0.5704647676161919,0.7436281859070465,0.7338830584707646,0.6218504586992218,0.1137991638254672,2,0.6346153846153846,0.46153846153846156,0.6538461538461539,0.7115384615384616,0.6346153846153846,0.6192307692307693,0.083736696373374,9
0.7936087608337402,0.09871176259610451,0.09333157539367676,0.012577140460251535,,10,log2,200,SimpleImputer(strategy='median'),,StandardScaler(),,"{'balance': None, 'classify__max_depth': 10, 'classify__max_features': 'log2', 'classify__n_estimators': 200, 'impute': SimpleImputer(strategy='median'), 'select': None, 'transform': StandardScaler()}",0.6279761904761905,0.4835082458770615,0.6574212893553224,0.7008995502248876,0.5449775112443778,0.602956557435568,0.07850437927724166,31,0.6317253368100826,0.46854788404084186,0.6661157270913368,0.7085691662512097,0.5531393882518548,0.6056195004890651,0.08541982442013032,32,0.6205357142857143,0.4017991004497751,0.6131934032983508,0.7316341829085456,0.6446776611694153,0.6023680124223603,0.10878877895972822,81,0.6346153846153846,0.5192307692307693,0.6730769230769231,0.7115384615384616,0.5576923076923077,0.6192307692307691,0.0713355268884285,23
0.9470741271972656,0.20363071700106367,0.11213440895080566,0.04369124571596758,,10,log2,200,,,StandardScaler(),,"{'balance': None, 'classify__max_depth': 10, 'classify__max_features': 'log2', 'classify__n_estimators': 200, 'impute': None, 'select': None, 'transform': StandardScaler()}",0.6279761904761905,0.4835082458770615,0.6574212893553224,0.7008995502248876,0.5449775112443778,0.602956557435568,0.07850437927724166,31,0.6317253368100826,0.46854788404084186,0.6661157270913368,0.7085691662512097,0.5531393882518548,0.6056195004890651,0.08541982442013032,32,0.6205357142857143,0.4017991004497751,0.6131934032983508,0.7316341829085456,0.6446776611694153,0.6023680124223603,0.10878877895972822,81,0.6346153846153846,0.5192307692307693,0.6730769230769231,0.7115384615384616,0.5576923076923077,0.6192307692307691,0.0713355268884285,23
0.9241742134094239,0.1558859257470057,0.08739299774169922,0.031026605331302564,,10,log2,200,SimpleImputer(strategy='median'),SelectKBest(score_func=<function mutual_info_classif at 0x7a970c879120>),,all,"{'balance': None, 'classify__max_depth': 10, 'classify__max_features': 'log2', 'classify__n_estimators': 200, 'impute': SimpleImputer(strategy='median'), 'select': SelectKBest(score_func=<function mutual_info_classif at 0x7a970c879120>), 'select__k': 'all', 'transform': None}",0.6279761904761905,0.4835082458770615,0.6574212893553224,0.7008995502248876,0.5449775112443778,0.602956557435568,0.07850437927724166,31,0.6317253368100826,0.46854788404084186,0.6661157270913368,0.7085691662512097,0.5531393882518548,0.6056195004890651,0.08541982442013032,32,0.6205357142857143,0.4017991004497751,0.6131934032983508,0.7316341829085456,0.6446776611694153,0.6023680124223603,0.10878877895972822,81,0.6346153846153846,0.5192307692307693,0.6730769230769231,0.7115384615384616,0.5576923076923077,0.6192307692307691,0.0713355268884285,23
0.5654577255249024,0.1519170707319539,0.07055997848510742,0.01831380213980256,,10,log2,200,,,,,"{'balance': None, 'classify__max_depth': 10, 'classify__max_features': 'log2', 'classify__n_estimators': 200, 'impute': None, 'select': None, 'transform': None}",0.6279761904761905,0.4835082458770615,0.6574212893553224,0.7008995502248876,0.5449775112443778,0.602956557435568,0.07850437927724166,31,0.6317253368100826,0.46854788404084186,0.6661157270913368,0.7085691662512097,0.5531393882518548,0.6056195004890651,0.08541982442013032,32,0.6205357142857143,0.4017991004497751,0.6131934032983508,0.7316341829085456,0.6446776611694153,0.6023680124223603,0.10878877895972822,81,0.6346153846153846,0.5192307692307693,0.6730769230769231,0.7115384615384616,0.5576923076923077,0.6192307692307691,0.0713355268884285,23
0.6115970134735107,0.0955302302531074,0.07695074081420898,0.025597892140699786,,10,log2,200,SimpleImputer(strategy='median'),,,,"{'balance': None, 'classify__max_depth': 10, 'classify__max_features': 'log2', 'classify__n_estimators': 200, 'impute': SimpleImputer(strategy='median'), 'select': None, 'transform': None}",0.6279761904761905,0.4835082458770615,0.6574212893553224,0.7008995502248876,0.5449775112443778,0.602956557435568,0.07850437927724166,31,0.6317253368100826,0.46854788404084186,0.6661157270913368,0.7085691662512097,0.5531393882518548,0.6056195004890651,0.08541982442013032,32,0.6205357142857143,0.4017991004497751,0.6131934032983508,0.7316341829085456,0.6446776611694153,0.6023680124223603,0.10878877895972822,81,0.6346153846153846,0.5192307692307693,0.6730769230769231,0.7115384615384616,0.5576923076923077,0.6192307692307691,0.0713355268884285,23
0.822877311706543,0.11878449824800344,0.08720006942749023,0.02795873081039159,,10,log2,200,,SelectKBest(score_func=<function mutual_info_classif at 0x7a970c879120>),,all,"{'balance': None, 'classify__max_depth': 10, 'classify__max_features': 'log2', 'classify__n_estimators': 200, 'impute': None, 'select': SelectKBest(score_func=<function mutual_info_classif at 0x7a970c879120>), 'select__k': 'all', 'transform': None}",0.6279761904761905,0.4835082458770615,0.6574212893553224,0.7008995502248876,0.5449775112443778,0.602956557435568,0.07850437927724166,31,0.6317253368100826,0.46854788404084186,0.6661157270913368,0.7085691662512097,0.5531393882518548,0.6056195004890651,0.08541982442013032,32,0.6205357142857143,0.4017991004497751,0.6131934032983508,0.7316341829085456,0.6446776611694153,0.6023680124223603,0.10878877895972822,81,0.6346153846153846,0.5192307692307693,0.6730769230769231,0.7115384615384616,0.5576923076923077,0.6192307692307691,0.0713355268884285,23
0.6563416957855225,0.09607850330149935,0.05369553565979004,0.0028986993034385193,SMOTE(random_state=42),5,sqrt,100,,SelectKBest(score_func=<function mutual_info_classif at 0x7a970c879120>),,20,"{'balance': SMOTE(random_state=42), 'classify__max_depth': 5, 'classify__max_features': 'sqrt', 'classify__n_estimators': 100, 'impute': None, 'select': SelectKBest(score_func=<function mutual_info_classif at 0x7a970c879120>), 'select__k': 20, 'transform': None}",0.6101190476190476,0.47976011994003,0.6101949025487257,0.7143928035982009,0.5974512743628186,0.6023836296137646,0.07446846444809058,37,0.5844415471534116,0.48593749999999997,0.6153846153846154,0.7125017839303553,0.5975024975024975,0.599153588794176,0.07231640560530195,56,0.6383928571428571,0.512743628185907,0.6296851574212894,0.7481259370314842,0.6131934032983508,0.6284281966159776,0.07489117674431686,1,0.5961538461538461,0.5,0.6153846153846154,0.7115384615384616,0.5961538461538461,0.6038461538461539,0.06728021417129194,88
0.7892842292785645,0.09318696161730886,0.08580994606018066,0.025436145375213062,,10,sqrt,200,SimpleImputer(strategy='median'),SelectKBest(score_func=<function mutual_info_classif at 0x7a970c879120>),,20,"{'balance': None, 'classify__max_depth': 10, 'classify__max_features': 'sqrt', 'classify__n_estimators': 200, 'impute': SimpleImputer(strategy='median'), 'select': SelectKBest(score_func=<function mutual_info_classif at 0x7a970c879120>), 'select__k': 20, 'transform': None}",0.5863095238095238,0.47526236881559225,0.6356821589205397,0.6319340329835083,0.6791604197901049,0.6016697008638537,0.06970270763193297,38,0.5892254904835919,0.4776714513556619,0.6441105769230769,0.6352973267866885,0.6875812359683328,0.6067772163034704,0.0717116834736753,31,0.5892857142857143,0.40629685157421286,0.6049475262368815,0.6986506746626686,0.7076461769115442,0.6013653887342042,0.10860066042836775,87,0.5961538461538461,0.5,0.6538461538461539,0.6346153846153846,0.6923076923076923,0.6153846153846153,0.06549763986894769,37
1.0300408363342286,0.1262284109154301,0.09910078048706054,0.026729950944430807,SMOTE(random_state=42),10,log2,200,SimpleImputer(strategy='median'),SelectKBest(score_func=<function mutual_info_classif at 0x7a970c879120>),,20,"{'balance': SMOTE(random_state=42), 'classify__max_depth': 10, 'classify__max_features': 'log2', 'classify__n_estimators': 200, 'impute': SimpleImputer(strategy='median'), 'select': SelectKBest(score_func=<function mutual_info_classif at 0x7a970c879120>), 'select__k': 20, 'transform': None}",0.6190476190476191,0.4407796101949025,0.6964017991004497,0.6364317841079461,0.6101949025487257,0.6005711429999285,0.08536607183244178,39,0.6153846153846154,0.44639423076923074,0.7053962297864736,0.63583559297845,0.6153846153846154,0.603679056860677,0.0853146913520072,42,0.5446428571428572,0.3868065967016492,0.6836581709145427,0.638680659670165,0.6491754122938531,0.5805927393446135,0.10728069333488222,258,0.6153846153846154,0.46153846153846156,0.7115384615384616,0.6346153846153846,0.6153846153846154,0.6076923076923078,0.08122581569978028,57
1.0473753929138183,0.1608037741241841,0.13081398010253906,0.04320254063552388,,,log2,200,SimpleImputer(strategy='median'),SelectKBest(score_func=<function mutual_info_classif at 0x7a970c879120>),,20,"{'balance': None, 'classify__max_depth': None, 'classify__max_features': 'log2', 'classify__n_estimators': 200, 'impute': SimpleImputer(strategy='median'), 'select': SelectKBest(score_func=<function mutual_info_classif at 0x7a970c879120>), 'select__k': 20, 'transform': None}",0.6071428571428572,0.492503748125937,0.6139430284857571,0.6491754122938531,0.6356821589205397,0.599689440993789,0.05566296439017471,40,0.6107226107226107,0.4930493064821423,0.6214990138067061,0.6538461538461539,0.6441105769230769,0.6046455323561379,0.05788415887869677,39,0.5997023809523809,0.41754122938530736,0.6011994002998501,0.7121439280359821,0.6821589205397302,0.6025491718426501,0.10255397363981393,80,0.6153846153846154,0.5192307692307693,0.6346153846153846,0.6538461538461539,0.6538461538461539,0.6153846153846153,0.05014771080925113,37
1.0655373573303222,0.1683335440750885,0.09792356491088867,0.019190258299865044,,5,sqrt,200,SimpleImputer(strategy='median'),SelectKBest(score_func=<function mutual_info_classif at 0x7a970c879120>),,20,"{'balance': None, 'classify__max_depth': 5, 'classify__max_features': 'sqrt', 'classify__n_estimators': 200, 'impute': SimpleImputer(strategy='median'), 'select': SelectKBest(score_func=<function mutual_info_classif at 0x7a970c879120>), 'select__k': 20, 'transform': None}",0.6220238095238095,0.4535232383808096,0.6401799100449774,0.6881559220389806,0.5922038980509745,0.5992173556079103,0.07922638220508206,41,0.6237231603085261,0.4524932510007137,0.6485288904643743,0.6923076923076923,0.5982088087351246,0.6030523605632861,0.08142900766353862,44,0.5982142857142857,0.40929535232383807,0.5982008995502249,0.6941529235382309,0.6476761619190405,0.589507924609124,0.09691445648541298,213,0.6346153846153846,0.4807692307692308,0.6538461538461539,0.6923076923076923,0.6153846153846154,0.6153846153846154,0.07195494974565271,35
1.0707476615905762,0.10865362766143624,0.10611062049865723,0.016581148308411016,,5,log2,300,SimpleImputer(strategy='median'),SelectKBest(score_func=<function mutual_info_classif at 0x7a970c879120>),,20,"{'balance': None, 'classify__max_depth': 5, 'classify__max_features': 'log2', 'classify__n_estimators': 300, 'impute': SimpleImputer(strategy='median'), 'select': SelectKBest(score_func=<function mutual_info_classif at 0x7a970c879120>), 'select__k': 20, 'transform': None}",0.6220238095238095,0.4580209895052474,0.5967016491754122,0.7053973013493253,0.6139430284857571,0.5992173556079103,0.07994235828273388,41,0.6237231603085261,0.4621301775147929,0.6045673076923077,0.7107779226423294,0.6214990138067061,0.6045395163929325,0.08027783788927689,40,0.5758928571428572,0.41679160419790107,0.5997001499250375,0.7031484257871065,0.6506746626686657,0.5892415399443136,0.09672161847722871,215,0.6346153846153846,0.4807692307692308,0.6153846153846154,0.7115384615384616,0.6346153846153846,0.6153846153846154,0.0749753411139151,35
0.7874647617340088,0.05783382755495843,0.10908350944519044,0.0342082683324754,,5,log2,200,SimpleImputer(strategy='median'),SelectKBest(score_func=<function mutual_info_classif at 0x7a970c879120>),,20,"{'balance': None, 'classify__max_depth': 5, 'classify__max_features': 'log2', 'classify__n_estimators': 200, 'impute': SimpleImputer(strategy='median'), 'select': SelectKBest(score_func=<function mutual_info_classif at 0x7a970c879120>), 'select__k': 20, 'transform': None}",0.5267857142857143,0.47976011994003,0.6529235382308846,0.7053973013493253,0.631184407796102,0.5992102163204113,0.08330282218313649,43,0.5278270116979794,0.48593749999999997,0.6613412228796844,0.7107779226423294,0.638387927861612,0.604854317016321,0.08439134902708009,38,0.5416666666666666,0.40479760119940034,0.6551724137931034,0.7166416791604198,0.6836581709145427,0.6003873063468267,0.11415250357845091,103,0.5384615384615384,0.5,0.6730769230769231,0.7115384615384616,0.6538461538461539,0.6153846153846153,0.08158924398306319,37
0.6479720592498779,0.09838850297666363,0.05918488502502441,0.009595055183403416,,,log2,100,,SelectKBest(score_func=<function mutual_info_classif at 0x7a970c879120>),,20,"{'balance': None, 'classify__max_depth': None, 'classify__max_features': 'log2', 'classify__n_estimators': 100, 'impute': None, 'select': SelectKBest(score_func=<function mutual_info_classif at 0x7a970c879120>), 'select__k': 20, 'transform': None}",0.6130952380952381,0.47526236881559225,0.618440779610195,0.6664167916041979,0.618440779610195,0.5983311915470836,0.06451101022037199,44,0.6153846153846154,0.4776714513556619,0.6268352243962,0.6722149789946401,0.6268352243962,0.6037882989054635,0.06600676615160324,41,0.6011904761904763,0.4272863568215892,0.6214392803598201,0.6776611694152923,0.6911544227886057,0.6037463411151567,0.0944047384255531,60,0.6153846153846154,0.5,0.6346153846153846,0.6730769230769231,0.6346153846153846,0.6115384615384616,0.05883484054145522,41
1.0983910083770752,0.10481295671478054,0.093815279006958,0.015119956250293104,SMOTE(random_state=42),,sqrt,200,SimpleImputer(strategy='median'),SelectKBest(score_func=<function mutual_info_classif at 0x7a970c879120>),,20,"{'balance': SMOTE(random_state=42), 'classify__max_depth': None, 'classify__max_features': 'sqrt', 'classify__n_estimators': 200, 'impute': SimpleImputer(strategy='median'), 'select': SelectKBest(score_func=<function mutual_info_classif at 0x7a970c879120>), 'select__k': 20, 'transform': None}",0.6339285714285714,0.47976011994003,0.631184407796102,0.6409295352323838,0.6056971514242879,0.598299957164275,0.06045573201291495,45,0.6350221207364064,0.48593749999999997,0.638387927861612,0.6352912718062551,0.613053613053613,0.6015384866915773,0.05850550713495165,46,0.6034226190476191,0.4280359820089955,0.6611694152923538,0.6604197901049476,0.6334332833583208,0.5972962179624475,0.08724312976719122,159,0.6346153846153846,0.5,0.6538461538461539,0.6346153846153846,0.6153846153846154,0.6076923076923076,0.055202692670797394,73
1.334072971343994,0.05364299981759638,0.1443361759185791,0.028545032548989494,SMOTE(random_state=42),5,log2,300,SimpleImputer(strategy='median'),SelectKBest(score_func=<function mutual_info_classif at 0x7a970c879120>),,20,"{'balance': SMOTE(random_state=42), 'classify__max_depth': 5, 'classify__max_features': 'log2', 'classify__n_estimators': 300, 'impute': SimpleImputer(strategy='median'), 'select': SelectKBest(score_func=<function mutual_info_classif at 0x7a970c879120>), 'select__k': 20, 'transform': None}",0.6041666666666667,0.48425787106446777,0.588455772113943,0.7316341829085458,0.5802098950524738,0.5977448775612194,0.07904511268496088,46,0.593006993006993,0.4923195084485407,0.5950890916992612,0.7315705128205129,0.5781766381766382,0.5980325488303893,0.07672784640859992,58,0.6086309523809524,0.42728635682158916,0.6206896551724138,0.7031484257871065,0.6296851574212894,0.5978881095166703,0.0914670034674058,141,0.5961538461538461,0.5,0.5961538461538461,0.7307692307692307,0.5769230769230769,0.6,0.07438107540697582,116
0.5985405921936036,0.08718065374675739,0.06443710327148437,0.026626286835178467,,,sqrt,100,,SelectKBest(score_func=<function mutual_info_classif at 0x7a970c879120>),,20,"{'balance': None, 'classify__max_depth': None, 'classify__max_features': 'sqrt', 'classify__n_estimators': 100, 'impute': None, 'select': SelectKBest(score_func=<function mutual_info_classif at 0x7a970c879120>), 'select__k': 20, 'transform': None}",0.5863095238095238,0.4707646176911544,0.6746626686656672,0.6364317841079461,0.618440779610195,0.5973218747768974,0.0694193096241692,47,0.5892254904835919,0.46732026143790856,0.6836538461538461,0.63583559297845,0.6268352243962,0.6005740830899994,0.07310354326856651,54,0.556547619047619,0.41379310344827586,0.6026986506746627,0.6724137931034483,0.6431784107946027,0.5777263154137218,0.09076998172793758,274,0.5961538461538461,0.5,0.6923076923076923,0.6346153846153846,0.6346153846153846,0.6115384615384616,0.06366517445094941,41
0.9293205261230468,0.052638967275794146,0.10321598052978516,0.010727943835140563,,10,sqrt,300,SimpleImputer(strategy='median'),SelectKBest(score_func=<function mutual_info_classif at 0x7a970c879120>),,10,"{'balance': None, 'classify__max_depth': 10, 'classify__max_features': 'sqrt', 'classify__n_estimators': 300, 'impute': SimpleImputer(strategy='median'), 'select': SelectKBest(score_func=<function mutual_info_classif at 0x7a970c879120>), 'select__k': 10, 'transform': None}",0.5505952380952381,0.5232383808095952,0.6356821589205397,0.6536731634182908,0.6229385307346327,0.5972254943956592,0.05094092343426303,48,0.5541938287700999,0.5313718539524991,0.6441105769230769,0.6548763736263736,0.6308542772515323,0.6030813821047164,0.05033825379940424,43,0.5758928571428572,0.41679160419790107,0.6191904047976012,0.6776611694152924,0.6506746626686657,0.5880421396444635,0.09208579566418514,221,0.5576923076923077,0.5384615384615384,0.6538461538461539,0.6538461538461539,0.6346153846153846,0.6076923076923076,0.04955422587201972,73
0.9025019645690918,0.13683937836770368,0.12357568740844727,0.03791359161218557,,10,sqrt,200,,,StandardScaler(),,"{'balance': None, 'classify__max_depth': 10, 'classify__max_features': 'sqrt', 'classify__n_estimators': 200, 'impute': None, 'select': None, 'transform': StandardScaler()}",0.5535714285714286,0.4707646176911544,0.6874062968515742,0.7053973013493253,0.5667166416791605,0.5967712572285285,0.08793350463632073,49,0.5568667987480977,0.46732026143790856,0.6958295838892854,0.7107779226423294,0.5743589743589743,0.601030708215319,0.09118288629702798,47,0.5863095238095238,0.4145427286356822,0.6086956521739131,0.7301349325337331,0.6791604197901049,0.6037686513885914,0.10750618779159747,54,0.5576923076923077,0.5,0.7115384615384616,0.7115384615384616,0.5769230769230769,0.6115384615384615,0.08548504142651105,43
0.55728120803833,0.15501189754857156,0.0759697437286377,0.030296287448038063,,10,sqrt,200,SimpleImputer(strategy='median'),,,,"{'balance': None, 'classify__max_depth': 10, 'classify__max_features': 'sqrt', 'classify__n_estimators': 200, 'impute': SimpleImputer(strategy='median'), 'select': None, 'transform': None}",0.5535714285714286,0.4707646176911544,0.6874062968515742,0.7053973013493253,0.5667166416791605,0.5967712572285285,0.08793350463632073,49,0.5568667987480977,0.46732026143790856,0.6958295838892854,0.7107779226423294,0.5743589743589743,0.601030708215319,0.09118288629702798,47,0.5863095238095238,0.4145427286356822,0.6086956521739131,0.7301349325337331,0.6791604197901049,0.6037686513885914,0.10750618779159747,54,0.5576923076923077,0.5,0.7115384615384616,0.7115384615384616,0.5769230769230769,0.6115384615384615,0.08548504142651105,43
0.5950149536132813,0.07852984324780082,0.0768822193145752,0.03184938327934141,,10,sqrt,200,,,,,"{'balance': None, 'classify__max_depth': 10, 'classify__max_features': 'sqrt', 'classify__n_estimators': 200, 'impute': None, 'select': None, 'transform': None}",0.5535714285714286,0.4707646176911544,0.6874062968515742,0.7053973013493253,0.5667166416791605,0.5967712572285285,0.08793350463632073,49,0.5568667987480977,0.46732026143790856,0.6958295838892854,0.7107779226423294,0.5743589743589743,0.601030708215319,0.09118288629702798,47,0.5863095238095238,0.4145427286356822,0.6086956521739131,0.7301349325337331,0.6791604197901049,0.6037686513885914,0.10750618779159747,54,0.5576923076923077,0.5,0.7115384615384616,0.7115384615384616,0.5769230769230769,0.6115384615384615,0.08548504142651105,43
0.8162010669708252,0.12935016757563328,0.0741687297821045,0.010508351810968946,,10,sqrt,200,SimpleImputer(strategy='median'),SelectKBest(score_func=<function mutual_info_classif at 0x7a970c879120>),,all,"{'balance': None, 'classify__max_depth': 10, 'classify__max_features': 'sqrt', 'classify__n_estimators': 200, 'impute': SimpleImputer(strategy='median'), 'select': SelectKBest(score_func=<function mutual_info_classif at 0x7a970c879120>), 'select__k': 'all', 'transform': None}",0.5535714285714286,0.4707646176911544,0.6874062968515742,0.7053973013493253,0.5667166416791605,0.5967712572285285,0.08793350463632073,49,0.5568667987480977,0.46732026143790856,0.6958295838892854,0.7107779226423294,0.5743589743589743,0.601030708215319,0.09118288629702798,47,0.5863095238095238,0.4145427286356822,0.6086956521739131,0.7301349325337331,0.6791604197901049,0.6037686513885914,0.10750618779159747,54,0.5576923076923077,0.5,0.7115384615384616,0.7115384615384616,0.5769230769230769,0.6115384615384615,0.08548504142651105,43
0.8329853534698486,0.11038381605453217,0.07854609489440918,0.02128165726531832,,10,sqrt,200,,SelectKBest(score_func=<function mutual_info_classif at 0x7a970c879120>),,all,"{'balance': None, 'classify__max_depth': 10, 'classify__max_features': 'sqrt', 'classify__n_estimators': 200, 'impute': None, 'select': SelectKBest(score_func=<function mutual_info_classif at 0x7a970c879120>), 'select__k': 'all', 'transform': None}",0.5535714285714286,0.4707646176911544,0.6874062968515742,0.7053973013493253,0.5667166416791605,0.5967712572285285,0.08793350463632073,49,0.5568667987480977,0.46732026143790856,0.6958295838892854,0.7107779226423294,0.5743589743589743,0.601030708215319,0.09118288629702798,47,0.5863095238095238,0.4145427286356822,0.6086956521739131,0.7301349325337331,0.6791604197901049,0.6037686513885914,0.10750618779159747,54,0.5576923076923077,0.5,0.7115384615384616,0.7115384615384616,0.5769230769230769,0.6115384615384615,0.08548504142651105,43
0.928339958190918,0.2909483334669099,0.11354365348815917,0.028610151898199397,,10,sqrt,200,SimpleImputer(strategy='median'),,StandardScaler(),,"{'balance': None, 'classify__max_depth': 10, 'classify__max_features': 'sqrt', 'classify__n_estimators': 200, 'impute': SimpleImputer(strategy='median'), 'select': None, 'transform': StandardScaler()}",0.5535714285714286,0.4707646176911544,0.6874062968515742,0.7053973013493253,0.5667166416791605,0.5967712572285285,0.08793350463632073,49,0.5568667987480977,0.46732026143790856,0.6958295838892854,0.7107779226423294,0.5743589743589743,0.601030708215319,0.09118288629702798,47,0.5863095238095238,0.4145427286356822,0.6086956521739131,0.7301349325337331,0.6791604197901049,0.6037686513885914,0.10750618779159747,54,0.5576923076923077,0.5,0.7115384615384616,0.7115384615384616,0.5769230769230769,0.6115384615384615,0.08548504142651105,43
0.7234421730041504,0.049649336097152066,0.07631912231445312,0.024831413431567417,,10,sqrt,200,,SelectKBest(score_func=<function mutual_info_classif at 0x7a970c879120>),,20,"{'balance': None, 'classify__max_depth': 10, 'classify__max_features': 'sqrt', 'classify__n_estimators': 200, 'impute': None, 'select': SelectKBest(score_func=<function mutual_info_classif at 0x7a970c879120>), 'select__k': 20, 'transform': None}",0.5922619047619048,0.41454272863568215,0.6746626686656672,0.6229385307346327,0.6791604197901049,0.5967132505175983,0.09671331485881376,55,0.5954001205960892,0.41193719551928515,0.6836538461538461,0.6308542772515323,0.6875812359683328,0.601885335097817,0.1009865636333006,45,0.5505952380952381,0.3853073463268366,0.6146926536731635,0.6911544227886056,0.7076461769115442,0.5898791675590775,0.11673415272589237,208,0.5961538461538461,0.4423076923076923,0.6923076923076923,0.6346153846153846,0.6923076923076923,0.6115384615384615,0.0921472965439303,43
1.495688533782959,0.06913277314787994,0.15962700843811034,0.027128563918932782,SMOTE(random_state=42),,sqrt,300,SimpleImputer(strategy='median'),SelectKBest(score_func=<function mutual_info_classif at 0x7a970c879120>),,20,"{'balance': SMOTE(random_state=42), 'classify__max_depth': None, 'classify__max_features': 'sqrt', 'classify__n_estimators': 300, 'impute': SimpleImputer(strategy='median'), 'select': SelectKBest(score_func=<function mutual_info_classif at 0x7a970c879120>), 'select__k': 20, 'transform': None}",0.5446428571428572,0.47976011994003,0.6229385307346327,0.684407796101949,0.6491754122938531,0.5961849432426645,0.07418671328635063,56,0.5364102564102564,0.48593749999999997,0.6308542772515323,0.6722302854378325,0.6538461538461539,0.595855694589155,0.07216182079539898,79,0.5587797619047619,0.43103448275862066,0.6394302848575711,0.6941529235382309,0.6604197901049476,0.5967634486328265,0.094091603379456,166,0.5384615384615384,0.5,0.6346153846153846,0.6730769230769231,0.6538461538461539,0.5999999999999999,0.06815401979488213,126
0.5963922023773194,0.09002030261756064,0.07126493453979492,0.018930327783539386,,5,sqrt,100,SimpleImputer(strategy='median'),SelectKBest(score_func=<function mutual_info_classif at 0x7a970c879120>),,10,"{'balance': None, 'classify__max_depth': 5, 'classify__max_features': 'sqrt', 'classify__n_estimators': 100, 'impute': SimpleImputer(strategy='median'), 'select': SelectKBest(score_func=<function mutual_info_classif at 0x7a970c879120>), 'select__k': 10, 'transform': None}",0.5505952380952381,0.47976011994003,0.6529235382308846,0.6926536731634183,0.6011994002998501,0.5954263939458843,0.07507451299161345,57,0.5541938287700999,0.48593749999999997,0.6613412228796844,0.6932234432234433,0.6094765449604159,0.6008345079667288,0.07436146597056399,53,0.5505952380952381,0.39580209895052476,0.6041979010494752,0.6971514242878561,0.5787106446776612,0.5652914614121511,0.09800352881583146,308,0.5576923076923077,0.5,0.6730769230769231,0.6923076923076923,0.6153846153846154,0.6076923076923078,0.07154259706822413,57
0.8163054466247559,0.11454570699327811,0.0907780647277832,0.030547342729461458,,10,log2,200,,SelectKBest(score_func=<function mutual_info_classif at 0x7a970c879120>),,20,"{'balance': None, 'classify__max_depth': 10, 'classify__max_features': 'log2', 'classify__n_estimators': 200, 'impute': None, 'select': SelectKBest(score_func=<function mutual_info_classif at 0x7a970c879120>), 'select__k': 20, 'transform': None}",0.5714285714285714,0.47526236881559225,0.5967016491754122,0.709895052473763,0.618440779610195,0.5943456843007068,0.07568858667326031,58,0.575020182216584,0.4776714513556619,0.6045673076923077,0.7120768369368593,0.6268352243962,0.5992342005195226,0.07600992015707335,55,0.5505952380952381,0.4137931034482759,0.5997001499250374,0.6926536731634183,0.6446776611694153,0.580283965160277,0.09565679812913969,265,0.5769230769230769,0.5,0.6153846153846154,0.7115384615384616,0.6346153846153846,0.6076923076923076,0.06944411571256842,73
1.0892109394073486,0.08416816958944365,0.1173947811126709,0.04132997834651276,SMOTE(random_state=42),10,sqrt,200,SimpleImputer(strategy='median'),SelectKBest(score_func=<function mutual_info_classif at 0x7a970c879120>),,20,"{'balance': SMOTE(random_state=42), 'classify__max_depth': 10, 'classify__max_features': 'sqrt', 'classify__n_estimators': 200, 'impute': SimpleImputer(strategy='median'), 'select': SelectKBest(score_func=<function mutual_info_classif at 0x7a970c879120>), 'select__k': 20, 'transform': None}",0.5803571428571428,0.4580209895052474,0.6574212893553224,0.6626686656671663,0.6101949025487257,0.593732597986721,0.07439890023855492,59,0.5769230769230769,0.4621301775147929,0.6661157270913368,0.6538461538461539,0.6153846153846154,0.5948799501519952,0.07337157736064125,82,0.5684523809523809,0.4737631184407797,0.671664167916042,0.6416791604197901,0.6491754122938531,0.6009468480045692,0.07241221786179351,97,0.5769230769230769,0.4807692307692308,0.6730769230769231,0.6538461538461539,0.6153846153846154,0.6,0.06815401979488213,116
1.153820848464966,0.11190952788244443,0.15514092445373534,0.043416533621229284,SMOTE(random_state=42),5,sqrt,300,SimpleImputer(strategy='median'),,StandardScaler(),,"{'balance': SMOTE(random_state=42), 'classify__max_depth': 5, 'classify__max_features': 'sqrt', 'classify__n_estimators': 300, 'impute': SimpleImputer(strategy='median'), 'select': None, 'transform': StandardScaler()}",0.5803571428571428,0.4670164917541229,0.6619190404797601,0.7143928035982009,0.5412293853073463,0.5929829727993147,0.0874047232005036,60,0.5769230769230769,0.4754244992521774,0.669711721751371,0.7125017839303553,0.5398290598290598,0.594878028337208,0.08608988834329447,83,0.65625,0.41679160419790107,0.5787106446776612,0.7331334332833583,0.6086956521739131,0.5987162668665666,0.10485656966845146,120,0.5769230769230769,0.4807692307692308,0.6730769230769231,0.7115384615384616,0.5384615384615384,0.5961538461538461,0.085138244696841,130
1.4840057849884034,0.08227427316775413,0.14503903388977052,0.04809089535251775,SMOTE(random_state=42),5,sqrt,300,,SelectKBest(score_func=<function mutual_info_classif at 0x7a970c879120>),,all,"{'balance': SMOTE(random_state=42), 'classify__max_depth': 5, 'classify__max_features': 'sqrt', 'classify__n_estimators': 300, 'impute': None, 'select': SelectKBest(score_func=<function mutual_info_classif at 0x7a970c879120>), 'select__k': 'all', 'transform': None}",0.5803571428571428,0.4670164917541229,0.6619190404797601,0.7143928035982009,0.5412293853073463,0.5929829727993147,0.0874047232005036,60,0.5769230769230769,0.4754244992521774,0.669711721751371,0.7125017839303553,0.5398290598290598,0.594878028337208,0.08608988834329447,83,0.65625,0.41679160419790107,0.5787106446776612,0.7331334332833583,0.6086956521739131,0.5987162668665666,0.10485656966845146,120,0.5769230769230769,0.4807692307692308,0.6730769230769231,0.7115384615384616,0.5384615384615384,0.5961538461538461,0.085138244696841,130
0.944673490524292,0.0937823935075925,0.09453659057617188,0.0013176915683043489,SMOTE(random_state=42),5,sqrt,300,SimpleImputer(strategy='median'),,,,"{'balance': SMOTE(random_state=42), 'classify__max_depth': 5, 'classify__max_features': 'sqrt', 'classify__n_estimators': 300, 'impute': SimpleImputer(strategy='median'), 'select': None, 'transform': None}",0.5803571428571428,0.4670164917541229,0.6619190404797601,0.7143928035982009,0.5412293853073463,0.5929829727993147,0.0874047232005036,60,0.5769230769230769,0.4754244992521774,0.669711721751371,0.7125017839303553,0.5398290598290598,0.594878028337208,0.08608988834329447,83,0.65625,0.41679160419790107,0.5787106446776612,0.7331334332833583,0.6086956521739131,0.5987162668665666,0.10485656966845146,120,0.5769230769230769,0.4807692307692308,0.6730769230769231,0.7115384615384616,0.5384615384615384,0.5961538461538461,0.085138244696841,130
1.1996359825134277,0.09256780578157592,0.1493292808532715,0.02559158116425342,SMOTE(random_state=42),5,sqrt,300,,,StandardScaler(),,"{'balance': SMOTE(random_state=42), 'classify__max_depth': 5, 'classify__max_features': 'sqrt', 'classify__n_estimators': 300, 'impute': None, 'select': None, 'transform': StandardScaler()}",0.5803571428571428,0.4670164917541229,0.6619190404797601,0.7143928035982009,0.5412293853073463,0.5929829727993147,0.0874047232005036,60,0.5769230769230769,0.4754244992521774,0.669711721751371,0.7125017839303553,0.5398290598290598,0.594878028337208,0.08608988834329447,83,0.65625,0.41679160419790107,0.5787106446776612,0.7331334332833583,0.6086956521739131,0.5987162668665666,0.10485656966845146,120,0.5769230769230769,0.4807692307692308,0.6730769230769231,0.7115384615384616,0.5384615384615384,0.5961538461538461,0.085138244696841,130
1.5256848812103272,0.1061877589928732,0.13386898040771483,0.019182672321033878,SMOTE(random_state=42),5,sqrt,300,SimpleImputer(strategy='median'),SelectKBest(score_func=<function mutual_info_classif at 0x7a970c879120>),,all,"{'balance': SMOTE(random_state=42), 'classify__max_depth': 5, 'classify__max_features': 'sqrt', 'classify__n_estimators': 300, 'impute': SimpleImputer(strategy='median'), 'select': SelectKBest(score_func=<function mutual_info_classif at 0x7a970c879120>), 'select__k': 'all', 'transform': None}",0.5803571428571428,0.4670164917541229,0.6619190404797601,0.7143928035982009,0.5412293853073463,0.5929829727993147,0.0874047232005036,60,0.5769230769230769,0.4754244992521774,0.669711721751371,0.7125017839303553,0.5398290598290598,0.594878028337208,0.08608988834329447,83,0.65625,0.41679160419790107,0.5787106446776612,0.7331334332833583,0.6086956521739131,0.5987162668665666,0.10485656966845146,120,0.5769230769230769,0.4807692307692308,0.6730769230769231,0.7115384615384616,0.5384615384615384,0.5961538461538461,0.085138244696841,130
0.9027317047119141,0.08009713720587718,0.0932833194732666,0.005449176635747553,SMOTE(random_state=42),5,sqrt,300,,,,,"{'balance': SMOTE(random_state=42), 'classify__max_depth': 5, 'classify__max_features': 'sqrt', 'classify__n_estimators': 300, 'impute': None, 'select': None, 'transform': None}",0.5803571428571428,0.4670164917541229,0.6619190404797601,0.7143928035982009,0.5412293853073463,0.5929829727993147,0.0874047232005036,60,0.5769230769230769,0.4754244992521774,0.669711721751371,0.7125017839303553,0.5398290598290598,0.594878028337208,0.08608988834329447,83,0.65625,0.41679160419790107,0.5787106446776612,0.7331334332833583,0.6086956521739131,0.5987162668665666,0.10485656966845146,120,0.5769230769230769,0.4807692307692308,0.6730769230769231,0.7115384615384616,0.5384615384615384,0.5961538461538461,0.085138244696841,130
1.0493179321289063,0.10974256300128114,0.09650273323059082,0.011992917019133726,SMOTE(random_state=42),5,log2,200,,SelectKBest(score_func=<function mutual_info_classif at 0x7a970c879120>),,20,"{'balance': SMOTE(random_state=42), 'classify__max_depth': 5, 'classify__max_features': 'log2', 'classify__n_estimators': 200, 'impute': None, 'select': SelectKBest(score_func=<function mutual_info_classif at 0x7a970c879120>), 'select__k': 20, 'transform': None}",0.6190476190476191,0.48425787106446777,0.6446776611694153,0.6754122938530734,0.5412293853073463,0.5929249660883844,0.07020806834084493,66,0.6153846153846154,0.4923195084485407,0.6517482517482518,0.6741686884544027,0.5398290598290598,0.5946900247729742,0.06854226931440167,90,0.6235119047619047,0.4482758620689655,0.6356821589205397,0.6911544227886057,0.649175412293853,0.6095599521667736,0.08380528229499427,28,0.6153846153846154,0.5,0.6538461538461539,0.6730769230769231,0.5384615384615384,0.5961538461538461,0.06661733875264915,130
0.8345637798309327,0.04069257087360295,0.10655350685119629,0.03543295933749257,,5,sqrt,200,,,StandardScaler(),,"{'balance': None, 'classify__max_depth': 5, 'classify__max_features': 'sqrt', 'classify__n_estimators': 200, 'impute': None, 'select': None, 'transform': StandardScaler()}",0.6071428571428572,0.4707646176911544,0.5967016491754122,0.7226386806596702,0.5667166416791605,0.5927928892696509,0.08081088945989791,67,0.6107226107226107,0.46732026143790856,0.6045673076923077,0.7291375291375292,0.5743589743589743,0.5972213366698661,0.08370795240994558,59,0.6235119047619049,0.4212893553223388,0.5982008995502248,0.7406296851574213,0.6056971514242878,0.5978657992432355,0.10225451849824768,142,0.6153846153846154,0.5,0.6153846153846154,0.7307692307692307,0.5769230769230769,0.6076923076923076,0.07457969011409736,73
0.8286869049072265,0.10044856680085162,0.13671350479125977,0.04251146556596913,,5,sqrt,200,SimpleImputer(strategy='median'),,StandardScaler(),,"{'balance': None, 'classify__max_depth': 5, 'classify__max_features': 'sqrt', 'classify__n_estimators': 200, 'impute': SimpleImputer(strategy='median'), 'select': None, 'transform': StandardScaler()}",0.6071428571428572,0.4707646176911544,0.5967016491754122,0.7226386806596702,0.5667166416791605,0.5927928892696509,0.08081088945989791,67,0.6107226107226107,0.46732026143790856,0.6045673076923077,0.7291375291375292,0.5743589743589743,0.5972213366698661,0.08370795240994558,59,0.6235119047619049,0.4212893553223388,0.5982008995502248,0.7406296851574213,0.6056971514242878,0.5978657992432355,0.10225451849824768,142,0.6153846153846154,0.5,0.6153846153846154,0.7307692307692307,0.5769230769230769,0.6076923076923076,0.07457969011409736,73
1.061407709121704,0.14293367968195878,0.127024507522583,0.04635334806390198,,5,sqrt,200,SimpleImputer(strategy='median'),SelectKBest(score_func=<function mutual_info_classif at 0x7a970c879120>),,all,"{'balance': None, 'classify__max_depth': 5, 'classify__max_features': 'sqrt', 'classify__n_estimators': 200, 'impute': SimpleImputer(strategy='median'), 'select': SelectKBest(score_func=<function mutual_info_classif at 0x7a970c879120>), 'select__k': 'all', 'transform': None}",0.6071428571428572,0.4707646176911544,0.5967016491754122,0.7226386806596702,0.5667166416791605,0.5927928892696509,0.08081088945989791,67,0.6107226107226107,0.46732026143790856,0.6045673076923077,0.7291375291375292,0.5743589743589743,0.5972213366698661,0.08370795240994558,59,0.6235119047619049,0.4212893553223388,0.5982008995502248,0.7406296851574213,0.6056971514242878,0.5978657992432355,0.10225451849824768,142,0.6153846153846154,0.5,0.6153846153846154,0.7307692307692307,0.5769230769230769,0.6076923076923076,0.07457969011409736,73
0.5594629764556884,0.0748944448468258,0.07369861602783204,0.02252767213634649,,5,sqrt,200,,,,,"{'balance': None, 'classify__max_depth': 5, 'classify__max_features': 'sqrt', 'classify__n_estimators': 200, 'impute': None, 'select': None, 'transform': None}",0.6071428571428572,0.4707646176911544,0.5967016491754122,0.7226386806596702,0.5667166416791605,0.5927928892696509,0.08081088945989791,67,0.6107226107226107,0.46732026143790856,0.6045673076923077,0.7291375291375292,0.5743589743589743,0.5972213366698661,0.08370795240994558,59,0.6235119047619049,0.4212893553223388,0.5982008995502248,0.7406296851574213,0.6056971514242878,0.5978657992432355,0.10225451849824768,142,0.6153846153846154,0.5,0.6153846153846154,0.7307692307692307,0.5769230769230769,0.6076923076923076,0.07457969011409736,73
0.489348840713501,0.044539448934670996,0.06475696563720704,0.008269279901110777,,5,sqrt,200,SimpleImputer(strategy='median'),,,,"{'balance': None, 'classify__max_depth': 5, 'classify__max_features': 'sqrt', 'classify__n_estimators': 200, 'impute': SimpleImputer(strategy='median'), 'select': None, 'transform': None}",0.6071428571428572,0.4707646176911544,0.5967016491754122,0.7226386806596702,0.5667166416791605,0.5927928892696509,0.08081088945989791,67,0.6107226107226107,0.46732026143790856,0.6045673076923077,0.7291375291375292,0.5743589743589743,0.5972213366698661,0.08370795240994558,59,0.6235119047619049,0.4212893553223388,0.5982008995502248,0.7406296851574213,0.6056971514242878,0.5978657992432355,0.10225451849824768,142,0.6153846153846154,0.5,0.6153846153846154,0.7307692307692307,0.5769230769230769,0.6076923076923076,0.07457969011409736,73
0.9875009536743165,0.11873038930722557,0.09450654983520508,0.006280634525447413,,5,sqrt,200,,SelectKBest(score_func=<function mutual_info_classif at 0x7a970c879120>),,all,"{'balance': None, 'classify__max_depth': 5, 'classify__max_features': 'sqrt', 'classify__n_estimators': 200, 'impute': None, 'select': SelectKBest(score_func=<function mutual_info_classif at 0x7a970c879120>), 'select__k': 'all', 'transform': None}",0.6071428571428572,0.4707646176911544,0.5967016491754122,0.7226386806596702,0.5667166416791605,0.5927928892696509,0.08081088945989791,67,0.6107226107226107,0.46732026143790856,0.6045673076923077,0.7291375291375292,0.5743589743589743,0.5972213366698661,0.08370795240994558,59,0.6235119047619049,0.4212893553223388,0.5982008995502248,0.7406296851574213,0.6056971514242878,0.5978657992432355,0.10225451849824768,142,0.6153846153846154,0.5,0.6153846153846154,0.7307692307692307,0.5769230769230769,0.6076923076923076,0.07457969011409736,73
0.5499202251434326,0.0663496041153434,0.07264523506164551,0.023508016657038965,,5,log2,100,,SelectKBest(score_func=<function mutual_info_classif at 0x7a970c879120>),,20,"{'balance': None, 'classify__max_depth': 5, 'classify__max_features': 'log2', 'classify__n_estimators': 100, 'impute': None, 'select': SelectKBest(score_func=<function mutual_info_classif at 0x7a970c879120>), 'select__k': 20, 'transform': None}",0.6071428571428572,0.47526236881559225,0.618440779610195,0.6836581709145427,0.5794602698650675,0.5927928892696508,0.06798737712793092,73,0.6107226107226107,0.4776714513556619,0.6268352243962,0.6904428904428905,0.5875547217010632,0.5986453797236853,0.06946222551239042,57,0.5877976190476191,0.4302848575712144,0.5847076461769115,0.712143928035982,0.6446776611694153,0.5919223424002285,0.0932009602926852,201,0.6153846153846154,0.5,0.6346153846153846,0.6923076923076923,0.5961538461538461,0.6076923076923078,0.06272887088576957,57
0.861255407333374,0.06042497830779155,0.07260470390319824,0.004265632178381888,,5,log2,200,,SelectKBest(score_func=<function mutual_info_classif at 0x7a970c879120>),,all,"{'balance': None, 'classify__max_depth': 5, 'classify__max_features': 'log2', 'classify__n_estimators': 200, 'impute': None, 'select': SelectKBest(score_func=<function mutual_info_classif at 0x7a970c879120>), 'select__k': 'all', 'transform': None}",0.6071428571428572,0.4707646176911544,0.643928035982009,0.7181409295352323,0.5232383808095952,0.5926429642321696,0.08747739402799927,74,0.6107226107226107,0.46732026143790856,0.6477623825449913,0.7266335814722911,0.5313718539524991,0.5967621380260602,0.0902148549049354,65,0.5907738095238095,0.43178410794602706,0.6071964017991005,0.7406296851574213,0.6101949025487257,0.5961157813950168,0.09822291559882337,174,0.6153846153846154,0.5,0.6730769230769231,0.7307692307692307,0.5384615384615384,0.6115384615384615,0.0846153846153846,43
0.7441358089447021,0.06051115044197241,0.08499374389648437,0.02578493993195768,,5,log2,200,SimpleImputer(strategy='median'),SelectKBest(score_func=<function mutual_info_classif at 0x7a970c879120>),,all,"{'balance': None, 'classify__max_depth': 5, 'classify__max_features': 'log2', 'classify__n_estimators': 200, 'impute': SimpleImputer(strategy='median'), 'select': SelectKBest(score_func=<function mutual_info_classif at 0x7a970c879120>), 'select__k': 'all', 'transform': None}",0.6071428571428572,0.4707646176911544,0.643928035982009,0.7181409295352323,0.5232383808095952,0.5926429642321696,0.08747739402799927,74,0.6107226107226107,0.46732026143790856,0.6477623825449913,0.7266335814722911,0.5313718539524991,0.5967621380260602,0.0902148549049354,65,0.5907738095238095,0.43178410794602706,0.6071964017991005,0.7406296851574213,0.6101949025487257,0.5961157813950168,0.09822291559882337,174,0.6153846153846154,0.5,0.6730769230769231,0.7307692307692307,0.5384615384615384,0.6115384615384615,0.0846153846153846,43
0.749695873260498,0.08209630563490797,0.11139211654663086,0.034872051205669025,,5,log2,200,SimpleImputer(strategy='median'),,StandardScaler(),,"{'balance': None, 'classify__max_depth': 5, 'classify__max_features': 'log2', 'classify__n_estimators': 200, 'impute': SimpleImputer(strategy='median'), 'select': None, 'transform': StandardScaler()}",0.6071428571428572,0.4707646176911544,0.643928035982009,0.7181409295352323,0.5232383808095952,0.5926429642321696,0.08747739402799927,74,0.6107226107226107,0.46732026143790856,0.6477623825449913,0.7266335814722911,0.5313718539524991,0.5967621380260602,0.0902148549049354,65,0.5907738095238095,0.43178410794602706,0.6071964017991005,0.7406296851574213,0.6101949025487257,0.5961157813950168,0.09822291559882337,174,0.6153846153846154,0.5,0.6730769230769231,0.7307692307692307,0.5384615384615384,0.6115384615384615,0.0846153846153846,43
0.8019060134887696,0.12020357572413726,0.10340194702148438,0.018382706413147685,,5,log2,200,,,StandardScaler(),,"{'balance': None, 'classify__max_depth': 5, 'classify__max_features': 'log2', 'classify__n_estimators': 200, 'impute': None, 'select': None, 'transform': StandardScaler()}",0.6071428571428572,0.4707646176911544,0.643928035982009,0.7181409295352323,0.5232383808095952,0.5926429642321696,0.08747739402799927,74,0.6107226107226107,0.46732026143790856,0.6477623825449913,0.7266335814722911,0.5313718539524991,0.5967621380260602,0.0902148549049354,65,0.5907738095238095,0.43178410794602706,0.6071964017991005,0.7406296851574213,0.6101949025487257,0.5961157813950168,0.09822291559882337,174,0.6153846153846154,0.5,0.6730769230769231,0.7307692307692307,0.5384615384615384,0.6115384615384615,0.0846153846153846,43
0.5156294345855713,0.08805793372567516,0.07321891784667969,0.024591918576993742,,5,log2,200,SimpleImputer(strategy='median'),,,,"{'balance': None, 'classify__max_depth': 5, 'classify__max_features': 'log2', 'classify__n_estimators': 200, 'impute': SimpleImputer(strategy='median'), 'select': None, 'transform': None}",0.6071428571428572,0.4707646176911544,0.643928035982009,0.7181409295352323,0.5232383808095952,0.5926429642321696,0.08747739402799927,74,0.6107226107226107,0.46732026143790856,0.6477623825449913,0.7266335814722911,0.5313718539524991,0.5967621380260602,0.0902148549049354,65,0.5907738095238095,0.43178410794602706,0.6071964017991005,0.7406296851574213,0.6101949025487257,0.5961157813950168,0.09822291559882337,174,0.6153846153846154,0.5,0.6730769230769231,0.7307692307692307,0.5384615384615384,0.6115384615384615,0.0846153846153846,43
0.5206557273864746,0.06038711222389014,0.06660218238830566,0.006420652503076716,,5,log2,200,,,,,"{'balance': None, 'classify__max_depth': 5, 'classify__max_features': 'log2', 'classify__n_estimators': 200, 'impute': None, 'select': None, 'transform': None}",0.6071428571428572,0.4707646176911544,0.643928035982009,0.7181409295352323,0.5232383808095952,0.5926429642321696,0.08747739402799927,74,0.6107226107226107,0.46732026143790856,0.6477623825449913,0.7266335814722911,0.5313718539524991,0.5967621380260602,0.0902148549049354,65,0.5907738095238095,0.43178410794602706,0.6071964017991005,0.7406296851574213,0.6101949025487257,0.5961157813950168,0.09822291559882337,174,0.6153846153846154,0.5,0.6730769230769231,0.7307692307692307,0.5384615384615384,0.6115384615384615,0.0846153846153846,43
1.4671665191650392,0.1851945673736895,0.1999326229095459,0.0512580297722101,SMOTE(random_state=42),5,sqrt,300,SimpleImputer(strategy='median'),SelectKBest(score_func=<function mutual_info_classif at 0x7a970c879120>),,20,"{'balance': SMOTE(random_state=42), 'classify__max_depth': 5, 'classify__max_features': 'sqrt', 'classify__n_estimators': 300, 'impute': SimpleImputer(strategy='median'), 'select': SelectKBest(score_func=<function mutual_info_classif at 0x7a970c879120>), 'select__k': 20, 'transform': None}",0.5595238095238095,0.4670164917541229,0.6274362818590704,0.6581709145427286,0.6491754122938531,0.5922645819947169,0.07152423091165966,80,0.55818321523094,0.4754244992521774,0.6336520353469506,0.6548717948717949,0.6538461538461539,0.5951955397096034,0.0695630164973473,80,0.6011904761904763,0.4332833583208396,0.6431784107946027,0.6986506746626687,0.6461769115442278,0.604495966302563,0.0910202452328924,45,0.5576923076923077,0.4807692307692308,0.6346153846153846,0.6538461538461539,0.6538461538461539,0.5961538461538461,0.06771852639099618,130
1.3578785896301269,0.2030028449779875,0.1498876094818115,0.021139816174178573,SMOTE(random_state=42),5,sqrt,300,,SelectKBest(score_func=<function mutual_info_classif at 0x7a970c879120>),,20,"{'balance': SMOTE(random_state=42), 'classify__max_depth': 5, 'classify__max_features': 'sqrt', 'classify__n_estimators': 300, 'impute': None, 'select': SelectKBest(score_func=<function mutual_info_classif at 0x7a970c879120>), 'select__k': 20, 'transform': None}",0.5803571428571428,0.4625187406296852,0.6229385307346327,0.7316341829085458,0.5629685157421289,0.592083422574427,0.08740554061695648,81,0.5769230769230769,0.46971321361565266,0.6308542772515323,0.7315705128205129,0.5585104869233615,0.5935143135068272,0.08634933283184519,109,0.5967261904761905,0.4152923538230885,0.6221889055472265,0.6881559220389806,0.6401799100449775,0.5925086563860927,0.09351499401748814,193,0.5769230769230769,0.4807692307692308,0.6346153846153846,0.7307692307692307,0.5576923076923077,0.5961538461538461,0.08338262841799537,130
0.2762047290802002,0.06548069034047457,0.03797626495361328,0.0017205632856349845,,5,sqrt,100,,,,,"{'balance': None, 'classify__max_depth': 5, 'classify__max_features': 'sqrt', 'classify__n_estimators': 100, 'impute': None, 'select': None, 'transform': None}",0.625,0.43628185907046474,0.6266866566716641,0.7271364317841079,0.5449775112443778,0.5920164917541229,0.0969672850499922,82,0.6283468723422974,0.43749233222917433,0.6312217194570137,0.7307692307692307,0.5531393882518548,0.5961939086099142,0.09737675288568037,72,0.6488095238095238,0.42428785607196406,0.6026986506746627,0.7241379310344828,0.5832083958020989,0.5966284714785465,0.09889363753444329,167,0.6346153846153846,0.46153846153846156,0.6538461538461539,0.7307692307692307,0.5576923076923077,0.6076923076923076,0.09150290194900243,73
0.451731014251709,0.040409277163536254,0.06829876899719238,0.020109952392728173,,5,sqrt,100,,,StandardScaler(),,"{'balance': None, 'classify__max_depth': 5, 'classify__max_features': 'sqrt', 'classify__n_estimators': 100, 'impute': None, 'select': None, 'transform': StandardScaler()}",0.625,0.43628185907046474,0.6266866566716641,0.7271364317841079,0.5449775112443778,0.5920164917541229,0.0969672850499922,82,0.6283468723422974,0.43749233222917433,0.6312217194570137,0.7307692307692307,0.5531393882518548,0.5961939086099142,0.09737675288568037,72,0.6488095238095238,0.42428785607196406,0.6026986506746627,0.7241379310344828,0.5832083958020989,0.5966284714785465,0.09889363753444329,167,0.6346153846153846,0.46153846153846156,0.6538461538461539,0.7307692307692307,0.5576923076923077,0.6076923076923076,0.09150290194900243,73
0.6494475364685058,0.04846630645518937,0.06555314064025879,0.0121324239926886,,5,sqrt,100,,SelectKBest(score_func=<function mutual_info_classif at 0x7a970c879120>),,all,"{'balance': None, 'classify__max_depth': 5, 'classify__max_features': 'sqrt', 'classify__n_estimators': 100, 'impute': None, 'select': SelectKBest(score_func=<function mutual_info_classif at 0x7a970c879120>), 'select__k': 'all', 'transform': None}",0.625,0.43628185907046474,0.6266866566716641,0.7271364317841079,0.5449775112443778,0.5920164917541229,0.0969672850499922,82,0.6283468723422974,0.43749233222917433,0.6312217194570137,0.7307692307692307,0.5531393882518548,0.5961939086099142,0.09737675288568037,72,0.6488095238095238,0.42428785607196406,0.6026986506746627,0.7241379310344828,0.5832083958020989,0.5966284714785465,0.09889363753444329,167,0.6346153846153846,0.46153846153846156,0.6538461538461539,0.7307692307692307,0.5576923076923077,0.6076923076923076,0.09150290194900243,73
0.29375371932983396,0.05520570180904986,0.05760579109191895,0.020266551192143753,,5,sqrt,100,SimpleImputer(strategy='median'),,,,"{'balance': None, 'classify__max_depth': 5, 'classify__max_features': 'sqrt', 'classify__n_estimators': 100, 'impute': SimpleImputer(strategy='median'), 'select': None, 'transform': None}",0.625,0.43628185907046474,0.6266866566716641,0.7271364317841079,0.5449775112443778,0.5920164917541229,0.0969672850499922,82,0.6283468723422974,0.43749233222917433,0.6312217194570137,0.7307692307692307,0.5531393882518548,0.5961939086099142,0.09737675288568037,72,0.6488095238095238,0.42428785607196406,0.6026986506746627,0.7241379310344828,0.5832083958020989,0.5966284714785465,0.09889363753444329,167,0.6346153846153846,0.46153846153846156,0.6538461538461539,0.7307692307692307,0.5576923076923077,0.6076923076923076,0.09150290194900243,73
0.3609633922576904,0.045212023896357804,0.06449275016784668,0.025812188042728425,,5,sqrt,100,SimpleImputer(strategy='median'),,StandardScaler(),,"{'balance': None, 'classify__max_depth': 5, 'classify__max_features': 'sqrt', 'classify__n_estimators': 100, 'impute': SimpleImputer(strategy='median'), 'select': None, 'transform': StandardScaler()}",0.625,0.43628185907046474,0.6266866566716641,0.7271364317841079,0.5449775112443778,0.5920164917541229,0.0969672850499922,82,0.6283468723422974,0.43749233222917433,0.6312217194570137,0.7307692307692307,0.5531393882518548,0.5961939086099142,0.09737675288568037,72,0.6488095238095238,0.42428785607196406,0.6026986506746627,0.7241379310344828,0.5832083958020989,0.5966284714785465,0.09889363753444329,167,0.6346153846153846,0.46153846153846156,0.6538461538461539,0.7307692307692307,0.5576923076923077,0.6076923076923076,0.09150290194900243,73
0.6552478790283203,0.10779477795025101,0.06457743644714356,0.009541054100107645,,5,sqrt,100,SimpleImputer(strategy='median'),SelectKBest(score_func=<function mutual_info_classif at 0x7a970c879120>),,all,"{'balance': None, 'classify__max_depth': 5, 'classify__max_features': 'sqrt', 'classify__n_estimators': 100, 'impute': SimpleImputer(strategy='median'), 'select': SelectKBest(score_func=<function mutual_info_classif at 0x7a970c879120>), 'select__k': 'all', 'transform': None}",0.625,0.43628185907046474,0.6266866566716641,0.7271364317841079,0.5449775112443778,0.5920164917541229,0.0969672850499922,82,0.6283468723422974,0.43749233222917433,0.6312217194570137,0.7307692307692307,0.5531393882518548,0.5961939086099142,0.09737675288568037,72,0.6488095238095238,0.42428785607196406,0.6026986506746627,0.7241379310344828,0.5832083958020989,0.5966284714785465,0.09889363753444329,167,0.6346153846153846,0.46153846153846156,0.6538461538461539,0.7307692307692307,0.5576923076923077,0.6076923076923076,0.09150290194900243,73
1.0610605239868165,0.08614037040361179,0.1228100299835205,0.04517974857244816,SMOTE(random_state=42),5,sqrt,200,,SelectKBest(score_func=<function mutual_info_classif at 0x7a970c879120>),,all,"{'balance': SMOTE(random_state=42), 'classify__max_depth': 5, 'classify__max_features': 'sqrt', 'classify__n_estimators': 200, 'impute': None, 'select': SelectKBest(score_func=<function mutual_info_classif at 0x7a970c879120>), 'select__k': 'all', 'transform': None}",0.5625,0.4625187406296852,0.6664167916041979,0.6926536731634183,0.5757121439280359,0.5919602698650674,0.08193894517880554,88,0.556874128461254,0.46971321361565266,0.6722149789946401,0.6932234432234433,0.5781822344322344,0.5940415997454449,0.08128788751883079,97,0.6517857142857143,0.4152923538230885,0.5892053973013494,0.7211394302848575,0.5997001499250374,0.5954246091240094,0.10147450781273619,180,0.5576923076923077,0.4807692307692308,0.6730769230769231,0.6923076923076923,0.5769230769230769,0.5961538461538461,0.07787867973583303,130
0.5856702327728271,0.06422726865002358,0.06777071952819824,0.0014384036510230928,SMOTE(random_state=42),5,sqrt,200,SimpleImputer(strategy='median'),,,,"{'balance': SMOTE(random_state=42), 'classify__max_depth': 5, 'classify__max_features': 'sqrt', 'classify__n_estimators': 200, 'impute': SimpleImputer(strategy='median'), 'select': None, 'transform': None}",0.5625,0.4625187406296852,0.6664167916041979,0.6926536731634183,0.5757121439280359,0.5919602698650674,0.08193894517880554,88,0.556874128461254,0.46971321361565266,0.6722149789946401,0.6932234432234433,0.5781822344322344,0.5940415997454449,0.08128788751883079,97,0.6517857142857143,0.4152923538230885,0.5892053973013494,0.7211394302848575,0.5997001499250374,0.5954246091240094,0.10147450781273619,180,0.5576923076923077,0.4807692307692308,0.6730769230769231,0.6923076923076923,0.5769230769230769,0.5961538461538461,0.07787867973583303,130
1.048161268234253,0.18664360078724468,0.11271295547485352,0.023105792196329984,SMOTE(random_state=42),5,sqrt,200,SimpleImputer(strategy='median'),SelectKBest(score_func=<function mutual_info_classif at 0x7a970c879120>),,all,"{'balance': SMOTE(random_state=42), 'classify__max_depth': 5, 'classify__max_features': 'sqrt', 'classify__n_estimators': 200, 'impute': SimpleImputer(strategy='median'), 'select': SelectKBest(score_func=<function mutual_info_classif at 0x7a970c879120>), 'select__k': 'all', 'transform': None}",0.5625,0.4625187406296852,0.6664167916041979,0.6926536731634183,0.5757121439280359,0.5919602698650674,0.08193894517880554,88,0.556874128461254,0.46971321361565266,0.6722149789946401,0.6932234432234433,0.5781822344322344,0.5940415997454449,0.08128788751883079,97,0.6517857142857143,0.4152923538230885,0.5892053973013494,0.7211394302848575,0.5997001499250374,0.5954246091240094,0.10147450781273619,180,0.5576923076923077,0.4807692307692308,0.6730769230769231,0.6923076923076923,0.5769230769230769,0.5961538461538461,0.07787867973583303,130
0.7765959739685059,0.07321178146955966,0.09562058448791504,0.008808606306305023,SMOTE(random_state=42),5,sqrt,200,,,StandardScaler(),,"{'balance': SMOTE(random_state=42), 'classify__max_depth': 5, 'classify__max_features': 'sqrt', 'classify__n_estimators': 200, 'impute': None, 'select': None, 'transform': StandardScaler()}",0.5625,0.4625187406296852,0.6664167916041979,0.6926536731634183,0.5757121439280359,0.5919602698650674,0.08193894517880554,88,0.556874128461254,0.46971321361565266,0.6722149789946401,0.6932234432234433,0.5781822344322344,0.5940415997454449,0.08128788751883079,97,0.6517857142857143,0.4152923538230885,0.5892053973013494,0.7211394302848575,0.5997001499250374,0.5954246091240094,0.10147450781273619,180,0.5576923076923077,0.4807692307692308,0.6730769230769231,0.6923076923076923,0.5769230769230769,0.5961538461538461,0.07787867973583303,130
0.7009241104125976,0.07666253819347917,0.07216339111328125,0.00544490466565571,SMOTE(random_state=42),5,sqrt,200,,,,,"{'balance': SMOTE(random_state=42), 'classify__max_depth': 5, 'classify__max_features': 'sqrt', 'classify__n_estimators': 200, 'impute': None, 'select': None, 'transform': None}",0.5625,0.4625187406296852,0.6664167916041979,0.6926536731634183,0.5757121439280359,0.5919602698650674,0.08193894517880554,88,0.556874128461254,0.46971321361565266,0.6722149789946401,0.6932234432234433,0.5781822344322344,0.5940415997454449,0.08128788751883079,97,0.6517857142857143,0.4152923538230885,0.5892053973013494,0.7211394302848575,0.5997001499250374,0.5954246091240094,0.10147450781273619,180,0.5576923076923077,0.4807692307692308,0.6730769230769231,0.6923076923076923,0.5769230769230769,0.5961538461538461,0.07787867973583303,130
0.8598220348358154,0.16595716118250894,0.09863481521606446,0.02071071798090501,SMOTE(random_state=42),5,sqrt,200,SimpleImputer(strategy='median'),,StandardScaler(),,"{'balance': SMOTE(random_state=42), 'classify__max_depth': 5, 'classify__max_features': 'sqrt', 'classify__n_estimators': 200, 'impute': SimpleImputer(strategy='median'), 'select': None, 'transform': StandardScaler()}",0.5625,0.4625187406296852,0.6664167916041979,0.6926536731634183,0.5757121439280359,0.5919602698650674,0.08193894517880554,88,0.556874128461254,0.46971321361565266,0.6722149789946401,0.6932234432234433,0.5781822344322344,0.5940415997454449,0.08128788751883079,97,0.6517857142857143,0.4152923538230885,0.5892053973013494,0.7211394302848575,0.5997001499250374,0.5954246091240094,0.10147450781273619,180,0.5576923076923077,0.4807692307692308,0.6730769230769231,0.6923076923076923,0.5769230769230769,0.5961538461538461,0.07787867973583303,130
0.9982447624206543,0.14694941858018581,0.10172734260559083,0.008460489261023009,,10,sqrt,300,,SelectKBest(score_func=<function mutual_info_classif at 0x7a970c879120>),,20,"{'balance': None, 'classify__max_depth': 10, 'classify__max_features': 'sqrt', 'classify__n_estimators': 300, 'impute': None, 'select': SelectKBest(score_func=<function mutual_info_classif at 0x7a970c879120>), 'select__k': 20, 'transform': None}",0.6279761904761905,0.47526236881559225,0.618440779610195,0.6754122938530734,0.5622188905547226,0.5918621046619548,0.06850621258268864,94,0.6317253368100826,0.4776714513556619,0.6268352243962,0.6741686884544027,0.5704241994564575,0.596164980094561,0.06781310421150158,78,0.5758928571428572,0.4437781109445278,0.5832083958020989,0.7031484257871066,0.6296851574212893,0.587142589419576,0.08480876394294505,232,0.6346153846153846,0.5,0.6346153846153846,0.6730769230769231,0.5769230769230769,0.6038461538461538,0.06032456592830048,102
1.0603512287139893,0.17698604625703002,0.11259951591491699,0.022047661236377213,,,sqrt,300,,,,,"{'balance': None, 'classify__max_depth': None, 'classify__max_features': 'sqrt', 'classify__n_estimators': 300, 'impute': None, 'select': None, 'transform': None}",0.5714285714285714,0.4490254872563718,0.643928035982009,0.7053973013493253,0.588455772113943,0.591647033626044,0.08536076671048402,95,0.575020182216584,0.44056378404204494,0.6477623825449913,0.7107779226423294,0.5950890916992612,0.5938426726290422,0.08992379574437559,103,0.621279761904762,0.4205397301349325,0.6169415292353824,0.7481259370314843,0.6911544227886057,0.6196082762190335,0.11070124811723589,8,0.5769230769230769,0.4807692307692308,0.6730769230769231,0.7115384615384616,0.5961538461538461,0.6076923076923078,0.08031005006854271,57
1.0377875804901122,0.2008329834548884,0.09725570678710938,0.003132505136124891,,,sqrt,300,SimpleImputer(strategy='median'),,,,"{'balance': None, 'classify__max_depth': None, 'classify__max_features': 'sqrt', 'classify__n_estimators': 300, 'impute': SimpleImputer(strategy='median'), 'select': None, 'transform': None}",0.5714285714285714,0.4490254872563718,0.643928035982009,0.7053973013493253,0.588455772113943,0.591647033626044,0.08536076671048402,95,0.575020182216584,0.44056378404204494,0.6477623825449913,0.7107779226423294,0.5950890916992612,0.5938426726290422,0.08992379574437559,103,0.621279761904762,0.4205397301349325,0.6169415292353824,0.7481259370314843,0.6911544227886057,0.6196082762190335,0.11070124811723589,8,0.5769230769230769,0.4807692307692308,0.6730769230769231,0.7115384615384616,0.5961538461538461,0.6076923076923078,0.08031005006854271,57
1.3765079975128174,0.03832815560661874,0.13455643653869628,0.012824978698965251,,,sqrt,300,SimpleImputer(strategy='median'),SelectKBest(score_func=<function mutual_info_classif at 0x7a970c879120>),,all,"{'balance': None, 'classify__max_depth': None, 'classify__max_features': 'sqrt', 'classify__n_estimators': 300, 'impute': SimpleImputer(strategy='median'), 'select': SelectKBest(score_func=<function mutual_info_classif at 0x7a970c879120>), 'select__k': 'all', 'transform': None}",0.5714285714285714,0.4490254872563718,0.643928035982009,0.7053973013493253,0.588455772113943,0.591647033626044,0.08536076671048402,95,0.575020182216584,0.44056378404204494,0.6477623825449913,0.7107779226423294,0.5950890916992612,0.5938426726290422,0.08992379574437559,103,0.621279761904762,0.4205397301349325,0.6169415292353824,0.7481259370314843,0.6911544227886057,0.6196082762190335,0.11070124811723589,8,0.5769230769230769,0.4807692307692308,0.6730769230769231,0.7115384615384616,0.5961538461538461,0.6076923076923078,0.08031005006854271,57
1.2467062950134278,0.1033532984990616,0.18039965629577637,0.06983784603738098,,,sqrt,300,,,StandardScaler(),,"{'balance': None, 'classify__max_depth': None, 'classify__max_features': 'sqrt', 'classify__n_estimators': 300, 'impute': None, 'select': None, 'transform': StandardScaler()}",0.5714285714285714,0.4490254872563718,0.643928035982009,0.7053973013493253,0.588455772113943,0.591647033626044,0.08536076671048402,95,0.575020182216584,0.44056378404204494,0.6477623825449913,0.7107779226423294,0.5950890916992612,0.5938426726290422,0.08992379574437559,103,0.621279761904762,0.4205397301349325,0.6169415292353824,0.747376311844078,0.6911544227886057,0.6194583511815521,0.11052746362127676,12,0.5769230769230769,0.4807692307692308,0.6730769230769231,0.7115384615384616,0.5961538461538461,0.6076923076923078,0.08031005006854271,57
1.3631856918334961,0.13246658121553254,0.1710606575012207,0.054380177244032275,,,sqrt,300,SimpleImputer(strategy='median'),,StandardScaler(),,"{'balance': None, 'classify__max_depth': None, 'classify__max_features': 'sqrt', 'classify__n_estimators': 300, 'impute': SimpleImputer(strategy='median'), 'select': None, 'transform': StandardScaler()}",0.5714285714285714,0.4490254872563718,0.643928035982009,0.7053973013493253,0.588455772113943,0.591647033626044,0.08536076671048402,95,0.575020182216584,0.44056378404204494,0.6477623825449913,0.7107779226423294,0.5950890916992612,0.5938426726290422,0.08992379574437559,103,0.621279761904762,0.4205397301349325,0.6169415292353824,0.747376311844078,0.6911544227886057,0.6194583511815521,0.11052746362127676,12,0.5769230769230769,0.4807692307692308,0.6730769230769231,0.7115384615384616,0.5961538461538461,0.6076923076923078,0.08031005006854271,57
1.5916773796081543,0.13181014310292252,0.14502968788146972,0.03388718628613973,,,sqrt,300,,SelectKBest(score_func=<function mutual_info_classif at 0x7a970c879120>),,all,"{'balance': None, 'classify__max_depth': None, 'classify__max_features': 'sqrt', 'classify__n_estimators': 300, 'impute': None, 'select': SelectKBest(score_func=<function mutual_info_classif at 0x7a970c879120>), 'select__k': 'all', 'transform': None}",0.5714285714285714,0.4490254872563718,0.643928035982009,0.7053973013493253,0.588455772113943,0.591647033626044,0.08536076671048402,95,0.575020182216584,0.44056378404204494,0.6477623825449913,0.7107779226423294,0.5950890916992612,0.5938426726290422,0.08992379574437559,103,0.621279761904762,0.4205397301349325,0.6169415292353824,0.7481259370314843,0.6911544227886057,0.6196082762190335,0.11070124811723589,8,0.5769230769230769,0.4807692307692308,0.6730769230769231,0.7115384615384616,0.5961538461538461,0.6076923076923078,0.08031005006854271,57
0.4228053092956543,0.18117061693850844,0.06016063690185547,0.014911792813742848,,10,log2,100,SimpleImputer(strategy='median'),,StandardScaler(),,"{'balance': None, 'classify__max_depth': 10, 'classify__max_features': 'log2', 'classify__n_estimators': 100, 'impute': SimpleImputer(strategy='median'), 'select': None, 'transform': StandardScaler()}",0.6101190476190477,0.4662668665667166,0.5967016491754122,0.7053973013493253,0.5794602698650675,0.5915890269151138,0.07638661469829114,101,0.6136547111059855,0.45462184873949585,0.6045673076923077,0.7107779226423294,0.5875547217010632,0.5942353023762363,0.08197876883960498,91,0.6145833333333334,0.4227886056971515,0.6139430284857572,0.697151424287856,0.6656671664167916,0.6028267116441779,0.09541654407700834,74,0.6153846153846154,0.5,0.6153846153846154,0.7115384615384616,0.5961538461538461,0.6076923076923078,0.06728021417129194,57
0.40790958404541017,0.049306461547865506,0.05097541809082031,0.0032236509183395713,,10,log2,100,,,StandardScaler(),,"{'balance': None, 'classify__max_depth': 10, 'classify__max_features': 'log2', 'classify__n_estimators': 100, 'impute': None, 'select': None, 'transform': StandardScaler()}",0.6101190476190477,0.4662668665667166,0.5967016491754122,0.7053973013493253,0.5794602698650675,0.5915890269151138,0.07638661469829114,101,0.6136547111059855,0.45462184873949585,0.6045673076923077,0.7107779226423294,0.5875547217010632,0.5942353023762363,0.08197876883960498,91,0.6145833333333334,0.4227886056971515,0.6139430284857572,0.697151424287856,0.6656671664167916,0.6028267116441779,0.09541654407700834,74,0.6153846153846154,0.5,0.6153846153846154,0.7115384615384616,0.5961538461538461,0.6076923076923078,0.06728021417129194,57
0.46738204956054685,0.05807725283448071,0.04908304214477539,0.013748813177539823,,10,log2,100,,SelectKBest(score_func=<function mutual_info_classif at 0x7a970c879120>),,all,"{'balance': None, 'classify__max_depth': 10, 'classify__max_features': 'log2', 'classify__n_estimators': 100, 'impute': None, 'select': SelectKBest(score_func=<function mutual_info_classif at 0x7a970c879120>), 'select__k': 'all', 'transform': None}",0.6101190476190477,0.4662668665667166,0.5967016491754122,0.7053973013493253,0.5794602698650675,0.5915890269151138,0.07638661469829114,101,0.6136547111059855,0.45462184873949585,0.6045673076923077,0.7107779226423294,0.5875547217010632,0.5942353023762363,0.08197876883960498,91,0.6145833333333334,0.4227886056971515,0.6139430284857572,0.697151424287856,0.6656671664167916,0.6028267116441779,0.09541654407700834,74,0.6153846153846154,0.5,0.6153846153846154,0.7115384615384616,0.5961538461538461,0.6076923076923078,0.06728021417129194,57
0.5134892940521241,0.08641680895446648,0.04302582740783691,0.0025216760030240845,,10,log2,100,SimpleImputer(strategy='median'),SelectKBest(score_func=<function mutual_info_classif at 0x7a970c879120>),,all,"{'balance': None, 'classify__max_depth': 10, 'classify__max_features': 'log2', 'classify__n_estimators': 100, 'impute': SimpleImputer(strategy='median'), 'select': SelectKBest(score_func=<function mutual_info_classif at 0x7a970c879120>), 'select__k': 'all', 'transform': None}",0.6101190476190477,0.4662668665667166,0.5967016491754122,0.7053973013493253,0.5794602698650675,0.5915890269151138,0.07638661469829114,101,0.6136547111059855,0.45462184873949585,0.6045673076923077,0.7107779226423294,0.5875547217010632,0.5942353023762363,0.08197876883960498,91,0.6145833333333334,0.4227886056971515,0.6139430284857572,0.697151424287856,0.6656671664167916,0.6028267116441779,0.09541654407700834,74,0.6153846153846154,0.5,0.6153846153846154,0.7115384615384616,0.5961538461538461,0.6076923076923078,0.06728021417129194,57
0.24448232650756835,0.027492190257761,0.03807177543640137,0.005287162571666598,,10,log2,100,SimpleImputer(strategy='median'),,,,"{'balance': None, 'classify__max_depth': 10, 'classify__max_features': 'log2', 'classify__n_estimators': 100, 'impute': SimpleImputer(strategy='median'), 'select': None, 'transform': None}",0.6101190476190477,0.4662668665667166,0.5967016491754122,0.7053973013493253,0.5794602698650675,0.5915890269151138,0.07638661469829114,101,0.6136547111059855,0.45462184873949585,0.6045673076923077,0.7107779226423294,0.5875547217010632,0.5942353023762363,0.08197876883960498,91,0.6145833333333334,0.4227886056971515,0.6139430284857572,0.697151424287856,0.6656671664167916,0.6028267116441779,0.09541654407700834,74,0.6153846153846154,0.5,0.6153846153846154,0.7115384615384616,0.5961538461538461,0.6076923076923078,0.06728021417129194,57
0.3458052158355713,0.09830174267616161,0.05138688087463379,0.014834677236646747,,10,log2,100,,,,,"{'balance': None, 'classify__max_depth': 10, 'classify__max_features': 'log2', 'classify__n_estimators': 100, 'impute': None, 'select': None, 'transform': None}",0.6101190476190477,0.4662668665667166,0.5967016491754122,0.7053973013493253,0.5794602698650675,0.5915890269151138,0.07638661469829114,101,0.6136547111059855,0.45462184873949585,0.6045673076923077,0.7107779226423294,0.5875547217010632,0.5942353023762363,0.08197876883960498,91,0.6145833333333334,0.4227886056971515,0.6139430284857572,0.697151424287856,0.6656671664167916,0.6028267116441779,0.09541654407700834,74,0.6153846153846154,0.5,0.6153846153846154,0.7115384615384616,0.5961538461538461,0.6076923076923078,0.06728021417129194,57
0.638886547088623,0.07889383374702191,0.06755809783935547,0.026434379554173097,SMOTE(random_state=42),5,log2,100,SimpleImputer(strategy='median'),SelectKBest(score_func=<function mutual_info_classif at 0x7a970c879120>),,20,"{'balance': SMOTE(random_state=42), 'classify__max_depth': 5, 'classify__max_features': 'log2', 'classify__n_estimators': 100, 'impute': SimpleImputer(strategy='median'), 'select': SelectKBest(score_func=<function mutual_info_classif at 0x7a970c879120>), 'select__k': 20, 'transform': None}",0.5982142857142857,0.48425787106446777,0.6446776611694153,0.6536731634182908,0.5757121439280359,0.5913070250588991,0.060808538793288895,107,0.5966020660804234,0.4923195084485407,0.6517482517482518,0.6548763736263736,0.5781822344322344,0.5947456868671648,0.059386712350403874,89,0.5952380952380952,0.44227886056971516,0.6506746626686657,0.7166416791604197,0.6416791604197901,0.6093024916113372,0.09206118289105104,29,0.5961538461538461,0.5,0.6538461538461539,0.6538461538461539,0.5769230769230769,0.5961538461538461,0.05704768066996665,130
0.4605231285095215,0.047972098024510045,0.041746330261230466,0.003329632644352922,,10,sqrt,100,,SelectKBest(score_func=<function mutual_info_classif at 0x7a970c879120>),,20,"{'balance': None, 'classify__max_depth': 10, 'classify__max_features': 'sqrt', 'classify__n_estimators': 100, 'impute': None, 'select': SelectKBest(score_func=<function mutual_info_classif at 0x7a970c879120>), 'select__k': 20, 'transform': None}",0.5505952380952381,0.49700149925037485,0.5794602698650675,0.709895052473763,0.618440779610195,0.5910785678589277,0.07140087859845524,108,0.5541938287700999,0.5019723865877712,0.5875547217010632,0.7120768369368593,0.6268352243962,0.5965265996783987,0.07082870514582848,71,0.5788690476190477,0.38905547226386805,0.5832083958020989,0.6896551724137931,0.7061469265367316,0.5893870029271079,0.11310889471768343,214,0.5576923076923077,0.5192307692307693,0.5961538461538461,0.7115384615384616,0.6346153846153846,0.6038461538461539,0.06617173282340481,88
0.5339784145355224,0.04487128022309631,0.06205682754516602,0.014666253698722367,,5,log2,100,SimpleImputer(strategy='median'),SelectKBest(score_func=<function mutual_info_classif at 0x7a970c879120>),,20,"{'balance': None, 'classify__max_depth': 5, 'classify__max_features': 'log2', 'classify__n_estimators': 100, 'impute': SimpleImputer(strategy='median'), 'select': SelectKBest(score_func=<function mutual_info_classif at 0x7a970c879120>), 'select__k': 20, 'transform': None}",0.5982142857142857,0.47526236881559225,0.6011994002998501,0.6664167916041979,0.6139430284857571,0.5910071749839367,0.06287344067504055,109,0.5939148570727518,0.4776714513556619,0.6094765449604159,0.6722149789946401,0.6214990138067061,0.5949553692380352,0.06425118982633156,81,0.6235119047619048,0.43628185907046474,0.6086956521739131,0.6911544227886057,0.6761619190404798,0.6071611515670736,0.09086848733054294,43,0.6153846153846154,0.5,0.6153846153846154,0.6730769230769231,0.6346153846153846,0.6076923076923078,0.05782037068604965,57
0.7084290504455566,0.0392308318231994,0.07849564552307128,0.02897197286334528,SMOTE(random_state=42),5,log2,100,,SelectKBest(score_func=<function mutual_info_classif at 0x7a970c879120>),,all,"{'balance': SMOTE(random_state=42), 'classify__max_depth': 5, 'classify__max_features': 'log2', 'classify__n_estimators': 100, 'impute': None, 'select': SelectKBest(score_func=<function mutual_info_classif at 0x7a970c879120>), 'select__k': 'all', 'transform': None}",0.6190476190476191,0.527736131934033,0.6146926536731634,0.6626686656671663,0.5239880059970015,0.5896266152637967,0.05471362138551368,110,0.6153846153846154,0.5356643356643356,0.6165293040293041,0.6538461538461539,0.5201200944819147,0.5883089006812647,0.051469953489266425,151,0.6547619047619048,0.4347826086956523,0.5817091454272865,0.7376311844077961,0.5787106446776611,0.5975190975940602,0.09999501302701111,152,0.6153846153846154,0.5384615384615384,0.6153846153846154,0.6538461538461539,0.5192307692307693,0.5884615384615384,0.05102499677469847,209
0.27841620445251464,0.03495850545537022,0.04893374443054199,0.013893213883419872,SMOTE(random_state=42),5,log2,100,SimpleImputer(strategy='median'),,,,"{'balance': SMOTE(random_state=42), 'classify__max_depth': 5, 'classify__max_features': 'log2', 'classify__n_estimators': 100, 'impute': SimpleImputer(strategy='median'), 'select': None, 'transform': None}",0.6190476190476191,0.527736131934033,0.6146926536731634,0.6626686656671663,0.5239880059970015,0.5896266152637967,0.05471362138551368,110,0.6153846153846154,0.5356643356643356,0.6165293040293041,0.6538461538461539,0.5201200944819147,0.5883089006812647,0.051469953489266425,151,0.6547619047619048,0.4347826086956523,0.5817091454272865,0.7376311844077961,0.5787106446776611,0.5975190975940602,0.09999501302701111,152,0.6153846153846154,0.5384615384615384,0.6153846153846154,0.6538461538461539,0.5192307692307693,0.5884615384615384,0.05102499677469847,209
0.28674683570861814,0.05580924759851885,0.06560912132263183,0.015256901609093291,SMOTE(random_state=42),5,log2,100,,,,,"{'balance': SMOTE(random_state=42), 'classify__max_depth': 5, 'classify__max_features': 'log2', 'classify__n_estimators': 100, 'impute': None, 'select': None, 'transform': None}",0.6190476190476191,0.527736131934033,0.6146926536731634,0.6626686656671663,0.5239880059970015,0.5896266152637967,0.05471362138551368,110,0.6153846153846154,0.5356643356643356,0.6165293040293041,0.6538461538461539,0.5201200944819147,0.5883089006812647,0.051469953489266425,151,0.6547619047619048,0.4347826086956523,0.5817091454272865,0.7376311844077961,0.5787106446776611,0.5975190975940602,0.09999501302701111,152,0.6153846153846154,0.5384615384615384,0.6153846153846154,0.6538461538461539,0.5192307692307693,0.5884615384615384,0.05102499677469847,209
0.37803993225097654,0.04462911143522674,0.06786150932312011,0.02729307466236985,SMOTE(random_state=42),5,log2,100,SimpleImputer(strategy='median'),,StandardScaler(),,"{'balance': SMOTE(random_state=42), 'classify__max_depth': 5, 'classify__max_features': 'log2', 'classify__n_estimators': 100, 'impute': SimpleImputer(strategy='median'), 'select': None, 'transform': StandardScaler()}",0.6190476190476191,0.527736131934033,0.6146926536731634,0.6626686656671663,0.5239880059970015,0.5896266152637967,0.05471362138551368,110,0.6153846153846154,0.5356643356643356,0.6165293040293041,0.6538461538461539,0.5201200944819147,0.5883089006812647,0.051469953489266425,151,0.6547619047619048,0.4347826086956523,0.5817091454272865,0.7376311844077961,0.5787106446776611,0.5975190975940602,0.09999501302701111,152,0.6153846153846154,0.5384615384615384,0.6153846153846154,0.6538461538461539,0.5192307692307693,0.5884615384615384,0.05102499677469847,209
0.40353894233703613,0.018872153908696614,0.06021304130554199,0.00909534351947173,SMOTE(random_state=42),5,log2,100,,,StandardScaler(),,"{'balance': SMOTE(random_state=42), 'classify__max_depth': 5, 'classify__max_features': 'log2', 'classify__n_estimators': 100, 'impute': None, 'select': None, 'transform': StandardScaler()}",0.6190476190476191,0.527736131934033,0.6146926536731634,0.6626686656671663,0.5239880059970015,0.5896266152637967,0.05471362138551368,110,0.6153846153846154,0.5356643356643356,0.6165293040293041,0.6538461538461539,0.5201200944819147,0.5883089006812647,0.051469953489266425,151,0.6547619047619048,0.4347826086956523,0.5817091454272865,0.7376311844077961,0.5787106446776611,0.5975190975940602,0.09999501302701111,152,0.6153846153846154,0.5384615384615384,0.6153846153846154,0.6538461538461539,0.5192307692307693,0.5884615384615384,0.05102499677469847,209
0.7240021228790283,0.1588612442525827,0.053287935256958005,0.0011264132577716304,SMOTE(random_state=42),5,log2,100,SimpleImputer(strategy='median'),SelectKBest(score_func=<function mutual_info_classif at 0x7a970c879120>),,all,"{'balance': SMOTE(random_state=42), 'classify__max_depth': 5, 'classify__max_features': 'log2', 'classify__n_estimators': 100, 'impute': SimpleImputer(strategy='median'), 'select': SelectKBest(score_func=<function mutual_info_classif at 0x7a970c879120>), 'select__k': 'all', 'transform': None}",0.6190476190476191,0.527736131934033,0.6146926536731634,0.6626686656671663,0.5239880059970015,0.5896266152637967,0.05471362138551368,110,0.6153846153846154,0.5356643356643356,0.6165293040293041,0.6538461538461539,0.5201200944819147,0.5883089006812647,0.051469953489266425,151,0.6547619047619048,0.4347826086956523,0.5817091454272865,0.7376311844077961,0.5787106446776611,0.5975190975940602,0.09999501302701111,152,0.6153846153846154,0.5384615384615384,0.6153846153846154,0.6538461538461539,0.5192307692307693,0.5884615384615384,0.05102499677469847,209
1.1190749645233153,0.124118559373396,0.09450006484985352,0.01327052961352789,,,sqrt,200,SimpleImputer(strategy='median'),SelectKBest(score_func=<function mutual_info_classif at 0x7a970c879120>),,all,"{'balance': None, 'classify__max_depth': None, 'classify__max_features': 'sqrt', 'classify__n_estimators': 200, 'impute': SimpleImputer(strategy='median'), 'select': SelectKBest(score_func=<function mutual_info_classif at 0x7a970c879120>), 'select__k': 'all', 'transform': None}",0.5535714285714286,0.4490254872563718,0.6484257871064467,0.7053973013493253,0.588455772113943,0.5889751552795032,0.08709546133249789,116,0.5568667987480977,0.44056378404204494,0.6552735284078568,0.7107779226423294,0.5950890916992612,0.591714225107918,0.09196536064123256,110,0.6086309523809524,0.42128935532233885,0.6101949025487258,0.7368815592203898,0.6836581709145427,0.61213098807739,0.10687878213638906,15,0.5576923076923077,0.4807692307692308,0.6730769230769231,0.7115384615384616,0.5961538461538461,0.6038461538461539,0.08213137116947164,88
0.8155872344970703,0.08188620701323743,0.09629478454589843,0.011618147031003865,,,sqrt,200,,,StandardScaler(),,"{'balance': None, 'classify__max_depth': None, 'classify__max_features': 'sqrt', 'classify__n_estimators': 200, 'impute': None, 'select': None, 'transform': StandardScaler()}",0.5535714285714286,0.4490254872563718,0.6484257871064467,0.7053973013493253,0.588455772113943,0.5889751552795032,0.08709546133249789,116,0.5568667987480977,0.44056378404204494,0.6552735284078568,0.7107779226423294,0.5950890916992612,0.591714225107918,0.09196536064123256,110,0.6086309523809524,0.42128935532233885,0.6101949025487258,0.7368815592203898,0.6836581709145427,0.61213098807739,0.10687878213638906,15,0.5576923076923077,0.4807692307692308,0.6730769230769231,0.7115384615384616,0.5961538461538461,0.6038461538461539,0.08213137116947164,88
0.626171350479126,0.03924087579272706,0.07356028556823731,0.004932924559899353,,,sqrt,200,SimpleImputer(strategy='median'),,,,"{'balance': None, 'classify__max_depth': None, 'classify__max_features': 'sqrt', 'classify__n_estimators': 200, 'impute': SimpleImputer(strategy='median'), 'select': None, 'transform': None}",0.5535714285714286,0.4490254872563718,0.6484257871064467,0.7053973013493253,0.588455772113943,0.5889751552795032,0.08709546133249789,116,0.5568667987480977,0.44056378404204494,0.6552735284078568,0.7107779226423294,0.5950890916992612,0.591714225107918,0.09196536064123256,110,0.6086309523809524,0.42128935532233885,0.6101949025487258,0.7368815592203898,0.6836581709145427,0.61213098807739,0.10687878213638906,15,0.5576923076923077,0.4807692307692308,0.6730769230769231,0.7115384615384616,0.5961538461538461,0.6038461538461539,0.08213137116947164,88
0.6990561485290527,0.1024395373784611,0.10810761451721192,0.024414398957240048,,,sqrt,200,,,,,"{'balance': None, 'classify__max_depth': None, 'classify__max_features': 'sqrt', 'classify__n_estimators': 200, 'impute': None, 'select': None, 'transform': None}",0.5535714285714286,0.4490254872563718,0.6484257871064467,0.7053973013493253,0.588455772113943,0.5889751552795032,0.08709546133249789,116,0.5568667987480977,0.44056378404204494,0.6552735284078568,0.7107779226423294,0.5950890916992612,0.591714225107918,0.09196536064123256,110,0.6086309523809524,0.42128935532233885,0.6101949025487258,0.7368815592203898,0.6836581709145427,0.61213098807739,0.10687878213638906,15,0.5576923076923077,0.4807692307692308,0.6730769230769231,0.7115384615384616,0.5961538461538461,0.6038461538461539,0.08213137116947164,88
0.849427604675293,0.07683676529721152,0.10530195236206055,0.019356965469006355,,,sqrt,200,SimpleImputer(strategy='median'),,StandardScaler(),,"{'balance': None, 'classify__max_depth': None, 'classify__max_features': 'sqrt', 'classify__n_estimators': 200, 'impute': SimpleImputer(strategy='median'), 'select': None, 'transform': StandardScaler()}",0.5535714285714286,0.4490254872563718,0.6484257871064467,0.7053973013493253,0.588455772113943,0.5889751552795032,0.08709546133249789,116,0.5568667987480977,0.44056378404204494,0.6552735284078568,0.7107779226423294,0.5950890916992612,0.591714225107918,0.09196536064123256,110,0.6086309523809524,0.42128935532233885,0.6101949025487258,0.7368815592203898,0.6836581709145427,0.61213098807739,0.10687878213638906,15,0.5576923076923077,0.4807692307692308,0.6730769230769231,0.7115384615384616,0.5961538461538461,0.6038461538461539,0.08213137116947164,88
1.1873505592346192,0.11157089504818682,0.12261638641357422,0.03554174012950085,,,sqrt,200,,SelectKBest(score_func=<function mutual_info_classif at 0x7a970c879120>),,all,"{'balance': None, 'classify__max_depth': None, 'classify__max_features': 'sqrt', 'classify__n_estimators': 200, 'impute': None, 'select': SelectKBest(score_func=<function mutual_info_classif at 0x7a970c879120>), 'select__k': 'all', 'transform': None}",0.5535714285714286,0.4490254872563718,0.6484257871064467,0.7053973013493253,0.588455772113943,0.5889751552795032,0.08709546133249789,116,0.5568667987480977,0.44056378404204494,0.6552735284078568,0.7107779226423294,0.5950890916992612,0.591714225107918,0.09196536064123256,110,0.6086309523809524,0.42128935532233885,0.6101949025487258,0.7368815592203898,0.6836581709145427,0.61213098807739,0.10687878213638906,15,0.5576923076923077,0.4807692307692308,0.6730769230769231,0.7115384615384616,0.5961538461538461,0.6038461538461539,0.08213137116947164,88
1.2364148139953612,0.0846454804901122,0.18387856483459472,0.03729504434812412,,10,sqrt,300,SimpleImputer(strategy='median'),,StandardScaler(),,"{'balance': None, 'classify__max_depth': 10, 'classify__max_features': 'sqrt', 'classify__n_estimators': 300, 'impute': SimpleImputer(strategy='median'), 'select': None, 'transform': StandardScaler()}",0.5535714285714286,0.4490254872563718,0.6656671664167916,0.7053973013493253,0.5712143928035982,0.588975155279503,0.09010056469980107,122,0.5568667987480977,0.44056378404204494,0.6721970839617899,0.7107779226423294,0.5769230769230769,0.5914657332634677,0.09479759798835757,116,0.6041666666666667,0.4152923538230884,0.6086956521739131,0.7466266866566716,0.6686656671664168,0.6086894052973513,0.10958715280476146,30,0.5576923076923077,0.4807692307692308,0.6923076923076923,0.7115384615384616,0.5769230769230769,0.6038461538461538,0.08651709137847685,102
1.1565430164337158,0.10824963284663365,0.1199063777923584,0.03359087929784776,,10,sqrt,300,SimpleImputer(strategy='median'),SelectKBest(score_func=<function mutual_info_classif at 0x7a970c879120>),,all,"{'balance': None, 'classify__max_depth': 10, 'classify__max_features': 'sqrt', 'classify__n_estimators': 300, 'impute': SimpleImputer(strategy='median'), 'select': SelectKBest(score_func=<function mutual_info_classif at 0x7a970c879120>), 'select__k': 'all', 'transform': None}",0.5535714285714286,0.4490254872563718,0.6656671664167916,0.7053973013493253,0.5712143928035982,0.588975155279503,0.09010056469980107,122,0.5568667987480977,0.44056378404204494,0.6721970839617899,0.7107779226423294,0.5769230769230769,0.5914657332634677,0.09479759798835757,116,0.6041666666666667,0.4152923538230884,0.6086956521739131,0.7466266866566716,0.6686656671664168,0.6086894052973513,0.10958715280476146,30,0.5576923076923077,0.4807692307692308,0.6923076923076923,0.7115384615384616,0.5769230769230769,0.6038461538461538,0.08651709137847685,102
1.2141411781311036,0.18395765929694918,0.09793577194213868,0.00797044432531373,,10,sqrt,300,,SelectKBest(score_func=<function mutual_info_classif at 0x7a970c879120>),,all,"{'balance': None, 'classify__max_depth': 10, 'classify__max_features': 'sqrt', 'classify__n_estimators': 300, 'impute': None, 'select': SelectKBest(score_func=<function mutual_info_classif at 0x7a970c879120>), 'select__k': 'all', 'transform': None}",0.5535714285714286,0.4490254872563718,0.6656671664167916,0.7053973013493253,0.5712143928035982,0.588975155279503,0.09010056469980107,122,0.5568667987480977,0.44056378404204494,0.6721970839617899,0.7107779226423294,0.5769230769230769,0.5914657332634677,0.09479759798835757,116,0.6041666666666667,0.4152923538230884,0.6086956521739131,0.7466266866566716,0.6686656671664168,0.6086894052973513,0.10958715280476146,30,0.5576923076923077,0.4807692307692308,0.6923076923076923,0.7115384615384616,0.5769230769230769,0.6038461538461538,0.08651709137847685,102
0.7484550952911377,0.07009753354662925,0.10978660583496094,0.035339458766137845,,10,sqrt,300,SimpleImputer(strategy='median'),,,,"{'balance': None, 'classify__max_depth': 10, 'classify__max_features': 'sqrt', 'classify__n_estimators': 300, 'impute': SimpleImputer(strategy='median'), 'select': None, 'transform': None}",0.5535714285714286,0.4490254872563718,0.6656671664167916,0.7053973013493253,0.5712143928035982,0.588975155279503,0.09010056469980107,122,0.5568667987480977,0.44056378404204494,0.6721970839617899,0.7107779226423294,0.5769230769230769,0.5914657332634677,0.09479759798835757,116,0.6041666666666667,0.4152923538230884,0.6086956521739131,0.7466266866566716,0.6686656671664168,0.6086894052973513,0.10958715280476146,30,0.5576923076923077,0.4807692307692308,0.6923076923076923,0.7115384615384616,0.5769230769230769,0.6038461538461538,0.08651709137847685,102
0.8067030429840087,0.08823955753167986,0.09342799186706544,0.009180568999325218,,10,sqrt,300,,,,,"{'balance': None, 'classify__max_depth': 10, 'classify__max_features': 'sqrt', 'classify__n_estimators': 300, 'impute': None, 'select': None, 'transform': None}",0.5535714285714286,0.4490254872563718,0.6656671664167916,0.7053973013493253,0.5712143928035982,0.588975155279503,0.09010056469980107,122,0.5568667987480977,0.44056378404204494,0.6721970839617899,0.7107779226423294,0.5769230769230769,0.5914657332634677,0.09479759798835757,116,0.6041666666666667,0.4152923538230884,0.6086956521739131,0.7466266866566716,0.6686656671664168,0.6086894052973513,0.10958715280476146,30,0.5576923076923077,0.4807692307692308,0.6923076923076923,0.7115384615384616,0.5769230769230769,0.6038461538461538,0.08651709137847685,102
1.2577012538909913,0.10955005106606332,0.16263461112976074,0.03720736944187839,,10,sqrt,300,,,StandardScaler(),,"{'balance': None, 'classify__max_depth': 10, 'classify__max_features': 'sqrt', 'classify__n_estimators': 300, 'impute': None, 'select': None, 'transform': StandardScaler()}",0.5535714285714286,0.4490254872563718,0.6656671664167916,0.7053973013493253,0.5712143928035982,0.588975155279503,0.09010056469980107,122,0.5568667987480977,0.44056378404204494,0.6721970839617899,0.7107779226423294,0.5769230769230769,0.5914657332634677,0.09479759798835757,116,0.6041666666666667,0.4152923538230884,0.6086956521739131,0.7466266866566716,0.6686656671664168,0.6086894052973513,0.10958715280476146,30,0.5576923076923077,0.4807692307692308,0.6923076923076923,0.7115384615384616,0.5769230769230769,0.6038461538461538,0.08651709137847685,102
1.0390751361846924,0.15999986472059072,0.10524263381958007,0.03250225785622673,SMOTE(random_state=42),10,log2,200,,SelectKBest(score_func=<function mutual_info_classif at 0x7a970c879120>),,20,"{'balance': SMOTE(random_state=42), 'classify__max_depth': 10, 'classify__max_features': 'log2', 'classify__n_estimators': 200, 'impute': None, 'select': SelectKBest(score_func=<function mutual_info_classif at 0x7a970c879120>), 'select__k': 20, 'transform': None}",0.5654761904761905,0.41904047976011993,0.6446776611694153,0.6364317841079461,0.6791604197901049,0.5889573070607553,0.09264801823561508,128,0.5542457542457543,0.4222879684418146,0.6517482517482518,0.63583559297845,0.6875812359683328,0.5903397606765207,0.09470053877671582,142,0.5595238095238095,0.4235382308845577,0.6356821589205397,0.6656671664167917,0.6866566716641679,0.5942136074819733,0.0956079894332119,188,0.5576923076923077,0.4423076923076923,0.6538461538461539,0.6346153846153846,0.6923076923076923,0.5961538461538461,0.08854511102477952,130
1.1163113117218018,0.06015421556222832,0.10593500137329101,0.014461343316461584,SMOTE(random_state=42),,log2,200,SimpleImputer(strategy='median'),SelectKBest(score_func=<function mutual_info_classif at 0x7a970c879120>),,20,"{'balance': SMOTE(random_state=42), 'classify__max_depth': None, 'classify__max_features': 'log2', 'classify__n_estimators': 200, 'impute': SimpleImputer(strategy='median'), 'select': SelectKBest(score_func=<function mutual_info_classif at 0x7a970c879120>), 'select__k': 20, 'transform': None}",0.6041666666666667,0.43628185907046474,0.6619190404797601,0.6281859070464768,0.6101949025487257,0.5881496751624187,0.07855086091787682,129,0.593006993006993,0.43749233222917433,0.669711721751371,0.6131054131054131,0.6153846153846154,0.5857402150955133,0.0783697636799331,179,0.5736607142857143,0.40554722638680657,0.6506746626686656,0.6559220389805098,0.6596701649175413,0.5890949614478476,0.09712544905460181,216,0.5961538461538461,0.46153846153846156,0.6730769230769231,0.6153846153846154,0.6153846153846154,0.5923076923076923,0.07029102647114256,162
0.2795687198638916,0.03275371917772687,0.0624359130859375,0.044900075858907006,SMOTE(random_state=42),5,sqrt,100,SimpleImputer(strategy='median'),,,,"{'balance': SMOTE(random_state=42), 'classify__max_depth': 5, 'classify__max_features': 'sqrt', 'classify__n_estimators': 100, 'impute': SimpleImputer(strategy='median'), 'select': None, 'transform': None}",0.6011904761904762,0.48425787106446777,0.6446776611694153,0.7143928035982009,0.4932533733133433,0.5875544370671808,0.08843059051269726,130,0.595406812942884,0.4923195084485407,0.6517482517482518,0.7125017839303553,0.5,0.5903952714140064,0.08542770571490883,136,0.6607142857142858,0.43478260869565216,0.6131934032983509,0.7346326836581709,0.5787106446776612,0.6044067252088242,0.09963852346709515,47,0.5961538461538461,0.5,0.6538461538461539,0.7115384615384616,0.5,0.5923076923076923,0.08373669637337401,162
0.39461545944213866,0.06622366980649791,0.06526341438293456,0.020852662731421574,SMOTE(random_state=42),5,sqrt,100,,,StandardScaler(),,"{'balance': SMOTE(random_state=42), 'classify__max_depth': 5, 'classify__max_features': 'sqrt', 'classify__n_estimators': 100, 'impute': None, 'select': None, 'transform': StandardScaler()}",0.6011904761904762,0.48425787106446777,0.6446776611694153,0.7143928035982009,0.4932533733133433,0.5875544370671808,0.08843059051269726,130,0.595406812942884,0.4923195084485407,0.6517482517482518,0.7125017839303553,0.5,0.5903952714140064,0.08542770571490883,136,0.6607142857142858,0.43478260869565216,0.6131934032983509,0.7346326836581709,0.5787106446776612,0.6044067252088242,0.09963852346709515,47,0.5961538461538461,0.5,0.6538461538461539,0.7115384615384616,0.5,0.5923076923076923,0.08373669637337401,162
0.3872069835662842,0.04577083743302952,0.06859836578369141,0.02330404760464789,SMOTE(random_state=42),5,sqrt,100,SimpleImputer(strategy='median'),,StandardScaler(),,"{'balance': SMOTE(random_state=42), 'classify__max_depth': 5, 'classify__max_features': 'sqrt', 'classify__n_estimators': 100, 'impute': SimpleImputer(strategy='median'), 'select': None, 'transform': StandardScaler()}",0.6011904761904762,0.48425787106446777,0.6446776611694153,0.7143928035982009,0.4932533733133433,0.5875544370671808,0.08843059051269726,130,0.595406812942884,0.4923195084485407,0.6517482517482518,0.7125017839303553,0.5,0.5903952714140064,0.08542770571490883,136,0.6607142857142858,0.43478260869565216,0.6131934032983509,0.7346326836581709,0.5787106446776612,0.6044067252088242,0.09963852346709515,47,0.5961538461538461,0.5,0.6538461538461539,0.7115384615384616,0.5,0.5923076923076923,0.08373669637337401,162
0.7149940967559815,0.07322964398713878,0.07658243179321289,0.024086980065076185,SMOTE(random_state=42),5,sqrt,100,,SelectKBest(score_func=<function mutual_info_classif at 0x7a970c879120>),,all,"{'balance': SMOTE(random_state=42), 'classify__max_depth': 5, 'classify__max_features': 'sqrt', 'classify__n_estimators': 100, 'impute': None, 'select': SelectKBest(score_func=<function mutual_info_classif at 0x7a970c879120>), 'select__k': 'all', 'transform': None}",0.6011904761904762,0.48425787106446777,0.6446776611694153,0.7143928035982009,0.4932533733133433,0.5875544370671808,0.08843059051269726,130,0.595406812942884,0.4923195084485407,0.6517482517482518,0.7125017839303553,0.5,0.5903952714140064,0.08542770571490883,136,0.6607142857142858,0.43478260869565216,0.6131934032983509,0.7346326836581709,0.5787106446776612,0.6044067252088242,0.09963852346709515,47,0.5961538461538461,0.5,0.6538461538461539,0.7115384615384616,0.5,0.5923076923076923,0.08373669637337401,162
0.717128324508667,0.12941663067331205,0.07823801040649414,0.030743893974109832,SMOTE(random_state=42),5,sqrt,100,SimpleImputer(strategy='median'),SelectKBest(score_func=<function mutual_info_classif at 0x7a970c879120>),,all,"{'balance': SMOTE(random_state=42), 'classify__max_depth': 5, 'classify__max_features': 'sqrt', 'classify__n_estimators': 100, 'impute': SimpleImputer(strategy='median'), 'select': SelectKBest(score_func=<function mutual_info_classif at 0x7a970c879120>), 'select__k': 'all', 'transform': None}",0.6011904761904762,0.48425787106446777,0.6446776611694153,0.7143928035982009,0.4932533733133433,0.5875544370671808,0.08843059051269726,130,0.595406812942884,0.4923195084485407,0.6517482517482518,0.7125017839303553,0.5,0.5903952714140064,0.08542770571490883,136,0.6607142857142858,0.43478260869565216,0.6131934032983509,0.7346326836581709,0.5787106446776612,0.6044067252088242,0.09963852346709515,47,0.5961538461538461,0.5,0.6538461538461539,0.7115384615384616,0.5,0.5923076923076923,0.08373669637337401,162
0.2788534164428711,0.029841807988929017,0.04656882286071777,0.014061904990319058,SMOTE(random_state=42),5,sqrt,100,,,,,"{'balance': SMOTE(random_state=42), 'classify__max_depth': 5, 'classify__max_features': 'sqrt', 'classify__n_estimators': 100, 'impute': None, 'select': None, 'transform': None}",0.6011904761904762,0.48425787106446777,0.6446776611694153,0.7143928035982009,0.4932533733133433,0.5875544370671808,0.08843059051269726,130,0.595406812942884,0.4923195084485407,0.6517482517482518,0.7125017839303553,0.5,0.5903952714140064,0.08542770571490883,136,0.6607142857142858,0.43478260869565216,0.6131934032983509,0.7346326836581709,0.5787106446776612,0.6044067252088242,0.09963852346709515,47,0.5961538461538461,0.5,0.6538461538461539,0.7115384615384616,0.5,0.5923076923076923,0.08373669637337401,162
0.8802683353424072,0.1388105086847234,0.13575129508972167,0.0610261558273151,,,log2,300,,,,,"{'balance': None, 'classify__max_depth': None, 'classify__max_features': 'log2', 'classify__n_estimators': 300, 'impute': None, 'select': None, 'transform': None}",0.5714285714285714,0.4880059970014992,0.6094452773613194,0.7053973013493253,0.5622188905547226,0.5872992075390875,0.07096146731802179,136,0.575020182216584,0.4820035037426341,0.6147174729264282,0.7107779226423294,0.5704241994564575,0.5905886561968867,0.07411798377814484,130,0.590029761904762,0.40554722638680657,0.5817091454272864,0.7436281859070465,0.6634182908545726,0.5968665220960948,0.11211394574943183,160,0.5769230769230769,0.5192307692307693,0.6346153846153846,0.7115384615384616,0.5769230769230769,0.6038461538461538,0.06504436355879908,102
1.4381915092468263,0.11354725001993479,0.15504841804504393,0.027324869523031765,,,log2,300,SimpleImputer(strategy='median'),SelectKBest(score_func=<function mutual_info_classif at 0x7a970c879120>),,all,"{'balance': None, 'classify__max_depth': None, 'classify__max_features': 'log2', 'classify__n_estimators': 300, 'impute': SimpleImputer(strategy='median'), 'select': SelectKBest(score_func=<function mutual_info_classif at 0x7a970c879120>), 'select__k': 'all', 'transform': None}",0.5714285714285714,0.4880059970014992,0.6094452773613194,0.7053973013493253,0.5622188905547226,0.5872992075390875,0.07096146731802179,136,0.575020182216584,0.4820035037426341,0.6147174729264282,0.7107779226423294,0.5704241994564575,0.5905886561968867,0.07411798377814484,130,0.590029761904762,0.40554722638680657,0.5817091454272864,0.7436281859070465,0.6634182908545726,0.5968665220960948,0.11211394574943183,160,0.5769230769230769,0.5192307692307693,0.6346153846153846,0.7115384615384616,0.5769230769230769,0.6038461538461538,0.06504436355879908,102
1.236830759048462,0.19897851907231773,0.13726935386657715,0.02659717499390577,,,log2,300,,,StandardScaler(),,"{'balance': None, 'classify__max_depth': None, 'classify__max_features': 'log2', 'classify__n_estimators': 300, 'impute': None, 'select': None, 'transform': StandardScaler()}",0.5714285714285714,0.4880059970014992,0.6094452773613194,0.7053973013493253,0.5622188905547226,0.5872992075390875,0.07096146731802179,136,0.575020182216584,0.4820035037426341,0.6147174729264282,0.7107779226423294,0.5704241994564575,0.5905886561968867,0.07411798377814484,130,0.590029761904762,0.40554722638680657,0.5817091454272864,0.7436281859070465,0.6634182908545726,0.5968665220960948,0.11211394574943183,160,0.5769230769230769,0.5192307692307693,0.6346153846153846,0.7115384615384616,0.5769230769230769,0.6038461538461538,0.06504436355879908,102
1.2152636528015137,0.11917372737566949,0.16277084350585938,0.029016643299726676,,,log2,300,SimpleImputer(strategy='median'),,StandardScaler(),,"{'balance': None, 'classify__max_depth': None, 'classify__max_features': 'log2', 'classify__n_estimators': 300, 'impute': SimpleImputer(strategy='median'), 'select': None, 'transform': StandardScaler()}",0.5714285714285714,0.4880059970014992,0.6094452773613194,0.7053973013493253,0.5622188905547226,0.5872992075390875,0.07096146731802179,136,0.575020182216584,0.4820035037426341,0.6147174729264282,0.7107779226423294,0.5704241994564575,0.5905886561968867,0.07411798377814484,130,0.590029761904762,0.40554722638680657,0.5817091454272864,0.7436281859070465,0.6634182908545726,0.5968665220960948,0.11211394574943183,160,0.5769230769230769,0.5192307692307693,0.6346153846153846,0.7115384615384616,0.5769230769230769,0.6038461538461538,0.06504436355879908,102
0.8421540260314941,0.2118771092899637,0.10585780143737793,0.025295437696442186,,,log2,300,SimpleImputer(strategy='median'),,,,"{'balance': None, 'classify__max_depth': None, 'classify__max_features': 'log2', 'classify__n_estimators': 300, 'impute': SimpleImputer(strategy='median'), 'select': None, 'transform': None}",0.5714285714285714,0.4880059970014992,0.6094452773613194,0.7053973013493253,0.5622188905547226,0.5872992075390875,0.07096146731802179,136,0.575020182216584,0.4820035037426341,0.6147174729264282,0.7107779226423294,0.5704241994564575,0.5905886561968867,0.07411798377814484,130,0.590029761904762,0.40554722638680657,0.5817091454272864,0.7436281859070465,0.6634182908545726,0.5968665220960948,0.11211394574943183,160,0.5769230769230769,0.5192307692307693,0.6346153846153846,0.7115384615384616,0.5769230769230769,0.6038461538461538,0.06504436355879908,102
1.3767257690429688,0.12770638349028338,0.15214753150939941,0.03958077863372868,,,log2,300,,SelectKBest(score_func=<function mutual_info_classif at 0x7a970c879120>),,all,"{'balance': None, 'classify__max_depth': None, 'classify__max_features': 'log2', 'classify__n_estimators': 300, 'impute': None, 'select': SelectKBest(score_func=<function mutual_info_classif at 0x7a970c879120>), 'select__k': 'all', 'transform': None}",0.5714285714285714,0.4880059970014992,0.6094452773613194,0.7053973013493253,0.5622188905547226,0.5872992075390875,0.07096146731802179,136,0.575020182216584,0.4820035037426341,0.6147174729264282,0.7107779226423294,0.5704241994564575,0.5905886561968867,0.07411798377814484,130,0.590029761904762,0.40554722638680657,0.5817091454272864,0.7436281859070465,0.6634182908545726,0.5968665220960948,0.11211394574943183,160,0.5769230769230769,0.5192307692307693,0.6346153846153846,0.7115384615384616,0.5769230769230769,0.6038461538461538,0.06504436355879908,102
1.547392225265503,0.18290065684751733,0.16032419204711915,0.05284695437275459,SMOTE(random_state=42),,sqrt,300,,SelectKBest(score_func=<function mutual_info_classif at 0x7a970c879120>),,20,"{'balance': SMOTE(random_state=42), 'classify__max_depth': None, 'classify__max_features': 'sqrt', 'classify__n_estimators': 300, 'impute': None, 'select': SelectKBest(score_func=<function mutual_info_classif at 0x7a970c879120>), 'select__k': 20, 'transform': None}",0.5505952380952381,0.4407796101949025,0.6619190404797601,0.6364317841079461,0.6446776611694153,0.5868806668094525,0.08256962442269146,142,0.528082112789759,0.44639423076923074,0.669711721751371,0.63583559297845,0.6517482517482518,0.5863543820074126,0.08562440752778532,178,0.5751488095238095,0.4452773613193403,0.6266866566716642,0.6881559220389805,0.6521739130434783,0.5974885325194546,0.08453508228065221,158,0.5384615384615384,0.46153846153846156,0.6730769230769231,0.6346153846153846,0.6538461538461539,0.5923076923076922,0.08012564098461408,196
0.7463915348052979,0.058020654171424275,0.06969261169433594,0.02452550356589007,SMOTE(random_state=42),,log2,100,SimpleImputer(strategy='median'),SelectKBest(score_func=<function mutual_info_classif at 0x7a970c879120>),,all,"{'balance': SMOTE(random_state=42), 'classify__max_depth': None, 'classify__max_features': 'log2', 'classify__n_estimators': 100, 'impute': SimpleImputer(strategy='median'), 'select': SelectKBest(score_func=<function mutual_info_classif at 0x7a970c879120>), 'select__k': 'all', 'transform': None}",0.5982142857142857,0.4625187406296852,0.6139430284857571,0.7271364317841079,0.5322338830584707,0.5868092739344613,0.08830021077931847,143,0.5966020660804234,0.46971321361565266,0.6214990138067061,0.7307692307692307,0.5384615384615384,0.5914090125467102,0.08714005840407434,122,0.5907738095238095,0.41979010494752633,0.6026986506746627,0.7353823088455772,0.553223388305847,0.5803736524594846,0.10115183136456771,259,0.5961538461538461,0.4807692307692308,0.6346153846153846,0.7307692307692307,0.5384615384615384,0.596153846153846,0.08513824469684096,155
0.42602715492248533,0.08062814175279294,0.062220525741577146,0.012794358077206285,SMOTE(random_state=42),,log2,100,SimpleImputer(strategy='median'),,StandardScaler(),,"{'balance': SMOTE(random_state=42), 'classify__max_depth': None, 'classify__max_features': 'log2', 'classify__n_estimators': 100, 'impute': SimpleImputer(strategy='median'), 'select': None, 'transform': StandardScaler()}",0.5982142857142857,0.4625187406296852,0.6139430284857571,0.7271364317841079,0.5322338830584707,0.5868092739344613,0.08830021077931847,143,0.5966020660804234,0.46971321361565266,0.6214990138067061,0.7307692307692307,0.5384615384615384,0.5914090125467102,0.08714005840407434,122,0.5907738095238095,0.41979010494752633,0.6026986506746627,0.7353823088455772,0.553223388305847,0.5803736524594846,0.10115183136456771,259,0.5961538461538461,0.4807692307692308,0.6346153846153846,0.7307692307692307,0.5384615384615384,0.596153846153846,0.08513824469684096,155
0.770610237121582,0.05039027254082193,0.06422004699707032,0.014589071833390508,SMOTE(random_state=42),,log2,100,,SelectKBest(score_func=<function mutual_info_classif at 0x7a970c879120>),,all,"{'balance': SMOTE(random_state=42), 'classify__max_depth': None, 'classify__max_features': 'log2', 'classify__n_estimators': 100, 'impute': None, 'select': SelectKBest(score_func=<function mutual_info_classif at 0x7a970c879120>), 'select__k': 'all', 'transform': None}",0.5982142857142857,0.4625187406296852,0.6139430284857571,0.7271364317841079,0.5322338830584707,0.5868092739344613,0.08830021077931847,143,0.5966020660804234,0.46971321361565266,0.6214990138067061,0.7307692307692307,0.5384615384615384,0.5914090125467102,0.08714005840407434,122,0.5907738095238095,0.41979010494752633,0.6026986506746627,0.7353823088455772,0.553223388305847,0.5803736524594846,0.10115183136456771,259,0.5961538461538461,0.4807692307692308,0.6346153846153846,0.7307692307692307,0.5384615384615384,0.596153846153846,0.08513824469684096,155
0.2924018859863281,0.032575910953535056,0.04913053512573242,0.01683924112582921,SMOTE(random_state=42),,log2,100,SimpleImputer(strategy='median'),,,,"{'balance': SMOTE(random_state=42), 'classify__max_depth': None, 'classify__max_features': 'log2', 'classify__n_estimators': 100, 'impute': SimpleImputer(strategy='median'), 'select': None, 'transform': None}",0.5982142857142857,0.4625187406296852,0.6139430284857571,0.7271364317841079,0.5322338830584707,0.5868092739344613,0.08830021077931847,143,0.5966020660804234,0.46971321361565266,0.6214990138067061,0.7307692307692307,0.5384615384615384,0.5914090125467102,0.08714005840407434,122,0.5907738095238095,0.41979010494752633,0.6026986506746627,0.7353823088455772,0.553223388305847,0.5803736524594846,0.10115183136456771,259,0.5961538461538461,0.4807692307692308,0.6346153846153846,0.7307692307692307,0.5384615384615384,0.596153846153846,0.08513824469684096,155
0.43304896354675293,0.07674797891416339,0.051853275299072264,0.0017881899356042752,SMOTE(random_state=42),,log2,100,,,StandardScaler(),,"{'balance': SMOTE(random_state=42), 'classify__max_depth': None, 'classify__max_features': 'log2', 'classify__n_estimators': 100, 'impute': None, 'select': None, 'transform': StandardScaler()}",0.5982142857142857,0.4625187406296852,0.6139430284857571,0.7271364317841079,0.5322338830584707,0.5868092739344613,0.08830021077931847,143,0.5966020660804234,0.46971321361565266,0.6214990138067061,0.7307692307692307,0.5384615384615384,0.5914090125467102,0.08714005840407434,122,0.5907738095238095,0.41979010494752633,0.6026986506746627,0.7353823088455772,0.553223388305847,0.5803736524594846,0.10115183136456771,259,0.5961538461538461,0.4807692307692308,0.6346153846153846,0.7307692307692307,0.5384615384615384,0.596153846153846,0.08513824469684096,155
0.29291772842407227,0.05765914112497022,0.04747109413146973,0.012233478397310963,SMOTE(random_state=42),,log2,100,,,,,"{'balance': SMOTE(random_state=42), 'classify__max_depth': None, 'classify__max_features': 'log2', 'classify__n_estimators': 100, 'impute': None, 'select': None, 'transform': None}",0.5982142857142857,0.4625187406296852,0.6139430284857571,0.7271364317841079,0.5322338830584707,0.5868092739344613,0.08830021077931847,143,0.5966020660804234,0.46971321361565266,0.6214990138067061,0.7307692307692307,0.5384615384615384,0.5914090125467102,0.08714005840407434,122,0.5907738095238095,0.41979010494752633,0.6026986506746627,0.7353823088455772,0.553223388305847,0.5803736524594846,0.10115183136456771,259,0.5961538461538461,0.4807692307692308,0.6346153846153846,0.7307692307692307,0.5384615384615384,0.596153846153846,0.08513824469684096,155
0.7848125457763672,0.05287461313085326,0.09660701751708985,0.02600048666489582,,10,log2,200,SimpleImputer(strategy='median'),SelectKBest(score_func=<function mutual_info_classif at 0x7a970c879120>),,20,"{'balance': None, 'classify__max_depth': 10, 'classify__max_features': 'log2', 'classify__n_estimators': 200, 'impute': SimpleImputer(strategy='median'), 'select': SelectKBest(score_func=<function mutual_info_classif at 0x7a970c879120>), 'select__k': 20, 'transform': None}",0.5505952380952381,0.4580209895052474,0.6356821589205397,0.6754122938530734,0.6139430284857571,0.5867307417719712,0.07599097633678924,149,0.5541938287700999,0.4621301775147929,0.6441105769230769,0.6741686884544027,0.6214990138067061,0.5912204570938158,0.07567012137539052,128,0.5297619047619048,0.3868065967016492,0.6101949025487257,0.6836581709145427,0.7151424287856072,0.585112800742486,0.11801447218823446,236,0.5576923076923077,0.4807692307692308,0.6538461538461539,0.6730769230769231,0.6346153846153846,0.6000000000000001,0.0713355268884285,115
0.6318400859832763,0.0623440789449892,0.0597348690032959,0.011624871694530567,SMOTE(random_state=42),,log2,100,SimpleImputer(strategy='median'),SelectKBest(score_func=<function mutual_info_classif at 0x7a970c879120>),,20,"{'balance': SMOTE(random_state=42), 'classify__max_depth': None, 'classify__max_features': 'log2', 'classify__n_estimators': 100, 'impute': SimpleImputer(strategy='median'), 'select': SelectKBest(score_func=<function mutual_info_classif at 0x7a970c879120>), 'select__k': 20, 'transform': None}",0.5803571428571428,0.40179910044977507,0.618440779610195,0.6881559220389806,0.6446776611694153,0.5866861212251018,0.09888454270494787,150,0.5769230769230769,0.40685096153846156,0.6268352243962,0.6923076923076923,0.6517482517482518,0.5909330413827366,0.09934462001643138,129,0.5944940476190477,0.42203898050974514,0.5899550224887558,0.6881559220389805,0.7038980509745127,0.5997084047262083,0.1003665163195977,106,0.5769230769230769,0.4230769230769231,0.6346153846153846,0.6923076923076923,0.6538461538461539,0.596153846153846,0.09421114395319916,155
0.5825014114379883,0.0694643903406462,0.06923933029174804,0.007157052332226027,,,log2,200,,,,,"{'balance': None, 'classify__max_depth': None, 'classify__max_features': 'log2', 'classify__n_estimators': 200, 'impute': None, 'select': None, 'transform': None}",0.6071428571428572,0.4835082458770615,0.5922038980509745,0.6664167916041979,0.5839580209895052,0.5866459627329192,0.0590914750760509,151,0.6107226107226107,0.46854788404084186,0.5982088087351246,0.6722149789946401,0.5919968327516936,0.5883382230489822,0.06632783760370933,145,0.6116071428571428,0.39805097451274357,0.5704647676161919,0.7308845577211395,0.6506746626686657,0.5923364210751767,0.11063046713205237,196,0.6153846153846154,0.5192307692307693,0.6153846153846154,0.6730769230769231,0.5961538461538461,0.6038461538461539,0.049554225872019714,88
0.5723542213439942,0.09703075236884912,0.06514310836791992,0.005259856213349774,,,log2,200,SimpleImputer(strategy='median'),,,,"{'balance': None, 'classify__max_depth': None, 'classify__max_features': 'log2', 'classify__n_estimators': 200, 'impute': SimpleImputer(strategy='median'), 'select': None, 'transform': None}",0.6071428571428572,0.4835082458770615,0.5922038980509745,0.6664167916041979,0.5839580209895052,0.5866459627329192,0.0590914750760509,151,0.6107226107226107,0.46854788404084186,0.5982088087351246,0.6722149789946401,0.5919968327516936,0.5883382230489822,0.06632783760370933,145,0.6116071428571428,0.39805097451274357,0.5704647676161919,0.7308845577211395,0.6506746626686657,0.5923364210751767,0.11063046713205237,196,0.6153846153846154,0.5192307692307693,0.6153846153846154,0.6730769230769231,0.5961538461538461,0.6038461538461539,0.049554225872019714,88
0.785547924041748,0.12159613037449453,0.099159574508667,0.010344430468070397,,,log2,200,SimpleImputer(strategy='median'),,StandardScaler(),,"{'balance': None, 'classify__max_depth': None, 'classify__max_features': 'log2', 'classify__n_estimators': 200, 'impute': SimpleImputer(strategy='median'), 'select': None, 'transform': StandardScaler()}",0.6071428571428572,0.4835082458770615,0.5922038980509745,0.6664167916041979,0.5839580209895052,0.5866459627329192,0.0590914750760509,151,0.6107226107226107,0.46854788404084186,0.5982088087351246,0.6722149789946401,0.5919968327516936,0.5883382230489822,0.06632783760370933,145,0.6123511904761905,0.39805097451274357,0.5704647676161919,0.7308845577211395,0.6506746626686657,0.5924852305989863,0.11065678546215457,194,0.6153846153846154,0.5192307692307693,0.6153846153846154,0.6730769230769231,0.5961538461538461,0.6038461538461539,0.049554225872019714,88
0.8176957130432129,0.12449617461201223,0.10513629913330078,0.013147966008023195,,,log2,200,,,StandardScaler(),,"{'balance': None, 'classify__max_depth': None, 'classify__max_features': 'log2', 'classify__n_estimators': 200, 'impute': None, 'select': None, 'transform': StandardScaler()}",0.6071428571428572,0.4835082458770615,0.5922038980509745,0.6664167916041979,0.5839580209895052,0.5866459627329192,0.0590914750760509,151,0.6107226107226107,0.46854788404084186,0.5982088087351246,0.6722149789946401,0.5919968327516936,0.5883382230489822,0.06632783760370933,145,0.6123511904761905,0.39805097451274357,0.5704647676161919,0.7308845577211395,0.6506746626686657,0.5924852305989863,0.11065678546215457,194,0.6153846153846154,0.5192307692307693,0.6153846153846154,0.6730769230769231,0.5961538461538461,0.6038461538461539,0.049554225872019714,88
1.1413503646850587,0.161874172735741,0.10812206268310547,0.01898624456738863,,,log2,200,,SelectKBest(score_func=<function mutual_info_classif at 0x7a970c879120>),,all,"{'balance': None, 'classify__max_depth': None, 'classify__max_features': 'log2', 'classify__n_estimators': 200, 'impute': None, 'select': SelectKBest(score_func=<function mutual_info_classif at 0x7a970c879120>), 'select__k': 'all', 'transform': None}",0.6071428571428572,0.4835082458770615,0.5922038980509745,0.6664167916041979,0.5839580209895052,0.5866459627329192,0.0590914750760509,151,0.6107226107226107,0.46854788404084186,0.5982088087351246,0.6722149789946401,0.5919968327516936,0.5883382230489822,0.06632783760370933,145,0.6116071428571428,0.39805097451274357,0.5704647676161919,0.7308845577211395,0.6506746626686657,0.5923364210751767,0.11063046713205237,196,0.6153846153846154,0.5192307692307693,0.6153846153846154,0.6730769230769231,0.5961538461538461,0.6038461538461539,0.049554225872019714,88
1.2220279693603515,0.16833745964245675,0.09350104331970215,0.0062197909936519665,,,log2,200,SimpleImputer(strategy='median'),SelectKBest(score_func=<function mutual_info_classif at 0x7a970c879120>),,all,"{'balance': None, 'classify__max_depth': None, 'classify__max_features': 'log2', 'classify__n_estimators': 200, 'impute': SimpleImputer(strategy='median'), 'select': SelectKBest(score_func=<function mutual_info_classif at 0x7a970c879120>), 'select__k': 'all', 'transform': None}",0.6071428571428572,0.4835082458770615,0.5922038980509745,0.6664167916041979,0.5839580209895052,0.5866459627329192,0.0590914750760509,151,0.6107226107226107,0.46854788404084186,0.5982088087351246,0.6722149789946401,0.5919968327516936,0.5883382230489822,0.06632783760370933,145,0.6116071428571428,0.39805097451274357,0.5704647676161919,0.7308845577211395,0.6506746626686657,0.5923364210751767,0.11063046713205237,196,0.6153846153846154,0.5192307692307693,0.6153846153846154,0.6730769230769231,0.5961538461538461,0.6038461538461539,0.049554225872019714,88
1.3183884143829345,0.07960937610471513,0.13013725280761718,0.013486648331156367,,,log2,300,,SelectKBest(score_func=<function mutual_info_classif at 0x7a970c879120>),,20,"{'balance': None, 'classify__max_depth': None, 'classify__max_features': 'log2', 'classify__n_estimators': 300, 'impute': None, 'select': SelectKBest(score_func=<function mutual_info_classif at 0x7a970c879120>), 'select__k': 20, 'transform': None}",0.6101190476190477,0.4880059970014992,0.6011994002998501,0.6191904047976011,0.6139430284857571,0.5864915756407509,0.04959189939844351,157,0.6136547111059855,0.4820035037426341,0.6094765449604159,0.6165242165242165,0.6214990138067061,0.5886315980279916,0.053457429190344685,144,0.5654761904761905,0.4557721139430285,0.5719640179910045,0.6611694152923538,0.6874062968515743,0.5883576069108304,0.08183327482144168,217,0.6153846153846154,0.5192307692307693,0.6153846153846154,0.6153846153846154,0.6346153846153846,0.6,0.0410656855847358,116
0.6869622230529785,0.08181509484741088,0.07657389640808106,0.012037470978566363,SMOTE(random_state=42),10,sqrt,200,,,,,"{'balance': SMOTE(random_state=42), 'classify__max_depth': 10, 'classify__max_features': 'sqrt', 'classify__n_estimators': 200, 'impute': None, 'select': None, 'transform': None}",0.5803571428571428,0.4580209895052474,0.618440779610195,0.7016491754122939,0.5712143928035982,0.5859364960376954,0.07881141914165941,158,0.5769230769230769,0.4621301775147929,0.6268352243962,0.6923076923076923,0.5769230769230769,0.5870238496129678,0.07546139893048709,172,0.6458333333333334,0.42578710644677664,0.5472263868065966,0.7331334332833582,0.5967016491754122,0.5897363818090954,0.10241539128300127,209,0.5769230769230769,0.4807692307692308,0.6346153846153846,0.6923076923076923,0.5769230769230769,0.5923076923076923,0.07029102647114255,162
1.1222678184509278,0.1679929307468273,0.09743294715881348,0.012146083196528074,SMOTE(random_state=42),10,sqrt,200,,SelectKBest(score_func=<function mutual_info_classif at 0x7a970c879120>),,all,"{'balance': SMOTE(random_state=42), 'classify__max_depth': 10, 'classify__max_features': 'sqrt', 'classify__n_estimators': 200, 'impute': None, 'select': SelectKBest(score_func=<function mutual_info_classif at 0x7a970c879120>), 'select__k': 'all', 'transform': None}",0.5803571428571428,0.4580209895052474,0.618440779610195,0.7016491754122939,0.5712143928035982,0.5859364960376954,0.07881141914165941,158,0.5769230769230769,0.4621301775147929,0.6268352243962,0.6923076923076923,0.5769230769230769,0.5870238496129678,0.07546139893048709,172,0.6458333333333334,0.42578710644677664,0.5472263868065966,0.7331334332833582,0.5967016491754122,0.5897363818090954,0.10241539128300127,209,0.5769230769230769,0.4807692307692308,0.6346153846153846,0.6923076923076923,0.5769230769230769,0.5923076923076923,0.07029102647114255,162
1.0809043884277343,0.0590200957059061,0.10920357704162598,0.018030245077195955,SMOTE(random_state=42),10,sqrt,200,SimpleImputer(strategy='median'),SelectKBest(score_func=<function mutual_info_classif at 0x7a970c879120>),,all,"{'balance': SMOTE(random_state=42), 'classify__max_depth': 10, 'classify__max_features': 'sqrt', 'classify__n_estimators': 200, 'impute': SimpleImputer(strategy='median'), 'select': SelectKBest(score_func=<function mutual_info_classif at 0x7a970c879120>), 'select__k': 'all', 'transform': None}",0.5803571428571428,0.4580209895052474,0.618440779610195,0.7016491754122939,0.5712143928035982,0.5859364960376954,0.07881141914165941,158,0.5769230769230769,0.4621301775147929,0.6268352243962,0.6923076923076923,0.5769230769230769,0.5870238496129678,0.07546139893048709,172,0.6458333333333334,0.42578710644677664,0.5472263868065966,0.7331334332833582,0.5967016491754122,0.5897363818090954,0.10241539128300127,209,0.5769230769230769,0.4807692307692308,0.6346153846153846,0.6923076923076923,0.5769230769230769,0.5923076923076923,0.07029102647114255,162
0.766682243347168,0.11038623328367038,0.08841867446899414,0.018282904462762595,SMOTE(random_state=42),10,sqrt,200,SimpleImputer(strategy='median'),,,,"{'balance': SMOTE(random_state=42), 'classify__max_depth': 10, 'classify__max_features': 'sqrt', 'classify__n_estimators': 200, 'impute': SimpleImputer(strategy='median'), 'select': None, 'transform': None}",0.5803571428571428,0.4580209895052474,0.618440779610195,0.7016491754122939,0.5712143928035982,0.5859364960376954,0.07881141914165941,158,0.5769230769230769,0.4621301775147929,0.6268352243962,0.6923076923076923,0.5769230769230769,0.5870238496129678,0.07546139893048709,172,0.6458333333333334,0.42578710644677664,0.5472263868065966,0.7331334332833582,0.5967016491754122,0.5897363818090954,0.10241539128300127,209,0.5769230769230769,0.4807692307692308,0.6346153846153846,0.6923076923076923,0.5769230769230769,0.5923076923076923,0.07029102647114255,162
0.8190829277038574,0.0758231316227123,0.1143303394317627,0.03913027950023411,SMOTE(random_state=42),10,sqrt,200,,,StandardScaler(),,"{'balance': SMOTE(random_state=42), 'classify__max_depth': 10, 'classify__max_features': 'sqrt', 'classify__n_estimators': 200, 'impute': None, 'select': None, 'transform': StandardScaler()}",0.5803571428571428,0.4580209895052474,0.618440779610195,0.7016491754122939,0.5712143928035982,0.5859364960376954,0.07881141914165941,158,0.5769230769230769,0.4621301775147929,0.6268352243962,0.6923076923076923,0.5769230769230769,0.5870238496129678,0.07546139893048709,172,0.6458333333333334,0.42578710644677664,0.5472263868065966,0.7331334332833582,0.5982008995502249,0.590036231884058,0.10243753747432588,206,0.5769230769230769,0.4807692307692308,0.6346153846153846,0.6923076923076923,0.5769230769230769,0.5923076923076923,0.07029102647114255,162
0.9352661609649658,0.14568790822745215,0.10847744941711426,0.03569035053702915,SMOTE(random_state=42),10,sqrt,200,SimpleImputer(strategy='median'),,StandardScaler(),,"{'balance': SMOTE(random_state=42), 'classify__max_depth': 10, 'classify__max_features': 'sqrt', 'classify__n_estimators': 200, 'impute': SimpleImputer(strategy='median'), 'select': None, 'transform': StandardScaler()}",0.5803571428571428,0.4580209895052474,0.618440779610195,0.7016491754122939,0.5712143928035982,0.5859364960376954,0.07881141914165941,158,0.5769230769230769,0.4621301775147929,0.6268352243962,0.6923076923076923,0.5769230769230769,0.5870238496129678,0.07546139893048709,172,0.6458333333333334,0.42578710644677664,0.5472263868065966,0.7331334332833582,0.5982008995502249,0.590036231884058,0.10243753747432588,206,0.5769230769230769,0.4807692307692308,0.6346153846153846,0.6923076923076923,0.5769230769230769,0.5923076923076923,0.07029102647114255,162
0.6922829151153564,0.1697488150964769,0.0573763370513916,0.01055158160628878,SMOTE(random_state=42),10,log2,100,,SelectKBest(score_func=<function mutual_info_classif at 0x7a970c879120>),,10,"{'balance': SMOTE(random_state=42), 'classify__max_depth': 10, 'classify__max_features': 'log2', 'classify__n_estimators': 100, 'impute': None, 'select': SelectKBest(score_func=<function mutual_info_classif at 0x7a970c879120>), 'select__k': 10, 'transform': None}",0.5773809523809523,0.5059970014992504,0.6094452773613194,0.6064467766116941,0.6274362818590704,0.5853412579424573,0.04279559604478133,164,0.5775498575498575,0.5142819437520162,0.6147174729264282,0.5951079996584991,0.6336520353469506,0.5870618618467504,0.040957568600382355,171,0.5773809523809523,0.4872563718140929,0.5577211394302847,0.6326836581709144,0.6131934032983508,0.5736471050189189,0.05055721727982058,288,0.5769230769230769,0.5192307692307693,0.6346153846153846,0.5961538461538461,0.6346153846153846,0.5923076923076923,0.04282895663715399,162
0.8623059272766114,0.0406870416894635,0.09190220832824707,0.0029813972195075495,SMOTE(random_state=42),,sqrt,300,SimpleImputer(strategy='median'),,,,"{'balance': SMOTE(random_state=42), 'classify__max_depth': None, 'classify__max_features': 'sqrt', 'classify__n_estimators': 300, 'impute': SimpleImputer(strategy='median'), 'select': None, 'transform': None}",0.5803571428571428,0.4580209895052474,0.618440779610195,0.6754122938530734,0.5929535232383808,0.5850369458128079,0.07141588836712129,165,0.5769230769230769,0.4621301775147929,0.6268352243962,0.6741686884544027,0.596907571711603,0.5873929478000152,0.07067762055006459,159,0.6517857142857143,0.4355322338830585,0.5809595202398802,0.7458770614692654,0.6011994002998501,0.6030707860355536,0.10131964582910906,68,0.5769230769230769,0.4807692307692308,0.6346153846153846,0.6730769230769231,0.5961538461538461,0.5923076923076923,0.06481653671674123,162
1.614705228805542,0.13717157896501345,0.15101656913757325,0.011500282910333146,SMOTE(random_state=42),,sqrt,300,,SelectKBest(score_func=<function mutual_info_classif at 0x7a970c879120>),,all,"{'balance': SMOTE(random_state=42), 'classify__max_depth': None, 'classify__max_features': 'sqrt', 'classify__n_estimators': 300, 'impute': None, 'select': SelectKBest(score_func=<function mutual_info_classif at 0x7a970c879120>), 'select__k': 'all', 'transform': None}",0.5803571428571428,0.4580209895052474,0.618440779610195,0.6754122938530734,0.5929535232383808,0.5850369458128079,0.07141588836712129,165,0.5769230769230769,0.4621301775147929,0.6268352243962,0.6741686884544027,0.596907571711603,0.5873929478000152,0.07067762055006459,159,0.6517857142857143,0.4355322338830585,0.5809595202398802,0.7458770614692654,0.6011994002998501,0.6030707860355536,0.10131964582910906,68,0.5769230769230769,0.4807692307692308,0.6346153846153846,0.6730769230769231,0.5961538461538461,0.5923076923076923,0.06481653671674123,162
0.9741490840911865,0.07199748419469434,0.11200881004333496,0.02257466002100318,SMOTE(random_state=42),,sqrt,300,,,,,"{'balance': SMOTE(random_state=42), 'classify__max_depth': None, 'classify__max_features': 'sqrt', 'classify__n_estimators': 300, 'impute': None, 'select': None, 'transform': None}",0.5803571428571428,0.4580209895052474,0.618440779610195,0.6754122938530734,0.5929535232383808,0.5850369458128079,0.07141588836712129,165,0.5769230769230769,0.4621301775147929,0.6268352243962,0.6741686884544027,0.596907571711603,0.5873929478000152,0.07067762055006459,159,0.6517857142857143,0.4355322338830585,0.5809595202398802,0.7458770614692654,0.6011994002998501,0.6030707860355536,0.10131964582910906,68,0.5769230769230769,0.4807692307692308,0.6346153846153846,0.6730769230769231,0.5961538461538461,0.5923076923076923,0.06481653671674123,162
1.275797176361084,0.2108398462435741,0.14679341316223143,0.028452508877709573,SMOTE(random_state=42),,sqrt,300,,,StandardScaler(),,"{'balance': SMOTE(random_state=42), 'classify__max_depth': None, 'classify__max_features': 'sqrt', 'classify__n_estimators': 300, 'impute': None, 'select': None, 'transform': StandardScaler()}",0.5803571428571428,0.4580209895052474,0.618440779610195,0.6754122938530734,0.5929535232383808,0.5850369458128079,0.07141588836712129,165,0.5769230769230769,0.4621301775147929,0.6268352243962,0.6741686884544027,0.596907571711603,0.5873929478000152,0.07067762055006459,159,0.6517857142857143,0.4355322338830585,0.5809595202398802,0.7458770614692654,0.6011994002998501,0.6030707860355536,0.10131964582910906,68,0.5769230769230769,0.4807692307692308,0.6346153846153846,0.6730769230769231,0.5961538461538461,0.5923076923076923,0.06481653671674123,162
1.5217715740203857,0.08233207426368733,0.14620113372802734,0.012992190735770957,SMOTE(random_state=42),,sqrt,300,SimpleImputer(strategy='median'),SelectKBest(score_func=<function mutual_info_classif at 0x7a970c879120>),,all,"{'balance': SMOTE(random_state=42), 'classify__max_depth': None, 'classify__max_features': 'sqrt', 'classify__n_estimators': 300, 'impute': SimpleImputer(strategy='median'), 'select': SelectKBest(score_func=<function mutual_info_classif at 0x7a970c879120>), 'select__k': 'all', 'transform': None}",0.5803571428571428,0.4580209895052474,0.618440779610195,0.6754122938530734,0.5929535232383808,0.5850369458128079,0.07141588836712129,165,0.5769230769230769,0.4621301775147929,0.6268352243962,0.6741686884544027,0.596907571711603,0.5873929478000152,0.07067762055006459,159,0.6517857142857143,0.4355322338830585,0.5809595202398802,0.7458770614692654,0.6011994002998501,0.6030707860355536,0.10131964582910906,68,0.5769230769230769,0.4807692307692308,0.6346153846153846,0.6730769230769231,0.5961538461538461,0.5923076923076923,0.06481653671674123,162
1.3749623775482178,0.07588849219840224,0.16261658668518067,0.056039130167816247,SMOTE(random_state=42),,sqrt,300,SimpleImputer(strategy='median'),,StandardScaler(),,"{'balance': SMOTE(random_state=42), 'classify__max_depth': None, 'classify__max_features': 'sqrt', 'classify__n_estimators': 300, 'impute': SimpleImputer(strategy='median'), 'select': None, 'transform': StandardScaler()}",0.5803571428571428,0.4580209895052474,0.618440779610195,0.6754122938530734,0.5929535232383808,0.5850369458128079,0.07141588836712129,165,0.5769230769230769,0.4621301775147929,0.6268352243962,0.6741686884544027,0.596907571711603,0.5873929478000152,0.07067762055006459,159,0.6517857142857143,0.4355322338830585,0.5809595202398802,0.7458770614692654,0.6011994002998501,0.6030707860355536,0.10131964582910906,68,0.5769230769230769,0.4807692307692308,0.6346153846153846,0.6730769230769231,0.5961538461538461,0.5923076923076923,0.06481653671674123,162
0.37534728050231936,0.09471179587285451,0.04888672828674316,0.01701440323319086,SMOTE(random_state=42),,sqrt,100,,,,,"{'balance': SMOTE(random_state=42), 'classify__max_depth': None, 'classify__max_features': 'sqrt', 'classify__n_estimators': 100, 'impute': None, 'select': None, 'transform': None}",0.6041666666666667,0.49700149925037485,0.6229385307346327,0.6319340329835083,0.5667166416791605,0.5845514742628686,0.0491660617224859,171,0.593006993006993,0.5019723865877712,0.6308542772515323,0.6352973267866885,0.5743589743589743,0.5870979915983918,0.048334989258404154,165,0.6659226190476191,0.45202398800599697,0.5749625187406296,0.697151424287856,0.6131934032983508,0.6006507906760905,0.08541652625199843,99,0.5961538461538461,0.5192307692307693,0.6346153846153846,0.6346153846153846,0.5769230769230769,0.5923076923076923,0.04282895663715399,162
0.29946603775024416,0.03815013011846953,0.039578580856323244,0.003997300120168996,SMOTE(random_state=42),,sqrt,100,SimpleImputer(strategy='median'),,,,"{'balance': SMOTE(random_state=42), 'classify__max_depth': None, 'classify__max_features': 'sqrt', 'classify__n_estimators': 100, 'impute': SimpleImputer(strategy='median'), 'select': None, 'transform': None}",0.6041666666666667,0.49700149925037485,0.6229385307346327,0.6319340329835083,0.5667166416791605,0.5845514742628686,0.0491660617224859,171,0.593006993006993,0.5019723865877712,0.6308542772515323,0.6352973267866885,0.5743589743589743,0.5870979915983918,0.048334989258404154,165,0.6659226190476191,0.45202398800599697,0.5749625187406296,0.697151424287856,0.6131934032983508,0.6006507906760905,0.08541652625199843,99,0.5961538461538461,0.5192307692307693,0.6346153846153846,0.6346153846153846,0.5769230769230769,0.5923076923076923,0.04282895663715399,162
0.7285281181335449,0.13652582655891116,0.06050653457641601,0.014699864574033812,SMOTE(random_state=42),,sqrt,100,SimpleImputer(strategy='median'),SelectKBest(score_func=<function mutual_info_classif at 0x7a970c879120>),,all,"{'balance': SMOTE(random_state=42), 'classify__max_depth': None, 'classify__max_features': 'sqrt', 'classify__n_estimators': 100, 'impute': SimpleImputer(strategy='median'), 'select': SelectKBest(score_func=<function mutual_info_classif at 0x7a970c879120>), 'select__k': 'all', 'transform': None}",0.6041666666666667,0.49700149925037485,0.6229385307346327,0.6319340329835083,0.5667166416791605,0.5845514742628686,0.0491660617224859,171,0.593006993006993,0.5019723865877712,0.6308542772515323,0.6352973267866885,0.5743589743589743,0.5870979915983918,0.048334989258404154,165,0.6659226190476191,0.45202398800599697,0.5749625187406296,0.697151424287856,0.6131934032983508,0.6006507906760905,0.08541652625199843,99,0.5961538461538461,0.5192307692307693,0.6346153846153846,0.6346153846153846,0.5769230769230769,0.5923076923076923,0.04282895663715399,162
0.4436823844909668,0.05792550528161297,0.0546968936920166,0.007102796245415183,SMOTE(random_state=42),,sqrt,100,SimpleImputer(strategy='median'),,StandardScaler(),,"{'balance': SMOTE(random_state=42), 'classify__max_depth': None, 'classify__max_features': 'sqrt', 'classify__n_estimators': 100, 'impute': SimpleImputer(strategy='median'), 'select': None, 'transform': StandardScaler()}",0.6041666666666667,0.49700149925037485,0.6229385307346327,0.6319340329835083,0.5667166416791605,0.5845514742628686,0.0491660617224859,171,0.593006993006993,0.5019723865877712,0.6308542772515323,0.6352973267866885,0.5743589743589743,0.5870979915983918,0.048334989258404154,165,0.6666666666666667,0.45202398800599697,0.5749625187406296,0.697151424287856,0.6146926536731634,0.6010994502748626,0.08557622262812396,95,0.5961538461538461,0.5192307692307693,0.6346153846153846,0.6346153846153846,0.5769230769230769,0.5923076923076923,0.04282895663715399,162
0.7376449108123779,0.08043854912132674,0.06134052276611328,0.007391149042625322,SMOTE(random_state=42),,sqrt,100,,SelectKBest(score_func=<function mutual_info_classif at 0x7a970c879120>),,all,"{'balance': SMOTE(random_state=42), 'classify__max_depth': None, 'classify__max_features': 'sqrt', 'classify__n_estimators': 100, 'impute': None, 'select': SelectKBest(score_func=<function mutual_info_classif at 0x7a970c879120>), 'select__k': 'all', 'transform': None}",0.6041666666666667,0.49700149925037485,0.6229385307346327,0.6319340329835083,0.5667166416791605,0.5845514742628686,0.0491660617224859,171,0.593006993006993,0.5019723865877712,0.6308542772515323,0.6352973267866885,0.5743589743589743,0.5870979915983918,0.048334989258404154,165,0.6659226190476191,0.45202398800599697,0.5749625187406296,0.697151424287856,0.6131934032983508,0.6006507906760905,0.08541652625199843,99,0.5961538461538461,0.5192307692307693,0.6346153846153846,0.6346153846153846,0.5769230769230769,0.5923076923076923,0.04282895663715399,162
0.46677250862121583,0.04642954888281633,0.0693446159362793,0.013407597243228873,SMOTE(random_state=42),,sqrt,100,,,StandardScaler(),,"{'balance': SMOTE(random_state=42), 'classify__max_depth': None, 'classify__max_features': 'sqrt', 'classify__n_estimators': 100, 'impute': None, 'select': None, 'transform': StandardScaler()}",0.6041666666666667,0.49700149925037485,0.6229385307346327,0.6319340329835083,0.5667166416791605,0.5845514742628686,0.0491660617224859,171,0.593006993006993,0.5019723865877712,0.6308542772515323,0.6352973267866885,0.5743589743589743,0.5870979915983918,0.048334989258404154,165,0.6666666666666667,0.45202398800599697,0.5749625187406296,0.697151424287856,0.6146926536731634,0.6010994502748626,0.08557622262812396,95,0.5961538461538461,0.5192307692307693,0.6346153846153846,0.6346153846153846,0.5769230769230769,0.5923076923076923,0.04282895663715399,162
0.6873635292053223,0.11836541347487767,0.05974359512329101,0.009594306126077801,SMOTE(random_state=42),,sqrt,100,SimpleImputer(strategy='median'),SelectKBest(score_func=<function mutual_info_classif at 0x7a970c879120>),,20,"{'balance': SMOTE(random_state=42), 'classify__max_depth': None, 'classify__max_features': 'sqrt', 'classify__n_estimators': 100, 'impute': SimpleImputer(strategy='median'), 'select': SelectKBest(score_func=<function mutual_info_classif at 0x7a970c879120>), 'select__k': 20, 'transform': None}",0.5803571428571428,0.4580209895052474,0.6401799100449774,0.5929535232383808,0.6491754122938531,0.5841373955879202,0.06836383450974363,177,0.5769230769230769,0.4621301775147929,0.6485288904643743,0.596907571711603,0.6538461538461539,0.5876671740920002,0.06934574819390354,158,0.5915178571428571,0.4250374812593703,0.6559220389805098,0.6679160419790104,0.676911544227886,0.6034609927179267,0.09410545807326683,61,0.5769230769230769,0.4807692307692308,0.6538461538461539,0.5961538461538461,0.6538461538461539,0.5923076923076923,0.06366517445094942,162
1.2695963382720947,0.1578094784942131,0.12416176795959473,0.021143719673582393,,10,log2,300,,SelectKBest(score_func=<function mutual_info_classif at 0x7a970c879120>),,10,"{'balance': None, 'classify__max_depth': 10, 'classify__max_features': 'log2', 'classify__n_estimators': 300, 'impute': None, 'select': SelectKBest(score_func=<function mutual_info_classif at 0x7a970c879120>), 'select__k': 10, 'transform': None}",0.5178571428571428,0.5232383808095952,0.631184407796102,0.6709145427286357,0.5749625187406296,0.583631398586421,0.059880472154050166,178,0.5197659483373769,0.5313718539524991,0.638387927861612,0.673687081861774,0.5816568047337278,0.5889739233493979,0.05963110848538962,143,0.48958333333333337,0.41679160419790107,0.6416791604197901,0.671664167916042,0.6296851574212893,0.5698806846576712,0.0989701012773323,304,0.5192307692307693,0.5384615384615384,0.6538461538461539,0.6730769230769231,0.5961538461538461,0.5961538461538463,0.060813031926314993,127
0.6567754745483398,0.10348296838454867,0.06593999862670899,0.022186383227414154,SMOTE(random_state=42),10,log2,100,,SelectKBest(score_func=<function mutual_info_classif at 0x7a970c879120>),,20,"{'balance': SMOTE(random_state=42), 'classify__max_depth': 10, 'classify__max_features': 'log2', 'classify__n_estimators': 100, 'impute': None, 'select': SelectKBest(score_func=<function mutual_info_classif at 0x7a970c879120>), 'select__k': 20, 'transform': None}",0.5833333333333333,0.47526236881559225,0.5839580209895052,0.6364317841079461,0.6364317841079461,0.5830834582708646,0.05885287141347711,179,0.5750427350427351,0.4776714513556619,0.5919968327516936,0.63583559297845,0.63583559297845,0.5832764410213982,0.05800203771810449,197,0.5751488095238095,0.444527736131934,0.5802098950524738,0.6746626686656673,0.6656671664167916,0.5880432551581352,0.0828887529832631,220,0.5769230769230769,0.5,0.5961538461538461,0.6346153846153846,0.6346153846153846,0.5884615384615384,0.04955422587201971,209
0.6748337745666504,0.0492877907478688,0.06404809951782227,0.022890255324856824,,,log2,100,,SelectKBest(score_func=<function mutual_info_classif at 0x7a970c879120>),,all,"{'balance': None, 'classify__max_depth': None, 'classify__max_features': 'log2', 'classify__n_estimators': 100, 'impute': None, 'select': SelectKBest(score_func=<function mutual_info_classif at 0x7a970c879120>), 'select__k': 'all', 'transform': None}",0.5684523809523809,0.4662668665667166,0.5922038980509745,0.7053973013493253,0.5794602698650675,0.582356143356893,0.07604541499733099,180,0.5717948717948718,0.45462184873949585,0.5982088087351246,0.7107779226423294,0.5875547217010632,0.584591634722577,0.08145316320611808,181,0.597470238095238,0.43403298350824593,0.5914542728635682,0.7353823088455772,0.6814092953523239,0.6079498197329907,0.10223925318579476,37,0.5769230769230769,0.5,0.6153846153846154,0.7115384615384616,0.5961538461538461,0.6,0.06815401979488213,116
0.6017131805419922,0.045654431196170325,0.08338184356689453,0.03754743821169181,,,log2,100,SimpleImputer(strategy='median'),SelectKBest(score_func=<function mutual_info_classif at 0x7a970c879120>),,all,"{'balance': None, 'classify__max_depth': None, 'classify__max_features': 'log2', 'classify__n_estimators': 100, 'impute': SimpleImputer(strategy='median'), 'select': SelectKBest(score_func=<function mutual_info_classif at 0x7a970c879120>), 'select__k': 'all', 'transform': None}",0.5684523809523809,0.4662668665667166,0.5922038980509745,0.7053973013493253,0.5794602698650675,0.582356143356893,0.07604541499733099,180,0.5717948717948718,0.45462184873949585,0.5982088087351246,0.7107779226423294,0.5875547217010632,0.584591634722577,0.08145316320611808,181,0.597470238095238,0.43403298350824593,0.5914542728635682,0.7353823088455772,0.6814092953523239,0.6079498197329907,0.10223925318579476,37,0.5769230769230769,0.5,0.6153846153846154,0.7115384615384616,0.5961538461538461,0.6,0.06815401979488213,116
0.3844898223876953,0.0819032670088719,0.061254358291625975,0.011078625334754247,,,log2,100,,,StandardScaler(),,"{'balance': None, 'classify__max_depth': None, 'classify__max_features': 'log2', 'classify__n_estimators': 100, 'impute': None, 'select': None, 'transform': StandardScaler()}",0.5684523809523809,0.4662668665667166,0.5922038980509745,0.7053973013493253,0.5794602698650675,0.582356143356893,0.07604541499733099,180,0.5717948717948718,0.45462184873949585,0.5982088087351246,0.7107779226423294,0.5875547217010632,0.584591634722577,0.08145316320611808,181,0.597470238095238,0.43403298350824593,0.5914542728635682,0.7353823088455772,0.6814092953523239,0.6079498197329907,0.10223925318579476,37,0.5769230769230769,0.5,0.6153846153846154,0.7115384615384616,0.5961538461538461,0.6,0.06815401979488213,116
0.49468393325805665,0.05224154215120093,0.07889933586120605,0.026142593407880697,,,log2,100,SimpleImputer(strategy='median'),,StandardScaler(),,"{'balance': None, 'classify__max_depth': None, 'classify__max_features': 'log2', 'classify__n_estimators': 100, 'impute': SimpleImputer(strategy='median'), 'select': None, 'transform': StandardScaler()}",0.5684523809523809,0.4662668665667166,0.5922038980509745,0.7053973013493253,0.5794602698650675,0.582356143356893,0.07604541499733099,180,0.5717948717948718,0.45462184873949585,0.5982088087351246,0.7107779226423294,0.5875547217010632,0.584591634722577,0.08145316320611808,181,0.597470238095238,0.43403298350824593,0.5914542728635682,0.7353823088455772,0.6814092953523239,0.6079498197329907,0.10223925318579476,37,0.5769230769230769,0.5,0.6153846153846154,0.7115384615384616,0.5961538461538461,0.6,0.06815401979488213,116
0.3334517002105713,0.10394058451597346,0.04169673919677734,0.002211831614326975,,,log2,100,SimpleImputer(strategy='median'),,,,"{'balance': None, 'classify__max_depth': None, 'classify__max_features': 'log2', 'classify__n_estimators': 100, 'impute': SimpleImputer(strategy='median'), 'select': None, 'transform': None}",0.5684523809523809,0.4662668665667166,0.5922038980509745,0.7053973013493253,0.5794602698650675,0.582356143356893,0.07604541499733099,180,0.5717948717948718,0.45462184873949585,0.5982088087351246,0.7107779226423294,0.5875547217010632,0.584591634722577,0.08145316320611808,181,0.597470238095238,0.43403298350824593,0.5914542728635682,0.7353823088455772,0.6814092953523239,0.6079498197329907,0.10223925318579476,37,0.5769230769230769,0.5,0.6153846153846154,0.7115384615384616,0.5961538461538461,0.6,0.06815401979488213,116
0.31506872177124023,0.05678724200855298,0.04176931381225586,0.0035766983847713148,,,log2,100,,,,,"{'balance': None, 'classify__max_depth': None, 'classify__max_features': 'log2', 'classify__n_estimators': 100, 'impute': None, 'select': None, 'transform': None}",0.5684523809523809,0.4662668665667166,0.5922038980509745,0.7053973013493253,0.5794602698650675,0.582356143356893,0.07604541499733099,180,0.5717948717948718,0.45462184873949585,0.5982088087351246,0.7107779226423294,0.5875547217010632,0.584591634722577,0.08145316320611808,181,0.597470238095238,0.43403298350824593,0.5914542728635682,0.7353823088455772,0.6814092953523239,0.6079498197329907,0.10223925318579476,37,0.5769230769230769,0.5,0.6153846153846154,0.7115384615384616,0.5961538461538461,0.6,0.06815401979488213,116
1.4109416484832764,0.11026779075592721,0.148270320892334,0.02649605850690312,SMOTE(random_state=42),10,sqrt,300,SimpleImputer(strategy='median'),SelectKBest(score_func=<function mutual_info_classif at 0x7a970c879120>),,20,"{'balance': SMOTE(random_state=42), 'classify__max_depth': 10, 'classify__max_features': 'sqrt', 'classify__n_estimators': 300, 'impute': SimpleImputer(strategy='median'), 'select': SelectKBest(score_func=<function mutual_info_classif at 0x7a970c879120>), 'select__k': 20, 'transform': None}",0.5386904761904762,0.4407796101949025,0.6401799100449774,0.7016491754122939,0.588455772113943,0.5819509887913187,0.0889510038640253,186,0.5391452991452992,0.44639423076923074,0.6485288904643743,0.6923076923076923,0.5950890916992612,0.5842930408771716,0.08598181717302042,188,0.5714285714285714,0.4062968515742129,0.6341829085457271,0.6941529235382309,0.6146926536731634,0.5841507817519812,0.09729374693649032,237,0.5384615384615384,0.46153846153846156,0.6538461538461539,0.6923076923076923,0.5961538461538461,0.5884615384615384,0.08213137116947161,209
1.0206220149993896,0.09122903021500639,0.10289015769958496,0.018779369503481476,SMOTE(random_state=42),5,log2,200,SimpleImputer(strategy='median'),SelectKBest(score_func=<function mutual_info_classif at 0x7a970c879120>),,20,"{'balance': SMOTE(random_state=42), 'classify__max_depth': 5, 'classify__max_features': 'log2', 'classify__n_estimators': 200, 'impute': SimpleImputer(strategy='median'), 'select': SelectKBest(score_func=<function mutual_info_classif at 0x7a970c879120>), 'select__k': 20, 'transform': None}",0.5595238095238095,0.5014992503748126,0.6101949025487257,0.6671664167916043,0.5712143928035982,0.58191975440851,0.05504565020637472,187,0.55818321523094,0.5089937163107895,0.6153846153846154,0.6517948717948717,0.5769230769230769,0.5822558991288587,0.04880258414099551,207,0.5877976190476191,0.43178410794602706,0.6056971514242878,0.6956521739130435,0.583208395802099,0.5808278896266154,0.0849369050999105,257,0.5576923076923077,0.5192307692307693,0.6153846153846154,0.6538461538461539,0.5769230769230769,0.5846153846153846,0.0464732537445945,222
1.003647470474243,0.13065135993269156,0.10641059875488282,0.017301063809630247,,5,sqrt,200,,SelectKBest(score_func=<function mutual_info_classif at 0x7a970c879120>),,20,"{'balance': None, 'classify__max_depth': 5, 'classify__max_features': 'sqrt', 'classify__n_estimators': 200, 'impute': None, 'select': SelectKBest(score_func=<function mutual_info_classif at 0x7a970c879120>), 'select__k': 20, 'transform': None}",0.5833333333333334,0.431784107946027,0.6139430284857571,0.6836581709145427,0.5967016491754122,0.5818840579710145,0.08262857140431194,188,0.5841150719199499,0.4263448969331322,0.6214990138067061,0.6904428904428905,0.6045673076923077,0.5853938361589973,0.0871833814168774,180,0.5758928571428572,0.42578710644677664,0.5817091454272864,0.6776611694152924,0.6431784107946027,0.5808457378453631,0.08640259900972541,256,0.5961538461538461,0.46153846153846156,0.6346153846153846,0.6923076923076923,0.6153846153846154,0.6,0.07634397400492002,116
0.9677159786224365,0.044721035509727496,0.10395808219909668,0.01682806805874244,,5,log2,300,,SelectKBest(score_func=<function mutual_info_classif at 0x7a970c879120>),,20,"{'balance': None, 'classify__max_depth': 5, 'classify__max_features': 'log2', 'classify__n_estimators': 300, 'impute': None, 'select': SelectKBest(score_func=<function mutual_info_classif at 0x7a970c879120>), 'select__k': 20, 'transform': None}",0.5892857142857143,0.4580209895052474,0.54047976011994,0.7008995502248876,0.618440779610195,0.5814253587491969,0.08076037319756825,189,0.5929595827900912,0.4621301775147929,0.5482742190059263,0.7085691662512097,0.6268352243962,0.587753673991644,0.08184221706601245,157,0.5416666666666667,0.41079460269865065,0.5832083958020989,0.7151424287856072,0.6476761619190405,0.5796976511744127,0.10291091934297185,267,0.5961538461538461,0.4807692307692308,0.5576923076923077,0.7115384615384616,0.6346153846153846,0.5961538461538461,0.07692307692307691,130
0.5125336170196533,0.05941974437490568,0.05310630798339844,0.020771114547423374,,10,log2,100,SimpleImputer(strategy='median'),SelectKBest(score_func=<function mutual_info_classif at 0x7a970c879120>),,20,"{'balance': None, 'classify__max_depth': 10, 'classify__max_features': 'log2', 'classify__n_estimators': 100, 'impute': SimpleImputer(strategy='median'), 'select': SelectKBest(score_func=<function mutual_info_classif at 0x7a970c879120>), 'select__k': 20, 'transform': None}",0.5654761904761905,0.4880059970014992,0.6529235382308846,0.6191904047976011,0.5794602698650675,0.5810112800742486,0.055718481240534336,190,0.5671747607231478,0.4820035037426341,0.6613412228796844,0.6165242165242165,0.5875547217010632,0.5829196851141492,0.05955277321443626,199,0.6026785714285715,0.41829085457271364,0.6386806596701649,0.6536731634182908,0.6776611694152923,0.5981968837010067,0.09318518259215956,132,0.5769230769230769,0.5192307692307693,0.6730769230769231,0.6153846153846154,0.5961538461538461,0.5961538461538463,0.05014771080925115,127
1.5499240398406982,0.11605385055290605,0.15409069061279296,0.03988555142626522,SMOTE(random_state=42),10,sqrt,300,SimpleImputer(strategy='median'),SelectKBest(score_func=<function mutual_info_classif at 0x7a970c879120>),,all,"{'balance': SMOTE(random_state=42), 'classify__max_depth': 10, 'classify__max_features': 'sqrt', 'classify__n_estimators': 300, 'impute': SimpleImputer(strategy='median'), 'select': SelectKBest(score_func=<function mutual_info_classif at 0x7a970c879120>), 'select__k': 'all', 'transform': None}",0.5982142857142857,0.4407796101949025,0.618440779610195,0.697151424287856,0.5494752623688156,0.5808122724352109,0.08466957844017577,191,0.5966020660804234,0.44639423076923074,0.6268352243962,0.6932193732193732,0.5565261480515719,0.5839154085033599,0.08199105377157957,191,0.6309523809523809,0.42503748125937035,0.5772113943028486,0.7511244377811094,0.6041979010494752,0.5977047190690369,0.10480374983312772,148,0.5961538461538461,0.46153846153846156,0.6346153846153846,0.6923076923076923,0.5576923076923077,0.5884615384615385,0.07749785261388414,199
0.9757014274597168,0.09925960924086351,0.11268296241760253,0.01607953340598416,SMOTE(random_state=42),10,sqrt,300,,,,,"{'balance': SMOTE(random_state=42), 'classify__max_depth': 10, 'classify__max_features': 'sqrt', 'classify__n_estimators': 300, 'impute': None, 'select': None, 'transform': None}",0.5982142857142857,0.4407796101949025,0.618440779610195,0.697151424287856,0.5494752623688156,0.5808122724352109,0.08466957844017577,191,0.5966020660804234,0.44639423076923074,0.6268352243962,0.6932193732193732,0.5565261480515719,0.5839154085033599,0.08199105377157957,191,0.6309523809523809,0.42503748125937035,0.5772113943028486,0.7511244377811094,0.6041979010494752,0.5977047190690369,0.10480374983312772,148,0.5961538461538461,0.46153846153846156,0.6346153846153846,0.6923076923076923,0.5576923076923077,0.5884615384615385,0.07749785261388414,199
1.1779322624206543,0.15396548795979262,0.15834441184997558,0.05765408697219849,SMOTE(random_state=42),10,sqrt,300,SimpleImputer(strategy='median'),,,,"{'balance': SMOTE(random_state=42), 'classify__max_depth': 10, 'classify__max_features': 'sqrt', 'classify__n_estimators': 300, 'impute': SimpleImputer(strategy='median'), 'select': None, 'transform': None}",0.5982142857142857,0.4407796101949025,0.618440779610195,0.697151424287856,0.5494752623688156,0.5808122724352109,0.08466957844017577,191,0.5966020660804234,0.44639423076923074,0.6268352243962,0.6932193732193732,0.5565261480515719,0.5839154085033599,0.08199105377157957,191,0.6309523809523809,0.42503748125937035,0.5772113943028486,0.7511244377811094,0.6041979010494752,0.5977047190690369,0.10480374983312772,148,0.5961538461538461,0.46153846153846156,0.6346153846153846,0.6923076923076923,0.5576923076923077,0.5884615384615385,0.07749785261388414,199
1.3511859893798828,0.11881171459560579,0.14279136657714844,0.022019639952789282,SMOTE(random_state=42),10,sqrt,300,SimpleImputer(strategy='median'),,StandardScaler(),,"{'balance': SMOTE(random_state=42), 'classify__max_depth': 10, 'classify__max_features': 'sqrt', 'classify__n_estimators': 300, 'impute': SimpleImputer(strategy='median'), 'select': None, 'transform': StandardScaler()}",0.5982142857142857,0.4407796101949025,0.618440779610195,0.697151424287856,0.5494752623688156,0.5808122724352109,0.08466957844017577,191,0.5966020660804234,0.44639423076923074,0.6268352243962,0.6932193732193732,0.5565261480515719,0.5839154085033599,0.08199105377157957,191,0.6324404761904763,0.42503748125937035,0.5772113943028486,0.7511244377811094,0.6041979010494752,0.5980023381166559,0.10489981202273628,133,0.5961538461538461,0.46153846153846156,0.6346153846153846,0.6923076923076923,0.5576923076923077,0.5884615384615385,0.07749785261388414,199
1.2394798755645753,0.11828584141760803,0.13147058486938476,0.018704483766159123,SMOTE(random_state=42),10,sqrt,300,,,StandardScaler(),,"{'balance': SMOTE(random_state=42), 'classify__max_depth': 10, 'classify__max_features': 'sqrt', 'classify__n_estimators': 300, 'impute': None, 'select': None, 'transform': StandardScaler()}",0.5982142857142857,0.4407796101949025,0.618440779610195,0.697151424287856,0.5494752623688156,0.5808122724352109,0.08466957844017577,191,0.5966020660804234,0.44639423076923074,0.6268352243962,0.6932193732193732,0.5565261480515719,0.5839154085033599,0.08199105377157957,191,0.6324404761904763,0.42503748125937035,0.5772113943028486,0.7511244377811094,0.6041979010494752,0.5980023381166559,0.10489981202273628,133,0.5961538461538461,0.46153846153846156,0.6346153846153846,0.6923076923076923,0.5576923076923077,0.5884615384615385,0.07749785261388414,199
1.6123508930206298,0.12037133963669255,0.15287914276123046,0.030471931021791195,SMOTE(random_state=42),10,sqrt,300,,SelectKBest(score_func=<function mutual_info_classif at 0x7a970c879120>),,all,"{'balance': SMOTE(random_state=42), 'classify__max_depth': 10, 'classify__max_features': 'sqrt', 'classify__n_estimators': 300, 'impute': None, 'select': SelectKBest(score_func=<function mutual_info_classif at 0x7a970c879120>), 'select__k': 'all', 'transform': None}",0.5982142857142857,0.4407796101949025,0.618440779610195,0.697151424287856,0.5494752623688156,0.5808122724352109,0.08466957844017577,191,0.5966020660804234,0.44639423076923074,0.6268352243962,0.6932193732193732,0.5565261480515719,0.5839154085033599,0.08199105377157957,191,0.6309523809523809,0.42503748125937035,0.5772113943028486,0.7511244377811094,0.6041979010494752,0.5977047190690369,0.10480374983312772,148,0.5961538461538461,0.46153846153846156,0.6346153846153846,0.6923076923076923,0.5576923076923077,0.5884615384615385,0.07749785261388414,199
1.201603078842163,0.10103889173234851,0.13573274612426758,0.03445469931998793,SMOTE(random_state=42),10,log2,300,,SelectKBest(score_func=<function mutual_info_classif at 0x7a970c879120>),,20,"{'balance': SMOTE(random_state=42), 'classify__max_depth': 10, 'classify__max_features': 'log2', 'classify__n_estimators': 300, 'impute': None, 'select': SelectKBest(score_func=<function mutual_info_classif at 0x7a970c879120>), 'select__k': 20, 'transform': None}",0.5238095238095238,0.4407796101949025,0.6446776611694153,0.6019490254872564,0.6926536731634183,0.5807738987649034,0.08932245138474465,197,0.5183414439796238,0.44639423076923074,0.6517482517482518,0.5969008793648083,0.6932234432234433,0.5813216498170716,0.08932697773760762,210,0.5863095238095238,0.4587706146926537,0.6146926536731634,0.6851574212893553,0.6611694152923538,0.60121992575141,0.07916449350338678,88,0.5192307692307693,0.46153846153846156,0.6538461538461539,0.5961538461538461,0.6923076923076923,0.5846153846153846,0.08479002955787923,222
1.0956552982330323,0.12689457571955715,0.09576587677001953,0.00660115832100456,SMOTE(random_state=42),10,log2,300,SimpleImputer(strategy='median'),SelectKBest(score_func=<function mutual_info_classif at 0x7a970c879120>),,20,"{'balance': SMOTE(random_state=42), 'classify__max_depth': 10, 'classify__max_features': 'log2', 'classify__n_estimators': 300, 'impute': SimpleImputer(strategy='median'), 'select': SelectKBest(score_func=<function mutual_info_classif at 0x7a970c879120>), 'select__k': 20, 'transform': None}",0.6071428571428572,0.41904047976011993,0.6401799100449774,0.623688155922039,0.6101949025487257,0.5800492610837438,0.08134703239488834,198,0.5893703161340339,0.4222879684418146,0.6485288904643743,0.6153846153846154,0.6153846153846154,0.5781912811618908,0.08018089703114788,248,0.5863095238095238,0.4707646176911544,0.6446776611694153,0.6431784107946027,0.6536731634182908,0.5997206753765975,0.06874605458533949,105,0.5961538461538461,0.4423076923076923,0.6538461538461539,0.6153846153846154,0.6153846153846154,0.5846153846153845,0.0735812556527269,240
0.7690922260284424,0.06160604207510398,0.08720827102661133,0.030657268367774278,,5,log2,200,,SelectKBest(score_func=<function mutual_info_classif at 0x7a970c879120>),,20,"{'balance': None, 'classify__max_depth': 5, 'classify__max_features': 'log2', 'classify__n_estimators': 200, 'impute': None, 'select': SelectKBest(score_func=<function mutual_info_classif at 0x7a970c879120>), 'select__k': 20, 'transform': None}",0.5446428571428572,0.5142428785607196,0.5794602698650675,0.6664167916041979,0.5922038980509745,0.5793933390447633,0.05136024667161973,199,0.5445069835313738,0.5178505704821494,0.5875547217010632,0.6722149789946401,0.5982088087351246,0.5840672126888702,0.05278604284973196,190,0.5892857142857143,0.4272863568215892,0.5637181409295352,0.7076461769115442,0.6476761619190405,0.5871225101734847,0.09411985853556924,233,0.5576923076923077,0.5384615384615384,0.5961538461538461,0.6730769230769231,0.6153846153846154,0.5961538461538463,0.0471055719765996,127
0.6772953987121582,0.1295253255255446,0.050915098190307616,0.003550279264857646,SMOTE(random_state=42),10,sqrt,100,SimpleImputer(strategy='median'),SelectKBest(score_func=<function mutual_info_classif at 0x7a970c879120>),,all,"{'balance': SMOTE(random_state=42), 'classify__max_depth': 10, 'classify__max_features': 'sqrt', 'classify__n_estimators': 100, 'impute': SimpleImputer(strategy='median'), 'select': SelectKBest(score_func=<function mutual_info_classif at 0x7a970c879120>), 'select__k': 'all', 'transform': None}",0.5863095238095238,0.49700149925037485,0.5839580209895052,0.697151424287856,0.5322338830584707,0.579330870279146,0.06774665543769715,200,0.5718864468864469,0.5019723865877712,0.5919968327516936,0.6932193732193732,0.5384615384615384,0.5795073155813647,0.06456147266674596,226,0.6607142857142857,0.4527736131934033,0.5652173913043479,0.7091454272863569,0.6056971514242878,0.5987095737845364,0.08775935182347383,126,0.5769230769230769,0.5192307692307693,0.5961538461538461,0.6923076923076923,0.5384615384615384,0.5846153846153846,0.06032456592830046,222
0.7037639617919922,0.05314523560281236,0.07583494186401367,0.023503480624620817,SMOTE(random_state=42),10,sqrt,100,,SelectKBest(score_func=<function mutual_info_classif at 0x7a970c879120>),,all,"{'balance': SMOTE(random_state=42), 'classify__max_depth': 10, 'classify__max_features': 'sqrt', 'classify__n_estimators': 100, 'impute': None, 'select': SelectKBest(score_func=<function mutual_info_classif at 0x7a970c879120>), 'select__k': 'all', 'transform': None}",0.5863095238095238,0.49700149925037485,0.5839580209895052,0.697151424287856,0.5322338830584707,0.579330870279146,0.06774665543769715,200,0.5718864468864469,0.5019723865877712,0.5919968327516936,0.6932193732193732,0.5384615384615384,0.5795073155813647,0.06456147266674596,226,0.6607142857142857,0.4527736131934033,0.5652173913043479,0.7091454272863569,0.6056971514242878,0.5987095737845364,0.08775935182347383,126,0.5769230769230769,0.5192307692307693,0.5961538461538461,0.6923076923076923,0.5384615384615384,0.5846153846153846,0.06032456592830046,222
0.35181584358215334,0.06283690535407681,0.0471855640411377,0.009600124241106503,SMOTE(random_state=42),10,sqrt,100,,,,,"{'balance': SMOTE(random_state=42), 'classify__max_depth': 10, 'classify__max_features': 'sqrt', 'classify__n_estimators': 100, 'impute': None, 'select': None, 'transform': None}",0.5863095238095238,0.49700149925037485,0.5839580209895052,0.697151424287856,0.5322338830584707,0.579330870279146,0.06774665543769715,200,0.5718864468864469,0.5019723865877712,0.5919968327516936,0.6932193732193732,0.5384615384615384,0.5795073155813647,0.06456147266674596,226,0.6607142857142857,0.4527736131934033,0.5652173913043479,0.7091454272863569,0.6056971514242878,0.5987095737845364,0.08775935182347383,126,0.5769230769230769,0.5192307692307693,0.5961538461538461,0.6923076923076923,0.5384615384615384,0.5846153846153846,0.06032456592830046,222
0.4070279121398926,0.08692779633086904,0.047120094299316406,0.0071613799566418,SMOTE(random_state=42),10,sqrt,100,SimpleImputer(strategy='median'),,,,"{'balance': SMOTE(random_state=42), 'classify__max_depth': 10, 'classify__max_features': 'sqrt', 'classify__n_estimators': 100, 'impute': SimpleImputer(strategy='median'), 'select': None, 'transform': None}",0.5863095238095238,0.49700149925037485,0.5839580209895052,0.697151424287856,0.5322338830584707,0.579330870279146,0.06774665543769715,200,0.5718864468864469,0.5019723865877712,0.5919968327516936,0.6932193732193732,0.5384615384615384,0.5795073155813647,0.06456147266674596,226,0.6607142857142857,0.4527736131934033,0.5652173913043479,0.7091454272863569,0.6056971514242878,0.5987095737845364,0.08775935182347383,126,0.5769230769230769,0.5192307692307693,0.5961538461538461,0.6923076923076923,0.5384615384615384,0.5846153846153846,0.06032456592830046,222
0.47165470123291015,0.08162837607969661,0.05991044044494629,0.01003795627523119,SMOTE(random_state=42),10,sqrt,100,SimpleImputer(strategy='median'),,StandardScaler(),,"{'balance': SMOTE(random_state=42), 'classify__max_depth': 10, 'classify__max_features': 'sqrt', 'classify__n_estimators': 100, 'impute': SimpleImputer(strategy='median'), 'select': None, 'transform': StandardScaler()}",0.5863095238095238,0.49700149925037485,0.5839580209895052,0.697151424287856,0.5322338830584707,0.579330870279146,0.06774665543769715,200,0.5718864468864469,0.5019723865877712,0.5919968327516936,0.6932193732193732,0.5384615384615384,0.5795073155813647,0.06456147266674596,226,0.6607142857142857,0.4527736131934033,0.5652173913043479,0.7091454272863569,0.6056971514242878,0.5987095737845364,0.08775935182347383,126,0.5769230769230769,0.5192307692307693,0.5961538461538461,0.6923076923076923,0.5384615384615384,0.5846153846153846,0.06032456592830046,222
0.43068466186523435,0.036837669311721596,0.05138721466064453,0.003533041725116111,SMOTE(random_state=42),10,sqrt,100,,,StandardScaler(),,"{'balance': SMOTE(random_state=42), 'classify__max_depth': 10, 'classify__max_features': 'sqrt', 'classify__n_estimators': 100, 'impute': None, 'select': None, 'transform': StandardScaler()}",0.5863095238095238,0.49700149925037485,0.5839580209895052,0.697151424287856,0.5322338830584707,0.579330870279146,0.06774665543769715,200,0.5718864468864469,0.5019723865877712,0.5919968327516936,0.6932193732193732,0.5384615384615384,0.5795073155813647,0.06456147266674596,226,0.6607142857142857,0.4527736131934033,0.5652173913043479,0.7091454272863569,0.6056971514242878,0.5987095737845364,0.08775935182347383,126,0.5769230769230769,0.5192307692307693,0.5961538461538461,0.6923076923076923,0.5384615384615384,0.5846153846153846,0.06032456592830046,222
1.0394618034362793,0.06672667000946048,0.11040563583374023,0.022255040020676853,,5,sqrt,200,SimpleImputer(strategy='median'),SelectKBest(score_func=<function mutual_info_classif at 0x7a970c879120>),,10,"{'balance': None, 'classify__max_depth': 5, 'classify__max_features': 'sqrt', 'classify__n_estimators': 200, 'impute': SimpleImputer(strategy='median'), 'select': SelectKBest(score_func=<function mutual_info_classif at 0x7a970c879120>), 'select__k': 10, 'transform': None}",0.5386904761904762,0.4580209895052474,0.6356821589205397,0.6664167916041979,0.5967016491754122,0.5791024130791748,0.07406569681794745,206,0.5391452991452992,0.4621301775147929,0.6441105769230769,0.6722149789946401,0.6045673076923077,0.5844336680540232,0.07573828041907896,187,0.5416666666666667,0.3448275862068965,0.6176911544227887,0.671664167916042,0.6026986506746627,0.5557096451774113,0.11328157265027358,330,0.5384615384615384,0.4807692307692308,0.6538461538461539,0.6730769230769231,0.6153846153846154,0.5923076923076922,0.07236495277779532,196
0.6292676448822021,0.10210735960418882,0.05113215446472168,0.0015455196834365107,SMOTE(random_state=42),10,sqrt,100,,SelectKBest(score_func=<function mutual_info_classif at 0x7a970c879120>),,20,"{'balance': SMOTE(random_state=42), 'classify__max_depth': 10, 'classify__max_features': 'sqrt', 'classify__n_estimators': 100, 'impute': None, 'select': SelectKBest(score_func=<function mutual_info_classif at 0x7a970c879120>), 'select__k': 20, 'transform': None}",0.5803571428571428,0.43628185907046474,0.588455772113943,0.6626686656671663,0.6274362818590704,0.5790399443135575,0.07720910859542758,207,0.5769230769230769,0.43749233222917433,0.5950890916992612,0.6538461538461539,0.6336520353469506,0.5794005380089233,0.07599418672340216,232,0.5401785714285714,0.42728635682158916,0.5712143928035982,0.6746626686656672,0.6671664167916042,0.5761016813022061,0.09106855713356561,276,0.5769230769230769,0.46153846153846156,0.5961538461538461,0.6538461538461539,0.6346153846153846,0.5846153846153845,0.06728021417129192,240
1.0437265872955321,0.0908352699762949,0.13869633674621581,0.04422987146947264,,5,log2,300,,SelectKBest(score_func=<function mutual_info_classif at 0x7a970c879120>),,10,"{'balance': None, 'classify__max_depth': 5, 'classify__max_features': 'log2', 'classify__n_estimators': 300, 'impute': None, 'select': SelectKBest(score_func=<function mutual_info_classif at 0x7a970c879120>), 'select__k': 10, 'transform': None}",0.49702380952380953,0.47526236881559225,0.6574212893553224,0.6664167916041979,0.5967016491754122,0.5785651816948668,0.07948029825812282,208,0.5,0.4776714513556619,0.6661157270913368,0.6722149789946401,0.6045673076923077,0.5841138930267892,0.08162056689239224,189,0.5014880952380952,0.4017991004497751,0.6341829085457271,0.7061469265367316,0.616191904047976,0.571961786963661,0.10747586149226251,293,0.5,0.5,0.6730769230769231,0.6730769230769231,0.6153846153846154,0.5923076923076923,0.07825765365144542,162
0.618851900100708,0.09004105902985124,0.07531242370605469,0.026114633090979222,,5,sqrt,100,,SelectKBest(score_func=<function mutual_info_classif at 0x7a970c879120>),,20,"{'balance': None, 'classify__max_depth': 5, 'classify__max_features': 'sqrt', 'classify__n_estimators': 100, 'impute': None, 'select': SelectKBest(score_func=<function mutual_info_classif at 0x7a970c879120>), 'select__k': 20, 'transform': None}",0.5446428571428572,0.4535232383808096,0.5967016491754122,0.7008995502248876,0.5967016491754122,0.5784937888198758,0.08051055438268882,209,0.5445069835313738,0.4524932510007137,0.6045673076923077,0.7085691662512097,0.6045673076923077,0.5829408032335825,0.08391855499845569,198,0.5744047619047619,0.36881559220389803,0.5967016491754124,0.6911544227886057,0.6371814092953524,0.5736515670736061,0.10984772381991113,287,0.5576923076923077,0.4807692307692308,0.6153846153846154,0.7115384615384616,0.6153846153846154,0.5961538461538461,0.075955452531275,130
1.1302312850952148,0.11497941828997489,0.14844088554382323,0.01863519371925389,,5,log2,300,SimpleImputer(strategy='median'),,StandardScaler(),,"{'balance': None, 'classify__max_depth': 5, 'classify__max_features': 'log2', 'classify__n_estimators': 300, 'impute': SimpleImputer(strategy='median'), 'select': None, 'transform': StandardScaler()}",0.5863095238095238,0.492503748125937,0.5877061469265368,0.7008995502248876,0.5232383808095952,0.5781314699792961,0.07152050687554037,210,0.5892254904835919,0.4930493064821423,0.5902463549522373,0.7085691662512097,0.5313718539524991,0.5824924344243361,0.07295777754216023,200,0.6026785714285715,0.42578710644677664,0.5982008995502249,0.7526236881559221,0.6101949025487257,0.5978970336260441,0.1036690481040096,135,0.5961538461538461,0.5192307692307693,0.6153846153846154,0.7115384615384616,0.5384615384615384,0.5961538461538461,0.0677185263909962,130
1.0759186267852783,0.0814596289566865,0.1379331588745117,0.04068126692892392,,5,log2,300,,SelectKBest(score_func=<function mutual_info_classif at 0x7a970c879120>),,all,"{'balance': None, 'classify__max_depth': 5, 'classify__max_features': 'log2', 'classify__n_estimators': 300, 'impute': None, 'select': SelectKBest(score_func=<function mutual_info_classif at 0x7a970c879120>), 'select__k': 'all', 'transform': None}",0.5863095238095238,0.492503748125937,0.5877061469265368,0.7008995502248876,0.5232383808095952,0.5781314699792961,0.07152050687554037,210,0.5892254904835919,0.4930493064821423,0.5902463549522373,0.7085691662512097,0.5313718539524991,0.5824924344243361,0.07295777754216023,200,0.6026785714285715,0.42578710644677664,0.5982008995502249,0.7526236881559221,0.6101949025487257,0.5978970336260441,0.1036690481040096,135,0.5961538461538461,0.5192307692307693,0.6153846153846154,0.7115384615384616,0.5384615384615384,0.5961538461538461,0.0677185263909962,130
0.7497906684875488,0.0687597934285935,0.09147353172302246,0.010763054587403488,,5,log2,300,,,,,"{'balance': None, 'classify__max_depth': 5, 'classify__max_features': 'log2', 'classify__n_estimators': 300, 'impute': None, 'select': None, 'transform': None}",0.5863095238095238,0.492503748125937,0.5877061469265368,0.7008995502248876,0.5232383808095952,0.5781314699792961,0.07152050687554037,210,0.5892254904835919,0.4930493064821423,0.5902463549522373,0.7085691662512097,0.5313718539524991,0.5824924344243361,0.07295777754216023,200,0.6026785714285715,0.42578710644677664,0.5982008995502249,0.7526236881559221,0.6101949025487257,0.5978970336260441,0.1036690481040096,135,0.5961538461538461,0.5192307692307693,0.6153846153846154,0.7115384615384616,0.5384615384615384,0.5961538461538461,0.0677185263909962,130
1.1239517688751222,0.10012316391236731,0.1352397918701172,0.013383704674711526,,5,log2,300,,,StandardScaler(),,"{'balance': None, 'classify__max_depth': 5, 'classify__max_features': 'log2', 'classify__n_estimators': 300, 'impute': None, 'select': None, 'transform': StandardScaler()}",0.5863095238095238,0.492503748125937,0.5877061469265368,0.7008995502248876,0.5232383808095952,0.5781314699792961,0.07152050687554037,210,0.5892254904835919,0.4930493064821423,0.5902463549522373,0.7085691662512097,0.5313718539524991,0.5824924344243361,0.07295777754216023,200,0.6026785714285715,0.42578710644677664,0.5982008995502249,0.7526236881559221,0.6101949025487257,0.5978970336260441,0.1036690481040096,135,0.5961538461538461,0.5192307692307693,0.6153846153846154,0.7115384615384616,0.5384615384615384,0.5961538461538461,0.0677185263909962,130
1.0308457851409911,0.1350585685060548,0.12800245285034179,0.04419005235996884,,5,log2,300,SimpleImputer(strategy='median'),SelectKBest(score_func=<function mutual_info_classif at 0x7a970c879120>),,all,"{'balance': None, 'classify__max_depth': 5, 'classify__max_features': 'log2', 'classify__n_estimators': 300, 'impute': SimpleImputer(strategy='median'), 'select': SelectKBest(score_func=<function mutual_info_classif at 0x7a970c879120>), 'select__k': 'all', 'transform': None}",0.5863095238095238,0.492503748125937,0.5877061469265368,0.7008995502248876,0.5232383808095952,0.5781314699792961,0.07152050687554037,210,0.5892254904835919,0.4930493064821423,0.5902463549522373,0.7085691662512097,0.5313718539524991,0.5824924344243361,0.07295777754216023,200,0.6026785714285715,0.42578710644677664,0.5982008995502249,0.7526236881559221,0.6101949025487257,0.5978970336260441,0.1036690481040096,135,0.5961538461538461,0.5192307692307693,0.6153846153846154,0.7115384615384616,0.5384615384615384,0.5961538461538461,0.0677185263909962,130
0.7325903415679932,0.09410396613953545,0.10016951560974122,0.0208538648821494,,5,log2,300,SimpleImputer(strategy='median'),,,,"{'balance': None, 'classify__max_depth': 5, 'classify__max_features': 'log2', 'classify__n_estimators': 300, 'impute': SimpleImputer(strategy='median'), 'select': None, 'transform': None}",0.5863095238095238,0.492503748125937,0.5877061469265368,0.7008995502248876,0.5232383808095952,0.5781314699792961,0.07152050687554037,210,0.5892254904835919,0.4930493064821423,0.5902463549522373,0.7085691662512097,0.5313718539524991,0.5824924344243361,0.07295777754216023,200,0.6026785714285715,0.42578710644677664,0.5982008995502249,0.7526236881559221,0.6101949025487257,0.5978970336260441,0.1036690481040096,135,0.5961538461538461,0.5192307692307693,0.6153846153846154,0.7115384615384616,0.5384615384615384,0.5961538461538461,0.0677185263909962,130
0.5888421058654785,0.0938257174216859,0.06625504493713379,0.0007026529304205757,SMOTE(random_state=42),5,log2,200,,,,,"{'balance': SMOTE(random_state=42), 'classify__max_depth': 5, 'classify__max_features': 'log2', 'classify__n_estimators': 200, 'impute': None, 'select': None, 'transform': None}",0.5654761904761905,0.5059970014992504,0.6056971514242879,0.6536731634182908,0.5539730134932533,0.5769633040622546,0.049813170638090466,216,0.5542457542457543,0.5142819437520162,0.613053613053613,0.6548763736263736,0.5585178166365176,0.578995100262855,0.04926985252539575,240,0.6443452380952381,0.41079460269865065,0.5622188905547226,0.7241379310344828,0.5697151424287856,0.5822423609623759,0.10386849814961112,240,0.5576923076923077,0.5192307692307693,0.6153846153846154,0.6538461538461539,0.5576923076923077,0.5807692307692308,0.04772951402304175,251
1.1204509258270263,0.11150485749852894,0.11218576431274414,0.03642894606896489,SMOTE(random_state=42),5,log2,200,,SelectKBest(score_func=<function mutual_info_classif at 0x7a970c879120>),,all,"{'balance': SMOTE(random_state=42), 'classify__max_depth': 5, 'classify__max_features': 'log2', 'classify__n_estimators': 200, 'impute': None, 'select': SelectKBest(score_func=<function mutual_info_classif at 0x7a970c879120>), 'select__k': 'all', 'transform': None}",0.5654761904761905,0.5059970014992504,0.6056971514242879,0.6536731634182908,0.5539730134932533,0.5769633040622546,0.049813170638090466,216,0.5542457542457543,0.5142819437520162,0.613053613053613,0.6548763736263736,0.5585178166365176,0.578995100262855,0.04926985252539575,240,0.6443452380952381,0.41079460269865065,0.5622188905547226,0.7241379310344828,0.5697151424287856,0.5822423609623759,0.10386849814961112,240,0.5576923076923077,0.5192307692307693,0.6153846153846154,0.6538461538461539,0.5576923076923077,0.5807692307692308,0.04772951402304175,251
0.809349536895752,0.10464337978034442,0.11214380264282227,0.03427751138301018,SMOTE(random_state=42),5,log2,200,,,StandardScaler(),,"{'balance': SMOTE(random_state=42), 'classify__max_depth': 5, 'classify__max_features': 'log2', 'classify__n_estimators': 200, 'impute': None, 'select': None, 'transform': StandardScaler()}",0.5654761904761905,0.5059970014992504,0.6056971514242879,0.6536731634182908,0.5539730134932533,0.5769633040622546,0.049813170638090466,216,0.5542457542457543,0.5142819437520162,0.613053613053613,0.6548763736263736,0.5585178166365176,0.578995100262855,0.04926985252539575,240,0.6443452380952381,0.41079460269865065,0.5622188905547226,0.7241379310344828,0.5697151424287856,0.5822423609623759,0.10386849814961112,240,0.5576923076923077,0.5192307692307693,0.6153846153846154,0.6538461538461539,0.5576923076923077,0.5807692307692308,0.04772951402304175,251
0.8971081256866456,0.07684219238542996,0.09232659339904785,0.0070524280234043595,SMOTE(random_state=42),5,log2,200,SimpleImputer(strategy='median'),,StandardScaler(),,"{'balance': SMOTE(random_state=42), 'classify__max_depth': 5, 'classify__max_features': 'log2', 'classify__n_estimators': 200, 'impute': SimpleImputer(strategy='median'), 'select': None, 'transform': StandardScaler()}",0.5654761904761905,0.5059970014992504,0.6056971514242879,0.6536731634182908,0.5539730134932533,0.5769633040622546,0.049813170638090466,216,0.5542457542457543,0.5142819437520162,0.613053613053613,0.6548763736263736,0.5585178166365176,0.578995100262855,0.04926985252539575,240,0.6443452380952381,0.41079460269865065,0.5622188905547226,0.7241379310344828,0.5697151424287856,0.5822423609623759,0.10386849814961112,240,0.5576923076923077,0.5192307692307693,0.6153846153846154,0.6538461538461539,0.5576923076923077,0.5807692307692308,0.04772951402304175,251
0.9916632652282715,0.07826985977411738,0.1047133445739746,0.016834855355834275,SMOTE(random_state=42),5,log2,200,SimpleImputer(strategy='median'),SelectKBest(score_func=<function mutual_info_classif at 0x7a970c879120>),,all,"{'balance': SMOTE(random_state=42), 'classify__max_depth': 5, 'classify__max_features': 'log2', 'classify__n_estimators': 200, 'impute': SimpleImputer(strategy='median'), 'select': SelectKBest(score_func=<function mutual_info_classif at 0x7a970c879120>), 'select__k': 'all', 'transform': None}",0.5654761904761905,0.5059970014992504,0.6056971514242879,0.6536731634182908,0.5539730134932533,0.5769633040622546,0.049813170638090466,216,0.5542457542457543,0.5142819437520162,0.613053613053613,0.6548763736263736,0.5585178166365176,0.578995100262855,0.04926985252539575,240,0.6443452380952381,0.41079460269865065,0.5622188905547226,0.7241379310344828,0.5697151424287856,0.5822423609623759,0.10386849814961112,240,0.5576923076923077,0.5192307692307693,0.6153846153846154,0.6538461538461539,0.5576923076923077,0.5807692307692308,0.04772951402304175,251
0.5769295692443848,0.02714457535988178,0.07983627319335937,0.012096155729126335,SMOTE(random_state=42),5,log2,200,SimpleImputer(strategy='median'),,,,"{'balance': SMOTE(random_state=42), 'classify__max_depth': 5, 'classify__max_features': 'log2', 'classify__n_estimators': 200, 'impute': SimpleImputer(strategy='median'), 'select': None, 'transform': None}",0.5654761904761905,0.5059970014992504,0.6056971514242879,0.6536731634182908,0.5539730134932533,0.5769633040622546,0.049813170638090466,216,0.5542457542457543,0.5142819437520162,0.613053613053613,0.6548763736263736,0.5585178166365176,0.578995100262855,0.04926985252539575,240,0.6443452380952381,0.41079460269865065,0.5622188905547226,0.7241379310344828,0.5697151424287856,0.5822423609623759,0.10386849814961112,240,0.5576923076923077,0.5192307692307693,0.6153846153846154,0.6538461538461539,0.5576923076923077,0.5807692307692308,0.04772951402304175,251
0.7836768627166748,0.055777004947995826,0.10118799209594727,0.015950642274214517,,10,log2,300,,,,,"{'balance': None, 'classify__max_depth': 10, 'classify__max_features': 'log2', 'classify__n_estimators': 300, 'impute': None, 'select': None, 'transform': None}",0.5535714285714286,0.4662668665667166,0.631184407796102,0.7053973013493253,0.527736131934033,0.5768312272435211,0.0832578261987966,222,0.5568667987480977,0.45462184873949585,0.638387927861612,0.7107779226423294,0.5356643356643356,0.5792637667311742,0.08801111511534536,233,0.5982142857142857,0.41079460269865065,0.6191904047976012,0.7286356821589206,0.6401799100449775,0.5994029770828871,0.10424003500926408,107,0.5576923076923077,0.5,0.6538461538461539,0.7115384615384616,0.5384615384615384,0.5923076923076923,0.07825765365144541,162
1.1435768127441406,0.10350874753973646,0.15002169609069824,0.03579744573073066,,10,log2,300,,,StandardScaler(),,"{'balance': None, 'classify__max_depth': 10, 'classify__max_features': 'log2', 'classify__n_estimators': 300, 'impute': None, 'select': None, 'transform': StandardScaler()}",0.5535714285714286,0.4662668665667166,0.631184407796102,0.7053973013493253,0.527736131934033,0.5768312272435211,0.0832578261987966,222,0.5568667987480977,0.45462184873949585,0.638387927861612,0.7107779226423294,0.5356643356643356,0.5792637667311742,0.08801111511534536,233,0.5982142857142857,0.41079460269865065,0.6191904047976012,0.7286356821589206,0.6401799100449775,0.5994029770828871,0.10424003500926408,107,0.5576923076923077,0.5,0.6538461538461539,0.7115384615384616,0.5384615384615384,0.5923076923076923,0.07825765365144541,162
1.307454490661621,0.2976837138203764,0.19656972885131835,0.06571105523566906,,10,log2,300,SimpleImputer(strategy='median'),,StandardScaler(),,"{'balance': None, 'classify__max_depth': 10, 'classify__max_features': 'log2', 'classify__n_estimators': 300, 'impute': SimpleImputer(strategy='median'), 'select': None, 'transform': StandardScaler()}",0.5535714285714286,0.4662668665667166,0.631184407796102,0.7053973013493253,0.527736131934033,0.5768312272435211,0.0832578261987966,222,0.5568667987480977,0.45462184873949585,0.638387927861612,0.7107779226423294,0.5356643356643356,0.5792637667311742,0.08801111511534536,233,0.5982142857142857,0.41079460269865065,0.6191904047976012,0.7286356821589206,0.6401799100449775,0.5994029770828871,0.10424003500926408,107,0.5576923076923077,0.5,0.6538461538461539,0.7115384615384616,0.5384615384615384,0.5923076923076923,0.07825765365144541,162
1.262611484527588,0.18558060995221995,0.1347249984741211,0.034955597144400566,,10,log2,300,,SelectKBest(score_func=<function mutual_info_classif at 0x7a970c879120>),,all,"{'balance': None, 'classify__max_depth': 10, 'classify__max_features': 'log2', 'classify__n_estimators': 300, 'impute': None, 'select': SelectKBest(score_func=<function mutual_info_classif at 0x7a970c879120>), 'select__k': 'all', 'transform': None}",0.5535714285714286,0.4662668665667166,0.631184407796102,0.7053973013493253,0.527736131934033,0.5768312272435211,0.0832578261987966,222,0.5568667987480977,0.45462184873949585,0.638387927861612,0.7107779226423294,0.5356643356643356,0.5792637667311742,0.08801111511534536,233,0.5982142857142857,0.41079460269865065,0.6191904047976012,0.7286356821589206,0.6401799100449775,0.5994029770828871,0.10424003500926408,107,0.5576923076923077,0.5,0.6538461538461539,0.7115384615384616,0.5384615384615384,0.5923076923076923,0.07825765365144541,162
1.188256072998047,0.08680551161676142,0.16074719429016113,0.048476568743982755,,10,log2,300,SimpleImputer(strategy='median'),SelectKBest(score_func=<function mutual_info_classif at 0x7a970c879120>),,all,"{'balance': None, 'classify__max_depth': 10, 'classify__max_features': 'log2', 'classify__n_estimators': 300, 'impute': SimpleImputer(strategy='median'), 'select': SelectKBest(score_func=<function mutual_info_classif at 0x7a970c879120>), 'select__k': 'all', 'transform': None}",0.5535714285714286,0.4662668665667166,0.631184407796102,0.7053973013493253,0.527736131934033,0.5768312272435211,0.0832578261987966,222,0.5568667987480977,0.45462184873949585,0.638387927861612,0.7107779226423294,0.5356643356643356,0.5792637667311742,0.08801111511534536,233,0.5982142857142857,0.41079460269865065,0.6191904047976012,0.7286356821589206,0.6401799100449775,0.5994029770828871,0.10424003500926408,107,0.5576923076923077,0.5,0.6538461538461539,0.7115384615384616,0.5384615384615384,0.5923076923076923,0.07825765365144541,162
0.7969519138336182,0.1279470293091258,0.08363828659057618,0.007252943227120409,,10,log2,300,SimpleImputer(strategy='median'),,,,"{'balance': None, 'classify__max_depth': 10, 'classify__max_features': 'log2', 'classify__n_estimators': 300, 'impute': SimpleImputer(strategy='median'), 'select': None, 'transform': None}",0.5535714285714286,0.4662668665667166,0.631184407796102,0.7053973013493253,0.527736131934033,0.5768312272435211,0.0832578261987966,222,0.5568667987480977,0.45462184873949585,0.638387927861612,0.7107779226423294,0.5356643356643356,0.5792637667311742,0.08801111511534536,233,0.5982142857142857,0.41079460269865065,0.6191904047976012,0.7286356821589206,0.6401799100449775,0.5994029770828871,0.10424003500926408,107,0.5576923076923077,0.5,0.6538461538461539,0.7115384615384616,0.5384615384615384,0.5923076923076923,0.07825765365144541,162
1.0650519371032714,0.19919533396728925,0.10115842819213867,0.021124770522386174,,,sqrt,200,SimpleImputer(strategy='median'),SelectKBest(score_func=<function mutual_info_classif at 0x7a970c879120>),,20,"{'balance': None, 'classify__max_depth': None, 'classify__max_features': 'sqrt', 'classify__n_estimators': 200, 'impute': SimpleImputer(strategy='median'), 'select': SelectKBest(score_func=<function mutual_info_classif at 0x7a970c879120>), 'select__k': 20, 'transform': None}",0.5654761904761905,0.47976011994003,0.618440779610195,0.6274362818590704,0.5922038980509745,0.576663453987292,0.053066263110073654,228,0.5671747607231478,0.48593749999999997,0.6268352243962,0.6336520353469506,0.5982088087351246,0.5823616658402846,0.05364325343921242,206,0.6004464285714286,0.38380809595202403,0.5884557721139431,0.684407796101949,0.6934032983508246,0.5901042782180339,0.11156310636542424,205,0.5769230769230769,0.5,0.6346153846153846,0.6346153846153846,0.6153846153846154,0.5923076923076922,0.050734253685665066,196
1.0803850650787354,0.13159027425180364,0.11588110923767089,0.02595646741773132,SMOTE(random_state=42),5,sqrt,200,SimpleImputer(strategy='median'),SelectKBest(score_func=<function mutual_info_classif at 0x7a970c879120>),,20,"{'balance': SMOTE(random_state=42), 'classify__max_depth': 5, 'classify__max_features': 'sqrt', 'classify__n_estimators': 200, 'impute': SimpleImputer(strategy='median'), 'select': SelectKBest(score_func=<function mutual_info_classif at 0x7a970c879120>), 'select__k': 20, 'transform': None}",0.5982142857142857,0.4625187406296852,0.6274362818590704,0.6536731634182908,0.5412293853073463,0.5766143713857357,0.06820174559359278,229,0.5966020660804234,0.46971321361565266,0.6336520353469506,0.6548763736263736,0.5398290598290598,0.578934549699692,0.06712949364614225,246,0.6309523809523809,0.4287856071964018,0.6116941529235382,0.7001499250374813,0.649175412293853,0.604151495680731,0.09248916204580204,53,0.5961538461538461,0.4807692307692308,0.6346153846153846,0.6538461538461539,0.5384615384615384,0.5807692307692307,0.06366517445094941,263
1.079392910003662,0.11834021529616026,0.1212921142578125,0.024459567558112225,,10,sqrt,300,SimpleImputer(strategy='median'),SelectKBest(score_func=<function mutual_info_classif at 0x7a970c879120>),,20,"{'balance': None, 'classify__max_depth': 10, 'classify__max_features': 'sqrt', 'classify__n_estimators': 300, 'impute': SimpleImputer(strategy='median'), 'select': SelectKBest(score_func=<function mutual_info_classif at 0x7a970c879120>), 'select__k': 20, 'transform': None}",0.49404761904761907,0.5142428785607196,0.618440779610195,0.6319340329835083,0.6229385307346327,0.5763207681873349,0.05943514417973183,230,0.4977511244377811,0.5178505704821494,0.6268352243962,0.6352973267866885,0.6308542772515323,0.5817177046708701,0.06074564458911262,209,0.494047619047619,0.41829085457271364,0.6026986506746627,0.6941529235382309,0.7211394302848576,0.5860658956236167,0.11560289056380306,234,0.5,0.5384615384615384,0.6346153846153846,0.6346153846153846,0.6346153846153846,0.5884615384615384,0.05782037068604963,209
0.957181978225708,0.07544885877963042,0.10065855979919433,0.0183113277006805,,,log2,200,,SelectKBest(score_func=<function mutual_info_classif at 0x7a970c879120>),,10,"{'balance': None, 'classify__max_depth': None, 'classify__max_features': 'log2', 'classify__n_estimators': 200, 'impute': None, 'select': SelectKBest(score_func=<function mutual_info_classif at 0x7a970c879120>), 'select__k': 10, 'transform': None}",0.49404761904761907,0.5187406296851574,0.5622188905547226,0.709895052473763,0.5967016491754122,0.5763207681873348,0.07555220195936414,231,0.4977511244377811,0.5254807692307693,0.5704241994564575,0.7120768369368593,0.6045673076923077,0.582060047550835,0.07463986132610839,208,0.5215773809523809,0.44752623688155924,0.6199400299850074,0.7076461769115442,0.6079460269865068,0.5809271703433997,0.08902576594063392,249,0.5,0.5384615384615384,0.5769230769230769,0.7115384615384616,0.6153846153846154,0.5884615384615384,0.07256908563120466,209
0.4601298332214355,0.015471691907001574,0.041019535064697264,0.0036948723452517175,,10,sqrt,100,SimpleImputer(strategy='median'),SelectKBest(score_func=<function mutual_info_classif at 0x7a970c879120>),,20,"{'balance': None, 'classify__max_depth': 10, 'classify__max_features': 'sqrt', 'classify__n_estimators': 100, 'impute': SimpleImputer(strategy='median'), 'select': SelectKBest(score_func=<function mutual_info_classif at 0x7a970c879120>), 'select__k': 20, 'transform': None}",0.6101190476190477,0.43628185907046474,0.5794602698650675,0.6191904047976011,0.6356821589205397,0.5761467480545441,0.07228347704394837,232,0.6136547111059855,0.43749233222917433,0.5875547217010632,0.6165242165242165,0.6441105769230769,0.5798673116967032,0.07340605589224412,224,0.5342261904761905,0.44302848575712145,0.5907046476761618,0.6956521739130435,0.709895052473763,0.594701310059256,0.10013843840889713,187,0.6153846153846154,0.46153846153846156,0.5961538461538461,0.6153846153846154,0.6538461538461539,0.5884615384615385,0.06617173282340481,199
1.3026273727416993,0.21912272669381197,0.13541097640991212,0.01455194102462931,SMOTE(random_state=42),10,log2,300,SimpleImputer(strategy='median'),,StandardScaler(),,"{'balance': SMOTE(random_state=42), 'classify__max_depth': 10, 'classify__max_features': 'log2', 'classify__n_estimators': 300, 'impute': SimpleImputer(strategy='median'), 'select': None, 'transform': StandardScaler()}",0.5178571428571428,0.48425787106446777,0.5967016491754122,0.6926536731634183,0.588455772113943,0.5759852216748769,0.07209575988422343,233,0.5197659483373769,0.4923195084485407,0.6045673076923077,0.6932234432234433,0.5950890916992612,0.580993059880186,0.07065671960925221,211,0.5535714285714286,0.40929535232383807,0.5862068965517241,0.7616191904047978,0.5862068965517242,0.5793799528807025,0.11215989059084243,268,0.5192307692307693,0.5,0.6153846153846154,0.6923076923076923,0.5961538461538461,0.5846153846153845,0.06944411571256841,240
1.1829740524291992,0.11775895012357275,0.14420247077941895,0.03146431278927934,SMOTE(random_state=42),10,log2,300,,,StandardScaler(),,"{'balance': SMOTE(random_state=42), 'classify__max_depth': 10, 'classify__max_features': 'log2', 'classify__n_estimators': 300, 'impute': None, 'select': None, 'transform': StandardScaler()}",0.5178571428571428,0.48425787106446777,0.5967016491754122,0.6926536731634183,0.588455772113943,0.5759852216748769,0.07209575988422343,233,0.5197659483373769,0.4923195084485407,0.6045673076923077,0.6932234432234433,0.5950890916992612,0.580993059880186,0.07065671960925221,211,0.5535714285714286,0.40929535232383807,0.5862068965517241,0.7616191904047978,0.5862068965517242,0.5793799528807025,0.11215989059084243,268,0.5192307692307693,0.5,0.6153846153846154,0.6923076923076923,0.5961538461538461,0.5846153846153845,0.06944411571256841,240
1.152359962463379,0.09749705684077188,0.17058382034301758,0.05831512764889085,SMOTE(random_state=42),10,log2,300,,,,,"{'balance': SMOTE(random_state=42), 'classify__max_depth': 10, 'classify__max_features': 'log2', 'classify__n_estimators': 300, 'impute': None, 'select': None, 'transform': None}",0.5178571428571428,0.48425787106446777,0.5967016491754122,0.6926536731634183,0.588455772113943,0.5759852216748769,0.07209575988422343,233,0.5197659483373769,0.4923195084485407,0.6045673076923077,0.6932234432234433,0.5950890916992612,0.580993059880186,0.07065671960925221,211,0.5535714285714286,0.40929535232383807,0.5862068965517241,0.7616191904047978,0.5862068965517242,0.5793799528807025,0.11215989059084243,268,0.5192307692307693,0.5,0.6153846153846154,0.6923076923076923,0.5961538461538461,0.5846153846153845,0.06944411571256841,240
1.3314909934997559,0.20696131888536817,0.10680737495422363,0.003827859667052916,SMOTE(random_state=42),10,log2,300,,SelectKBest(score_func=<function mutual_info_classif at 0x7a970c879120>),,all,"{'balance': SMOTE(random_state=42), 'classify__max_depth': 10, 'classify__max_features': 'log2', 'classify__n_estimators': 300, 'impute': None, 'select': SelectKBest(score_func=<function mutual_info_classif at 0x7a970c879120>), 'select__k': 'all', 'transform': None}",0.5178571428571428,0.48425787106446777,0.5967016491754122,0.6926536731634183,0.588455772113943,0.5759852216748769,0.07209575988422343,233,0.5197659483373769,0.4923195084485407,0.6045673076923077,0.6932234432234433,0.5950890916992612,0.580993059880186,0.07065671960925221,211,0.5535714285714286,0.40929535232383807,0.5862068965517241,0.7616191904047978,0.5862068965517242,0.5793799528807025,0.11215989059084243,268,0.5192307692307693,0.5,0.6153846153846154,0.6923076923076923,0.5961538461538461,0.5846153846153845,0.06944411571256841,240
0.8698778629302979,0.08793345450851743,0.06977148056030273,0.01356013434410914,SMOTE(random_state=42),10,log2,300,SimpleImputer(strategy='median'),SelectKBest(score_func=<function mutual_info_classif at 0x7a970c879120>),,all,"{'balance': SMOTE(random_state=42), 'classify__max_depth': 10, 'classify__max_features': 'log2', 'classify__n_estimators': 300, 'impute': SimpleImputer(strategy='median'), 'select': SelectKBest(score_func=<function mutual_info_classif at 0x7a970c879120>), 'select__k': 'all', 'transform': None}",0.5178571428571428,0.48425787106446777,0.5967016491754122,0.6926536731634183,0.588455772113943,0.5759852216748769,0.07209575988422343,233,0.5197659483373769,0.4923195084485407,0.6045673076923077,0.6932234432234433,0.5950890916992612,0.580993059880186,0.07065671960925221,211,0.5535714285714286,0.40929535232383807,0.5862068965517241,0.7616191904047978,0.5862068965517242,0.5793799528807025,0.11215989059084243,268,0.5192307692307693,0.5,0.6153846153846154,0.6923076923076923,0.5961538461538461,0.5846153846153845,0.06944411571256841,240
1.3170737266540526,0.24759721143413707,0.12432332038879394,0.008451511255766079,SMOTE(random_state=42),10,log2,300,SimpleImputer(strategy='median'),,,,"{'balance': SMOTE(random_state=42), 'classify__max_depth': 10, 'classify__max_features': 'log2', 'classify__n_estimators': 300, 'impute': SimpleImputer(strategy='median'), 'select': None, 'transform': None}",0.5178571428571428,0.48425787106446777,0.5967016491754122,0.6926536731634183,0.588455772113943,0.5759852216748769,0.07209575988422343,233,0.5197659483373769,0.4923195084485407,0.6045673076923077,0.6932234432234433,0.5950890916992612,0.580993059880186,0.07065671960925221,211,0.5535714285714286,0.40929535232383807,0.5862068965517241,0.7616191904047978,0.5862068965517242,0.5793799528807025,0.11215989059084243,268,0.5192307692307693,0.5,0.6153846153846154,0.6923076923076923,0.5961538461538461,0.5846153846153845,0.06944411571256841,240
0.9782828330993653,0.12506935083982523,0.08858766555786132,0.0075946646435527876,,,sqrt,200,,SelectKBest(score_func=<function mutual_info_classif at 0x7a970c879120>),,10,"{'balance': None, 'classify__max_depth': None, 'classify__max_features': 'sqrt', 'classify__n_estimators': 200, 'impute': None, 'select': SelectKBest(score_func=<function mutual_info_classif at 0x7a970c879120>), 'select__k': 10, 'transform': None}",0.5357142857142857,0.4407796101949025,0.6139430284857571,0.697151424287856,0.5922038980509745,0.5759584493467551,0.0851908343567103,239,0.5384615384615384,0.44639423076923074,0.6214990138067061,0.6932193732193732,0.5982088087351246,0.5795565929983947,0.08300279229586402,225,0.5424107142857142,0.38605697151424284,0.610944527736132,0.6746626686656672,0.6394302848575713,0.5707010334118655,0.10202454821725152,303,0.5384615384615384,0.46153846153846156,0.6346153846153846,0.6923076923076923,0.6153846153846154,0.5884615384615384,0.0803100500685427,209
0.8021696090698243,0.12954607150739034,0.09745244979858399,0.010588044020445065,SMOTE(random_state=42),10,log2,200,SimpleImputer(strategy='median'),,StandardScaler(),,"{'balance': SMOTE(random_state=42), 'classify__max_depth': 10, 'classify__max_features': 'log2', 'classify__n_estimators': 200, 'impute': SimpleImputer(strategy='median'), 'select': None, 'transform': StandardScaler()}",0.5565476190476191,0.5187406296851574,0.5794602698650675,0.6926536731634183,0.5322338830584707,0.5759272149639466,0.06195567778252093,240,0.5581846724703867,0.5254807692307693,0.5875547217010632,0.6932234432234433,0.5384615384615384,0.5805810290174402,0.060080999937804726,218,0.5372023809523809,0.4257871064467766,0.5817091454272864,0.7556221889055472,0.5577211394302849,0.5716083922324552,0.10639885278698591,295,0.5576923076923077,0.5384615384615384,0.5961538461538461,0.6923076923076923,0.5384615384615384,0.5846153846153846,0.05782037068604965,222
1.032586145401001,0.08418441372793879,0.08041853904724121,0.002474908317580447,SMOTE(random_state=42),10,log2,200,,SelectKBest(score_func=<function mutual_info_classif at 0x7a970c879120>),,all,"{'balance': SMOTE(random_state=42), 'classify__max_depth': 10, 'classify__max_features': 'log2', 'classify__n_estimators': 200, 'impute': None, 'select': SelectKBest(score_func=<function mutual_info_classif at 0x7a970c879120>), 'select__k': 'all', 'transform': None}",0.5565476190476191,0.5187406296851574,0.5794602698650675,0.6926536731634183,0.5322338830584707,0.5759272149639466,0.06195567778252093,240,0.5581846724703867,0.5254807692307693,0.5875547217010632,0.6932234432234433,0.5384615384615384,0.5805810290174402,0.060080999937804726,218,0.5372023809523809,0.4257871064467766,0.5817091454272864,0.7556221889055472,0.5577211394302849,0.5716083922324552,0.10639885278698591,295,0.5576923076923077,0.5384615384615384,0.5961538461538461,0.6923076923076923,0.5384615384615384,0.5846153846153846,0.05782037068604965,222
0.7834917068481445,0.10496208446869272,0.10182805061340332,0.013988617600373855,SMOTE(random_state=42),10,log2,200,,,StandardScaler(),,"{'balance': SMOTE(random_state=42), 'classify__max_depth': 10, 'classify__max_features': 'log2', 'classify__n_estimators': 200, 'impute': None, 'select': None, 'transform': StandardScaler()}",0.5565476190476191,0.5187406296851574,0.5794602698650675,0.6926536731634183,0.5322338830584707,0.5759272149639466,0.06195567778252093,240,0.5581846724703867,0.5254807692307693,0.5875547217010632,0.6932234432234433,0.5384615384615384,0.5805810290174402,0.060080999937804726,218,0.5372023809523809,0.4257871064467766,0.5817091454272864,0.7556221889055472,0.5577211394302849,0.5716083922324552,0.10639885278698591,295,0.5576923076923077,0.5384615384615384,0.5961538461538461,0.6923076923076923,0.5384615384615384,0.5846153846153846,0.05782037068604965,222
0.8733317852020264,0.06562780357696181,0.09135985374450684,0.003541331476621594,SMOTE(random_state=42),10,log2,200,SimpleImputer(strategy='median'),,,,"{'balance': SMOTE(random_state=42), 'classify__max_depth': 10, 'classify__max_features': 'log2', 'classify__n_estimators': 200, 'impute': SimpleImputer(strategy='median'), 'select': None, 'transform': None}",0.5565476190476191,0.5187406296851574,0.5794602698650675,0.6926536731634183,0.5322338830584707,0.5759272149639466,0.06195567778252093,240,0.5581846724703867,0.5254807692307693,0.5875547217010632,0.6932234432234433,0.5384615384615384,0.5805810290174402,0.060080999937804726,218,0.5372023809523809,0.4257871064467766,0.5817091454272864,0.7556221889055472,0.5577211394302849,0.5716083922324552,0.10639885278698591,295,0.5576923076923077,0.5384615384615384,0.5961538461538461,0.6923076923076923,0.5384615384615384,0.5846153846153846,0.05782037068604965,222
0.7852317333221436,0.10920471903126497,0.09510555267333984,0.010901387242380477,SMOTE(random_state=42),10,log2,200,,,,,"{'balance': SMOTE(random_state=42), 'classify__max_depth': 10, 'classify__max_features': 'log2', 'classify__n_estimators': 200, 'impute': None, 'select': None, 'transform': None}",0.5565476190476191,0.5187406296851574,0.5794602698650675,0.6926536731634183,0.5322338830584707,0.5759272149639466,0.06195567778252093,240,0.5581846724703867,0.5254807692307693,0.5875547217010632,0.6932234432234433,0.5384615384615384,0.5805810290174402,0.060080999937804726,218,0.5372023809523809,0.4257871064467766,0.5817091454272864,0.7556221889055472,0.5577211394302849,0.5716083922324552,0.10639885278698591,295,0.5576923076923077,0.5384615384615384,0.5961538461538461,0.6923076923076923,0.5384615384615384,0.5846153846153846,0.05782037068604965,222
0.9130810737609864,0.07602090675137478,0.08682312965393066,0.014515646069977014,SMOTE(random_state=42),10,log2,200,SimpleImputer(strategy='median'),SelectKBest(score_func=<function mutual_info_classif at 0x7a970c879120>),,all,"{'balance': SMOTE(random_state=42), 'classify__max_depth': 10, 'classify__max_features': 'log2', 'classify__n_estimators': 200, 'impute': SimpleImputer(strategy='median'), 'select': SelectKBest(score_func=<function mutual_info_classif at 0x7a970c879120>), 'select__k': 'all', 'transform': None}",0.5565476190476191,0.5187406296851574,0.5794602698650675,0.6926536731634183,0.5322338830584707,0.5759272149639466,0.06195567778252093,240,0.5581846724703867,0.5254807692307693,0.5875547217010632,0.6932234432234433,0.5384615384615384,0.5805810290174402,0.060080999937804726,218,0.5372023809523809,0.4257871064467766,0.5817091454272864,0.7556221889055472,0.5577211394302849,0.5716083922324552,0.10639885278698591,295,0.5576923076923077,0.5384615384615384,0.5961538461538461,0.6923076923076923,0.5384615384615384,0.5846153846153846,0.05782037068604965,222
0.6401413440704345,0.089103952064981,0.06499042510986328,0.025024643055319498,,5,sqrt,100,SimpleImputer(strategy='median'),SelectKBest(score_func=<function mutual_info_classif at 0x7a970c879120>),,20,"{'balance': None, 'classify__max_depth': 5, 'classify__max_features': 'sqrt', 'classify__n_estimators': 100, 'impute': SimpleImputer(strategy='median'), 'select': SelectKBest(score_func=<function mutual_info_classif at 0x7a970c879120>), 'select__k': 20, 'transform': None}",0.5089285714285714,0.4580209895052474,0.6056971514242879,0.7008995502248876,0.6011994002998501,0.5749491325765688,0.08429582440523782,246,0.5109827267661808,0.4621301775147929,0.613053613053613,0.7085691662512097,0.6094765449604159,0.5808424457092424,0.08619114691509026,217,0.5342261904761905,0.4212893553223388,0.6056971514242879,0.6776611694152924,0.6296851574212894,0.5737118048118799,0.08916643522039543,286,0.5192307692307693,0.4807692307692308,0.6153846153846154,0.7115384615384616,0.6153846153846154,0.5884615384615385,0.08122581569978028,199
1.559788179397583,0.17231648639159708,0.15859055519104004,0.020067052682015172,,,sqrt,300,SimpleImputer(strategy='median'),SelectKBest(score_func=<function mutual_info_classif at 0x7a970c879120>),,20,"{'balance': None, 'classify__max_depth': None, 'classify__max_features': 'sqrt', 'classify__n_estimators': 300, 'impute': SimpleImputer(strategy='median'), 'select': SelectKBest(score_func=<function mutual_info_classif at 0x7a970c879120>), 'select__k': 20, 'transform': None}",0.5863095238095238,0.4580209895052474,0.618440779610195,0.6364317841079461,0.5749625187406296,0.5748331191547084,0.06240644488467298,247,0.5892254904835919,0.4621301775147929,0.6268352243962,0.63583559297845,0.5816568047337278,0.5791366580213525,0.062110505745678564,239,0.5803571428571429,0.3815592203898051,0.6176911544227887,0.6956521739130435,0.6844077961019491,0.5919334975369458,0.11345824349548377,200,0.5961538461538461,0.4807692307692308,0.6346153846153846,0.6346153846153846,0.5961538461538461,0.5884615384615384,0.05652668637191948,209
0.7282817363739014,0.1311673396092294,0.06756701469421386,0.022053201163434285,SMOTE(random_state=42),10,sqrt,100,,SelectKBest(score_func=<function mutual_info_classif at 0x7a970c879120>),,10,"{'balance': SMOTE(random_state=42), 'classify__max_depth': 10, 'classify__max_features': 'sqrt', 'classify__n_estimators': 100, 'impute': None, 'select': SelectKBest(score_func=<function mutual_info_classif at 0x7a970c879120>), 'select__k': 10, 'transform': None}",0.5446428571428572,0.527736131934033,0.6229385307346327,0.623688155922039,0.5539730134932533,0.574595737845363,0.04065805117119304,248,0.5364102564102564,0.5356643356643356,0.6308542772515323,0.6153846153846154,0.5585178166365176,0.5753662602694515,0.04014491719161254,268,0.53125,0.4707646176911544,0.5727136431784108,0.6371814092953524,0.616191904047976,0.5656203148425787,0.059845990685055715,307,0.5384615384615384,0.5384615384615384,0.6346153846153846,0.6153846153846154,0.5576923076923077,0.5769230769230769,0.04033880185269814,282
0.6584311485290527,0.14634476364689916,0.06055474281311035,0.005683800121223061,SMOTE(random_state=42),,sqrt,200,,,,,"{'balance': SMOTE(random_state=42), 'classify__max_depth': None, 'classify__max_features': 'sqrt', 'classify__n_estimators': 200, 'impute': None, 'select': None, 'transform': None}",0.5773809523809523,0.42353823088455766,0.618440779610195,0.6799100449775113,0.5712143928035982,0.574096880131363,0.08467562577566783,249,0.5775498575498575,0.4304327109205158,0.6268352243962,0.6736816642477019,0.5769230769230769,0.5770845068074705,0.08162491846723818,251,0.6488095238095238,0.424287856071964,0.5539730134932535,0.7106446776611695,0.5997001499250374,0.5874830441921896,0.09678282318317616,228,0.5769230769230769,0.4423076923076923,0.6346153846153846,0.6730769230769231,0.5769230769230769,0.5807692307692307,0.07825765365144541,263
0.9132190227508545,0.21938001422959133,0.09537849426269532,0.007443763419580013,SMOTE(random_state=42),,sqrt,200,SimpleImputer(strategy='median'),,StandardScaler(),,"{'balance': SMOTE(random_state=42), 'classify__max_depth': None, 'classify__max_features': 'sqrt', 'classify__n_estimators': 200, 'impute': SimpleImputer(strategy='median'), 'select': None, 'transform': StandardScaler()}",0.5773809523809523,0.42353823088455766,0.618440779610195,0.6799100449775113,0.5712143928035982,0.574096880131363,0.08467562577566783,249,0.5775498575498575,0.4304327109205158,0.6268352243962,0.6736816642477019,0.5769230769230769,0.5770845068074705,0.08162491846723818,251,0.6488095238095238,0.424287856071964,0.5539730134932535,0.7106446776611695,0.6004497751124438,0.5876329692296709,0.09680221109790424,226,0.5769230769230769,0.4423076923076923,0.6346153846153846,0.6730769230769231,0.5769230769230769,0.5807692307692307,0.07825765365144541,263
0.8589810371398926,0.06466411902330006,0.10601210594177246,0.023859935686073735,SMOTE(random_state=42),,sqrt,200,,,StandardScaler(),,"{'balance': SMOTE(random_state=42), 'classify__max_depth': None, 'classify__max_features': 'sqrt', 'classify__n_estimators': 200, 'impute': None, 'select': None, 'transform': StandardScaler()}",0.5773809523809523,0.42353823088455766,0.618440779610195,0.6799100449775113,0.5712143928035982,0.574096880131363,0.08467562577566783,249,0.5775498575498575,0.4304327109205158,0.6268352243962,0.6736816642477019,0.5769230769230769,0.5770845068074705,0.08162491846723818,251,0.6488095238095238,0.424287856071964,0.5539730134932535,0.7106446776611695,0.6004497751124438,0.5876329692296709,0.09680221109790424,226,0.5769230769230769,0.4423076923076923,0.6346153846153846,0.6730769230769231,0.5769230769230769,0.5807692307692307,0.07825765365144541,263
1.188886785507202,0.14077482683792195,0.09626550674438476,0.012010032269352213,SMOTE(random_state=42),,sqrt,200,SimpleImputer(strategy='median'),SelectKBest(score_func=<function mutual_info_classif at 0x7a970c879120>),,all,"{'balance': SMOTE(random_state=42), 'classify__max_depth': None, 'classify__max_features': 'sqrt', 'classify__n_estimators': 200, 'impute': SimpleImputer(strategy='median'), 'select': SelectKBest(score_func=<function mutual_info_classif at 0x7a970c879120>), 'select__k': 'all', 'transform': None}",0.5773809523809523,0.42353823088455766,0.618440779610195,0.6799100449775113,0.5712143928035982,0.574096880131363,0.08467562577566783,249,0.5775498575498575,0.4304327109205158,0.6268352243962,0.6736816642477019,0.5769230769230769,0.5770845068074705,0.08162491846723818,251,0.6488095238095238,0.424287856071964,0.5539730134932535,0.7106446776611695,0.5997001499250374,0.5874830441921896,0.09678282318317616,228,0.5769230769230769,0.4423076923076923,0.6346153846153846,0.6730769230769231,0.5769230769230769,0.5807692307692307,0.07825765365144541,263
1.1518683433532715,0.09430414535821706,0.11672792434692383,0.027625177632374164,SMOTE(random_state=42),,sqrt,200,,SelectKBest(score_func=<function mutual_info_classif at 0x7a970c879120>),,all,"{'balance': SMOTE(random_state=42), 'classify__max_depth': None, 'classify__max_features': 'sqrt', 'classify__n_estimators': 200, 'impute': None, 'select': SelectKBest(score_func=<function mutual_info_classif at 0x7a970c879120>), 'select__k': 'all', 'transform': None}",0.5773809523809523,0.42353823088455766,0.618440779610195,0.6799100449775113,0.5712143928035982,0.574096880131363,0.08467562577566783,249,0.5775498575498575,0.4304327109205158,0.6268352243962,0.6736816642477019,0.5769230769230769,0.5770845068074705,0.08162491846723818,251,0.6488095238095238,0.424287856071964,0.5539730134932535,0.7106446776611695,0.5997001499250374,0.5874830441921896,0.09678282318317616,228,0.5769230769230769,0.4423076923076923,0.6346153846153846,0.6730769230769231,0.5769230769230769,0.5807692307692307,0.07825765365144541,263
0.5821901798248291,0.03576021962062072,0.06884088516235351,0.0069629965171128455,SMOTE(random_state=42),,sqrt,200,SimpleImputer(strategy='median'),,,,"{'balance': SMOTE(random_state=42), 'classify__max_depth': None, 'classify__max_features': 'sqrt', 'classify__n_estimators': 200, 'impute': SimpleImputer(strategy='median'), 'select': None, 'transform': None}",0.5773809523809523,0.42353823088455766,0.618440779610195,0.6799100449775113,0.5712143928035982,0.574096880131363,0.08467562577566783,249,0.5775498575498575,0.4304327109205158,0.6268352243962,0.6736816642477019,0.5769230769230769,0.5770845068074705,0.08162491846723818,251,0.6488095238095238,0.424287856071964,0.5539730134932535,0.7106446776611695,0.5997001499250374,0.5874830441921896,0.09678282318317616,228,0.5769230769230769,0.4423076923076923,0.6346153846153846,0.6730769230769231,0.5769230769230769,0.5807692307692307,0.07825765365144541,263
0.5944822788238525,0.08490856076100807,0.07138576507568359,0.02312683954736466,,5,sqrt,100,,SelectKBest(score_func=<function mutual_info_classif at 0x7a970c879120>),,10,"{'balance': None, 'classify__max_depth': 5, 'classify__max_features': 'sqrt', 'classify__n_estimators': 100, 'impute': None, 'select': SelectKBest(score_func=<function mutual_info_classif at 0x7a970c879120>), 'select__k': 10, 'transform': None}",0.5208333333333333,0.5314842578710645,0.5749625187406296,0.6836581709145427,0.5577211394302849,0.573731884057971,0.058180349834843895,255,0.5197643643814565,0.533605361963571,0.5816568047337278,0.6904428904428905,0.5650240384615385,0.5780986919966369,0.06031148456403715,249,0.5267857142857144,0.45577211394302847,0.6071964017991004,0.7016491754122939,0.5907046476761619,0.5764216106232597,0.08228372762191513,275,0.5192307692307693,0.5576923076923077,0.5961538461538461,0.6923076923076923,0.5769230769230769,0.5884615384615385,0.05782037068604963,199
0.6300414562225342,0.06592184737548396,0.054860162734985354,0.002653465080834314,SMOTE(random_state=42),5,sqrt,100,SimpleImputer(strategy='median'),SelectKBest(score_func=<function mutual_info_classif at 0x7a970c879120>),,20,"{'balance': SMOTE(random_state=42), 'classify__max_depth': 5, 'classify__max_features': 'sqrt', 'classify__n_estimators': 100, 'impute': SimpleImputer(strategy='median'), 'select': SelectKBest(score_func=<function mutual_info_classif at 0x7a970c879120>), 'select__k': 20, 'transform': None}",0.6071428571428572,0.4497751124437781,0.5539730134932533,0.697151424287856,0.5584707646176912,0.5733026343970871,0.08041933936343333,256,0.5893703161340339,0.4582750582750582,0.5585178166365176,0.6932193732193732,0.5591694020265449,0.5717103932583055,0.07520000112887526,290,0.6607142857142858,0.5007496251874062,0.6116941529235381,0.6986506746626686,0.5862068965517242,0.6116031270079245,0.0677091679688353,27,0.5961538461538461,0.46153846153846156,0.5576923076923077,0.6923076923076923,0.5576923076923077,0.573076923076923,0.07438107540697582,297
1.0216426372528076,0.12960212851828426,0.10292601585388184,0.022116334331767438,,,sqrt,200,,SelectKBest(score_func=<function mutual_info_classif at 0x7a970c879120>),,20,"{'balance': None, 'classify__max_depth': None, 'classify__max_features': 'sqrt', 'classify__n_estimators': 200, 'impute': None, 'select': SelectKBest(score_func=<function mutual_info_classif at 0x7a970c879120>), 'select__k': 20, 'transform': None}",0.6220238095238095,0.41454272863568215,0.5967016491754122,0.6191904047976011,0.6139430284857571,0.5732803241236525,0.07985399312616297,257,0.6237231603085261,0.41193719551928515,0.6045673076923077,0.6165242165242165,0.6214990138067061,0.5756501787702083,0.0821242417566432,266,0.5766369047619049,0.39580209895052476,0.6004497751124438,0.6649175412293852,0.6761619190404797,0.5827936478189477,0.10077445271900301,239,0.6346153846153846,0.4423076923076923,0.6153846153846154,0.6153846153846154,0.6346153846153846,0.5884615384615384,0.0735812556527269,209
1.444187545776367,0.19478843893831488,0.15490007400512695,0.05690423680901437,SMOTE(random_state=42),10,sqrt,300,,SelectKBest(score_func=<function mutual_info_classif at 0x7a970c879120>),,20,"{'balance': SMOTE(random_state=42), 'classify__max_depth': 10, 'classify__max_features': 'sqrt', 'classify__n_estimators': 300, 'impute': None, 'select': SelectKBest(score_func=<function mutual_info_classif at 0x7a970c879120>), 'select__k': 20, 'transform': None}",0.6071428571428572,0.43628185907046474,0.6056971514242879,0.6064467766116941,0.6101949025487257,0.5731527093596058,0.06845249375289092,258,0.5893703161340339,0.43749233222917433,0.613053613053613,0.5951079996584991,0.6153846153846154,0.5700817752919871,0.06704811151201043,295,0.5922619047619048,0.4842578710644677,0.6176911544227887,0.679160419790105,0.6536731634182908,0.6054089026915114,0.06748332366488059,44,0.5961538461538461,0.46153846153846156,0.6153846153846154,0.5961538461538461,0.6153846153846154,0.5769230769230769,0.05832981110808885,282
1.1838945865631103,0.1568107525675129,0.11221961975097657,0.02504273108518711,,5,sqrt,300,SimpleImputer(strategy='median'),SelectKBest(score_func=<function mutual_info_classif at 0x7a970c879120>),,10,"{'balance': None, 'classify__max_depth': 5, 'classify__max_features': 'sqrt', 'classify__n_estimators': 300, 'impute': SimpleImputer(strategy='median'), 'select': SelectKBest(score_func=<function mutual_info_classif at 0x7a970c879120>), 'select__k': 10, 'transform': None}",0.5327380952380952,0.4580209895052474,0.6401799100449774,0.6709145427286357,0.5622188905547226,0.5728144856143357,0.076233394341001,259,0.5363856533271826,0.4621301775147929,0.6485288904643743,0.673687081861774,0.5704241994564575,0.5782312005249163,0.07660944735811415,247,0.5550595238095237,0.3793103448275862,0.646176911544228,0.6866566716641679,0.5907046476761619,0.5715816199043335,0.10622018465671763,301,0.5384615384615384,0.4807692307692308,0.6538461538461539,0.6730769230769231,0.5769230769230769,0.5846153846153845,0.07154259706822415,240
0.9620800018310547,0.11137692705208864,0.10371370315551758,0.01897588296722824,,5,log2,300,SimpleImputer(strategy='median'),SelectKBest(score_func=<function mutual_info_classif at 0x7a970c879120>),,10,"{'balance': None, 'classify__max_depth': 5, 'classify__max_features': 'log2', 'classify__n_estimators': 300, 'impute': SimpleImputer(strategy='median'), 'select': SelectKBest(score_func=<function mutual_info_classif at 0x7a970c879120>), 'select__k': 10, 'transform': None}",0.5327380952380952,0.5097451274362819,0.6356821589205397,0.6619190404797601,0.5232383808095952,0.5726645605768543,0.06314032757486737,260,0.5363856533271826,0.5082956259426847,0.6441105769230769,0.669711721751371,0.5313718539524991,0.5779750863793629,0.06564492790736406,250,0.53125,0.43628185907046474,0.6131934032983508,0.6806596701649176,0.6041979010494752,0.5731165667166416,0.08320368729671383,289,0.5384615384615384,0.5384615384615384,0.6538461538461539,0.6730769230769231,0.5384615384615384,0.5884615384615385,0.06153846153846158,199
0.5375669479370118,0.11422696001603454,0.040032052993774415,0.0010458742960463108,,10,log2,100,,SelectKBest(score_func=<function mutual_info_classif at 0x7a970c879120>),,20,"{'balance': None, 'classify__max_depth': 10, 'classify__max_features': 'log2', 'classify__n_estimators': 100, 'impute': None, 'select': SelectKBest(score_func=<function mutual_info_classif at 0x7a970c879120>), 'select__k': 20, 'transform': None}",0.5297619047619048,0.4580209895052474,0.5967016491754122,0.6581709145427286,0.618440779610195,0.5722192475190976,0.07066452458093841,261,0.5328671328671329,0.4621301775147929,0.6045673076923077,0.6548717948717949,0.6268352243962,0.5762543274684457,0.0699250004248918,258,0.5714285714285714,0.4137931034482759,0.5907046476761619,0.656671664167916,0.631184407796102,0.5727564789034054,0.0849103480493546,291,0.5384615384615384,0.4807692307692308,0.6153846153846154,0.6538461538461539,0.6346153846153846,0.5846153846153845,0.06504436355879908,240
1.2308546543121337,0.267473727506258,0.12680864334106445,0.02762055169314705,,10,log2,300,SimpleImputer(strategy='median'),SelectKBest(score_func=<function mutual_info_classif at 0x7a970c879120>),,10,"{'balance': None, 'classify__max_depth': 10, 'classify__max_features': 'log2', 'classify__n_estimators': 300, 'impute': SimpleImputer(strategy='median'), 'select': SelectKBest(score_func=<function mutual_info_classif at 0x7a970c879120>), 'select__k': 10, 'transform': None}",0.5208333333333333,0.49700149925037485,0.6094452773613194,0.6709145427286357,0.5622188905547226,0.5720827086456771,0.06248947807548194,262,0.5197643643814565,0.5019723865877712,0.6147174729264282,0.673687081861774,0.5704241994564575,0.5761131010427775,0.06279389863017203,265,0.5059523809523809,0.35982008995502246,0.5787106446776612,0.6941529235382309,0.6296851574212893,0.553664239308917,0.11488737831075828,334,0.5192307692307693,0.5192307692307693,0.6346153846153846,0.6730769230769231,0.5769230769230769,0.5846153846153846,0.06153846153846153,222
0.6299538612365723,0.04583400928403188,0.06941752433776856,0.0240853119785123,SMOTE(random_state=42),10,sqrt,100,SimpleImputer(strategy='median'),SelectKBest(score_func=<function mutual_info_classif at 0x7a970c879120>),,20,"{'balance': SMOTE(random_state=42), 'classify__max_depth': 10, 'classify__max_features': 'sqrt', 'classify__n_estimators': 100, 'impute': SimpleImputer(strategy='median'), 'select': SelectKBest(score_func=<function mutual_info_classif at 0x7a970c879120>), 'select__k': 20, 'transform': None}",0.5059523809523809,0.4062968515742129,0.6746626686656672,0.6064467766116941,0.6664167916041979,0.5719550938816307,0.10243099705714433,263,0.4977777777777777,0.4142148174406239,0.6836538461538461,0.5951079996584991,0.6722149789946401,0.5725938840050773,0.10338949815131443,279,0.5476190476190476,0.48575712143928035,0.6506746626686657,0.679160419790105,0.7031484257871065,0.613271935460841,0.08293174224635368,14,0.5,0.4230769230769231,0.6923076923076923,0.5961538461538461,0.6730769230769231,0.576923076923077,0.10248394303441714,274
1.4782368659973144,0.11452779208093204,0.14300689697265626,0.03460214483721903,SMOTE(random_state=42),,log2,300,SimpleImputer(strategy='median'),SelectKBest(score_func=<function mutual_info_classif at 0x7a970c879120>),,all,"{'balance': SMOTE(random_state=42), 'classify__max_depth': None, 'classify__max_features': 'log2', 'classify__n_estimators': 300, 'impute': SimpleImputer(strategy='median'), 'select': SelectKBest(score_func=<function mutual_info_classif at 0x7a970c879120>), 'select__k': 'all', 'transform': None}",0.5565476190476191,0.4625187406296852,0.5967016491754122,0.6754122938530734,0.5667166416791605,0.5715793888769901,0.06863851036977651,264,0.5581846724703867,0.46971321361565266,0.6045673076923077,0.6741686884544027,0.5743589743589743,0.5761985713183447,0.06643785837736794,259,0.5870535714285715,0.41379310344827586,0.5772113943028485,0.7653673163418291,0.5967016491754122,0.5880254069393874,0.11135547846713616,222,0.5576923076923077,0.4807692307692308,0.6153846153846154,0.6730769230769231,0.5769230769230769,0.5807692307692308,0.06366517445094944,251
1.582099151611328,0.07693747305487314,0.16032228469848633,0.05136312751902654,SMOTE(random_state=42),,log2,300,,SelectKBest(score_func=<function mutual_info_classif at 0x7a970c879120>),,all,"{'balance': SMOTE(random_state=42), 'classify__max_depth': None, 'classify__max_features': 'log2', 'classify__n_estimators': 300, 'impute': None, 'select': SelectKBest(score_func=<function mutual_info_classif at 0x7a970c879120>), 'select__k': 'all', 'transform': None}",0.5565476190476191,0.4625187406296852,0.5967016491754122,0.6754122938530734,0.5667166416791605,0.5715793888769901,0.06863851036977651,264,0.5581846724703867,0.46971321361565266,0.6045673076923077,0.6741686884544027,0.5743589743589743,0.5761985713183447,0.06643785837736794,259,0.5870535714285715,0.41379310344827586,0.5772113943028485,0.7653673163418291,0.5967016491754122,0.5880254069393874,0.11135547846713616,222,0.5576923076923077,0.4807692307692308,0.6153846153846154,0.6730769230769231,0.5769230769230769,0.5807692307692308,0.06366517445094944,251
0.927639389038086,0.18228269235411426,0.12635250091552735,0.025968148676936097,SMOTE(random_state=42),,log2,300,SimpleImputer(strategy='median'),,,,"{'balance': SMOTE(random_state=42), 'classify__max_depth': None, 'classify__max_features': 'log2', 'classify__n_estimators': 300, 'impute': SimpleImputer(strategy='median'), 'select': None, 'transform': None}",0.5565476190476191,0.4625187406296852,0.5967016491754122,0.6754122938530734,0.5667166416791605,0.5715793888769901,0.06863851036977651,264,0.5581846724703867,0.46971321361565266,0.6045673076923077,0.6741686884544027,0.5743589743589743,0.5761985713183447,0.06643785837736794,259,0.5870535714285715,0.41379310344827586,0.5772113943028485,0.7653673163418291,0.5967016491754122,0.5880254069393874,0.11135547846713616,222,0.5576923076923077,0.4807692307692308,0.6153846153846154,0.6730769230769231,0.5769230769230769,0.5807692307692308,0.06366517445094944,251
0.8566299438476562,0.0985082960084503,0.09012174606323242,0.004126585301117828,SMOTE(random_state=42),,log2,300,,,,,"{'balance': SMOTE(random_state=42), 'classify__max_depth': None, 'classify__max_features': 'log2', 'classify__n_estimators': 300, 'impute': None, 'select': None, 'transform': None}",0.5565476190476191,0.4625187406296852,0.5967016491754122,0.6754122938530734,0.5667166416791605,0.5715793888769901,0.06863851036977651,264,0.5581846724703867,0.46971321361565266,0.6045673076923077,0.6741686884544027,0.5743589743589743,0.5761985713183447,0.06643785837736794,259,0.5870535714285715,0.41379310344827586,0.5772113943028485,0.7653673163418291,0.5967016491754122,0.5880254069393874,0.11135547846713616,222,0.5576923076923077,0.4807692307692308,0.6153846153846154,0.6730769230769231,0.5769230769230769,0.5807692307692308,0.06366517445094944,251
1.2978744506835938,0.12591233618975728,0.15632829666137696,0.048873347608102954,SMOTE(random_state=42),,log2,300,,,StandardScaler(),,"{'balance': SMOTE(random_state=42), 'classify__max_depth': None, 'classify__max_features': 'log2', 'classify__n_estimators': 300, 'impute': None, 'select': None, 'transform': StandardScaler()}",0.5565476190476191,0.4625187406296852,0.5967016491754122,0.6754122938530734,0.5667166416791605,0.5715793888769901,0.06863851036977651,264,0.5581846724703867,0.46971321361565266,0.6045673076923077,0.6741686884544027,0.5743589743589743,0.5761985713183447,0.06643785837736794,259,0.5877976190476191,0.41379310344827586,0.5772113943028485,0.7653673163418291,0.5967016491754122,0.5881742164631969,0.11135457747655979,218,0.5576923076923077,0.4807692307692308,0.6153846153846154,0.6730769230769231,0.5769230769230769,0.5807692307692308,0.06366517445094944,251
1.227036476135254,0.1573820909894949,0.14665699005126953,0.0331177887442036,SMOTE(random_state=42),,log2,300,SimpleImputer(strategy='median'),,StandardScaler(),,"{'balance': SMOTE(random_state=42), 'classify__max_depth': None, 'classify__max_features': 'log2', 'classify__n_estimators': 300, 'impute': SimpleImputer(strategy='median'), 'select': None, 'transform': StandardScaler()}",0.5565476190476191,0.4625187406296852,0.5967016491754122,0.6754122938530734,0.5667166416791605,0.5715793888769901,0.06863851036977651,264,0.5581846724703867,0.46971321361565266,0.6045673076923077,0.6741686884544027,0.5743589743589743,0.5761985713183447,0.06643785837736794,259,0.5877976190476191,0.41379310344827586,0.5772113943028485,0.7653673163418291,0.5967016491754122,0.5881742164631969,0.11135457747655979,218,0.5576923076923077,0.4807692307692308,0.6153846153846154,0.6730769230769231,0.5769230769230769,0.5807692307692308,0.06366517445094944,251
0.8172967910766602,0.04952653419007083,0.08193693161010743,0.0122107132993037,,5,log2,200,,SelectKBest(score_func=<function mutual_info_classif at 0x7a970c879120>),,10,"{'balance': None, 'classify__max_depth': 5, 'classify__max_features': 'log2', 'classify__n_estimators': 200, 'impute': None, 'select': SelectKBest(score_func=<function mutual_info_classif at 0x7a970c879120>), 'select__k': 10, 'transform': None}",0.5922619047619048,0.40179910044977507,0.5749625187406296,0.7053973013493253,0.5794602698650675,0.5707762190333405,0.09719122897056647,270,0.5954001205960892,0.40685096153846156,0.5816568047337278,0.7107779226423294,0.5875547217010632,0.5764481062423343,0.09728037557570386,257,0.4866071428571429,0.335832083958021,0.5457271364317842,0.6941529235382309,0.6161919040479761,0.5357022381666311,0.12169150465046297,359,0.5961538461538461,0.4230769230769231,0.5961538461538461,0.7115384615384616,0.5961538461538461,0.5846153846153846,0.09230769230769231,222
0.6628478050231934,0.07011756466286936,0.0649601936340332,0.01791034759119148,SMOTE(random_state=42),5,log2,100,,SelectKBest(score_func=<function mutual_info_classif at 0x7a970c879120>),,20,"{'balance': SMOTE(random_state=42), 'classify__max_depth': 5, 'classify__max_features': 'log2', 'classify__n_estimators': 100, 'impute': None, 'select': SelectKBest(score_func=<function mutual_info_classif at 0x7a970c879120>), 'select__k': 20, 'transform': None}",0.5238095238095238,0.42353823088455766,0.6056971514242879,0.6799100449775113,0.6191904047976011,0.5704290711786963,0.0887219137797028,271,0.5183414439796238,0.4304327109205158,0.613053613053613,0.6736816642477019,0.6165242165242165,0.5704067297451342,0.0859241657125798,294,0.5803571428571428,0.424287856071964,0.6461769115442278,0.7001499250374812,0.6296851574212894,0.5961313985864211,0.09405242388363957,173,0.5192307692307693,0.4423076923076923,0.6153846153846154,0.6730769230769231,0.6153846153846154,0.573076923076923,0.08195106058716355,297
0.645069932937622,0.05393266291884144,0.05434150695800781,0.0015059101366411518,,,sqrt,100,SimpleImputer(strategy='median'),SelectKBest(score_func=<function mutual_info_classif at 0x7a970c879120>),,20,"{'balance': None, 'classify__max_depth': None, 'classify__max_features': 'sqrt', 'classify__n_estimators': 100, 'impute': SimpleImputer(strategy='median'), 'select': SelectKBest(score_func=<function mutual_info_classif at 0x7a970c879120>), 'select__k': 20, 'transform': None}",0.6071428571428572,0.4535232383808096,0.5967016491754122,0.6146926536731634,0.5794602698650675,0.5703041336474619,0.059574950129407306,272,0.6107226107226107,0.4524932510007137,0.6045673076923077,0.6165293040293041,0.5875547217010632,0.5743734390291999,0.06170668584243329,270,0.6183035714285715,0.46851574212893554,0.5959520239880061,0.6289355322338831,0.6401799100449775,0.5903773559648747,0.06265497699382866,204,0.6153846153846154,0.4807692307692308,0.6153846153846154,0.6153846153846154,0.5961538461538461,0.5846153846153846,0.05245454498840715,222
0.7787364482879638,0.12989842512390856,0.058421659469604495,0.008455004074835744,SMOTE(random_state=42),10,log2,100,SimpleImputer(strategy='median'),SelectKBest(score_func=<function mutual_info_classif at 0x7a970c879120>),,20,"{'balance': SMOTE(random_state=42), 'classify__max_depth': 10, 'classify__max_features': 'log2', 'classify__n_estimators': 100, 'impute': SimpleImputer(strategy='median'), 'select': SelectKBest(score_func=<function mutual_info_classif at 0x7a970c879120>), 'select__k': 20, 'transform': None}",0.6011904761904762,0.4580209895052474,0.6056971514242879,0.5802098950524738,0.6056971514242879,0.5701631327193547,0.05685917117150332,273,0.595406812942884,0.4621301775147929,0.613053613053613,0.5781766381766382,0.613053613053613,0.5723641709483083,0.05661721086622474,280,0.5922619047619048,0.4700149925037481,0.6071964017991005,0.6446776611694153,0.6626686656671663,0.595363925180267,0.06756294488248706,186,0.5961538461538461,0.4807692307692308,0.6153846153846154,0.5769230769230769,0.6153846153846154,0.5769230769230769,0.05014771080925115,282
0.8195836067199707,0.12314495166498397,0.09047331809997558,0.02709532588839258,,5,log2,200,SimpleImputer(strategy='median'),SelectKBest(score_func=<function mutual_info_classif at 0x7a970c879120>),,10,"{'balance': None, 'classify__max_depth': 5, 'classify__max_features': 'log2', 'classify__n_estimators': 200, 'impute': SimpleImputer(strategy='median'), 'select': SelectKBest(score_func=<function mutual_info_classif at 0x7a970c879120>), 'select__k': 10, 'transform': None}",0.47619047619047616,0.492503748125937,0.6356821589205397,0.7053973013493253,0.54047976011994,0.5700506889412436,0.08754873241889152,274,0.47980015505211476,0.4930493064821423,0.6441105769230769,0.7107779226423294,0.5482742190059263,0.575202436021118,0.08911218237019686,269,0.5282738095238095,0.3943028485757121,0.64167916041979,0.6956521739130435,0.6161919040479761,0.5752199792960663,0.105389170143943,277,0.4807692307692308,0.5192307692307693,0.6538461538461539,0.7115384615384616,0.5576923076923077,0.5846153846153846,0.08565791327430804,222
0.9993194103240967,0.12653441264669535,0.10561237335205079,0.021920215753980007,,5,sqrt,200,,SelectKBest(score_func=<function mutual_info_classif at 0x7a970c879120>),,10,"{'balance': None, 'classify__max_depth': 5, 'classify__max_features': 'sqrt', 'classify__n_estimators': 200, 'impute': None, 'select': SelectKBest(score_func=<function mutual_info_classif at 0x7a970c879120>), 'select__k': 10, 'transform': None}",0.5535714285714286,0.4407796101949025,0.631184407796102,0.6491754122938531,0.5749625187406296,0.5699346755193833,0.0734910743228572,275,0.5568667987480977,0.44639423076923074,0.638387927861612,0.6538461538461539,0.5816568047337278,0.5754303831917644,0.07368363338327498,267,0.5223214285714286,0.424287856071964,0.56071964017991,0.7031484257871065,0.6326836581709145,0.5686322017562647,0.09512075490770584,305,0.5576923076923077,0.46153846153846156,0.6538461538461539,0.6538461538461539,0.5961538461538461,0.5846153846153845,0.07154259706822412,240
1.1289092540740966,0.05134700631210692,0.12047266960144043,0.012301134945590302,SMOTE(random_state=42),10,log2,300,SimpleImputer(strategy='median'),SelectKBest(score_func=<function mutual_info_classif at 0x7a970c879120>),,10,"{'balance': SMOTE(random_state=42), 'classify__max_depth': 10, 'classify__max_features': 'log2', 'classify__n_estimators': 300, 'impute': SimpleImputer(strategy='median'), 'select': SelectKBest(score_func=<function mutual_info_classif at 0x7a970c879120>), 'select__k': 10, 'transform': None}",0.5952380952380952,0.4932533733133433,0.5749625187406296,0.5974512743628186,0.588455772113943,0.5698722067537659,0.03910431966976267,276,0.5966033966033966,0.5,0.5816568047337278,0.5975024975024975,0.5950890916992612,0.5741703581077766,0.03753002068976567,271,0.59375,0.49175412293853077,0.5637181409295353,0.6581709145427287,0.6191904047976012,0.5853167166416793,0.0561190494975553,235,0.5961538461538461,0.5,0.5961538461538461,0.5961538461538461,0.5961538461538461,0.576923076923077,0.038461538461538464,274
1.4525490760803224,0.1050385714421897,0.13084778785705567,0.010709861529870562,SMOTE(random_state=42),5,log2,300,,SelectKBest(score_func=<function mutual_info_classif at 0x7a970c879120>),,20,"{'balance': SMOTE(random_state=42), 'classify__max_depth': 5, 'classify__max_features': 'log2', 'classify__n_estimators': 300, 'impute': None, 'select': SelectKBest(score_func=<function mutual_info_classif at 0x7a970c879120>), 'select__k': 20, 'transform': None}",0.5625,0.41904047976011993,0.588455772113943,0.6191904047976011,0.6581709145427286,0.5694715142428786,0.08170440855284634,277,0.556874128461254,0.4222879684418146,0.5950890916992612,0.6165242165242165,0.6548717948717949,0.5691294399996683,0.07998066042159602,298,0.636904761904762,0.4437781109445278,0.5982008995502249,0.7001499250374812,0.664167916041979,0.608640322695795,0.08893225498825726,36,0.5576923076923077,0.4423076923076923,0.5961538461538461,0.6153846153846154,0.6538461538461539,0.573076923076923,0.07236495277779532,297
1.0850729942321777,0.1435788466442407,0.09995169639587402,0.010241247260688058,SMOTE(random_state=42),10,sqrt,200,,SelectKBest(score_func=<function mutual_info_classif at 0x7a970c879120>),,20,"{'balance': SMOTE(random_state=42), 'classify__max_depth': 10, 'classify__max_features': 'sqrt', 'classify__n_estimators': 200, 'impute': None, 'select': SelectKBest(score_func=<function mutual_info_classif at 0x7a970c879120>), 'select__k': 20, 'transform': None}",0.5386904761904762,0.4535232383808096,0.6056971514242879,0.6409295352323838,0.6056971514242879,0.5689075105304491,0.06651424933075095,278,0.5391452991452992,0.4524932510007137,0.613053613053613,0.6352912718062551,0.613053613053613,0.5706074096118987,0.06742133380622184,292,0.5803571428571428,0.4280359820089955,0.6116941529235382,0.6566716641679161,0.6881559220389805,0.5929829727993146,0.09036721672085778,192,0.5384615384615384,0.4807692307692308,0.6153846153846154,0.6346153846153846,0.6153846153846154,0.5769230769230769,0.05832981110808885,282
0.32561097145080564,0.05027540758895748,0.05143194198608399,0.007160228284934941,SMOTE(random_state=42),10,log2,100,SimpleImputer(strategy='median'),,,,"{'balance': SMOTE(random_state=42), 'classify__max_depth': 10, 'classify__max_features': 'log2', 'classify__n_estimators': 100, 'impute': SimpleImputer(strategy='median'), 'select': None, 'transform': None}",0.5773809523809523,0.5014992503748126,0.5794602698650675,0.6536731634182908,0.5322338830584707,0.5688495038195187,0.05149211108731349,279,0.5775498575498575,0.5089937163107895,0.5875547217010632,0.6548763736263736,0.5384615384615384,0.5734872415299244,0.049446545564538674,272,0.5758928571428572,0.4347826086956522,0.5952023988005997,0.7226386806596702,0.5457271364317842,0.5748487363461127,0.09243788952623175,278,0.5769230769230769,0.5192307692307693,0.5961538461538461,0.6538461538461539,0.5384615384615384,0.5769230769230769,0.04710557197659958,282
0.6207460880279541,0.03743955598082853,0.059882307052612306,0.018978323248021803,SMOTE(random_state=42),10,log2,100,,SelectKBest(score_func=<function mutual_info_classif at 0x7a970c879120>),,all,"{'balance': SMOTE(random_state=42), 'classify__max_depth': 10, 'classify__max_features': 'log2', 'classify__n_estimators': 100, 'impute': None, 'select': SelectKBest(score_func=<function mutual_info_classif at 0x7a970c879120>), 'select__k': 'all', 'transform': None}",0.5773809523809523,0.5014992503748126,0.5794602698650675,0.6536731634182908,0.5322338830584707,0.5688495038195187,0.05149211108731349,279,0.5775498575498575,0.5089937163107895,0.5875547217010632,0.6548763736263736,0.5384615384615384,0.5734872415299244,0.049446545564538674,272,0.5758928571428572,0.4347826086956522,0.5952023988005997,0.7226386806596702,0.5457271364317842,0.5748487363461127,0.09243788952623175,278,0.5769230769230769,0.5192307692307693,0.5961538461538461,0.6538461538461539,0.5384615384615384,0.5769230769230769,0.04710557197659958,282
0.6835333347320557,0.04761007961600736,0.05287322998046875,0.00419097024976601,SMOTE(random_state=42),10,log2,100,SimpleImputer(strategy='median'),SelectKBest(score_func=<function mutual_info_classif at 0x7a970c879120>),,all,"{'balance': SMOTE(random_state=42), 'classify__max_depth': 10, 'classify__max_features': 'log2', 'classify__n_estimators': 100, 'impute': SimpleImputer(strategy='median'), 'select': SelectKBest(score_func=<function mutual_info_classif at 0x7a970c879120>), 'select__k': 'all', 'transform': None}",0.5773809523809523,0.5014992503748126,0.5794602698650675,0.6536731634182908,0.5322338830584707,0.5688495038195187,0.05149211108731349,279,0.5775498575498575,0.5089937163107895,0.5875547217010632,0.6548763736263736,0.5384615384615384,0.5734872415299244,0.049446545564538674,272,0.5758928571428572,0.4347826086956522,0.5952023988005997,0.7226386806596702,0.5457271364317842,0.5748487363461127,0.09243788952623175,278,0.5769230769230769,0.5192307692307693,0.5961538461538461,0.6538461538461539,0.5384615384615384,0.5769230769230769,0.04710557197659958,282
0.4790858268737793,0.06141484963853631,0.07126827239990234,0.023861855191229256,SMOTE(random_state=42),10,log2,100,SimpleImputer(strategy='median'),,StandardScaler(),,"{'balance': SMOTE(random_state=42), 'classify__max_depth': 10, 'classify__max_features': 'log2', 'classify__n_estimators': 100, 'impute': SimpleImputer(strategy='median'), 'select': None, 'transform': StandardScaler()}",0.5773809523809523,0.5014992503748126,0.5794602698650675,0.6536731634182908,0.5322338830584707,0.5688495038195187,0.05149211108731349,279,0.5775498575498575,0.5089937163107895,0.5875547217010632,0.6548763736263736,0.5384615384615384,0.5734872415299244,0.049446545564538674,272,0.5758928571428572,0.4347826086956522,0.5952023988005997,0.7226386806596702,0.5457271364317842,0.5748487363461127,0.09243788952623175,278,0.5769230769230769,0.5192307692307693,0.5961538461538461,0.6538461538461539,0.5384615384615384,0.5769230769230769,0.04710557197659958,282
0.3834134578704834,0.039621242719439544,0.06779985427856446,0.022841307697664247,SMOTE(random_state=42),10,log2,100,,,StandardScaler(),,"{'balance': SMOTE(random_state=42), 'classify__max_depth': 10, 'classify__max_features': 'log2', 'classify__n_estimators': 100, 'impute': None, 'select': None, 'transform': StandardScaler()}",0.5773809523809523,0.5014992503748126,0.5794602698650675,0.6536731634182908,0.5322338830584707,0.5688495038195187,0.05149211108731349,279,0.5775498575498575,0.5089937163107895,0.5875547217010632,0.6548763736263736,0.5384615384615384,0.5734872415299244,0.049446545564538674,272,0.5758928571428572,0.4347826086956522,0.5952023988005997,0.7226386806596702,0.5457271364317842,0.5748487363461127,0.09243788952623175,278,0.5769230769230769,0.5192307692307693,0.5961538461538461,0.6538461538461539,0.5384615384615384,0.5769230769230769,0.04710557197659958,282
0.34223213195800783,0.06953364642467552,0.05532770156860352,0.016587856403276653,SMOTE(random_state=42),10,log2,100,,,,,"{'balance': SMOTE(random_state=42), 'classify__max_depth': 10, 'classify__max_features': 'log2', 'classify__n_estimators': 100, 'impute': None, 'select': None, 'transform': None}",0.5773809523809523,0.5014992503748126,0.5794602698650675,0.6536731634182908,0.5322338830584707,0.5688495038195187,0.05149211108731349,279,0.5775498575498575,0.5089937163107895,0.5875547217010632,0.6548763736263736,0.5384615384615384,0.5734872415299244,0.049446545564538674,272,0.5758928571428572,0.4347826086956522,0.5952023988005997,0.7226386806596702,0.5457271364317842,0.5748487363461127,0.09243788952623175,278,0.5769230769230769,0.5192307692307693,0.5961538461538461,0.6538461538461539,0.5384615384615384,0.5769230769230769,0.04710557197659958,282
1.0682009220123292,0.15886953014615499,0.12994942665100098,0.031086294815422636,SMOTE(random_state=42),,log2,200,,SelectKBest(score_func=<function mutual_info_classif at 0x7a970c879120>),,20,"{'balance': SMOTE(random_state=42), 'classify__max_depth': None, 'classify__max_features': 'log2', 'classify__n_estimators': 200, 'impute': None, 'select': SelectKBest(score_func=<function mutual_info_classif at 0x7a970c879120>), 'select__k': 20, 'transform': None}",0.5416666666666667,0.4535232383808096,0.618440779610195,0.6191904047976011,0.6101949025487257,0.5686031984007996,0.06440759853593477,285,0.5384615384615384,0.4524932510007137,0.6268352243962,0.6165242165242165,0.6153846153846154,0.5699397691534568,0.06671881480780062,296,0.6034226190476191,0.411544227886057,0.631184407796102,0.6559220389805098,0.6686656671664167,0.594147792175341,0.09399017636203573,189,0.5384615384615384,0.4807692307692308,0.6346153846153846,0.6153846153846154,0.6153846153846154,0.5769230769230769,0.05832981110808885,282
1.2082253456115724,0.13264981331427747,0.12469229698181153,0.02418638805038455,,,sqrt,200,SimpleImputer(strategy='median'),SelectKBest(score_func=<function mutual_info_classif at 0x7a970c879120>),,10,"{'balance': None, 'classify__max_depth': None, 'classify__max_features': 'sqrt', 'classify__n_estimators': 200, 'impute': SimpleImputer(strategy='median'), 'select': SelectKBest(score_func=<function mutual_info_classif at 0x7a970c879120>), 'select__k': 10, 'transform': None}",0.5297619047619048,0.40179910044977507,0.6139430284857571,0.7143928035982009,0.5794602698650675,0.5678714214321412,0.1027207485113555,286,0.5328671328671329,0.40685096153846156,0.6214990138067061,0.7125017839303553,0.5875547217010632,0.5722547227687438,0.10123054361111672,281,0.5319940476190476,0.34182908545727136,0.6529235382308846,0.697151424287856,0.5937031484257872,0.5635202488041693,0.12401783736084362,311,0.5384615384615384,0.4230769230769231,0.6346153846153846,0.7115384615384616,0.5961538461538461,0.5807692307692307,0.09684367932318594,263
0.48295063972473146,0.10112426515561197,0.044940519332885745,0.0060646015284166665,,10,log2,100,SimpleImputer(strategy='median'),SelectKBest(score_func=<function mutual_info_classif at 0x7a970c879120>),,10,"{'balance': None, 'classify__max_depth': 10, 'classify__max_features': 'log2', 'classify__n_estimators': 100, 'impute': SimpleImputer(strategy='median'), 'select': SelectKBest(score_func=<function mutual_info_classif at 0x7a970c879120>), 'select__k': 10, 'transform': None}",0.5892857142857143,0.4670164917541229,0.6401799100449774,0.5802098950524738,0.5622188905547226,0.5677821803384022,0.056644426947379437,287,0.5929595827900912,0.4754244992521774,0.6485288904643743,0.5781766381766382,0.5704241994564575,0.5731027620279477,0.05595954988597084,278,0.5773809523809523,0.38830584707646176,0.6101949025487255,0.5937031484257871,0.60119940029985,0.5541568501463554,0.08362187356606343,332,0.5961538461538461,0.4807692307692308,0.6538461538461539,0.5769230769230769,0.5769230769230769,0.5769230769230769,0.05573606440842092,282
1.4922916412353515,0.1941869218220432,0.13130612373352052,0.005285196210544424,,,log2,300,SimpleImputer(strategy='median'),SelectKBest(score_func=<function mutual_info_classif at 0x7a970c879120>),,20,"{'balance': None, 'classify__max_depth': None, 'classify__max_features': 'log2', 'classify__n_estimators': 300, 'impute': SimpleImputer(strategy='median'), 'select': SelectKBest(score_func=<function mutual_info_classif at 0x7a970c879120>), 'select__k': 20, 'transform': None}",0.5922619047619048,0.42353823088455766,0.5839580209895052,0.6191904047976011,0.618440779610195,0.5674778682087528,0.07331557525591675,288,0.5954001205960892,0.4304327109205158,0.5919968327516936,0.6165242165242165,0.6268352243962,0.572237821037743,0.07208017924335637,282,0.5736607142857142,0.40404797601199405,0.5832083958020989,0.6559220389805097,0.6881559220389806,0.5809990094238595,0.09845452195646615,248,0.5961538461538461,0.4423076923076923,0.5961538461538461,0.6153846153846154,0.6346153846153846,0.5769230769230769,0.06880209161537815,282
1.076112937927246,0.09171843727862815,0.09409861564636231,0.0060975464047977835,SMOTE(random_state=42),,log2,200,,SelectKBest(score_func=<function mutual_info_classif at 0x7a970c879120>),,all,"{'balance': SMOTE(random_state=42), 'classify__max_depth': None, 'classify__max_features': 'log2', 'classify__n_estimators': 200, 'impute': None, 'select': SelectKBest(score_func=<function mutual_info_classif at 0x7a970c879120>), 'select__k': 'all', 'transform': None}",0.5565476190476191,0.4580209895052474,0.5622188905547226,0.709895052473763,0.5494752623688156,0.5672315627900335,0.08091276827226902,289,0.5581846724703867,0.4621301775147929,0.5704241994564575,0.7120768369368593,0.5565261480515719,0.5718684068860137,0.08015684383962923,284,0.5610119047619049,0.4160419790104948,0.5997001499250375,0.7556221889055472,0.5719640179910046,0.5808680481187978,0.10819874215514413,250,0.5576923076923077,0.4807692307692308,0.5769230769230769,0.7115384615384616,0.5576923076923077,0.576923076923077,0.07497534111391511,274
0.8045942783355713,0.05832909162307973,0.09936590194702148,0.012562080206767266,SMOTE(random_state=42),,log2,200,SimpleImputer(strategy='median'),,StandardScaler(),,"{'balance': SMOTE(random_state=42), 'classify__max_depth': None, 'classify__max_features': 'log2', 'classify__n_estimators': 200, 'impute': SimpleImputer(strategy='median'), 'select': None, 'transform': StandardScaler()}",0.5565476190476191,0.4580209895052474,0.5622188905547226,0.709895052473763,0.5494752623688156,0.5672315627900335,0.08091276827226902,289,0.5581846724703867,0.4621301775147929,0.5704241994564575,0.7120768369368593,0.5565261480515719,0.5718684068860137,0.08015684383962923,284,0.5610119047619049,0.4160419790104948,0.5997001499250375,0.7556221889055472,0.5719640179910046,0.5808680481187978,0.10819874215514413,250,0.5576923076923077,0.4807692307692308,0.5769230769230769,0.7115384615384616,0.5576923076923077,0.576923076923077,0.07497534111391511,274
1.0810054302215577,0.14440607438159164,0.10390563011169433,0.011063594482903519,SMOTE(random_state=42),,log2,200,SimpleImputer(strategy='median'),SelectKBest(score_func=<function mutual_info_classif at 0x7a970c879120>),,all,"{'balance': SMOTE(random_state=42), 'classify__max_depth': None, 'classify__max_features': 'log2', 'classify__n_estimators': 200, 'impute': SimpleImputer(strategy='median'), 'select': SelectKBest(score_func=<function mutual_info_classif at 0x7a970c879120>), 'select__k': 'all', 'transform': None}",0.5565476190476191,0.4580209895052474,0.5622188905547226,0.709895052473763,0.5494752623688156,0.5672315627900335,0.08091276827226902,289,0.5581846724703867,0.4621301775147929,0.5704241994564575,0.7120768369368593,0.5565261480515719,0.5718684068860137,0.08015684383962923,284,0.5610119047619049,0.4160419790104948,0.5997001499250375,0.7556221889055472,0.5719640179910046,0.5808680481187978,0.10819874215514413,250,0.5576923076923077,0.4807692307692308,0.5769230769230769,0.7115384615384616,0.5576923076923077,0.576923076923077,0.07497534111391511,274
0.6133089542388916,0.044215001845505385,0.06759328842163086,0.004419660860193111,SMOTE(random_state=42),,log2,200,SimpleImputer(strategy='median'),,,,"{'balance': SMOTE(random_state=42), 'classify__max_depth': None, 'classify__max_features': 'log2', 'classify__n_estimators': 200, 'impute': SimpleImputer(strategy='median'), 'select': None, 'transform': None}",0.5565476190476191,0.4580209895052474,0.5622188905547226,0.709895052473763,0.5494752623688156,0.5672315627900335,0.08091276827226902,289,0.5581846724703867,0.4621301775147929,0.5704241994564575,0.7120768369368593,0.5565261480515719,0.5718684068860137,0.08015684383962923,284,0.5610119047619049,0.4160419790104948,0.5997001499250375,0.7556221889055472,0.5719640179910046,0.5808680481187978,0.10819874215514413,250,0.5576923076923077,0.4807692307692308,0.5769230769230769,0.7115384615384616,0.5576923076923077,0.576923076923077,0.07497534111391511,274
0.5647956848144531,0.045026006740359385,0.0775641918182373,0.026149717180835575,SMOTE(random_state=42),,log2,200,,,,,"{'balance': SMOTE(random_state=42), 'classify__max_depth': None, 'classify__max_features': 'log2', 'classify__n_estimators': 200, 'impute': None, 'select': None, 'transform': None}",0.5565476190476191,0.4580209895052474,0.5622188905547226,0.709895052473763,0.5494752623688156,0.5672315627900335,0.08091276827226902,289,0.5581846724703867,0.4621301775147929,0.5704241994564575,0.7120768369368593,0.5565261480515719,0.5718684068860137,0.08015684383962923,284,0.5610119047619049,0.4160419790104948,0.5997001499250375,0.7556221889055472,0.5719640179910046,0.5808680481187978,0.10819874215514413,250,0.5576923076923077,0.4807692307692308,0.5769230769230769,0.7115384615384616,0.5576923076923077,0.576923076923077,0.07497534111391511,274
0.8293167591094971,0.1078362383824817,0.13423433303833007,0.03496288970052532,SMOTE(random_state=42),,log2,200,,,StandardScaler(),,"{'balance': SMOTE(random_state=42), 'classify__max_depth': None, 'classify__max_features': 'log2', 'classify__n_estimators': 200, 'impute': None, 'select': None, 'transform': StandardScaler()}",0.5565476190476191,0.4580209895052474,0.5622188905547226,0.709895052473763,0.5494752623688156,0.5672315627900335,0.08091276827226902,289,0.5581846724703867,0.4621301775147929,0.5704241994564575,0.7120768369368593,0.5565261480515719,0.5718684068860137,0.08015684383962923,284,0.5610119047619049,0.4160419790104948,0.5997001499250375,0.7556221889055472,0.5719640179910046,0.5808680481187978,0.10819874215514413,250,0.5576923076923077,0.4807692307692308,0.5769230769230769,0.7115384615384616,0.5576923076923077,0.576923076923077,0.07497534111391511,274
1.319936466217041,0.27467735481555783,0.13354525566101075,0.029230912189050287,,10,log2,300,SimpleImputer(strategy='median'),SelectKBest(score_func=<function mutual_info_classif at 0x7a970c879120>),,20,"{'balance': None, 'classify__max_depth': 10, 'classify__max_features': 'log2', 'classify__n_estimators': 300, 'impute': SimpleImputer(strategy='median'), 'select': SelectKBest(score_func=<function mutual_info_classif at 0x7a970c879120>), 'select__k': 20, 'transform': None}",0.5684523809523809,0.4580209895052474,0.5622188905547226,0.6319340329835083,0.6139430284857571,0.5669138644963232,0.06053335049816247,295,0.5717948717948718,0.4621301775147929,0.5704241994564575,0.6352973267866885,0.6214990138067061,0.5722291178719033,0.060877491060400434,283,0.5178571428571429,0.46026986506746626,0.5487256371814092,0.6896551724137931,0.6911544227886056,0.5815324480616834,0.09331982236567657,246,0.5769230769230769,0.4807692307692308,0.5769230769230769,0.6346153846153846,0.6346153846153846,0.5807692307692307,0.05626438014741457,263
0.8152514457702636,0.12193574499629173,0.07483782768249511,0.02255438821693613,SMOTE(random_state=42),10,sqrt,100,SimpleImputer(strategy='median'),SelectKBest(score_func=<function mutual_info_classif at 0x7a970c879120>),,10,"{'balance': SMOTE(random_state=42), 'classify__max_depth': 10, 'classify__max_features': 'sqrt', 'classify__n_estimators': 100, 'impute': SimpleImputer(strategy='median'), 'select': SelectKBest(score_func=<function mutual_info_classif at 0x7a970c879120>), 'select__k': 10, 'transform': None}",0.5625,0.4670164917541229,0.618440779610195,0.6319340329835083,0.5539730134932533,0.5667728635682159,0.05839345646596903,296,0.556874128461254,0.4754244992521774,0.6268352243962,0.6352973267866885,0.5585178166365176,0.5705897991065675,0.05786345769632013,293,0.5252976190476191,0.4407796101949025,0.5547226386806596,0.6281859070464768,0.6146926536731634,0.5527356857285642,0.06756087641221194,338,0.5576923076923077,0.4807692307692308,0.6346153846153846,0.6346153846153846,0.5576923076923077,0.573076923076923,0.05756395979652216,297
0.7000226974487305,0.10533684511895226,0.05895700454711914,0.004355941929443155,,,log2,100,SimpleImputer(strategy='median'),SelectKBest(score_func=<function mutual_info_classif at 0x7a970c879120>),,20,"{'balance': None, 'classify__max_depth': None, 'classify__max_features': 'log2', 'classify__n_estimators': 100, 'impute': SimpleImputer(strategy='median'), 'select': SelectKBest(score_func=<function mutual_info_classif at 0x7a970c879120>), 'select__k': 20, 'transform': None}",0.5238095238095238,0.4535232383808096,0.5967016491754122,0.6364317841079461,0.618440779610195,0.5657813950167773,0.06794715900708333,297,0.5211538461538462,0.4524932510007137,0.6045673076923077,0.63583559297845,0.6268352243962,0.5681770444443035,0.07062100787618145,299,0.5468750000000001,0.43103448275862066,0.5869565217391305,0.6949025487256373,0.6551724137931035,0.5829881934032984,0.09180983078815702,238,0.5384615384615384,0.4807692307692308,0.6153846153846154,0.6346153846153846,0.6346153846153846,0.5807692307692307,0.061297605578881635,263
1.2934854984283448,0.08296763214952059,0.16823167800903321,0.034602889866768016,,,sqrt,300,SimpleImputer(strategy='median'),SelectKBest(score_func=<function mutual_info_classif at 0x7a970c879120>),,10,"{'balance': None, 'classify__max_depth': None, 'classify__max_features': 'sqrt', 'classify__n_estimators': 300, 'impute': SimpleImputer(strategy='median'), 'select': SelectKBest(score_func=<function mutual_info_classif at 0x7a970c879120>), 'select__k': 10, 'transform': None}",0.5535714285714286,0.47976011994003,0.5877061469265368,0.6274362818590704,0.5794602698650675,0.5655868494324267,0.04902588141269808,298,0.5568667987480977,0.48593749999999997,0.5902463549522373,0.6336520353469506,0.5875547217010632,0.5708514821496697,0.04900005003830128,291,0.5565476190476191,0.3755622188905547,0.5427286356821589,0.658920539730135,0.6191904047976012,0.5505898836296138,0.09713242487480653,344,0.5576923076923077,0.5,0.6153846153846154,0.6346153846153846,0.5961538461538461,0.5807692307692307,0.04772951402304175,263
1.1473914623260497,0.0672409755626684,0.14878597259521484,0.03645954866569826,SMOTE(random_state=42),5,log2,300,,,StandardScaler(),,"{'balance': SMOTE(random_state=42), 'classify__max_depth': 5, 'classify__max_features': 'log2', 'classify__n_estimators': 300, 'impute': None, 'select': None, 'transform': StandardScaler()}",0.5625,0.5104947526236882,0.588455772113943,0.6581709145427286,0.5067466266866567,0.5652736131934033,0.05585901133251164,299,0.556874128461254,0.5179632044038823,0.5950890916992612,0.6548717948717949,0.5,0.5649596438872385,0.055652088438621065,307,0.6547619047619048,0.43178410794602695,0.5817091454272862,0.7511244377811094,0.5862068965517242,0.6011172984936104,0.10454913823790049,89,0.5576923076923077,0.5192307692307693,0.5961538461538461,0.6538461538461539,0.5,0.5653846153846154,0.055202692670797394,313
0.8647745609283447,0.13010706684479648,0.09987473487854004,0.0015110465312476575,SMOTE(random_state=42),5,log2,300,,,,,"{'balance': SMOTE(random_state=42), 'classify__max_depth': 5, 'classify__max_features': 'log2', 'classify__n_estimators': 300, 'impute': None, 'select': None, 'transform': None}",0.5625,0.5104947526236882,0.588455772113943,0.6581709145427286,0.5067466266866567,0.5652736131934033,0.05585901133251164,299,0.556874128461254,0.5179632044038823,0.5950890916992612,0.6548717948717949,0.5,0.5649596438872385,0.055652088438621065,307,0.6547619047619048,0.43178410794602695,0.5817091454272862,0.7511244377811094,0.5862068965517242,0.6011172984936104,0.10454913823790049,89,0.5576923076923077,0.5192307692307693,0.5961538461538461,0.6538461538461539,0.5,0.5653846153846154,0.055202692670797394,313
1.1310237407684327,0.06929224183635584,0.15274229049682617,0.024526779992755366,SMOTE(random_state=42),5,log2,300,SimpleImputer(strategy='median'),,StandardScaler(),,"{'balance': SMOTE(random_state=42), 'classify__max_depth': 5, 'classify__max_features': 'log2', 'classify__n_estimators': 300, 'impute': SimpleImputer(strategy='median'), 'select': None, 'transform': StandardScaler()}",0.5625,0.5104947526236882,0.588455772113943,0.6581709145427286,0.5067466266866567,0.5652736131934033,0.05585901133251164,299,0.556874128461254,0.5179632044038823,0.5950890916992612,0.6548717948717949,0.5,0.5649596438872385,0.055652088438621065,307,0.6547619047619048,0.43178410794602695,0.5817091454272862,0.7511244377811094,0.5862068965517242,0.6011172984936104,0.10454913823790049,89,0.5576923076923077,0.5192307692307693,0.5961538461538461,0.6538461538461539,0.5,0.5653846153846154,0.055202692670797394,313
1.3768462657928466,0.049367923330530375,0.14491934776306153,0.04473833458355304,SMOTE(random_state=42),5,log2,300,SimpleImputer(strategy='median'),SelectKBest(score_func=<function mutual_info_classif at 0x7a970c879120>),,all,"{'balance': SMOTE(random_state=42), 'classify__max_depth': 5, 'classify__max_features': 'log2', 'classify__n_estimators': 300, 'impute': SimpleImputer(strategy='median'), 'select': SelectKBest(score_func=<function mutual_info_classif at 0x7a970c879120>), 'select__k': 'all', 'transform': None}",0.5625,0.5104947526236882,0.588455772113943,0.6581709145427286,0.5067466266866567,0.5652736131934033,0.05585901133251164,299,0.556874128461254,0.5179632044038823,0.5950890916992612,0.6548717948717949,0.5,0.5649596438872385,0.055652088438621065,307,0.6547619047619048,0.43178410794602695,0.5817091454272862,0.7511244377811094,0.5862068965517242,0.6011172984936104,0.10454913823790049,89,0.5576923076923077,0.5192307692307693,0.5961538461538461,0.6538461538461539,0.5,0.5653846153846154,0.055202692670797394,313
1.3646515369415284,0.09758656899362965,0.1755887508392334,0.0540816894109509,SMOTE(random_state=42),5,log2,300,,SelectKBest(score_func=<function mutual_info_classif at 0x7a970c879120>),,all,"{'balance': SMOTE(random_state=42), 'classify__max_depth': 5, 'classify__max_features': 'log2', 'classify__n_estimators': 300, 'impute': None, 'select': SelectKBest(score_func=<function mutual_info_classif at 0x7a970c879120>), 'select__k': 'all', 'transform': None}",0.5625,0.5104947526236882,0.588455772113943,0.6581709145427286,0.5067466266866567,0.5652736131934033,0.05585901133251164,299,0.556874128461254,0.5179632044038823,0.5950890916992612,0.6548717948717949,0.5,0.5649596438872385,0.055652088438621065,307,0.6547619047619048,0.43178410794602695,0.5817091454272862,0.7511244377811094,0.5862068965517242,0.6011172984936104,0.10454913823790049,89,0.5576923076923077,0.5192307692307693,0.5961538461538461,0.6538461538461539,0.5,0.5653846153846154,0.055202692670797394,313
0.9223487854003907,0.06859911177347917,0.12379956245422363,0.024867583528046983,SMOTE(random_state=42),5,log2,300,SimpleImputer(strategy='median'),,,,"{'balance': SMOTE(random_state=42), 'classify__max_depth': 5, 'classify__max_features': 'log2', 'classify__n_estimators': 300, 'impute': SimpleImputer(strategy='median'), 'select': None, 'transform': None}",0.5625,0.5104947526236882,0.588455772113943,0.6581709145427286,0.5067466266866567,0.5652736131934033,0.05585901133251164,299,0.556874128461254,0.5179632044038823,0.5950890916992612,0.6548717948717949,0.5,0.5649596438872385,0.055652088438621065,307,0.6547619047619048,0.43178410794602695,0.5817091454272862,0.7511244377811094,0.5862068965517242,0.6011172984936104,0.10454913823790049,89,0.5576923076923077,0.5192307692307693,0.5961538461538461,0.6538461538461539,0.5,0.5653846153846154,0.055202692670797394,313
0.63459792137146,0.07949439791523076,0.07576918601989746,0.028594449012211372,SMOTE(random_state=42),5,sqrt,100,SimpleImputer(strategy='median'),SelectKBest(score_func=<function mutual_info_classif at 0x7a970c879120>),,10,"{'balance': SMOTE(random_state=42), 'classify__max_depth': 5, 'classify__max_features': 'sqrt', 'classify__n_estimators': 100, 'impute': SimpleImputer(strategy='median'), 'select': SelectKBest(score_func=<function mutual_info_classif at 0x7a970c879120>), 'select__k': 10, 'transform': None}",0.5773809523809523,0.4715142428785607,0.5322338830584707,0.6626686656671663,0.5802098950524738,0.5648015278075247,0.06282802780687957,305,0.5775498575498575,0.479400260756193,0.5384615384615384,0.6538461538461539,0.5781766381766382,0.5654868897580763,0.05701785994347342,306,0.5491071428571429,0.4557721139430285,0.5757121439280359,0.6671664167916042,0.6176911544227887,0.57308979438852,0.07097207145965552,290,0.5769230769230769,0.4807692307692308,0.5384615384615384,0.6538461538461539,0.5769230769230769,0.5653846153846154,0.05652668637191949,313
1.4143242835998535,0.23308247887799913,0.16901655197143556,0.037877182192184285,SMOTE(random_state=42),,log2,300,SimpleImputer(strategy='median'),SelectKBest(score_func=<function mutual_info_classif at 0x7a970c879120>),,20,"{'balance': SMOTE(random_state=42), 'classify__max_depth': None, 'classify__max_features': 'log2', 'classify__n_estimators': 300, 'impute': SimpleImputer(strategy='median'), 'select': SelectKBest(score_func=<function mutual_info_classif at 0x7a970c879120>), 'select__k': 20, 'transform': None}",0.5446428571428572,0.4407796101949025,0.6101949025487257,0.6319340329835083,0.5929535232383808,0.5641009852216748,0.06803707933185128,306,0.5364102564102564,0.44639423076923074,0.6153846153846154,0.6352973267866885,0.596907571711603,0.5660788002124788,0.06837733489570758,303,0.5729166666666667,0.4452773613193403,0.6116941529235382,0.6821589205397302,0.6424287856071963,0.5908951774112944,0.08117284789613533,202,0.5384615384615384,0.46153846153846156,0.6153846153846154,0.6346153846153846,0.5961538461538461,0.5692307692307692,0.06272887088576957,304
0.9912139415740967,0.12267655256886698,0.11621546745300293,0.022583002106260693,,10,sqrt,300,,SelectKBest(score_func=<function mutual_info_classif at 0x7a970c879120>),,10,"{'balance': None, 'classify__max_depth': 10, 'classify__max_features': 'sqrt', 'classify__n_estimators': 300, 'impute': None, 'select': SelectKBest(score_func=<function mutual_info_classif at 0x7a970c879120>), 'select__k': 10, 'transform': None}",0.45833333333333337,0.5014992503748126,0.6011994002998501,0.5974512743628186,0.6619190404797601,0.564080459770115,0.07370573574278154,307,0.46153846153846156,0.5089937163107895,0.6094765449604159,0.5975024975024975,0.669711721751371,0.5694445884127071,0.07448669947093262,297,0.47321428571428575,0.43028485757121443,0.6221889055472265,0.6206896551724137,0.6416791604197901,0.5576113728849862,0.08780823440534379,325,0.46153846153846156,0.5192307692307693,0.6153846153846154,0.5961538461538461,0.6730769230769231,0.5730769230769232,0.07438107540697583,296
0.6539923191070557,0.06306933460462945,0.06485676765441895,0.02404001368936853,SMOTE(random_state=42),,log2,100,,SelectKBest(score_func=<function mutual_info_classif at 0x7a970c879120>),,20,"{'balance': SMOTE(random_state=42), 'classify__max_depth': None, 'classify__max_features': 'log2', 'classify__n_estimators': 100, 'impute': None, 'select': SelectKBest(score_func=<function mutual_info_classif at 0x7a970c879120>), 'select__k': 20, 'transform': None}",0.5297619047619048,0.40179910044977507,0.6056971514242879,0.6626686656671663,0.618440779610195,0.5636735203826658,0.09156287734856002,308,0.5111551382548023,0.40685096153846156,0.613053613053613,0.6538461538461539,0.6268352243962,0.5623482182178462,0.09154410033034026,319,0.5617559523809524,0.4295352323838081,0.575712143928036,0.6694152923538231,0.62143928035982,0.571571580281288,0.0804338168256364,302,0.5192307692307693,0.4230769230769231,0.6153846153846154,0.6538461538461539,0.6346153846153846,0.5692307692307692,0.08651709137847687,304
1.3463329792022705,0.07425059849733896,0.14787373542785645,0.030792703422672325,SMOTE(random_state=42),10,sqrt,300,SimpleImputer(strategy='median'),SelectKBest(score_func=<function mutual_info_classif at 0x7a970c879120>),,10,"{'balance': SMOTE(random_state=42), 'classify__max_depth': 10, 'classify__max_features': 'sqrt', 'classify__n_estimators': 300, 'impute': SimpleImputer(strategy='median'), 'select': SelectKBest(score_func=<function mutual_info_classif at 0x7a970c879120>), 'select__k': 10, 'transform': None}",0.5625,0.4325337331334333,0.5749625187406296,0.6581709145427286,0.588455772113943,0.5633245877061469,0.07330725907799247,309,0.556874128461254,0.44083731710850355,0.5816568047337278,0.6548717948717949,0.5950890916992612,0.5658658273749083,0.070339740435354,304,0.5386904761904762,0.45427286356821583,0.5637181409295353,0.6251874062968515,0.6191904047976012,0.5602118583565361,0.062287760105857355,315,0.5576923076923077,0.4423076923076923,0.5961538461538461,0.6538461538461539,0.5961538461538461,0.5692307692307692,0.07050116453778216,304
1.4643239021301269,0.12784754892937605,0.1375730037689209,0.029326941625747633,SMOTE(random_state=42),,log2,300,,SelectKBest(score_func=<function mutual_info_classif at 0x7a970c879120>),,20,"{'balance': SMOTE(random_state=42), 'classify__max_depth': None, 'classify__max_features': 'log2', 'classify__n_estimators': 300, 'impute': None, 'select': SelectKBest(score_func=<function mutual_info_classif at 0x7a970c879120>), 'select__k': 20, 'transform': None}",0.48214285714285715,0.42353823088455766,0.6574212893553224,0.6064467766116941,0.6446776611694153,0.5628453630327693,0.09323259692665967,310,0.48134551353197297,0.4304327109205158,0.6661157270913368,0.5951079996584991,0.6517482517482518,0.5649500405901152,0.09355485771112215,313,0.5476190476190477,0.43403298350824593,0.6476761619190404,0.6724137931034483,0.6934032983508246,0.5990290569001214,0.09646248086459987,113,0.4807692307692308,0.4423076923076923,0.6730769230769231,0.5961538461538461,0.6538461538461539,0.5692307692307692,0.09230769230769231,304
1.0187159538269044,0.06381863113876654,0.11730165481567383,0.02059327069742638,,10,log2,300,,SelectKBest(score_func=<function mutual_info_classif at 0x7a970c879120>),,20,"{'balance': None, 'classify__max_depth': 10, 'classify__max_features': 'log2', 'classify__n_estimators': 300, 'impute': None, 'select': SelectKBest(score_func=<function mutual_info_classif at 0x7a970c879120>), 'select__k': 20, 'transform': None}",0.5684523809523809,0.43628185907046474,0.5967016491754122,0.5757121439280359,0.6356821589205397,0.5625660384093667,0.06732959241094064,311,0.5717948717948718,0.43749233222917433,0.6045673076923077,0.5781822344322344,0.6441105769230769,0.567229464614333,0.06968120203394514,300,0.5342261904761905,0.46176911544227883,0.5502248875562219,0.6626686656671664,0.6896551724137931,0.5797088063111302,0.08463838629620614,266,0.5769230769230769,0.46153846153846156,0.6153846153846154,0.5769230769230769,0.6538461538461539,0.5769230769230769,0.06435846357954426,282
0.9014897823333741,0.05374838996098221,0.09831371307373046,0.017050435020074025,SMOTE(random_state=42),10,log2,200,SimpleImputer(strategy='median'),SelectKBest(score_func=<function mutual_info_classif at 0x7a970c879120>),,10,"{'balance': SMOTE(random_state=42), 'classify__max_depth': 10, 'classify__max_features': 'log2', 'classify__n_estimators': 200, 'impute': SimpleImputer(strategy='median'), 'select': SelectKBest(score_func=<function mutual_info_classif at 0x7a970c879120>), 'select__k': 10, 'transform': None}",0.5982142857142857,0.4452773613193403,0.5967016491754122,0.5974512743628186,0.5712143928035982,0.5617717926750909,0.059129165090733814,312,0.5966020660804234,0.4532671629445823,0.6045673076923077,0.5975024975024975,0.5769230769230769,0.5657724222285776,0.05699838282221556,305,0.5773809523809524,0.4302848575712143,0.575712143928036,0.6686656671664168,0.6176911544227885,0.5739469550938817,0.07942152842297506,285,0.5961538461538461,0.46153846153846156,0.6153846153846154,0.5961538461538461,0.5769230769230769,0.5692307692307692,0.055202692670797394,304
0.6233154296875,0.12720767555642018,0.05750341415405273,0.019953304038066447,SMOTE(random_state=42),,sqrt,100,,SelectKBest(score_func=<function mutual_info_classif at 0x7a970c879120>),,20,"{'balance': SMOTE(random_state=42), 'classify__max_depth': None, 'classify__max_features': 'sqrt', 'classify__n_estimators': 100, 'impute': None, 'select': SelectKBest(score_func=<function mutual_info_classif at 0x7a970c879120>), 'select__k': 20, 'transform': None}",0.4464285714285714,0.43628185907046474,0.6401799100449774,0.5974512743628186,0.6881559220389806,0.5616995073891624,0.10241636825807428,313,0.4412760750163636,0.43749233222917433,0.6485288904643743,0.5975024975024975,0.6923076923076923,0.5634214975040204,0.10563530944706133,318,0.5141369047619048,0.42428785607196406,0.6131934032983507,0.6626686656671664,0.6926536731634183,0.5813881005925609,0.09919813037316723,247,0.4423076923076923,0.46153846153846156,0.6538461538461539,0.5961538461538461,0.6923076923076923,0.5692307692307692,0.10073692964391381,304
1.0346109867095947,0.1856647021630186,0.12372403144836426,0.05776255510747215,,,log2,200,SimpleImputer(strategy='median'),SelectKBest(score_func=<function mutual_info_classif at 0x7a970c879120>),,10,"{'balance': None, 'classify__max_depth': None, 'classify__max_features': 'log2', 'classify__n_estimators': 200, 'impute': SimpleImputer(strategy='median'), 'select': SelectKBest(score_func=<function mutual_info_classif at 0x7a970c879120>), 'select__k': 10, 'transform': None}",0.5089285714285714,0.4670164917541229,0.54047976011994,0.6926536731634183,0.5967016491754122,0.5611560291282929,0.07819538276167903,314,0.5109827267661808,0.4754244992521774,0.5482742190059263,0.6932234432234433,0.6045673076923077,0.5664944391880071,0.07644219303416412,302,0.5372023809523809,0.3943028485757122,0.6131934032983508,0.7076461769115443,0.6079460269865068,0.5720581673448991,0.10409229908175019,292,0.5192307692307693,0.4807692307692308,0.5576923076923077,0.6923076923076923,0.6153846153846154,0.573076923076923,0.07438107540697582,297
1.4344709396362305,0.075272254771775,0.12850871086120605,0.0041894624494390005,SMOTE(random_state=42),,log2,300,SimpleImputer(strategy='median'),SelectKBest(score_func=<function mutual_info_classif at 0x7a970c879120>),,10,"{'balance': SMOTE(random_state=42), 'classify__max_depth': None, 'classify__max_features': 'log2', 'classify__n_estimators': 300, 'impute': SimpleImputer(strategy='median'), 'select': SelectKBest(score_func=<function mutual_info_classif at 0x7a970c879120>), 'select__k': 10, 'transform': None}",0.5238095238095238,0.45427286356821595,0.618440779610195,0.6364317841079461,0.5712143928035982,0.5608338687798957,0.0661323010465726,315,0.5183414439796238,0.46153846153846156,0.6268352243962,0.63583559297845,0.5769230769230769,0.5638947599631624,0.06611904262024745,315,0.4895833333333333,0.4887556221889055,0.5742128935532234,0.6266866566716642,0.6341829085457271,0.5626842828585708,0.06348300856656643,312,0.5192307692307693,0.46153846153846156,0.6346153846153846,0.6346153846153846,0.5769230769230769,0.5653846153846154,0.0672802141712919,313
0.5720495700836181,0.059915196732444866,0.06103506088256836,0.009078705011904912,SMOTE(random_state=42),5,log2,100,SimpleImputer(strategy='median'),SelectKBest(score_func=<function mutual_info_classif at 0x7a970c879120>),,10,"{'balance': SMOTE(random_state=42), 'classify__max_depth': 5, 'classify__max_features': 'log2', 'classify__n_estimators': 100, 'impute': SimpleImputer(strategy='median'), 'select': SelectKBest(score_func=<function mutual_info_classif at 0x7a970c879120>), 'select__k': 10, 'transform': None}",0.5625,0.4407796101949025,0.527736131934033,0.6191904047976011,0.6536731634182908,0.5607758620689655,0.07421032850351886,316,0.556874128461254,0.44639423076923074,0.5356643356643356,0.6165242165242165,0.6548763736263736,0.5620666570090821,0.071670669599567,320,0.5625,0.42728635682158916,0.5487256371814093,0.6311844077961021,0.6521739130434784,0.5643740629685159,0.07901121485892687,310,0.5576923076923077,0.46153846153846156,0.5384615384615384,0.6153846153846154,0.6538461538461539,0.5653846153846154,0.06617173282340481,313
0.6262088775634765,0.08705826219324748,0.05099773406982422,0.0018872073795862974,SMOTE(random_state=42),5,log2,100,,SelectKBest(score_func=<function mutual_info_classif at 0x7a970c879120>),,10,"{'balance': SMOTE(random_state=42), 'classify__max_depth': 5, 'classify__max_features': 'log2', 'classify__n_estimators': 100, 'impute': None, 'select': SelectKBest(score_func=<function mutual_info_classif at 0x7a970c879120>), 'select__k': 10, 'transform': None}",0.5476190476190476,0.4197901049475262,0.5667166416791605,0.6881559220389806,0.5802098950524738,0.5604983222674378,0.08566020606350828,317,0.532967032967033,0.4247939560439561,0.5743589743589743,0.6923076923076923,0.5781766381766382,0.5605208587708588,0.0860836743214256,324,0.53125,0.4062968515742129,0.5292353823088456,0.6446776611694153,0.6176911544227887,0.5458302098950525,0.08353722868200433,350,0.5384615384615384,0.4230769230769231,0.5769230769230769,0.6923076923076923,0.5769230769230769,0.5615384615384615,0.08634593969478326,327
0.5583402156829834,0.11528083921660177,0.0640141487121582,0.019589277348456627,,10,sqrt,100,,SelectKBest(score_func=<function mutual_info_classif at 0x7a970c879120>),,10,"{'balance': None, 'classify__max_depth': 10, 'classify__max_features': 'sqrt', 'classify__n_estimators': 100, 'impute': None, 'select': SelectKBest(score_func=<function mutual_info_classif at 0x7a970c879120>), 'select__k': 10, 'transform': None}",0.47023809523809523,0.5104947526236882,0.6356821589205397,0.6274362818590704,0.5577211394302849,0.5603144856143357,0.06447962322100369,318,0.4718613449074753,0.5179632044038823,0.6441105769230769,0.6336520353469506,0.5650240384615385,0.5665222400085848,0.06610184423358431,301,0.5074404761904762,0.44377811094452774,0.6281859070464767,0.6881559220389805,0.6049475262368815,0.5745015884914684,0.08753523757099663,284,0.4807692307692308,0.5192307692307693,0.6538461538461539,0.6346153846153846,0.5769230769230769,0.573076923076923,0.0659478007672394,297
1.3380256175994873,0.11244436540571658,0.16730570793151855,0.037761308113161474,SMOTE(random_state=42),5,log2,300,SimpleImputer(strategy='median'),SelectKBest(score_func=<function mutual_info_classif at 0x7a970c879120>),,10,"{'balance': SMOTE(random_state=42), 'classify__max_depth': 5, 'classify__max_features': 'log2', 'classify__n_estimators': 300, 'impute': SimpleImputer(strategy='median'), 'select': SelectKBest(score_func=<function mutual_info_classif at 0x7a970c879120>), 'select__k': 10, 'transform': None}",0.5863095238095238,0.4715142428785607,0.527736131934033,0.6754122938530734,0.5367316341829085,0.5595407653316199,0.06844448462343672,319,0.5718864468864469,0.479400260756193,0.5356643356643356,0.6741686884544027,0.5398351648351648,0.5601909793193085,0.06429736818802703,325,0.5223214285714286,0.3958020989505247,0.5562218890554722,0.6761619190404797,0.6296851574212894,0.5560384986078389,0.09660853451932368,329,0.5769230769230769,0.4807692307692308,0.5384615384615384,0.6730769230769231,0.5384615384615384,0.5615384615384615,0.06366517445094944,327
0.5600736618041993,0.029052402859994487,0.07305912971496582,0.025478124062503594,SMOTE(random_state=42),,sqrt,100,SimpleImputer(strategy='median'),SelectKBest(score_func=<function mutual_info_classif at 0x7a970c879120>),,10,"{'balance': SMOTE(random_state=42), 'classify__max_depth': None, 'classify__max_features': 'sqrt', 'classify__n_estimators': 100, 'impute': SimpleImputer(strategy='median'), 'select': SelectKBest(score_func=<function mutual_info_classif at 0x7a970c879120>), 'select__k': 10, 'transform': None}",0.5416666666666667,0.4062968515742129,0.6139430284857571,0.6409295352323838,0.5929535232383808,0.5591579210394803,0.08306936637678086,320,0.5384615384615384,0.4142148174406239,0.6214990138067061,0.6352912718062551,0.596907571711603,0.5612748426453453,0.08065007355174623,322,0.5200892857142858,0.45952023988005997,0.5839580209895053,0.6199400299850075,0.6131934032983509,0.5593401959734419,0.06112806674611505,319,0.5384615384615384,0.4230769230769231,0.6346153846153846,0.6346153846153846,0.5961538461538461,0.5653846153846154,0.07938372092519343,313
0.6358036994934082,0.11573611807817132,0.06835041046142579,0.020220018500638294,SMOTE(random_state=42),5,sqrt,100,,SelectKBest(score_func=<function mutual_info_classif at 0x7a970c879120>),,10,"{'balance': SMOTE(random_state=42), 'classify__max_depth': 5, 'classify__max_features': 'sqrt', 'classify__n_estimators': 100, 'impute': None, 'select': SelectKBest(score_func=<function mutual_info_classif at 0x7a970c879120>), 'select__k': 10, 'transform': None}",0.5863095238095238,0.4107946026986507,0.6139430284857571,0.623688155922039,0.5584707646176912,0.5586412151067324,0.0773480190215964,321,0.5718864468864469,0.41958041958041964,0.6214990138067061,0.6153846153846154,0.5591694020265449,0.5575039795369465,0.07304528705882143,331,0.5133928571428572,0.41679160419790107,0.5772113943028486,0.6806596701649176,0.5967016491754124,0.5569514349967875,0.08813217437573245,328,0.5769230769230769,0.4230769230769231,0.6346153846153846,0.6153846153846154,0.5576923076923077,0.5615384615384615,0.07438107540697583,327
0.5442238807678222,0.11124890699473348,0.06458754539489746,0.01932932486670016,,5,log2,100,SimpleImputer(strategy='median'),SelectKBest(score_func=<function mutual_info_classif at 0x7a970c879120>),,10,"{'balance': None, 'classify__max_depth': 5, 'classify__max_features': 'log2', 'classify__n_estimators': 100, 'impute': SimpleImputer(strategy='median'), 'select': SelectKBest(score_func=<function mutual_info_classif at 0x7a970c879120>), 'select__k': 10, 'transform': None}",0.5654761904761905,0.43628185907046474,0.6356821589205397,0.6274362818590704,0.527736131934033,0.5585225244520596,0.07299541199232457,322,0.5671747607231478,0.43749233222917433,0.6441105769230769,0.6336520353469506,0.5356643356643356,0.563618808177337,0.07494739890176182,316,0.5297619047619048,0.35982008995502246,0.6356821589205397,0.6491754122938531,0.5952023988005997,0.553928392946384,0.1055663478066233,333,0.5769230769230769,0.46153846153846156,0.6538461538461539,0.6346153846153846,0.5384615384615384,0.573076923076923,0.06923076923076922,297
0.7408030986785888,0.055492772835370414,0.06996326446533203,0.01486833627054016,,10,sqrt,200,,SelectKBest(score_func=<function mutual_info_classif at 0x7a970c879120>),,10,"{'balance': None, 'classify__max_depth': 10, 'classify__max_features': 'sqrt', 'classify__n_estimators': 200, 'impute': None, 'select': SelectKBest(score_func=<function mutual_info_classif at 0x7a970c879120>), 'select__k': 10, 'transform': None}",0.5,0.40179910044977507,0.6139430284857571,0.697151424287856,0.5794602698650675,0.5584707646176911,0.10071236013901352,323,0.5007407407407407,0.40685096153846156,0.6214990138067061,0.6932193732193732,0.5875547217010632,0.561972962201269,0.09923267373057608,321,0.5104166666666667,0.32233883058470764,0.6296851574212893,0.6731634182908546,0.6296851574212894,0.5530578460769615,0.12745067473792646,336,0.5,0.4230769230769231,0.6346153846153846,0.6923076923076923,0.5961538461538461,0.5692307692307692,0.09623073848612926,304
0.4789715766906738,0.08517098270861315,0.053471040725708005,0.01811570529289203,,10,log2,100,,SelectKBest(score_func=<function mutual_info_classif at 0x7a970c879120>),,10,"{'balance': None, 'classify__max_depth': 10, 'classify__max_features': 'log2', 'classify__n_estimators': 100, 'impute': None, 'select': SelectKBest(score_func=<function mutual_info_classif at 0x7a970c879120>), 'select__k': 10, 'transform': None}",0.5148809523809523,0.38455772113943026,0.618440779610195,0.6274362818590704,0.6446776611694153,0.5579986792318127,0.0979070767404477,324,0.5183334769001062,0.3911522082253789,0.6268352243962,0.6336520353469506,0.6517482517482518,0.5643442393233775,0.09844859073405302,314,0.49702380952380953,0.3733133433283358,0.6251874062968515,0.6686656671664167,0.6431784107946027,0.5614737274220032,0.11116053451321144,314,0.5192307692307693,0.40384615384615385,0.6346153846153846,0.6346153846153846,0.6538461538461539,0.5692307692307692,0.0954590280460835,304
0.6443228721618652,0.12935558998316277,0.05743765830993652,0.005929752499580079,,,sqrt,100,SimpleImputer(strategy='median'),SelectKBest(score_func=<function mutual_info_classif at 0x7a970c879120>),,10,"{'balance': None, 'classify__max_depth': None, 'classify__max_features': 'sqrt', 'classify__n_estimators': 100, 'impute': SimpleImputer(strategy='median'), 'select': SelectKBest(score_func=<function mutual_info_classif at 0x7a970c879120>), 'select__k': 10, 'transform': None}",0.5357142857142857,0.40179910044977507,0.6229385307346327,0.6491754122938531,0.5794602698650675,0.5578175198115227,0.08704679126772735,325,0.5384615384615384,0.40685096153846156,0.6308542772515323,0.6538461538461539,0.5875547217010632,0.5635135305597498,0.08768523331410154,317,0.534970238095238,0.37256371814092953,0.5899550224887556,0.6454272863568217,0.6116941529235381,0.5509220836010565,0.09613970665703674,343,0.5384615384615384,0.4230769230769231,0.6346153846153846,0.6538461538461539,0.5961538461538461,0.5692307692307692,0.08302705055739577,304
1.0513802528381349,0.11892620057171159,0.09783778190612794,0.023701517950994264,SMOTE(random_state=42),10,log2,200,,SelectKBest(score_func=<function mutual_info_classif at 0x7a970c879120>),,10,"{'balance': SMOTE(random_state=42), 'classify__max_depth': 10, 'classify__max_features': 'log2', 'classify__n_estimators': 200, 'impute': None, 'select': SelectKBest(score_func=<function mutual_info_classif at 0x7a970c879120>), 'select__k': 10, 'transform': None}",0.5208333333333333,0.48875562218890556,0.5449775112443778,0.6409295352323838,0.588455772113943,0.5567903548225888,0.05318510288527504,326,0.5197643643814565,0.496969696969697,0.5531393882518548,0.6352912718062551,0.5950890916992612,0.5600507626217051,0.05007754097306008,326,0.5238095238095238,0.4542728635682159,0.52023988005997,0.6491754122938531,0.6206896551724138,0.5536374669807953,0.07141697886809119,335,0.5192307692307693,0.5,0.5576923076923077,0.6346153846153846,0.5961538461538461,0.5615384615384615,0.04925480182640651,327
1.495815372467041,0.19666186478178763,0.139776611328125,0.022054777157404552,,,log2,300,,SelectKBest(score_func=<function mutual_info_classif at 0x7a970c879120>),,10,"{'balance': None, 'classify__max_depth': None, 'classify__max_features': 'log2', 'classify__n_estimators': 300, 'impute': None, 'select': SelectKBest(score_func=<function mutual_info_classif at 0x7a970c879120>), 'select__k': 10, 'transform': None}",0.5386904761904762,0.5014992503748126,0.6011994002998501,0.5629685157421289,0.5794602698650675,0.556763582494467,0.03437722005731916,327,0.5391452991452992,0.5089937163107895,0.6094765449604159,0.5585104869233615,0.5875547217010632,0.5607361538081859,0.035336269610204536,323,0.49255952380952384,0.44827586206896547,0.5757121439280359,0.6581709145427286,0.6146926536731634,0.5578822196044835,0.07730945886629458,324,0.5384615384615384,0.5192307692307693,0.6153846153846154,0.5576923076923077,0.5961538461538461,0.5653846153846154,0.03566776344421425,313
0.9700743198394776,0.08087310066666945,0.09181804656982422,0.0012719551549159832,SMOTE(random_state=42),10,sqrt,200,SimpleImputer(strategy='median'),SelectKBest(score_func=<function mutual_info_classif at 0x7a970c879120>),,10,"{'balance': SMOTE(random_state=42), 'classify__max_depth': 10, 'classify__max_features': 'sqrt', 'classify__n_estimators': 200, 'impute': SimpleImputer(strategy='median'), 'select': SelectKBest(score_func=<function mutual_info_classif at 0x7a970c879120>), 'select__k': 10, 'transform': None}",0.5059523809523809,0.4370314842578711,0.6139430284857571,0.6191904047976011,0.6056971514242879,0.5563628899835795,0.0727706563565211,328,0.4977777777777777,0.44334855141126134,0.6214990138067061,0.6165242165242165,0.613053613053613,0.5584406345147149,0.07383604662149199,330,0.5059523809523809,0.3823088455772114,0.5592203898050975,0.6176911544227887,0.6326836581709145,0.5395712857856786,0.0905763997058441,358,0.5,0.4423076923076923,0.6346153846153846,0.6153846153846154,0.6153846153846154,0.5615384615384615,0.07634397400492003,327
1.0483778953552245,0.115303817499852,0.11290998458862304,0.021846234941406827,SMOTE(random_state=42),,sqrt,200,SimpleImputer(strategy='median'),SelectKBest(score_func=<function mutual_info_classif at 0x7a970c879120>),,10,"{'balance': SMOTE(random_state=42), 'classify__max_depth': None, 'classify__max_features': 'sqrt', 'classify__n_estimators': 200, 'impute': SimpleImputer(strategy='median'), 'select': SelectKBest(score_func=<function mutual_info_classif at 0x7a970c879120>), 'select__k': 10, 'transform': None}",0.5982142857142857,0.48875562218890556,0.6139430284857571,0.5412293853073463,0.5322338830584707,0.5548752409509531,0.04569008814601922,329,0.5966020660804234,0.496969696969697,0.6214990138067061,0.5398290598290598,0.5384615384615384,0.558672275029485,0.044624246605364064,329,0.5178571428571429,0.4542728635682159,0.5869565217391305,0.6131934032983508,0.6251874062968517,0.5594934675519383,0.06443377230780095,317,0.5961538461538461,0.5,0.6346153846153846,0.5384615384615384,0.5384615384615384,0.5615384615384615,0.04772951402304176,327
1.3310352325439454,0.08150641153295812,0.12522764205932618,0.002559531519615405,,,sqrt,300,,SelectKBest(score_func=<function mutual_info_classif at 0x7a970c879120>),,10,"{'balance': None, 'classify__max_depth': None, 'classify__max_features': 'sqrt', 'classify__n_estimators': 300, 'impute': None, 'select': SelectKBest(score_func=<function mutual_info_classif at 0x7a970c879120>), 'select__k': 10, 'transform': None}",0.5208333333333333,0.4325337331334333,0.5667166416791605,0.6536731634182908,0.5967016491754122,0.5540917041479261,0.07453042739677468,330,0.5197643643814565,0.44083731710850355,0.5743589743589743,0.6548763736263736,0.6045673076923077,0.5588808674335232,0.07349331998364826,328,0.5059523809523809,0.3830584707646177,0.6274362818590704,0.6731634182908547,0.6056971514242878,0.5590615406582423,0.10360201480833543,321,0.5192307692307693,0.4423076923076923,0.5769230769230769,0.6538461538461539,0.6153846153846154,0.5615384615384615,0.07438107540697583,327
0.605970811843872,0.07721404131228223,0.05861134529113769,0.01892822877663718,,5,log2,100,,SelectKBest(score_func=<function mutual_info_classif at 0x7a970c879120>),,10,"{'balance': None, 'classify__max_depth': 5, 'classify__max_features': 'log2', 'classify__n_estimators': 100, 'impute': None, 'select': SelectKBest(score_func=<function mutual_info_classif at 0x7a970c879120>), 'select__k': 10, 'transform': None}",0.5208333333333333,0.4407796101949025,0.5794602698650675,0.6446776611694153,0.5839580209895052,0.5539417791104448,0.06882879353206925,331,0.5197643643814565,0.44639423076923074,0.5875547217010632,0.6517482517482518,0.5919968327516936,0.5594916802703391,0.07032024875443585,327,0.5267857142857144,0.3958020989505247,0.6206896551724138,0.6746626686656673,0.5922038980509745,0.562028807025059,0.09582422666006282,313,0.5192307692307693,0.46153846153846156,0.5961538461538461,0.6538461538461539,0.5961538461538461,0.5653846153846154,0.06728021417129192,313
0.7570235729217529,0.09085322221157703,0.08756036758422851,0.022752591792515355,,10,log2,200,,SelectKBest(score_func=<function mutual_info_classif at 0x7a970c879120>),,10,"{'balance': None, 'classify__max_depth': 10, 'classify__max_features': 'log2', 'classify__n_estimators': 200, 'impute': None, 'select': SelectKBest(score_func=<function mutual_info_classif at 0x7a970c879120>), 'select__k': 10, 'transform': None}",0.5148809523809523,0.5097451274362819,0.5794602698650675,0.6146926536731634,0.5449775112443778,0.5527513029199685,0.03973468576722811,332,0.5183334769001062,0.5082956259426847,0.5875547217010632,0.6165293040293041,0.5531393882518548,0.5567705033650026,0.04088810608706346,332,0.5297619047619048,0.41829085457271364,0.5967016491754124,0.616191904047976,0.6026986506746627,0.552728992646534,0.07356521251768117,339,0.5192307692307693,0.5384615384615384,0.5961538461538461,0.6153846153846154,0.5576923076923077,0.5653846153846154,0.03566776344421425,313
1.400192642211914,0.1490794393854308,0.15084047317504884,0.037239374280651494,SMOTE(random_state=42),,sqrt,300,,SelectKBest(score_func=<function mutual_info_classif at 0x7a970c879120>),,10,"{'balance': SMOTE(random_state=42), 'classify__max_depth': None, 'classify__max_features': 'sqrt', 'classify__n_estimators': 300, 'impute': None, 'select': SelectKBest(score_func=<function mutual_info_classif at 0x7a970c879120>), 'select__k': 10, 'transform': None}",0.5208333333333333,0.45427286356821595,0.6356821589205397,0.6191904047976011,0.5322338830584707,0.552442528735632,0.06697600875727444,333,0.5197643643814565,0.46153846153846156,0.6441105769230769,0.6165242165242165,0.5384615384615384,0.5560798315657499,0.06628759138259575,334,0.5066964285714285,0.4887556221889055,0.5944527736131934,0.608695652173913,0.6274362818590705,0.5652073516813022,0.056369072726678175,309,0.5192307692307693,0.46153846153846156,0.6538461538461539,0.6153846153846154,0.5384615384615384,0.5576923076923077,0.06880209161537815,336
0.8062414169311524,0.025002424276190933,0.08693556785583496,0.02281484250087377,,10,log2,200,SimpleImputer(strategy='median'),SelectKBest(score_func=<function mutual_info_classif at 0x7a970c879120>),,10,"{'balance': None, 'classify__max_depth': 10, 'classify__max_features': 'log2', 'classify__n_estimators': 200, 'impute': SimpleImputer(strategy='median'), 'select': SelectKBest(score_func=<function mutual_info_classif at 0x7a970c879120>), 'select__k': 10, 'transform': None}",0.5,0.4535232383808096,0.5794602698650675,0.6664167916041979,0.5622188905547226,0.5523238380809595,0.0725959262902811,334,0.5007407407407407,0.4524932510007137,0.5875547217010632,0.6722149789946401,0.5704241994564575,0.5566855783787231,0.07546464346703334,333,0.5104166666666667,0.3268365817091454,0.5532233883058472,0.6506746626686656,0.6026986506746627,0.5287699900049976,0.11138950636181774,360,0.5,0.4807692307692308,0.5961538461538461,0.6730769230769231,0.5769230769230769,0.5653846153846154,0.06944411571256842,313
1.3423178672790528,0.12586104258749464,0.12192087173461914,0.0023385502119838792,SMOTE(random_state=42),5,log2,300,,SelectKBest(score_func=<function mutual_info_classif at 0x7a970c879120>),,10,"{'balance': SMOTE(random_state=42), 'classify__max_depth': 5, 'classify__max_features': 'log2', 'classify__n_estimators': 300, 'impute': None, 'select': SelectKBest(score_func=<function mutual_info_classif at 0x7a970c879120>), 'select__k': 10, 'transform': None}",0.5446428571428572,0.45427286356821595,0.54047976011994,0.6409295352323838,0.5757121439280359,0.5512074319982865,0.060340738906970726,335,0.5364102564102564,0.46153846153846156,0.5482742190059263,0.6352912718062551,0.5781822344322344,0.5519392886386267,0.05668004661194113,339,0.5029761904761905,0.4182908545727136,0.5337331334332833,0.6866566716641679,0.6131934032983509,0.5509700506889412,0.09218122990964875,342,0.5384615384615384,0.46153846153846156,0.5576923076923077,0.6346153846153846,0.5769230769230769,0.5538461538461539,0.05626438014741456,340
1.0541840553283692,0.1718488052468681,0.13007946014404298,0.04768089144267155,SMOTE(random_state=42),,log2,200,SimpleImputer(strategy='median'),SelectKBest(score_func=<function mutual_info_classif at 0x7a970c879120>),,10,"{'balance': SMOTE(random_state=42), 'classify__max_depth': None, 'classify__max_features': 'log2', 'classify__n_estimators': 200, 'impute': SimpleImputer(strategy='median'), 'select': SelectKBest(score_func=<function mutual_info_classif at 0x7a970c879120>), 'select__k': 10, 'transform': None}",0.5267857142857143,0.48875562218890556,0.5704647676161919,0.5974512743628186,0.5712143928035982,0.5509343542514458,0.03848608163900861,336,0.5154845154845155,0.496969696969697,0.5741614174449995,0.5975024975024975,0.5769230769230769,0.5522082408649572,0.038843953210682104,337,0.519345238095238,0.43628185907046474,0.5817091454272864,0.6274362818590705,0.6251874062968515,0.5579919861497823,0.07239774099838996,323,0.5192307692307693,0.5,0.5961538461538461,0.5961538461538461,0.5769230769230769,0.5576923076923077,0.04033880185269812,336
0.9328412532806396,0.16022267158325007,0.08231096267700196,0.012776408772766203,SMOTE(random_state=42),5,sqrt,200,SimpleImputer(strategy='median'),SelectKBest(score_func=<function mutual_info_classif at 0x7a970c879120>),,10,"{'balance': SMOTE(random_state=42), 'classify__max_depth': 5, 'classify__max_features': 'sqrt', 'classify__n_estimators': 200, 'impute': SimpleImputer(strategy='median'), 'select': SelectKBest(score_func=<function mutual_info_classif at 0x7a970c879120>), 'select__k': 10, 'transform': None}",0.5416666666666667,0.4452773613193403,0.5449775112443778,0.697151424287856,0.5194902548725637,0.5497126436781609,0.08203106026303944,337,0.5384615384615384,0.4532671629445823,0.5531393882518548,0.6932193732193732,0.5208363065505922,0.5517847538855881,0.07854504028499949,340,0.5357142857142857,0.41679160419790107,0.5997001499250376,0.6791604197901049,0.6266866566716641,0.5716106232597987,0.09016299175475709,294,0.5384615384615384,0.46153846153846156,0.5576923076923077,0.6923076923076923,0.5192307692307693,0.5538461538461539,0.07634397400492002,340
0.4730241775512695,0.07475331959189699,0.04806432723999023,0.0177106529466573,,10,sqrt,100,SimpleImputer(strategy='median'),SelectKBest(score_func=<function mutual_info_classif at 0x7a970c879120>),,10,"{'balance': None, 'classify__max_depth': 10, 'classify__max_features': 'sqrt', 'classify__n_estimators': 100, 'impute': SimpleImputer(strategy='median'), 'select': SelectKBest(score_func=<function mutual_info_classif at 0x7a970c879120>), 'select__k': 10, 'transform': None}",0.47916666666666663,0.42353823088455766,0.5967016491754122,0.6274362818590704,0.618440779610195,0.5490567216391803,0.08230073315117012,338,0.481347224204367,0.4304327109205158,0.6045673076923077,0.6336520353469506,0.6268352243962,0.5553669005120682,0.08335997592516334,335,0.4538690476190476,0.3478260869565218,0.5734632683658171,0.6746626686656672,0.6559220389805097,0.5411486221175126,0.12412453498960534,355,0.4807692307692308,0.4423076923076923,0.6153846153846154,0.6346153846153846,0.6346153846153846,0.5615384615384615,0.08284868934053082,327
1.2418304920196532,0.08593364111514096,0.1236769676208496,0.013953022511552202,SMOTE(random_state=42),10,log2,300,,SelectKBest(score_func=<function mutual_info_classif at 0x7a970c879120>),,10,"{'balance': SMOTE(random_state=42), 'classify__max_depth': 10, 'classify__max_features': 'log2', 'classify__n_estimators': 300, 'impute': None, 'select': SelectKBest(score_func=<function mutual_info_classif at 0x7a970c879120>), 'select__k': 10, 'transform': None}",0.5803571428571428,0.4152923538230885,0.5794602698650675,0.6191904047976011,0.5494752623688156,0.5487550867423432,0.07030711483489789,339,0.5769230769230769,0.4230769230769231,0.5875547217010632,0.6165242165242165,0.5565261480515719,0.5521210172553703,0.06736504296775221,338,0.5431547619047619,0.3598200899550225,0.5907046476761618,0.6146926536731634,0.6326836581709145,0.5482111622760047,0.09887148312584702,347,0.5769230769230769,0.4230769230769231,0.5961538461538461,0.6153846153846154,0.5576923076923077,0.5538461538461539,0.06815401979488211,340
1.3489102840423584,0.14820271399003485,0.11384139060974122,0.020769820401935108,,5,sqrt,300,,SelectKBest(score_func=<function mutual_info_classif at 0x7a970c879120>),,10,"{'balance': None, 'classify__max_depth': 5, 'classify__max_features': 'sqrt', 'classify__n_estimators': 300, 'impute': None, 'select': SelectKBest(score_func=<function mutual_info_classif at 0x7a970c879120>), 'select__k': 10, 'transform': None}",0.5327380952380952,0.3800599700149925,0.618440779610195,0.6446776611694153,0.5667166416791605,0.5485266295423716,0.09283768522747494,340,0.5363856533271826,0.3824457593688363,0.6268352243962,0.6517482517482518,0.5743589743589743,0.554354772639889,0.09488379402063256,336,0.5386904761904762,0.3868065967016492,0.5862068965517241,0.6776611694152923,0.6101949025487257,0.5599120082815734,0.09746844873625952,316,0.5384615384615384,0.40384615384615385,0.6346153846153846,0.6538461538461539,0.5769230769230769,0.5615384615384615,0.08887861544839493,327
1.3740668296813965,0.07803687206866713,0.140097713470459,0.01126449579178343,SMOTE(random_state=42),,sqrt,300,SimpleImputer(strategy='median'),SelectKBest(score_func=<function mutual_info_classif at 0x7a970c879120>),,10,"{'balance': SMOTE(random_state=42), 'classify__max_depth': None, 'classify__max_features': 'sqrt', 'classify__n_estimators': 300, 'impute': SimpleImputer(strategy='median'), 'select': SelectKBest(score_func=<function mutual_info_classif at 0x7a970c879120>), 'select__k': 10, 'transform': None}",0.5386904761904762,0.3935532233883059,0.6139430284857571,0.6191904047976011,0.5712143928035982,0.5473183051331476,0.08233300100713516,341,0.5391452991452992,0.4022743734608142,0.6214990138067061,0.6165242165242165,0.5769230769230769,0.5512731959720225,0.08024339543865587,341,0.5186011904761905,0.39580209895052476,0.5359820089955023,0.6409295352323837,0.6341829085457271,0.5450995484400656,0.0896596367834687,351,0.5384615384615384,0.40384615384615385,0.6346153846153846,0.6153846153846154,0.5769230769230769,0.5538461538461539,0.08195106058716352,340
0.6760194301605225,0.1499525454542208,0.06277856826782227,0.011552487898544137,SMOTE(random_state=42),10,log2,100,SimpleImputer(strategy='median'),SelectKBest(score_func=<function mutual_info_classif at 0x7a970c879120>),,10,"{'balance': SMOTE(random_state=42), 'classify__max_depth': 10, 'classify__max_features': 'log2', 'classify__n_estimators': 100, 'impute': SimpleImputer(strategy='median'), 'select': SelectKBest(score_func=<function mutual_info_classif at 0x7a970c879120>), 'select__k': 10, 'transform': None}",0.5208333333333333,0.4062968515742129,0.5749625187406296,0.5974512743628186,0.6319340329835083,0.5462956021989005,0.078766252974302,342,0.5197643643814565,0.4142148174406239,0.5816568047337278,0.5975024975024975,0.6352973267866885,0.5496871621689988,0.07731182915735108,342,0.5148809523809523,0.41079460269865065,0.5637181409295352,0.6581709145427286,0.6266866566716642,0.5548502534447062,0.08748010380212935,331,0.5192307692307693,0.4230769230769231,0.5961538461538461,0.5961538461538461,0.6346153846153846,0.5538461538461539,0.07536891516255931,340
1.0358529567718506,0.10895969919107322,0.10396828651428222,0.017466137792778055,SMOTE(random_state=42),,sqrt,200,,SelectKBest(score_func=<function mutual_info_classif at 0x7a970c879120>),,10,"{'balance': SMOTE(random_state=42), 'classify__max_depth': None, 'classify__max_features': 'sqrt', 'classify__n_estimators': 200, 'impute': None, 'select': SelectKBest(score_func=<function mutual_info_classif at 0x7a970c879120>), 'select__k': 10, 'transform': None}",0.5238095238095238,0.4152923538230885,0.6229385307346327,0.5974512743628186,0.5712143928035982,0.5461412151067323,0.07318380017975717,343,0.5183414439796238,0.4230769230769231,0.6308542772515323,0.5975024975024975,0.5769230769230769,0.5493396437467307,0.07297712622850916,343,0.5379464285714286,0.41379310344827586,0.5494752623688156,0.6229385307346327,0.6251874062968515,0.5498681462840008,0.07703372119582437,345,0.5192307692307693,0.4230769230769231,0.6346153846153846,0.5961538461538461,0.5769230769230769,0.55,0.07358125565272687,345
0.6276151657104492,0.07050031303274779,0.06339759826660156,0.020261149244474464,SMOTE(random_state=42),,log2,100,,SelectKBest(score_func=<function mutual_info_classif at 0x7a970c879120>),,10,"{'balance': SMOTE(random_state=42), 'classify__max_depth': None, 'classify__max_features': 'log2', 'classify__n_estimators': 100, 'impute': None, 'select': SelectKBest(score_func=<function mutual_info_classif at 0x7a970c879120>), 'select__k': 10, 'transform': None}",0.5625,0.4325337331334333,0.5359820089955023,0.6409295352323838,0.5584707646176912,0.5460832083958022,0.06695417219531839,344,0.556874128461254,0.44083731710850355,0.5418145956607495,0.6352912718062551,0.5591694020265449,0.5467973430126614,0.062190256058852825,347,0.5275297619047619,0.45502248875562223,0.5232383808095952,0.671664167916042,0.6169415292353823,0.5588792657242807,0.07632948944672342,322,0.5576923076923077,0.4423076923076923,0.5576923076923077,0.6346153846153846,0.5576923076923077,0.55,0.061538461538461535,345
0.6386573791503907,0.06776906533710896,0.06910233497619629,0.022845067335764906,,,log2,100,,SelectKBest(score_func=<function mutual_info_classif at 0x7a970c879120>),,10,"{'balance': None, 'classify__max_depth': None, 'classify__max_features': 'log2', 'classify__n_estimators': 100, 'impute': None, 'select': SelectKBest(score_func=<function mutual_info_classif at 0x7a970c879120>), 'select__k': 10, 'transform': None}",0.5,0.39730134932533734,0.6139430284857571,0.6191904047976011,0.5967016491754122,0.5454272863568216,0.085754762446455,345,0.5007407407407407,0.39731321310268675,0.6214990138067061,0.6165242165242165,0.6045673076923077,0.5481288983733317,0.08744986659519756,345,0.5669642857142857,0.348575712143928,0.6274362818590704,0.6296851574212894,0.6244377811094453,0.5594198436496038,0.10798421067370684,318,0.5,0.4230769230769231,0.6346153846153846,0.6153846153846154,0.6153846153846154,0.5576923076923077,0.08249080995972008,336
1.4395079135894775,0.1305083727595216,0.12916040420532227,0.011559148124286574,SMOTE(random_state=42),10,sqrt,300,,SelectKBest(score_func=<function mutual_info_classif at 0x7a970c879120>),,10,"{'balance': SMOTE(random_state=42), 'classify__max_depth': 10, 'classify__max_features': 'sqrt', 'classify__n_estimators': 300, 'impute': None, 'select': SelectKBest(score_func=<function mutual_info_classif at 0x7a970c879120>), 'select__k': 10, 'transform': None}",0.5059523809523809,0.4932533733133433,0.5749625187406296,0.6191904047976011,0.5322338830584707,0.5451185121724851,0.046405392221465724,346,0.4977777777777777,0.5,0.5816568047337278,0.6165242165242165,0.5384615384615384,0.5468840674994521,0.04634517468274791,346,0.4880952380952381,0.4662668665667167,0.5637181409295353,0.631184407796102,0.6101949025487257,0.5518919111872636,0.06515836445761324,341,0.5,0.5,0.5961538461538461,0.6153846153846154,0.5384615384615384,0.55,0.048038446141526144,345
0.9355849742889404,0.08397300877266076,0.0880307674407959,0.0013448063761317376,SMOTE(random_state=42),5,sqrt,200,,SelectKBest(score_func=<function mutual_info_classif at 0x7a970c879120>),,10,"{'balance': SMOTE(random_state=42), 'classify__max_depth': 5, 'classify__max_features': 'sqrt', 'classify__n_estimators': 200, 'impute': None, 'select': SelectKBest(score_func=<function mutual_info_classif at 0x7a970c879120>), 'select__k': 10, 'transform': None}",0.5476190476190476,0.4280359820089955,0.5667166416791605,0.6581709145427286,0.5194902548725637,0.5440065681444992,0.07431355448570419,347,0.532967032967033,0.4365670547523388,0.5743589743589743,0.6548717948717949,0.5208363065505922,0.5439202327001467,0.07129419497892832,348,0.5208333333333334,0.41529235382308843,0.527736131934033,0.6671664167916043,0.6341829085457271,0.5530422288855573,0.0897340289257858,337,0.5384615384615384,0.4423076923076923,0.5769230769230769,0.6538461538461539,0.5192307692307693,0.5461538461538461,0.06944411571256842,351
0.6691741943359375,0.0648348848768421,0.07132043838500976,0.008019976863521232,,10,sqrt,200,SimpleImputer(strategy='median'),SelectKBest(score_func=<function mutual_info_classif at 0x7a970c879120>),,10,"{'balance': None, 'classify__max_depth': 10, 'classify__max_features': 'sqrt', 'classify__n_estimators': 200, 'impute': SimpleImputer(strategy='median'), 'select': SelectKBest(score_func=<function mutual_info_classif at 0x7a970c879120>), 'select__k': 10, 'transform': None}",0.49702380952380953,0.41454272863568215,0.5967016491754122,0.6491754122938531,0.5622188905547226,0.543932498036696,0.08140907068405817,348,0.5,0.41193719551928515,0.6045673076923077,0.6538461538461539,0.5704241994564575,0.5481549713028409,0.08452583035673367,344,0.5133928571428572,0.36131934032983504,0.6041979010494753,0.6761619190404798,0.6056971514242879,0.552153833797387,0.10851146871416258,340,0.5,0.4423076923076923,0.6153846153846154,0.6538461538461539,0.5769230769230769,0.5576923076923077,0.07692307692307693,336
1.3774521350860596,0.1395826795939465,0.13799285888671875,0.029402373082401508,SMOTE(random_state=42),,log2,300,,SelectKBest(score_func=<function mutual_info_classif at 0x7a970c879120>),,10,"{'balance': SMOTE(random_state=42), 'classify__max_depth': None, 'classify__max_features': 'log2', 'classify__n_estimators': 300, 'impute': None, 'select': SelectKBest(score_func=<function mutual_info_classif at 0x7a970c879120>), 'select__k': 10, 'transform': None}",0.48214285714285715,0.45427286356821595,0.5749625187406296,0.623688155922039,0.5712143928035982,0.541256157635468,0.06307000034370944,349,0.48134551353197297,0.46153846153846156,0.5816568047337278,0.6153846153846154,0.5769230769230769,0.5433696944223708,0.060533017147431915,349,0.5282738095238095,0.4887556221889055,0.5487256371814093,0.6341829085457272,0.6341829085457271,0.5668241771971158,0.0582799874010041,306,0.4807692307692308,0.46153846153846156,0.5961538461538461,0.6153846153846154,0.5769230769230769,0.5461538461538462,0.06272887088576957,349
0.5300906658172607,0.061693021237476955,0.04737939834594727,0.003655258670144733,SMOTE(random_state=42),,sqrt,100,,SelectKBest(score_func=<function mutual_info_classif at 0x7a970c879120>),,10,"{'balance': SMOTE(random_state=42), 'classify__max_depth': None, 'classify__max_features': 'sqrt', 'classify__n_estimators': 100, 'impute': None, 'select': SelectKBest(score_func=<function mutual_info_classif at 0x7a970c879120>), 'select__k': 10, 'transform': None}",0.5565476190476191,0.4152923538230885,0.5359820089955023,0.623688155922039,0.5712143928035982,0.5405449061183694,0.06901960027294093,350,0.5581846724703867,0.4230769230769231,0.5418145956607495,0.6153846153846154,0.5769230769230769,0.5430767767031502,0.0648132734232358,350,0.5163690476190476,0.4145427286356822,0.5232383808095952,0.6296851574212895,0.6214392803598201,0.5410549189690869,0.07905582875859973,356,0.5576923076923077,0.4230769230769231,0.5576923076923077,0.6153846153846154,0.5769230769230769,0.5461538461538462,0.0650443635587991,349
0.6863338947296143,0.08825142410741002,0.07795696258544922,0.020974613384227004,,,sqrt,100,,SelectKBest(score_func=<function mutual_info_classif at 0x7a970c879120>),,10,"{'balance': None, 'classify__max_depth': None, 'classify__max_features': 'sqrt', 'classify__n_estimators': 100, 'impute': None, 'select': SelectKBest(score_func=<function mutual_info_classif at 0x7a970c879120>), 'select__k': 10, 'transform': None}",0.4464285714285714,0.5142428785607196,0.5749625187406296,0.5974512743628186,0.5622188905547226,0.5390608267294923,0.05372399288522607,351,0.4412760750163636,0.5178505704821494,0.5816568047337278,0.5975024975024975,0.5704241994564575,0.5417420294382392,0.056902189363041915,351,0.4717261904761904,0.4760119940029985,0.616191904047976,0.6259370314842578,0.6056971514242878,0.5591128542871421,0.06990817879390966,320,0.4423076923076923,0.5384615384615384,0.5961538461538461,0.5961538461538461,0.5769230769230769,0.55,0.05782037068604964,345
0.9512875080108643,0.08691100133672829,0.10831880569458008,0.011286207558628334,SMOTE(random_state=42),5,log2,200,SimpleImputer(strategy='median'),SelectKBest(score_func=<function mutual_info_classif at 0x7a970c879120>),,10,"{'balance': SMOTE(random_state=42), 'classify__max_depth': 5, 'classify__max_features': 'log2', 'classify__n_estimators': 200, 'impute': SimpleImputer(strategy='median'), 'select': SelectKBest(score_func=<function mutual_info_classif at 0x7a970c879120>), 'select__k': 10, 'transform': None}",0.5476190476190476,0.4407796101949025,0.5667166416791605,0.623688155922039,0.5022488755622189,0.5362104661954736,0.06160124444843555,352,0.532967032967033,0.44639423076923074,0.5743589743589743,0.6153846153846154,0.5014814814814815,0.5341172669922669,0.05828469017661152,355,0.5104166666666667,0.40779610194902544,0.5517241379310345,0.6506746626686657,0.5877061469265368,0.5416635432283858,0.08124213218797895,354,0.5384615384615384,0.46153846153846156,0.5769230769230769,0.6153846153846154,0.5,0.5384615384615385,0.05439282932204211,354
1.5257012367248535,0.13347435710451558,0.13737998008728028,0.01719005054070343,,,log2,300,SimpleImputer(strategy='median'),SelectKBest(score_func=<function mutual_info_classif at 0x7a970c879120>),,10,"{'balance': None, 'classify__max_depth': None, 'classify__max_features': 'log2', 'classify__n_estimators': 300, 'impute': SimpleImputer(strategy='median'), 'select': SelectKBest(score_func=<function mutual_info_classif at 0x7a970c879120>), 'select__k': 10, 'transform': None}",0.5208333333333333,0.40179910044977507,0.5839580209895052,0.5712143928035982,0.6011994002998501,0.5358008495752122,0.07215358334916555,353,0.5197643643814565,0.40685096153846156,0.5919968327516936,0.5769230769230769,0.6094765449604159,0.5410023561110209,0.07352155918989198,352,0.5059523809523809,0.32908545727136435,0.6199400299850075,0.6746626686656672,0.6019490254872564,0.5463179124723352,0.12149627903124006,349,0.5192307692307693,0.4230769230769231,0.5961538461538461,0.5769230769230769,0.6153846153846154,0.5461538461538461,0.06944411571256842,351
1.0743069648742676,0.1669099713880955,0.10583090782165527,0.017168346482138355,SMOTE(random_state=42),10,sqrt,200,,SelectKBest(score_func=<function mutual_info_classif at 0x7a970c879120>),,10,"{'balance': SMOTE(random_state=42), 'classify__max_depth': 10, 'classify__max_features': 'sqrt', 'classify__n_estimators': 200, 'impute': None, 'select': SelectKBest(score_func=<function mutual_info_classif at 0x7a970c879120>), 'select__k': 10, 'transform': None}",0.5059523809523809,0.4107946026986507,0.5839580209895052,0.5674662668665668,0.6101949025487257,0.5356732348111658,0.07123720704567119,354,0.4977777777777777,0.41958041958041964,0.5919968327516936,0.5565468567688323,0.6153846153846154,0.5362573004526677,0.07053206606944779,354,0.5059523809523809,0.3733133433283358,0.5367316341829085,0.6251874062968517,0.7001499250374813,0.5482669379595916,0.11092118414014561,346,0.5,0.4230769230769231,0.5961538461538461,0.5576923076923077,0.6153846153846154,0.5384615384615384,0.06986885432532675,355
0.6456549167633057,0.12815842558436016,0.06354622840881348,0.020023349772568495,,,log2,100,SimpleImputer(strategy='median'),SelectKBest(score_func=<function mutual_info_classif at 0x7a970c879120>),,10,"{'balance': None, 'classify__max_depth': None, 'classify__max_features': 'log2', 'classify__n_estimators': 100, 'impute': SimpleImputer(strategy='median'), 'select': SelectKBest(score_func=<function mutual_info_classif at 0x7a970c879120>), 'select__k': 10, 'transform': None}",0.4464285714285714,0.4280359820089955,0.618440779610195,0.6319340329835083,0.5449775112443778,0.5339633754551295,0.08454460046007095,355,0.4412760750163636,0.4365670547523388,0.6268352243962,0.6352973267866885,0.5531393882518548,0.5386230138406891,0.08629007739552208,353,0.4717261904761904,0.39280359820089955,0.5787106446776612,0.6454272863568216,0.6094452773613194,0.5396225994145784,0.09355581743665142,357,0.4423076923076923,0.4423076923076923,0.6346153846153846,0.6346153846153846,0.5576923076923077,0.5423076923076924,0.08634593969478326,353
1.1852633953094482,0.06112969957055061,0.13832998275756836,0.016350414022302466,SMOTE(random_state=42),5,sqrt,300,,SelectKBest(score_func=<function mutual_info_classif at 0x7a970c879120>),,10,"{'balance': SMOTE(random_state=42), 'classify__max_depth': 5, 'classify__max_features': 'sqrt', 'classify__n_estimators': 300, 'impute': None, 'select': SelectKBest(score_func=<function mutual_info_classif at 0x7a970c879120>), 'select__k': 10, 'transform': None}",0.5416666666666667,0.4152923538230885,0.5059970014992504,0.6364317841079461,0.5367316341829085,0.5272238880559721,0.07099944326419708,356,0.5384615384615384,0.4230769230769231,0.5142819437520162,0.63583559297845,0.5398351648351648,0.5302982326208185,0.0678950039384394,356,0.5491071428571429,0.38830584707646176,0.5502248875562219,0.6701649175412293,0.6281859070464767,0.5571977404155065,0.09637370283524102,327,0.5384615384615384,0.4230769230769231,0.5192307692307693,0.6346153846153846,0.5384615384615384,0.5307692307692308,0.0672802141712919,356
1.3544003009796142,0.043336220420591084,0.1344906806945801,0.0043716196572174655,SMOTE(random_state=42),5,sqrt,300,SimpleImputer(strategy='median'),SelectKBest(score_func=<function mutual_info_classif at 0x7a970c879120>),,10,"{'balance': SMOTE(random_state=42), 'classify__max_depth': 5, 'classify__max_features': 'sqrt', 'classify__n_estimators': 300, 'impute': SimpleImputer(strategy='median'), 'select': SelectKBest(score_func=<function mutual_info_classif at 0x7a970c879120>), 'select__k': 10, 'transform': None}",0.5029761904761905,0.4497751124437781,0.5232383808095952,0.6191904047976011,0.5367316341829085,0.5263823445420147,0.05503970277959835,357,0.5,0.4582750582750582,0.5313718539524991,0.6165242165242165,0.5398351648351648,0.5292012587173878,0.05220407996123465,357,0.5000000000000001,0.42728635682158916,0.568215892053973,0.6611694152923538,0.6296851574212894,0.5572713643178411,0.08524606320520141,326,0.5,0.46153846153846156,0.5384615384615384,0.6153846153846154,0.5384615384615384,0.5307692307692308,0.05102499677469846,356
0.6800999641418457,0.054181968143264814,0.06002545356750488,0.012094195815701711,SMOTE(random_state=42),,log2,100,SimpleImputer(strategy='median'),SelectKBest(score_func=<function mutual_info_classif at 0x7a970c879120>),,10,"{'balance': SMOTE(random_state=42), 'classify__max_depth': None, 'classify__max_features': 'log2', 'classify__n_estimators': 100, 'impute': SimpleImputer(strategy='median'), 'select': SelectKBest(score_func=<function mutual_info_classif at 0x7a970c879120>), 'select__k': 10, 'transform': None}",0.5,0.4325337331334333,0.553223388305847,0.6019490254872564,0.5367316341829085,0.524887556221889,0.05662206407704614,358,0.5007407407407407,0.44083731710850355,0.558029689608637,0.5969008793648083,0.5398351648351648,0.5272687583315709,0.053154325307032756,359,0.5163690476190477,0.4475262368815592,0.5164917541229386,0.6221889055472264,0.6139430284857571,0.5433037945313057,0.06607642357922178,352,0.5,0.4423076923076923,0.5769230769230769,0.5961538461538461,0.5384615384615384,0.5307692307692308,0.055202692670797394,356
1.0531507968902587,0.1325350142191041,0.1194380760192871,0.04241121617334116,SMOTE(random_state=42),,log2,200,,SelectKBest(score_func=<function mutual_info_classif at 0x7a970c879120>),,10,"{'balance': SMOTE(random_state=42), 'classify__max_depth': None, 'classify__max_features': 'log2', 'classify__n_estimators': 200, 'impute': None, 'select': SelectKBest(score_func=<function mutual_info_classif at 0x7a970c879120>), 'select__k': 10, 'transform': None}",0.5,0.4107946026986507,0.5794602698650675,0.5929535232383808,0.5322338830584707,0.523088455772114,0.06524650817395822,359,0.5007407407407407,0.41958041958041964,0.5875547217010632,0.596907571711603,0.5384615384615384,0.528648998439073,0.06465327329983349,358,0.5081845238095238,0.41754122938530736,0.5502248875562219,0.610944527736132,0.6251874062968517,0.5424165149568074,0.07533093101220953,353,0.5,0.4230769230769231,0.5961538461538461,0.5961538461538461,0.5384615384615384,0.5307692307692308,0.06504436355879908,356
0.9824631690979004,0.09170855063616772,0.11272740364074707,0.029703832302257278,SMOTE(random_state=42),5,log2,200,,SelectKBest(score_func=<function mutual_info_classif at 0x7a970c879120>),,10,"{'balance': SMOTE(random_state=42), 'classify__max_depth': 5, 'classify__max_features': 'log2', 'classify__n_estimators': 200, 'impute': None, 'select': SelectKBest(score_func=<function mutual_info_classif at 0x7a970c879120>), 'select__k': 10, 'transform': None}",0.5059523809523809,0.42353823088455766,0.5449775112443778,0.6064467766116941,0.5022488755622189,0.5166327550510459,0.05976209581729443,360,0.4977777777777777,0.4304327109205158,0.5531393882518548,0.5951079996584991,0.5014814814814815,0.5155878716180258,0.05567972385667083,360,0.4895833333333333,0.42578710644677664,0.5997001499250376,0.6476761619190404,0.5697151424287856,0.5464923788105948,0.0792678041259209,348,0.5,0.4423076923076923,0.5576923076923077,0.5961538461538461,0.5,0.5192307692307693,0.053015572123423935,360
